road_id,date,from,to,conditions,condition_code,via,road_name_original,truck_type,note
1,2024-01-05,Kilo 30,Pariang,passable,0,,Kilo 30 – Pariang,40MT,
2,2024-01-05,Gemeiza,Bor,impassable,2,,Gemeiza – Bor,,
3,2024-01-05,Yida,Pariang,passable,0,,Yida - Pariang,40MT,
4,2024-01-05,Juba,Nimule,passable,0,,Juba – Nimule,40MT,
5,2024-01-05,Juba,Torit,passable,0,,Juba – Torit,40MT,
6,2024-01-05,Juba,Mangalla,passable,0,,Juba – Mangalla,40MT,
7,2024-01-05,Malakal,Baliet,impassable,2,,Malakal – Baliet,,
8,2024-01-05,Paloich,Renk,passable,0,,Paloich – Renk,40MT,
9,2024-01-05,Adar,Maban,partially passable,1,Jemaam,Adar – Jemaam – Maban,15MT,
10,2024-01-05,Abyei,Abiemnhom,impassable,2,,Abyei – Abienhom,,
11,2024-01-05,Aweil,Gossinga,partially passable,1,,Aweil – Gossinga,20MT,
12,2024-01-05,Pathai,Walgak,impassable,2,Motot,Pathai – Motot – Walgak,,
13,2024-01-05,Juba,Lainya,passable,0,,Juba – Lainya,40MT,
14,2024-01-05,Maridi,Yambio,passable,0,,Maridi – Yambio,40MT,
15,2024-01-05,Juba,Kajo Keji,passable,0,,Juba – Kajo Keji,40MT,
16,2024-01-05,Juba,Terakeka,impassable,2,,Juba – Terakeka,,
17,2024-01-05,Narus,Kuron,impassable,2,,Narus – Kuron,,
18,2024-01-05,Mundri,Mvolo,passable,0,,Mundri - Mvolo,40MT,
19,2024-01-05,Mangalla,Gemeiza,passable,0,,Mangalla – Gemeiza,40MT,
20,2024-01-05,Mathiang,Maiwut,impassable,2,,Mathiang – Maiwut,,
21,2024-01-05,Tonj,Langdit,passable,0,,Tonj – Langdit,40MT,
22,2024-01-05,Terakeka,Mundri,passable,0,Tali,Terakeka – Tali – Mundri,40MT,
23,2024-01-05,Terakeka,Mingkaman,passable,0,,Terakeka – Mingkaman,40MT,
24,2024-01-05,Torit,Magwi,passable,0,,Torit – Magwi,40MT,
25,2024-01-05,Hiyala,Ikotos,passable,0,,Hiyala – Ikotos,40MT,
26,2024-01-05,Torit,Lafon,partially passable,1,,Torit – Lafon,20MT,
27,2024-01-05,Wau,Thar Kueng,passable,0,,Wau – Thar Kueng,40MT,
28,2024-01-05,Wau,Tonj,passable,0,,Wau – Tonj,40MT,
29,2024-01-05,Wau,Akuem,passable,0,Aweil,Wau – Aweil – Akuem,40MT,
30,2024-01-05,Likuangole,Akobo,impassable,2,,Likuangole – Akobo,,
31,2024-01-05,Amok Piny,Madol,impassable,2,,Amok Piny – Madol,,
32,2024-01-05,Akwot,Nasser,impassable,2,,Akwot – Nasser,,
33,2024-01-05,Guit,Koch,impassable,2,,Guit – Koch,,
34,2024-01-05,Abiemnhom,Mayom,passable,0,,Abiemnhom – Mayom,40MT,
35,2024-01-05,Kilo 30,Kaikang,impassable,2,Tumor; Mayom,Kilo30 –Tumor – Mayom – Kaikang,,
36,2024-01-05,Boma,Pochala,impassable,2,,Boma – Pochala,,
37,2024-01-05,Bor,Gadiang,impassable,2,,Bor – Gadiang,,
38,2024-01-05,Bor,Baidit,partially passable,1,,Bor – Baidit,20MT,
39,2024-01-05,Pengko,Manyabol,impassable,2,,Pengko – Manyabol,,
40,2024-01-05,Baidit,Duk Padiet,impassable,2,Mabior,Baidit – Mabior – Duk Padiet,,
41,2024-01-05,Gadiang,Akobo,impassable,2,,Gadiang – Akobo,,
42,2024-01-05,Juba,Lafon,impassable,2,,Juba – Lafon,,
43,2024-01-05,Adar,Mathiang,impassable,2,,Adar – Mathiang,,
44,2024-01-05,Maper (Lakes),Dablual,impassable,2,,Maper (Lakes) – Dablual,,
45,2024-01-05,Akobo,Kaikuny,impassable,2,,Akobo – Kainuny,,
46,2024-01-05,Motot,Lankien,impassable,2,,Motot – Lankein,,
47,2024-01-05,Wau,Deim Zubeir,passable,0,,Wau – Deim Zubeir,40MT,
48,2024-01-05,Wau,Tambura,partially passable,1,,Wau – Tambura,20MT,
49,2024-01-05,Yirol,Shambe,partially passable,1,,Yirol – Shambe,20MT,
50,2024-01-05,Aluakluak,Yirol,partially passable,1,,Aluakluak - Yirol,20MT,
51,2024-01-05,Rumbek,Langdit,passable,0,,Rumbek - Langdit,40MT,
52,2024-01-05,Aluakluak,Rumbek,partially passable,1,,Aluakluak – Rumbek,20MT,
53,2024-01-05,Wunrok,Abiemnhom,passable,0,Turalei,Wunrok – Turalei – Abiemnhom,40MT,
54,2024-01-05,Kilo 30,Panakuach,passable,0,Roriak,Kilo 30 – Roriak – Panakuach,40MT,
55,2024-01-05,Ding Ding,Koch,impassable,2,,Ding ding - Koch,,
56,2024-01-05,Bentiu,Dhorbor,impassable,2,,Bentiu – Dhorbor,,
57,2024-01-05,Dhorbor,Guit,impassable,2,,Dhorbor – Guit,,
58,2024-01-05,Guit,Ding Ding,impassable,2,,Guit – Ding Ding,,
59,2024-01-05,Gumuruk,Pibor,impassable,2,,Gumuruk – Pibor,,
60,2024-01-05,Bor,Pengko,impassable,2,,Bor – Pengko,,
61,2024-01-05,Duk Padiet,Pajut,impassable,2,,Duk Padiat – Pajut,,
62,2024-01-05,Yuai,Karam,impassable,2,Pathai,Yaui – Pathai – Karam,,
63,2024-01-05,Yuai,Motot,impassable,2,Pieri,Yaui – Pieri – Motot,,
64,2024-01-05,Yuai,Pajut,impassable,2,,Yaui – Pajut,,
65,2024-01-05,Wulu,Rumbek,passable,0,,Wulu – Rumbek,40MT,
66,2024-01-05,Pibor,Likuangole,impassable,2,,Pibor – Likuangole,,
67,2024-01-05,Mingkaman,Yirol,partially passable,1,,Mingkaman – Yirol,20MT,
68,2024-01-05,Yambio,Tambura,passable,0,,Yambio – Tambura,40MT,
69,2024-01-05,Juba,Mundri,passable,0,,Juba – Mundri,40MT,
70,2024-01-05,Kodok,Paloich,impassable,2,,Kodok – Paloich,,
71,2024-01-05,Malakal,Kodok,impassable,2,,Malakal – Kodok,,
72,2024-01-05,Thar Kueng,Kuajok,passable,0,,Thar Kueng - Kuajok,40MT,
73,2024-01-05,Bentiu,Guit,impassable,2,,Bentiu – Guit,,
74,2024-01-05,Duk Padiet,Ayod,impassable,2,,Duk Padiet – Ayod,,
75,2024-01-05,Guit,Mirmir,impassable,2,,Guit – Mir mir,,
76,2024-01-05,Raja,Chandoy/Dolo2,passable,0,,Raja – Chandoy/Dolo2,40MT,
77,2024-01-05,Mundri,Maridi,passable,0,,Mundri - Maridi,40MT,
78,2024-01-05,Torit,Kapoeta,passable,0,,Torit – Kapoeta,20MT,
79,2024-01-05,Mayendit,Mirmir,impassable,2,Rupkuai,Mayendit – Rupkuai – Mir mir,,
80,2024-01-05,Mirmir,Leer,impassable,2,,Mirmir – Leer,,
81,2024-01-05,Mankien,Mayom,impassable,2,,Mankien - Mayom,,
82,2024-01-05,Ajak Kuac,Mankien,partially passable,1,,Ajak Kuac – Mankien,Specialized Trucks,
83,2024-01-05,Ayod,Pathai,impassable,2,,Ayod – Pathai,,
84,2024-01-05,Nyandit,Kiech Kon,impassable,2,,Nyandit - Kiech Kon,,
85,2024-01-05,Paloich,Jemaam,passable,0,Adar,Paloich – Adar – Jemaam,40MT,
86,2024-01-05,New Fangak,Kuernyang,impassable,2,,New Fangak – Kuernyang,,
87,2024-01-05,Paguir,Keew,impassable,2,,Paguir – Keew,,
88,2024-01-05,Baliet,Kiech Kon,impassable,2,Akwot,Baliet – Akwot – Kiech kon,,
89,2024-01-05,Wunrok,Gogrial,passable,0,,Wunrok – Gogrial,40MT,
90,2024-01-05,Deim Zubeir,Raja,passable,0,,Dim Zubeir – Raja,40MT,
91,2024-01-05,Aweil,Yith Pabol,passable,0,,Aweil – Yith Pabol,40MT,
92,2024-01-05,Kapoeta,Narus,passable,0,,Kapoeta – Narus,40MT,
93,2024-01-05,Melut,Paloich,passable,0,,Melut – Paloich,40MT,
94,2024-01-05,Wunrok,Abyei,partially passable,1,,Wunrok – Abyei,Specialized Trucks,
95,2024-01-05,Gogrial,Kuajok,passable,0,,Gogrial – Kuajok,40MT,
96,2024-01-05,Bentiu,Nhialdiu,impassable,2,,Bentiu – Nhialdiu,,
97,2024-01-05,Aluakluak,Mvolo,partially passable,1,,Aluakluak - Mvolo,20MT,
98,2024-01-05,Kilo 30,Manga Port,passable,0,,Kilo 30 – Manga Port,40MT,
99,2024-01-05,Gossinga,Raja,impassable,2,,Gossinga – Raja,,
100,2024-01-05,Gossinga,Raja,partially passable,1,Kapalala,Gossinga – Kapalala – Raja,20MT,
101,2024-01-05,Nyal,Ganyiel,impassable,2,,Nyal – Ganyiel,,
102,2024-01-05,Manyabol,Gadiang,impassable,2,,Manyabol – Gadiang,,
103,2024-01-05,Manyabol,Gumuruk,impassable,2,,Manyabol – Gumuruk,,
104,2024-01-05,Vertet,Labarab,impassable,2,,Vertet – Labarab,,
105,2024-01-05,Boma,Maruwa,impassable,2,,Boma – Maruwa,,
106,2024-01-05,Boma,Labarab,impassable,2,,Boma - Labarab,,
107,2024-01-05,Pibor,Vertet,impassable,2,,Pibor – Verthet,,
108,2024-01-05,Aduel,Amok Piny,partially passable,1,,Aduel – Amok Piny,Specialized Trucks,
109,2024-01-05,Lankien,Pading,impassable,2,Nyambor,Lankien – Nyambor – Pading,,
110,2024-01-05,Nyambor,Karam,impassable,2,Pading,Nyambor – Pading – Karam,,
111,2024-01-05,Pajut,Payuel,impassable,2,,Pajut – Payuel,,
112,2024-01-05,Aweil,Gogrial,partially passable,1,Akun,Aweil – Akun – Gogrial,20MT,
113,2024-01-05,Kapoeta,Chukudum,passable,0,,Kapoeta – Chukudum,40MT,
114,2024-01-05,Diabio,Ezo,passable,0,,Diabio – Ezo,40MT,
115,2024-01-05,Mvolo,Wulu,passable,0,,Mvolo – Wullu,40MT,
116,2024-01-05,Aluakluak,Mapuordit,partially passable,1,,Aluakluak - Mapuordit,20MT,
117,2024-01-05,Narus,Nadapal,passable,0,,Narus – Nadapal,40MT,
118,2024-01-05,Bentiu,Kilo 30,passable,0,,Bentiu – Kilo30,40MT,
119,2024-01-05,Gadiang,Yuai,impassable,2,,Gadiang – Yuai,,
120,2024-01-05,Pathai,Fatuet,impassable,2,,Pathai – Fatuet,,
121,2024-01-05,Walgak,Kaikuny,impassable,2,,Walgak – Kaikuny,,
122,2024-01-05,Yuai,Walgak,partially passable,1,Motot; Waat,Yuai – Motot – Waat – Walgak,Specialized Trucks,
123,2024-01-05,Kuron,Boma,impassable,2,,Kuron – Boma,,
124,2024-01-05,Kapoeta,Kassangor,impassable,2,,Kapoeta – Kassangor,,
125,2024-01-05,Rumbek,Maper (Lakes),impassable,2,,Rumbek – Maper (Lakes),,
126,2024-01-05,Maruwa,Labarab,impassable,2,,Maruwa – Labarab,,
127,2024-01-05,Koch,Mirmir,impassable,2,,Koch – Mirmir,,
128,2024-01-05,Adok,Leer,impassable,2,Piling,Adok – Piling – Leer,,
129,2024-01-05,Lainya,Yei,passable,0,,Lainya – Yei,40MT,
130,2024-01-05,Mathiang,Udier,impassable,2,,Mathiang – Udier,,
131,2024-01-05,Gadiang,Payuel,impassable,2,,Gadiang – Payuel,,
132,2024-01-05,Ayod,Mogok,impassable,2,,Ayod – Mogok,,
133,2024-01-05,Kaikang,Kilo 30,passable,0,Roriak; Mayom,(Kaikang – Roriak )(Mayom – Kilo 30),"""alternative Road""",alternative road listed as two separate stretches: Kaikang–Roriak and Mayom–Kilo 30
134,2024-01-05,Pariang,Ajuong Thok,passable,0,,Pariang – Ajuong Thok,40MT,
1,2024-01-12,Kilo 30,Pariang,passable,0,,Kilo 30 – Pariang,40MT,
2,2024-01-12,Gemeiza,Bor,impassable,2,,Gemeiza – Bor,,
3,2024-01-12,Yida,Pariang,passable,0,,Yida - Pariang,40MT,
4,2024-01-12,Juba,Nimule,passable,0,,Juba – Nimule,40MT,
5,2024-01-12,Juba,Torit,passable,0,,Juba – Torit,40MT,
6,2024-01-12,Juba,Mangalla,passable,0,,Juba – Mangalla,40MT,
7,2024-01-12,Malakal,Baliet,impassable,2,,Malakal – Baliet,,
8,2024-01-12,Paloich,Renk,passable,0,,Paloich – Renk,40MT,
9,2024-01-12,Adar,Maban,partially passable,1,Jemaam,Adar – Jemaam – Maban,15MT,
10,2024-01-12,Abyei,Abiemnhom,impassable,2,,Abyei – Abienhom,,
11,2024-01-12,Aweil,Gossinga,partially passable,1,,Aweil – Gossinga,20MT,
12,2024-01-12,Pathai,Walgak,impassable,2,Motot,Pathai – Motot – Walgak,,
13,2024-01-12,Juba,Lainya,passable,0,,Juba – Lainya,40MT,
14,2024-01-12,Maridi,Yambio,passable,0,,Maridi – Yambio,40MT,
15,2024-01-12,Juba,Kajo Keji,passable,0,,Juba – Kajo Keji,40MT,
16,2024-01-12,Juba,Terakeka,impassable,2,,Juba – Terakeka,,
17,2024-01-12,Narus,Kuron,impassable,2,,Narus – Kuron,,
18,2024-01-12,Mundri,Mvolo,passable,0,,Mundri - Mvolo,40MT,
19,2024-01-12,Mangalla,Gemeiza,passable,0,,Mangalla – Gemeiza,40MT,
20,2024-01-12,Mathiang,Maiwut,impassable,2,,Mathiang – Maiwut,,
21,2024-01-12,Tonj,Langdit,passable,0,,Tonj – Langdit,40MT,
22,2024-01-12,Terakeka,Mundri,passable,0,Tali,Terakeka – Tali – Mundri,40MT,
23,2024-01-12,Terakeka,Mingkaman,passable,0,,Terakeka – Mingkaman,40MT,
24,2024-01-12,Torit,Magwi,passable,0,,Torit – Magwi,40MT,
25,2024-01-12,Hiyala,Ikotos,passable,0,,Hiyala – Ikotos,40MT,
26,2024-01-12,Torit,Lafon,partially passable,1,,Torit – Lafon,20MT,
27,2024-01-12,Wau,Thar Kueng,passable,0,,Wau – Thar Kueng,40MT,
28,2024-01-12,Wau,Tonj,passable,0,,Wau – Tonj,40MT,
29,2024-01-12,Wau,Akuem,passable,0,Aweil,Wau – Aweil – Akuem,40MT,
30,2024-01-12,Likuangole,Akobo,impassable,2,,Likuangole – Akobo,,
31,2024-01-12,Amok Piny,Madol,impassable,2,,Amok Piny – Madol,,
32,2024-01-12,Akwot,Nasser,impassable,2,,Akwot – Nasser,,
33,2024-01-12,Guit,Koch,impassable,2,,Guit – Koch,,
34,2024-01-12,Abiemnhom,Mayom,passable,0,,Abiemnhom – Mayom,40MT,
35,2024-01-12,Kilo 30,Kaikang,impassable,2,Tumor; Mayom,Kilo30 –Tumor – Mayom – Kaikang,,
36,2024-01-12,Boma,Pochala,impassable,2,,Boma – Pochala,,
37,2024-01-12,Bor,Gadiang,impassable,2,,Bor – Gadiang,,
38,2024-01-12,Bor,Baidit,partially passable,1,,Bor – Baidit,20MT,
39,2024-01-12,Pengko,Manyabol,impassable,2,,Pengko – Manyabol,,
40,2024-01-12,Baidit,Duk Padiet,impassable,2,Mabior,Baidit – Mabior – Duk Padiet,,
41,2024-01-12,Gadiang,Akobo,impassable,2,,Gadiang – Akobo,,
42,2024-01-12,Juba,Lafon,impassable,2,,Juba – Lafon,,
43,2024-01-12,Adar,Mathiang,impassable,2,,Adar – Mathiang,,
44,2024-01-12,Maper (Lakes),Dablual,impassable,2,,Maper (Lakes) – Dablual,,
45,2024-01-12,Akobo,Kaikuny,impassable,2,,Akobo – Kainuny,,
46,2024-01-12,Motot,Lankien,impassable,2,,Motot – Lankein,,
47,2024-01-12,Wau,Deim Zubeir,passable,0,,Wau – Deim Zubeir,40MT,
48,2024-01-12,Wau,Tambura,partially passable,1,,Wau – Tambura,20MT,
49,2024-01-12,Yirol,Shambe,partially passable,1,,Yirol – Shambe,20MT,
50,2024-01-12,Aluakluak,Yirol,partially passable,1,,Aluakluak - Yirol,20MT,
51,2024-01-12,Rumbek,Langdit,passable,0,,Rumbek - Langdit,40MT,
52,2024-01-12,Aluakluak,Rumbek,partially passable,1,,Aluakluak – Rumbek,20MT,
53,2024-01-12,Wunrok,Abiemnhom,passable,0,Turalei,Wunrok – Turalei – Abiemnhom,40MT,
54,2024-01-12,Kilo 30,Panakuach,passable,0,Roriak,Kilo 30 – Roriak – Panakuach,40MT,
55,2024-01-12,Ding Ding,Koch,impassable,2,,Ding ding - Koch,,
56,2024-01-12,Bentiu,Dhorbor,impassable,2,,Bentiu – Dhorbor,,
57,2024-01-12,Dhorbor,Guit,impassable,2,,Dhorbor – Guit,,
58,2024-01-12,Guit,Ding Ding,impassable,2,,Guit – Ding Ding,,
59,2024-01-12,Gumuruk,Pibor,impassable,2,,Gumuruk – Pibor,,
60,2024-01-12,Bor,Pengko,impassable,2,,Bor – Pengko,,
61,2024-01-12,Duk Padiet,Pajut,impassable,2,,Duk Padiat – Pajut,,
62,2024-01-12,Yuai,Karam,impassable,2,Pathai,Yaui – Pathai – Karam,,
63,2024-01-12,Yuai,Motot,impassable,2,Pieri,Yaui – Pieri – Motot,,
64,2024-01-12,Yuai,Pajut,impassable,2,,Yaui – Pajut,,
65,2024-01-12,Wulu,Rumbek,passable,0,,Wulu – Rumbek,40MT,
66,2024-01-12,Pibor,Likuangole,impassable,2,,Pibor – Likuangole,,
67,2024-01-12,Mingkaman,Yirol,partially passable,1,,Mingkaman – Yirol,20MT,
68,2024-01-12,Yambio,Tambura,passable,0,,Yambio – Tambura,40MT,
69,2024-01-12,Juba,Mundri,passable,0,,Juba – Mundri,40MT,
70,2024-01-12,Kodok,Paloich,impassable,2,,Kodok – Paloich,,
71,2024-01-12,Malakal,Kodok,impassable,2,,Malakal – Kodok,,
72,2024-01-12,Thar Kueng,Kuajok,passable,0,,Thar Kueng - Kuajok,40MT,
73,2024-01-12,Bentiu,Guit,impassable,2,,Bentiu – Guit,,
74,2024-01-12,Duk Padiet,Ayod,impassable,2,,Duk Padiet – Ayod,,
75,2024-01-12,Guit,Mirmir,impassable,2,,Guit – Mir mir,,
76,2024-01-12,Raja,Chandoy/Dolo2,passable,0,,Raja – Chandoy/Dolo2,40MT,
77,2024-01-12,Mundri,Maridi,passable,0,,Mundri - Maridi,40MT,
78,2024-01-12,Torit,Kapoeta,passable,0,,Torit – Kapoeta,20MT,
79,2024-01-12,Mayendit,Mirmir,impassable,2,Rupkuai,Mayendit – Rupkuai – Mir mir,,
80,2024-01-12,Mirmir,Leer,impassable,2,,Mirmir – Leer,,
81,2024-01-12,Mankien,Mayom,impassable,2,,Mankien - Mayom,,
82,2024-01-12,Ajak Kuac,Mankien,partially passable,1,,Ajak Kuac – Mankien,Specialized Trucks,
83,2024-01-12,Ayod,Pathai,impassable,2,,Ayod – Pathai,,
84,2024-01-12,Nyandit,Kiech Kon,impassable,2,,Nyandit - Kiech Kon,,
85,2024-01-12,Paloich,Jemaam,passable,0,Adar,Paloich – Adar – Jemaam,40MT,
86,2024-01-12,New Fangak,Kuernyang,impassable,2,,New Fangak – Kuernyang,,
87,2024-01-12,Paguir,Keew,impassable,2,,Paguir – Keew,,
88,2024-01-12,Baliet,Kiech Kon,impassable,2,Akwot,Baliet – Akwot – Kiech kon,,
89,2024-01-12,Wunrok,Gogrial,passable,0,,Wunrok – Gogrial,40MT,
90,2024-01-12,Deim Zubeir,Raja,passable,0,,Dim Zubeir – Raja,40MT,
91,2024-01-12,Aweil,Yith Pabol,passable,0,,Aweil – Yith Pabol,40MT,
92,2024-01-12,Kapoeta,Narus,passable,0,,Kapoeta – Narus,40MT,
93,2024-01-12,Melut,Paloich,passable,0,,Melut – Paloich,40MT,
94,2024-01-12,Wunrok,Abyei,partially passable,1,,Wunrok – Abyei,Specialized Trucks,
95,2024-01-12,Gogrial,Kuajok,passable,0,,Gogrial – Kuajok,40MT,
96,2024-01-12,Bentiu,Nhialdiu,impassable,2,,Bentiu – Nhialdiu,,
97,2024-01-12,Aluakluak,Mvolo,partially passable,1,,Aluakluak - Mvolo,20MT,
98,2024-01-12,Kilo 30,Manga Port,passable,0,,Kilo 30 – Manga Port,40MT,
99,2024-01-12,Gossinga,Raja,impassable,2,,Gossinga – Raja,,
100,2024-01-12,Gossinga,Raja,partially passable,1,Kapalala,Gossinga – Kapalala – Raja,20MT,
101,2024-01-12,Nyal,Ganyiel,impassable,2,,Nyal – Ganyiel,,
102,2024-01-12,Manyabol,Gadiang,impassable,2,,Manyabol – Gadiang,,
103,2024-01-12,Manyabol,Gumuruk,impassable,2,,Manyabol – Gumuruk,,
104,2024-01-12,Vertet,Labarab,impassable,2,,Vertet – Labarab,,
105,2024-01-12,Boma,Maruwa,impassable,2,,Boma – Maruwa,,
106,2024-01-12,Boma,Labarab,impassable,2,,Boma - Labarab,,
107,2024-01-12,Pibor,Vertet,impassable,2,,Pibor – Verthet,,
108,2024-01-12,Aduel,Amok Piny,partially passable,1,,Aduel – Amok Piny,Specialized Trucks,
109,2024-01-12,Lankien,Pading,impassable,2,Nyambor,Lankien – Nyambor – Pading,,
110,2024-01-12,Nyambor,Karam,impassable,2,Pading,Nyambor – Pading – Karam,,
111,2024-01-12,Pajut,Payuel,impassable,2,,Pajut – Payuel,,
112,2024-01-12,Aweil,Gogrial,partially passable,1,Akun,Aweil – Akun – Gogrial,20MT,
113,2024-01-12,Kapoeta,Chukudum,passable,0,,Kapoeta – Chukudum,40MT,
114,2024-01-12,Diabio,Ezo,passable,0,,Diabio – Ezo,40MT,
115,2024-01-12,Mvolo,Wulu,passable,0,,Mvolo – Wullu,40MT,
116,2024-01-12,Aluakluak,Mapuordit,partially passable,1,,Aluakluak - Mapuordit,20MT,
117,2024-01-12,Narus,Nadapal,passable,0,,Narus – Nadapal,40MT,
118,2024-01-12,Bentiu,Kilo 30,passable,0,,Bentiu – Kilo30,40MT,
119,2024-01-12,Gadiang,Yuai,impassable,2,,Gadiang – Yuai,,
120,2024-01-12,Pathai,Fatuet,impassable,2,,Pathai – Fatuet,,
121,2024-01-12,Walgak,Kaikuny,impassable,2,,Walgak – Kaikuny,,
122,2024-01-12,Yuai,Walgak,partially passable,1,Motot; Waat,Yuai – Motot – Waat – Walgak,Specialized Trucks,
123,2024-01-12,Kuron,Boma,impassable,2,,Kuron – Boma,,
124,2024-01-12,Kapoeta,Kassangor,impassable,2,,Kapoeta – Kassangor,,
125,2024-01-12,Rumbek,Maper (Lakes),impassable,2,,Rumbek – Maper (Lakes),,
126,2024-01-12,Maruwa,Labarab,impassable,2,,Maruwa – Labarab,,
127,2024-01-12,Koch,Mirmir,impassable,2,,Koch – Mirmir,,
128,2024-01-12,Adok,Leer,impassable,2,Piling,Adok – Piling – Leer,,
129,2024-01-12,Lainya,Yei,passable,0,,Lainya – Yei,40MT,
130,2024-01-12,Mathiang,Udier,impassable,2,,Mathiang – Udier,,
131,2024-01-12,Gadiang,Payuel,impassable,2,,Gadiang – Payuel,,
132,2024-01-12,Ayod,Mogok,impassable,2,,Ayod – Mogok,,
133,2024-01-12,Kaikang,Kilo 30,passable,0,Roriak; Mayom,(Kaikang – Roriak )(Mayom – Kilo 30),"""alternative Road""",alternative road listed as two separate stretches: Kaikang–Roriak and Mayom–Kilo 30
134,2024-01-12,Pariang,Ajuong Thok,passable,0,,Pariang – Ajuong Thok,40MT,
1,2024-01-19,Kilo 30,Pariang,passable,0,,Kilo 30 – Pariang,40MT,
2,2024-01-19,Gemeiza,Bor,impassable,2,,Gemeiza – Bor,,
3,2024-01-19,Yida,Pariang,passable,0,,Yida - Pariang,40MT,
4,2024-01-19,Juba,Nimule,passable,0,,Juba – Nimule,40MT,
5,2024-01-19,Juba,Torit,passable,0,,Juba – Torit,40MT,
6,2024-01-19,Juba,Mangalla,passable,0,,Juba – Mangalla,40MT,
7,2024-01-19,Malakal,Baliet,impassable,2,,Malakal – Baliet,,
8,2024-01-19,Paloich,Renk,passable,0,,Paloich – Renk,40MT,
9,2024-01-19,Adar,Maban,partially passable,1,Jemaam,Adar – Jemaam – Maban,15MT,
10,2024-01-19,Abyei,Abiemnhom,impassable,2,,Abyei – Abienhom,,
11,2024-01-19,Aweil,Gossinga,partially passable,1,,Aweil – Gossinga,20MT,
12,2024-01-19,Pathai,Walgak,impassable,2,Motot,Pathai – Motot – Walgak,,
13,2024-01-19,Juba,Lainya,passable,0,,Juba – Lainya,40MT,
14,2024-01-19,Maridi,Yambio,passable,0,,Maridi – Yambio,40MT,
15,2024-01-19,Juba,Kajo Keji,passable,0,,Juba – Kajo Keji,40MT,
16,2024-01-19,Juba,Terakeka,impassable,2,,Juba – Terakeka,,
17,2024-01-19,Narus,Kuron,impassable,2,,Narus – Kuron,,
18,2024-01-19,Mundri,Mvolo,passable,0,,Mundri - Mvolo,40MT,
19,2024-01-19,Mangalla,Gemeiza,passable,0,,Mangalla – Gemeiza,40MT,
20,2024-01-19,Mathiang,Maiwut,impassable,2,,Mathiang – Maiwut,,
21,2024-01-19,Tonj,Langdit,passable,0,,Tonj – Langdit,40MT,
22,2024-01-19,Terakeka,Mundri,passable,0,Tali,Terakeka – Tali – Mundri,40MT,
23,2024-01-19,Terakeka,Mingkaman,passable,0,,Terakeka – Mingkaman,40MT,
24,2024-01-19,Torit,Magwi,passable,0,,Torit – Magwi,40MT,
25,2024-01-19,Hiyala,Ikotos,passable,0,,Hiyala – Ikotos,40MT,
26,2024-01-19,Torit,Lafon,partially passable,1,,Torit – Lafon,20MT,
27,2024-01-19,Wau,Thar Kueng,passable,0,,Wau – Thar Kueng,40MT,
28,2024-01-19,Wau,Tonj,passable,0,,Wau – Tonj,40MT,
29,2024-01-19,Wau,Akuem,passable,0,Aweil,Wau – Aweil – Akuem,40MT,
30,2024-01-19,Likuangole,Akobo,impassable,2,,Likuangole – Akobo,,
31,2024-01-19,Amok Piny,Madol,impassable,2,,Amok Piny – Madol,,
32,2024-01-19,Akwot,Nasser,impassable,2,,Akwot – Nasser,,
33,2024-01-19,Guit,Koch,impassable,2,,Guit – Koch,,
34,2024-01-19,Abiemnhom,Mayom,passable,0,,Abiemnhom – Mayom,40MT,
35,2024-01-19,Kilo 30,Kaikang,impassable,2,Tumor; Mayom,Kilo30 –Tumor – Mayom – Kaikang,,
36,2024-01-19,Boma,Pochala,impassable,2,,Boma – Pochala,,
37,2024-01-19,Bor,Gadiang,impassable,2,,Bor – Gadiang,,
38,2024-01-19,Bor,Baidit,partially passable,1,,Bor – Baidit,20MT,
39,2024-01-19,Pengko,Manyabol,impassable,2,,Pengko – Manyabol,,
40,2024-01-19,Baidit,Duk Padiet,impassable,2,Mabior,Baidit – Mabior – Duk Padiet,,
41,2024-01-19,Gadiang,Akobo,impassable,2,,Gadiang – Akobo,,
42,2024-01-19,Juba,Lafon,impassable,2,,Juba – Lafon,,
43,2024-01-19,Adar,Mathiang,impassable,2,,Adar – Mathiang,,
44,2024-01-19,Maper (Lakes),Dablual,impassable,2,,Maper (Lakes) – Dablual,,
45,2024-01-19,Akobo,Kaikuny,impassable,2,,Akobo – Kainuny,,
46,2024-01-19,Motot,Lankien,impassable,2,,Motot – Lankein,,
47,2024-01-19,Wau,Deim Zubeir,passable,0,,Wau – Deim Zubeir,40MT,
48,2024-01-19,Wau,Tambura,partially passable,1,,Wau – Tambura,20MT,
49,2024-01-19,Yirol,Shambe,partially passable,1,,Yirol – Shambe,20MT,
50,2024-01-19,Aluakluak,Yirol,partially passable,1,,Aluakluak - Yirol,20MT,
51,2024-01-19,Rumbek,Langdit,passable,0,,Rumbek - Langdit,40MT,
52,2024-01-19,Aluakluak,Rumbek,partially passable,1,,Aluakluak – Rumbek,20MT,
53,2024-01-19,Wunrok,Abiemnhom,passable,0,Turalei,Wunrok – Turalei – Abiemnhom,40MT,
54,2024-01-19,Kilo 30,Panakuach,passable,0,Roriak,Kilo 30 – Roriak – Panakuach,40MT,
55,2024-01-19,Ding Ding,Koch,impassable,2,,Ding ding - Koch,,
56,2024-01-19,Bentiu,Dhorbor,impassable,2,,Bentiu – Dhorbor,,
57,2024-01-19,Dhorbor,Guit,impassable,2,,Dhorbor – Guit,,
58,2024-01-19,Guit,Ding Ding,impassable,2,,Guit – Ding Ding,,
59,2024-01-19,Gumuruk,Pibor,impassable,2,,Gumuruk – Pibor,,
60,2024-01-19,Bor,Pengko,impassable,2,,Bor – Pengko,,
61,2024-01-19,Duk Padiet,Pajut,impassable,2,,Duk Padiat – Pajut,,
62,2024-01-19,Yuai,Karam,impassable,2,Pathai,Yaui – Pathai – Karam,,
63,2024-01-19,Yuai,Motot,impassable,2,Pieri,Yaui – Pieri – Motot,,
64,2024-01-19,Yuai,Pajut,impassable,2,,Yaui – Pajut,,
65,2024-01-19,Wulu,Rumbek,passable,0,,Wulu – Rumbek,40MT,
66,2024-01-19,Pibor,Likuangole,impassable,2,,Pibor – Likuangole,,
67,2024-01-19,Mingkaman,Yirol,partially passable,1,,Mingkaman – Yirol,20MT,
68,2024-01-19,Yambio,Tambura,passable,0,,Yambio – Tambura,40MT,
69,2024-01-19,Juba,Mundri,passable,0,,Juba – Mundri,40MT,
70,2024-01-19,Kodok,Paloich,impassable,2,,Kodok – Paloich,,
71,2024-01-19,Malakal,Kodok,impassable,2,,Malakal – Kodok,,
72,2024-01-19,Thar Kueng,Kuajok,passable,0,,Thar Kueng - Kuajok,40MT,
73,2024-01-19,Bentiu,Guit,impassable,2,,Bentiu – Guit,,
74,2024-01-19,Duk Padiet,Ayod,impassable,2,,Duk Padiet – Ayod,,
75,2024-01-19,Guit,Mirmir,impassable,2,,Guit – Mir mir,,
76,2024-01-19,Raja,Chandoy/Dolo2,passable,0,,Raja – Chandoy/Dolo2,40MT,
77,2024-01-19,Mundri,Maridi,passable,0,,Mundri - Maridi,40MT,
78,2024-01-19,Torit,Kapoeta,passable,0,,Torit – Kapoeta,20MT,
79,2024-01-19,Mayendit,Mirmir,impassable,2,Rupkuai,Mayendit – Rupkuai – Mir mir,,
80,2024-01-19,Mirmir,Leer,impassable,2,,Mirmir – Leer,,
81,2024-01-19,Mankien,Mayom,impassable,2,,Mankien - Mayom,,
82,2024-01-19,Ajak Kuac,Mankien,partially passable,1,,Ajak Kuac – Mankien,Specialized Trucks,
83,2024-01-19,Ayod,Pathai,impassable,2,,Ayod – Pathai,,
84,2024-01-19,Nyandit,Kiech Kon,impassable,2,,Nyandit - Kiech Kon,,
85,2024-01-19,Paloich,Jemaam,passable,0,Adar,Paloich – Adar – Jemaam,40MT,
86,2024-01-19,New Fangak,Kuernyang,impassable,2,,New Fangak – Kuernyang,,
87,2024-01-19,Paguir,Keew,impassable,2,,Paguir – Keew,,
88,2024-01-19,Baliet,Kiech Kon,impassable,2,Akwot,Baliet – Akwot – Kiech kon,,
89,2024-01-19,Wunrok,Gogrial,passable,0,,Wunrok – Gogrial,40MT,
90,2024-01-19,Deim Zubeir,Raja,passable,0,,Dim Zubeir – Raja,40MT,
91,2024-01-19,Aweil,Yith Pabol,passable,0,,Aweil – Yith Pabol,40MT,
92,2024-01-19,Kapoeta,Narus,passable,0,,Kapoeta – Narus,40MT,
93,2024-01-19,Melut,Paloich,passable,0,,Melut – Paloich,40MT,
94,2024-01-19,Wunrok,Abyei,partially passable,1,,Wunrok – Abyei,Specialized Trucks,
95,2024-01-19,Gogrial,Kuajok,passable,0,,Gogrial – Kuajok,40MT,
96,2024-01-19,Bentiu,Nhialdiu,impassable,2,,Bentiu – Nhialdiu,,
97,2024-01-19,Aluakluak,Mvolo,partially passable,1,,Aluakluak - Mvolo,20MT,
98,2024-01-19,Kilo 30,Manga Port,passable,0,,Kilo 30 – Manga Port,40MT,
99,2024-01-19,Gossinga,Raja,impassable,2,,Gossinga – Raja,,
100,2024-01-19,Gossinga,Raja,partially passable,1,Kapalala,Gossinga – Kapalala – Raja,20MT,
101,2024-01-19,Nyal,Ganyiel,impassable,2,,Nyal – Ganyiel,,
102,2024-01-19,Manyabol,Gadiang,impassable,2,,Manyabol – Gadiang,,
103,2024-01-19,Manyabol,Gumuruk,impassable,2,,Manyabol – Gumuruk,,
104,2024-01-19,Vertet,Labarab,impassable,2,,Vertet – Labarab,,
105,2024-01-19,Boma,Maruwa,impassable,2,,Boma – Maruwa,,
106,2024-01-19,Boma,Labarab,impassable,2,,Boma - Labarab,,
107,2024-01-19,Pibor,Vertet,impassable,2,,Pibor – Verthet,,
108,2024-01-19,Aduel,Amok Piny,partially passable,1,,Aduel – Amok Piny,Specialized Trucks,
109,2024-01-19,Lankien,Pading,impassable,2,Nyambor,Lankien – Nyambor – Pading,,
110,2024-01-19,Nyambor,Karam,impassable,2,Pading,Nyambor – Pading – Karam,,
111,2024-01-19,Pajut,Payuel,impassable,2,,Pajut – Payuel,,
112,2024-01-19,Aweil,Gogrial,partially passable,1,Akun,Aweil – Akun – Gogrial,20MT,
113,2024-01-19,Kapoeta,Chukudum,passable,0,,Kapoeta – Chukudum,40MT,
114,2024-01-19,Diabio,Ezo,passable,0,,Diabio – Ezo,40MT,
115,2024-01-19,Mvolo,Wulu,passable,0,,Mvolo – Wullu,40MT,
116,2024-01-19,Aluakluak,Mapuordit,partially passable,1,,Aluakluak - Mapuordit,20MT,
117,2024-01-19,Narus,Nadapal,passable,0,,Narus – Nadapal,40MT,
118,2024-01-19,Bentiu,Kilo 30,passable,0,,Bentiu – Kilo30,40MT,
119,2024-01-19,Gadiang,Yuai,impassable,2,,Gadiang – Yuai,,
120,2024-01-19,Pathai,Fatuet,impassable,2,,Pathai – Fatuet,,
121,2024-01-19,Walgak,Kaikuny,impassable,2,,Walgak – Kaikuny,,
122,2024-01-19,Yuai,Walgak,partially passable,1,Motot; Waat,Yuai – Motot – Waat – Walgak,Specialized Trucks,
123,2024-01-19,Kuron,Boma,impassable,2,,Kuron – Boma,,
124,2024-01-19,Kapoeta,Kassangor,impassable,2,,Kapoeta – Kassangor,,
125,2024-01-19,Rumbek,Maper (Lakes),impassable,2,,Rumbek – Maper (Lakes),,
126,2024-01-19,Maruwa,Labarab,impassable,2,,Maruwa – Labarab,,
127,2024-01-19,Koch,Mirmir,impassable,2,,Koch – Mirmir,,
128,2024-01-19,Adok,Leer,impassable,2,Piling,Adok – Piling – Leer,,
129,2024-01-19,Lainya,Yei,passable,0,,Lainya – Yei,40MT,
130,2024-01-19,Mathiang,Udier,impassable,2,,Mathiang – Udier,,
131,2024-01-19,Gadiang,Payuel,impassable,2,,Gadiang – Payuel,,
132,2024-01-19,Ayod,Mogok,impassable,2,,Ayod – Mogok,,
133,2024-01-19,Kaikang,Kilo 30,passable,0,Roriak; Mayom,(Kaikang – Roriak )(Mayom – Kilo 30),"""alternative Road""",alternative road listed as two separate stretches: Kaikang–Roriak and Mayom–Kilo 30
134,2024-01-19,Pariang,Ajuong Thok,passable,0,,Pariang – Ajuong Thok,40MT,
1,2024-01-26,Kilo 30,Pariang,passable,0,,Kilo 30 – Pariang,40MT,
2,2024-01-26,Gemeiza,Bor,impassable,2,,Gemeiza – Bor,,
3,2024-01-26,Yida,Pariang,passable,0,,Yida - Pariang,40MT,
4,2024-01-26,Juba,Nimule,passable,0,,Juba – Nimule,40MT,
5,2024-01-26,Juba,Torit,passable,0,,Juba – Torit,40MT,
6,2024-01-26,Juba,Mangalla,passable,0,,Juba – Mangalla,40MT,
7,2024-01-26,Malakal,Baliet,impassable,2,,Malakal – Baliet,,
8,2024-01-26,Paloich,Renk,passable,0,,Paloich – Renk,40MT,
9,2024-01-26,Adar,Maban,partially passable,1,Jemaam,Adar – Jemaam – Maban,15MT,
10,2024-01-26,Abyei,Abiemnhom,impassable,2,,Abyei – Abienhom,,
11,2024-01-26,Aweil,Gossinga,partially passable,1,,Aweil – Gossinga,20MT,
12,2024-01-26,Pathai,Walgak,impassable,2,Motot,Pathai – Motot – Walgak,,
13,2024-01-26,Juba,Lainya,passable,0,,Juba – Lainya,40MT,
14,2024-01-26,Maridi,Yambio,passable,0,,Maridi – Yambio,40MT,
15,2024-01-26,Juba,Kajo Keji,passable,0,,Juba – Kajo Keji,40MT,
16,2024-01-26,Juba,Terakeka,impassable,2,,Juba – Terakeka,,
17,2024-01-26,Narus,Kuron,impassable,2,,Narus – Kuron,,
18,2024-01-26,Mundri,Mvolo,passable,0,,Mundri - Mvolo,40MT,
19,2024-01-26,Mangalla,Gemeiza,passable,0,,Mangalla – Gemeiza,40MT,
20,2024-01-26,Mathiang,Maiwut,impassable,2,,Mathiang – Maiwut,,
21,2024-01-26,Tonj,Langdit,passable,0,,Tonj – Langdit,40MT,
22,2024-01-26,Terakeka,Mundri,passable,0,Tali,Terakeka – Tali – Mundri,40MT,
23,2024-01-26,Terakeka,Mingkaman,passable,0,,Terakeka – Mingkaman,40MT,
24,2024-01-26,Torit,Magwi,passable,0,,Torit – Magwi,40MT,
25,2024-01-26,Hiyala,Ikotos,passable,0,,Hiyala – Ikotos,40MT,
26,2024-01-26,Torit,Lafon,partially passable,1,,Torit – Lafon,20MT,
27,2024-01-26,Wau,Thar Kueng,passable,0,,Wau – Thar Kueng,40MT,
28,2024-01-26,Wau,Tonj,passable,0,,Wau – Tonj,40MT,
29,2024-01-26,Wau,Akuem,passable,0,Aweil,Wau – Aweil – Akuem,40MT,
30,2024-01-26,Likuangole,Akobo,impassable,2,,Likuangole – Akobo,,
31,2024-01-26,Amok Piny,Madol,impassable,2,,Amok Piny – Madol,,
32,2024-01-26,Akwot,Nasser,impassable,2,,Akwot – Nasser,,
33,2024-01-26,Guit,Koch,impassable,2,,Guit – Koch,,
34,2024-01-26,Abiemnhom,Mayom,passable,0,,Abiemnhom – Mayom,40MT,
35,2024-01-26,Kilo 30,Kaikang,impassable,2,Tumor; Mayom,Kilo30 –Tumor – Mayom – Kaikang,,
36,2024-01-26,Boma,Pochala,impassable,2,,Boma – Pochala,,
37,2024-01-26,Bor,Gadiang,impassable,2,,Bor – Gadiang,,
38,2024-01-26,Bor,Baidit,partially passable,1,,Bor – Baidit,20MT,
39,2024-01-26,Pengko,Manyabol,impassable,2,,Pengko – Manyabol,,
40,2024-01-26,Baidit,Duk Padiet,impassable,2,Mabior,Baidit – Mabior – Duk Padiet,,
41,2024-01-26,Gadiang,Akobo,impassable,2,,Gadiang – Akobo,,
42,2024-01-26,Juba,Lafon,impassable,2,,Juba – Lafon,,
43,2024-01-26,Adar,Mathiang,impassable,2,,Adar – Mathiang,,
44,2024-01-26,Maper (Lakes),Dablual,impassable,2,,Maper (Lakes) – Dablual,,
45,2024-01-26,Akobo,Kaikuny,impassable,2,,Akobo – Kainuny,,
46,2024-01-26,Motot,Lankien,impassable,2,,Motot – Lankein,,
47,2024-01-26,Wau,Deim Zubeir,passable,0,,Wau – Deim Zubeir,40MT,
48,2024-01-26,Wau,Tambura,partially passable,1,,Wau – Tambura,20MT,
49,2024-01-26,Yirol,Shambe,partially passable,1,,Yirol – Shambe,20MT,
50,2024-01-26,Aluakluak,Yirol,partially passable,1,,Aluakluak - Yirol,20MT,
51,2024-01-26,Rumbek,Langdit,passable,0,,Rumbek - Langdit,40MT,
52,2024-01-26,Aluakluak,Rumbek,partially passable,1,,Aluakluak – Rumbek,20MT,
53,2024-01-26,Wunrok,Abiemnhom,passable,0,Turalei,Wunrok – Turalei – Abiemnhom,40MT,
54,2024-01-26,Kilo 30,Panakuach,passable,0,Roriak,Kilo 30 – Roriak – Panakuach,40MT,
55,2024-01-26,Ding Ding,Koch,impassable,2,,Ding ding - Koch,,
56,2024-01-26,Bentiu,Dhorbor,impassable,2,,Bentiu – Dhorbor,,
57,2024-01-26,Dhorbor,Guit,impassable,2,,Dhorbor – Guit,,
58,2024-01-26,Guit,Ding Ding,impassable,2,,Guit – Ding Ding,,
59,2024-01-26,Gumuruk,Pibor,impassable,2,,Gumuruk – Pibor,,
60,2024-01-26,Bor,Pengko,impassable,2,,Bor – Pengko,,
61,2024-01-26,Duk Padiet,Pajut,impassable,2,,Duk Padiat – Pajut,,
62,2024-01-26,Yuai,Karam,impassable,2,Pathai,Yaui – Pathai – Karam,,
63,2024-01-26,Yuai,Motot,impassable,2,Pieri,Yaui – Pieri – Motot,,
64,2024-01-26,Yuai,Pajut,impassable,2,,Yaui – Pajut,,
65,2024-01-26,Wulu,Rumbek,passable,0,,Wulu – Rumbek,40MT,
66,2024-01-26,Pibor,Likuangole,impassable,2,,Pibor – Likuangole,,
67,2024-01-26,Mingkaman,Yirol,partially passable,1,,Mingkaman – Yirol,20MT,
68,2024-01-26,Yambio,Tambura,passable,0,,Yambio – Tambura,40MT,
69,2024-01-26,Juba,Mundri,passable,0,,Juba – Mundri,40MT,
70,2024-01-26,Kodok,Paloich,impassable,2,,Kodok – Paloich,,
71,2024-01-26,Malakal,Kodok,impassable,2,,Malakal – Kodok,,
72,2024-01-26,Thar Kueng,Kuajok,passable,0,,Thar Kueng - Kuajok,40MT,
73,2024-01-26,Bentiu,Guit,impassable,2,,Bentiu – Guit,,
74,2024-01-26,Duk Padiet,Ayod,impassable,2,,Duk Padiet – Ayod,,
75,2024-01-26,Guit,Mirmir,impassable,2,,Guit – Mir mir,,
76,2024-01-26,Raja,Chandoy/Dolo2,passable,0,,Raja – Chandoy/Dolo2,40MT,
77,2024-01-26,Mundri,Maridi,passable,0,,Mundri - Maridi,40MT,
78,2024-01-26,Torit,Kapoeta,passable,0,,Torit – Kapoeta,20MT,
79,2024-01-26,Mayendit,Mirmir,impassable,2,Rupkuai,Mayendit – Rupkuai – Mir mir,,
80,2024-01-26,Mirmir,Leer,impassable,2,,Mirmir – Leer,,
81,2024-01-26,Mankien,Mayom,impassable,2,,Mankien - Mayom,,
82,2024-01-26,Ajak Kuac,Mankien,partially passable,1,,Ajak Kuac – Mankien,Specialized Trucks,
83,2024-01-26,Ayod,Pathai,impassable,2,,Ayod – Pathai,,
84,2024-01-26,Nyandit,Kiech Kon,impassable,2,,Nyandit - Kiech Kon,,
85,2024-01-26,Paloich,Jemaam,passable,0,Adar,Paloich – Adar – Jemaam,40MT,
86,2024-01-26,New Fangak,Kuernyang,impassable,2,,New Fangak – Kuernyang,,
87,2024-01-26,Paguir,Keew,impassable,2,,Paguir – Keew,,
88,2024-01-26,Baliet,Kiech Kon,impassable,2,Akwot,Baliet – Akwot – Kiech kon,,
89,2024-01-26,Wunrok,Gogrial,passable,0,,Wunrok – Gogrial,40MT,
90,2024-01-26,Deim Zubeir,Raja,passable,0,,Dim Zubeir – Raja,40MT,
91,2024-01-26,Aweil,Yith Pabol,passable,0,,Aweil – Yith Pabol,40MT,
92,2024-01-26,Kapoeta,Narus,passable,0,,Kapoeta – Narus,40MT,
93,2024-01-26,Melut,Paloich,passable,0,,Melut – Paloich,40MT,
94,2024-01-26,Wunrok,Abyei,partially passable,1,,Wunrok – Abyei,Specialized Trucks,
95,2024-01-26,Gogrial,Kuajok,passable,0,,Gogrial – Kuajok,40MT,
96,2024-01-26,Bentiu,Nhialdiu,impassable,2,,Bentiu – Nhialdiu,,
97,2024-01-26,Aluakluak,Mvolo,partially passable,1,,Aluakluak - Mvolo,20MT,
98,2024-01-26,Kilo 30,Manga Port,passable,0,,Kilo 30 – Manga Port,40MT,
99,2024-01-26,Gossinga,Raja,impassable,2,,Gossinga – Raja,,
100,2024-01-26,Gossinga,Raja,partially passable,1,Kapalala,Gossinga – Kapalala – Raja,20MT,
101,2024-01-26,Nyal,Ganyiel,impassable,2,,Nyal – Ganyiel,,
102,2024-01-26,Manyabol,Gadiang,impassable,2,,Manyabol – Gadiang,,
103,2024-01-26,Manyabol,Gumuruk,impassable,2,,Manyabol – Gumuruk,,
104,2024-01-26,Vertet,Labarab,impassable,2,,Vertet – Labarab,,
105,2024-01-26,Boma,Maruwa,impassable,2,,Boma – Maruwa,,
106,2024-01-26,Boma,Labarab,impassable,2,,Boma - Labarab,,
107,2024-01-26,Pibor,Vertet,impassable,2,,Pibor – Verthet,,
108,2024-01-26,Aduel,Amok Piny,partially passable,1,,Aduel – Amok Piny,Specialized Trucks,
109,2024-01-26,Lankien,Pading,impassable,2,Nyambor,Lankien – Nyambor – Pading,,
110,2024-01-26,Nyambor,Karam,impassable,2,Pading,Nyambor – Pading – Karam,,
111,2024-01-26,Pajut,Payuel,impassable,2,,Pajut – Payuel,,
112,2024-01-26,Aweil,Gogrial,partially passable,1,Akun,Aweil – Akun – Gogrial,20MT,
113,2024-01-26,Kapoeta,Chukudum,passable,0,,Kapoeta – Chukudum,40MT,
114,2024-01-26,Diabio,Ezo,passable,0,,Diabio – Ezo,40MT,
115,2024-01-26,Mvolo,Wulu,passable,0,,Mvolo – Wullu,40MT,
116,2024-01-26,Aluakluak,Mapuordit,partially passable,1,,Aluakluak - Mapuordit,20MT,
117,2024-01-26,Narus,Nadapal,passable,0,,Narus – Nadapal,40MT,
118,2024-01-26,Bentiu,Kilo 30,passable,0,,Bentiu – Kilo30,40MT,
119,2024-01-26,Gadiang,Yuai,impassable,2,,Gadiang – Yuai,,
120,2024-01-26,Pathai,Fatuet,impassable,2,,Pathai – Fatuet,,
121,2024-01-26,Walgak,Kaikuny,impassable,2,,Walgak – Kaikuny,,
122,2024-01-26,Yuai,Walgak,partially passable,1,Motot; Waat,Yuai – Motot – Waat – Walgak,Specialized Trucks,
123,2024-01-26,Kuron,Boma,impassable,2,,Kuron – Boma,,
124,2024-01-26,Kapoeta,Kassangor,impassable,2,,Kapoeta – Kassangor,,
125,2024-01-26,Rumbek,Maper (Lakes),impassable,2,,Rumbek – Maper (Lakes),,
126,2024-01-26,Maruwa,Labarab,impassable,2,,Maruwa – Labarab,,
127,2024-01-26,Koch,Mirmir,impassable,2,,Koch – Mirmir,,
128,2024-01-26,Adok,Leer,impassable,2,Piling,Adok – Piling – Leer,,
129,2024-01-26,Lainya,Yei,passable,0,,Lainya – Yei,40MT,
130,2024-01-26,Mathiang,Udier,impassable,2,,Mathiang – Udier,,
131,2024-01-26,Gadiang,Payuel,impassable,2,,Gadiang – Payuel,,
132,2024-01-26,Ayod,Mogok,impassable,2,,Ayod – Mogok,,
133,2024-01-26,Kaikang,Kilo 30,passable,0,Roriak; Mayom,(Kaikang – Roriak )(Mayom – Kilo 30),"""alternative Road""",alternative road listed as two separate stretches: Kaikang–Roriak and Mayom–Kilo 30
134,2024-01-26,Pariang,Ajuong Thok,passable,0,,Pariang – Ajuong Thok,40MT,
1,2024-02-02,Kilo 30,Pariang,passable,0,,Kilo 30 – Pariang,40MT,
2,2024-02-02,Gemeiza,Bor,impassable,2,,Gemeiza – Bor,,
3,2024-02-02,Yida,Pariang,passable,0,,Yida - Pariang,40MT,
4,2024-02-02,Juba,Nimule,passable,0,,Juba – Nimule,40MT,
5,2024-02-02,Juba,Torit,passable,0,,Juba – Torit,40MT,
6,2024-02-02,Juba,Mangalla,passable,0,,Juba – Mangalla,40MT,
7,2024-02-02,Malakal,Baliet,impassable,2,,Malakal – Baliet,,
8,2024-02-02,Paloich,Renk,passable,0,,Paloich – Renk,40MT,
9,2024-02-02,Adar,Maban,partially passable,1,Jemaam,Adar – Jemaam – Maban,15MT,
10,2024-02-02,Abyei,Abiemnhom,impassable,2,,Abyei – Abienhom,,
11,2024-02-02,Aweil,Gossinga,partially passable,1,,Aweil – Gossinga,20MT,
12,2024-02-02,Pathai,Walgak,impassable,2,Motot,Pathai – Motot – Walgak,,
13,2024-02-02,Juba,Lainya,passable,0,,Juba – Lainya,40MT,
14,2024-02-02,Maridi,Yambio,passable,0,,Maridi – Yambio,40MT,
15,2024-02-02,Juba,Kajo Keji,passable,0,,Juba – Kajo Keji,40MT,
16,2024-02-02,Juba,Terakeka,impassable,2,,Juba – Terakeka,,
17,2024-02-02,Narus,Kuron,impassable,2,,Narus – Kuron,,
18,2024-02-02,Mundri,Mvolo,passable,0,,Mundri - Mvolo,40MT,
19,2024-02-02,Mangalla,Gemeiza,passable,0,,Mangalla – Gemeiza,40MT,
20,2024-02-02,Mathiang,Maiwut,impassable,2,,Mathiang – Maiwut,,
21,2024-02-02,Tonj,Langdit,passable,0,,Tonj – Langdit,40MT,
22,2024-02-02,Terakeka,Mundri,passable,0,Tali,Terakeka – Tali – Mundri,40MT,
23,2024-02-02,Terakeka,Mingkaman,passable,0,,Terakeka – Mingkaman,40MT,
24,2024-02-02,Torit,Magwi,passable,0,,Torit – Magwi,40MT,
25,2024-02-02,Hiyala,Ikotos,passable,0,,Hiyala – Ikotos,40MT,
26,2024-02-02,Torit,Lafon,partially passable,1,,Torit – Lafon,20MT,
27,2024-02-02,Wau,Thar Kueng,passable,0,,Wau – Thar Kueng,40MT,
28,2024-02-02,Wau,Tonj,passable,0,,Wau – Tonj,40MT,
29,2024-02-02,Wau,Akuem,passable,0,Aweil,Wau – Aweil – Akuem,40MT,
30,2024-02-02,Likuangole,Akobo,impassable,2,,Likuangole – Akobo,,
31,2024-02-02,Amok Piny,Madol,impassable,2,,Amok Piny – Madol,,
32,2024-02-02,Akwot,Nasser,impassable,2,,Akwot – Nasser,,
33,2024-02-02,Guit,Koch,impassable,2,,Guit – Koch,,
34,2024-02-02,Abiemnhom,Mayom,passable,0,,Abiemnhom – Mayom,40MT,
35,2024-02-02,Kilo 30,Kaikang,impassable,2,Tumor; Mayom,Kilo30 –Tumor – Mayom – Kaikang,,
36,2024-02-02,Boma,Pochala,impassable,2,,Boma – Pochala,,
37,2024-02-02,Bor,Gadiang,impassable,2,,Bor – Gadiang,,
38,2024-02-02,Bor,Baidit,partially passable,1,,Bor – Baidit,20MT,
39,2024-02-02,Pengko,Manyabol,impassable,2,,Pengko – Manyabol,,
40,2024-02-02,Baidit,Duk Padiet,impassable,2,Mabior,Baidit – Mabior – Duk Padiet,,
41,2024-02-02,Gadiang,Akobo,impassable,2,,Gadiang – Akobo,,
42,2024-02-02,Juba,Lafon,impassable,2,,Juba – Lafon,,
43,2024-02-02,Adar,Mathiang,impassable,2,,Adar – Mathiang,,
44,2024-02-02,Maper (Lakes),Dablual,impassable,2,,Maper (Lakes) – Dablual,,
45,2024-02-02,Akobo,Kaikuny,impassable,2,,Akobo – Kainuny,,
46,2024-02-02,Motot,Lankien,impassable,2,,Motot – Lankein,,
47,2024-02-02,Wau,Deim Zubeir,passable,0,,Wau – Deim Zubeir,40MT,
48,2024-02-02,Wau,Tambura,partially passable,1,,Wau – Tambura,20MT,
49,2024-02-02,Yirol,Shambe,partially passable,1,,Yirol – Shambe,20MT,
50,2024-02-02,Aluakluak,Yirol,partially passable,1,,Aluakluak - Yirol,20MT,
51,2024-02-02,Rumbek,Langdit,passable,0,,Rumbek - Langdit,40MT,
52,2024-02-02,Aluakluak,Rumbek,partially passable,1,,Aluakluak – Rumbek,20MT,
53,2024-02-02,Wunrok,Abiemnhom,passable,0,Turalei,Wunrok – Turalei – Abiemnhom,40MT,
54,2024-02-02,Kilo 30,Panakuach,passable,0,Roriak,Kilo 30 – Roriak – Panakuach,40MT,
55,2024-02-02,Ding Ding,Koch,partially passable,1,,Ding ding - Koch,20MT,
56,2024-02-02,Bentiu,Dhorbor,impassable,2,,Bentiu – Dhorbor,,
57,2024-02-02,Dhorbor,Guit,impassable,2,,Dhorbor – Guit,,
58,2024-02-02,Guit,Ding Ding,partially passable,1,,Guit – Ding Ding,20MT,
59,2024-02-02,Gumuruk,Pibor,impassable,2,,Gumuruk – Pibor,,
60,2024-02-02,Bor,Pengko,impassable,2,,Bor – Pengko,,
61,2024-02-02,Duk Padiet,Pajut,impassable,2,,Duk Padiat – Pajut,,
62,2024-02-02,Yuai,Karam,impassable,2,Pathai,Yaui – Pathai – Karam,,
63,2024-02-02,Yuai,Motot,impassable,2,Pieri,Yaui – Pieri – Motot,,
64,2024-02-02,Yuai,Pajut,impassable,2,,Yaui – Pajut,,
65,2024-02-02,Wulu,Rumbek,passable,0,,Wulu – Rumbek,40MT,
66,2024-02-02,Pibor,Likuangole,impassable,2,,Pibor – Likuangole,,
67,2024-02-02,Mingkaman,Yirol,partially passable,1,,Mingkaman – Yirol,20MT,
68,2024-02-02,Yambio,Tambura,passable,0,,Yambio – Tambura,40MT,
69,2024-02-02,Juba,Mundri,passable,0,,Juba – Mundri,40MT,
70,2024-02-02,Kodok,Paloich,impassable,2,,Kodok – Paloich,,
71,2024-02-02,Malakal,Kodok,impassable,2,,Malakal – Kodok,,
72,2024-02-02,Thar Kueng,Kuajok,passable,0,,Thar Kueng - Kuajok,40MT,
73,2024-02-02,Bentiu,Guit,partially passable,1,,Bentiu – Guit,20MT,
74,2024-02-02,Duk Padiet,Ayod,impassable,2,,Duk Padiet – Ayod,,
75,2024-02-02,Guit,Mirmir,impassable,2,,Guit – Mir mir,,
76,2024-02-02,Raja,Chandoy/Dolo2,passable,0,,Raja – Chandoy/Dolo2,40MT,
77,2024-02-02,Mundri,Maridi,passable,0,,Mundri - Maridi,40MT,
78,2024-02-02,Torit,Kapoeta,passable,0,,Torit – Kapoeta,20MT,
79,2024-02-02,Mayendit,Mirmir,impassable,2,Rupkuai,Mayendit – Rupkuai – Mir mir,,
80,2024-02-02,Mirmir,Leer,impassable,2,,Mirmir – Leer,,
81,2024-02-02,Mankien,Mayom,impassable,2,,Mankien - Mayom,,
82,2024-02-02,Ajak Kuac,Mankien,partially passable,1,,Ajak Kuac – Mankien,Specialized Trucks,
83,2024-02-02,Ayod,Pathai,impassable,2,,Ayod – Pathai,,
84,2024-02-02,Nyandit,Kiech Kon,impassable,2,,Nyandit - Kiech Kon,,
85,2024-02-02,Paloich,Jemaam,passable,0,Adar,Paloich – Adar – Jemaam,40MT,
86,2024-02-02,New Fangak,Kuernyang,impassable,2,,New Fangak – Kuernyang,,
87,2024-02-02,Paguir,Keew,impassable,2,,Paguir – Keew,,
88,2024-02-02,Baliet,Kiech Kon,impassable,2,Akwot,Baliet – Akwot – Kiech kon,,
89,2024-02-02,Wunrok,Gogrial,passable,0,,Wunrok – Gogrial,40MT,
90,2024-02-02,Deim Zubeir,Raja,passable,0,,Dim Zubeir – Raja,40MT,
91,2024-02-02,Aweil,Yith Pabol,passable,0,,Aweil – Yith Pabol,40MT,
92,2024-02-02,Kapoeta,Narus,passable,0,,Kapoeta – Narus,40MT,
93,2024-02-02,Melut,Paloich,passable,0,,Melut – Paloich,40MT,
94,2024-02-02,Wunrok,Abyei,partially passable,1,,Wunrok – Abyei,Specialized Trucks,
95,2024-02-02,Gogrial,Kuajok,passable,0,,Gogrial – Kuajok,40MT,
96,2024-02-02,Bentiu,Nhialdiu,impassable,2,,Bentiu – Nhialdiu,,
97,2024-02-02,Aluakluak,Mvolo,partially passable,1,,Aluakluak - Mvolo,20MT,
98,2024-02-02,Kilo 30,Manga Port,passable,0,,Kilo 30 – Manga Port,40MT,
99,2024-02-02,Gossinga,Raja,impassable,2,,Gossinga – Raja,,
100,2024-02-02,Gossinga,Raja,partially passable,1,Kapalala,Gossinga – Kapalala – Raja,20MT,
101,2024-02-02,Nyal,Ganyiel,impassable,2,,Nyal – Ganyiel,,
102,2024-02-02,Manyabol,Gadiang,impassable,2,,Manyabol – Gadiang,,
103,2024-02-02,Manyabol,Gumuruk,impassable,2,,Manyabol – Gumuruk,,
104,2024-02-02,Vertet,Labarab,impassable,2,,Vertet – Labarab,,
105,2024-02-02,Boma,Maruwa,impassable,2,,Boma – Maruwa,,
106,2024-02-02,Boma,Labarab,impassable,2,,Boma - Labarab,,
107,2024-02-02,Pibor,Vertet,impassable,2,,Pibor – Verthet,,
108,2024-02-02,Aduel,Amok Piny,partially passable,1,,Aduel – Amok Piny,Specialized Trucks,
109,2024-02-02,Lankien,Pading,impassable,2,Nyambor,Lankien – Nyambor – Pading,,
110,2024-02-02,Nyambor,Karam,impassable,2,Pading,Nyambor – Pading – Karam,,
111,2024-02-02,Pajut,Payuel,impassable,2,,Pajut – Payuel,,
112,2024-02-02,Aweil,Gogrial,partially passable,1,Akun,Aweil – Akun – Gogrial,20MT,
113,2024-02-02,Kapoeta,Chukudum,passable,0,,Kapoeta – Chukudum,40MT,
114,2024-02-02,Diabio,Ezo,passable,0,,Diabio – Ezo,40MT,
115,2024-02-02,Mvolo,Wulu,passable,0,,Mvolo – Wullu,40MT,
116,2024-02-02,Aluakluak,Mapuordit,partially passable,1,,Aluakluak - Mapuordit,20MT,
117,2024-02-02,Narus,Nadapal,passable,0,,Narus – Nadapal,40MT,
118,2024-02-02,Bentiu,Kilo 30,passable,0,,Bentiu – Kilo30,40MT,
119,2024-02-02,Gadiang,Yuai,impassable,2,,Gadiang – Yuai,,
120,2024-02-02,Pathai,Fatuet,impassable,2,,Pathai – Fatuet,,
121,2024-02-02,Walgak,Kaikuny,impassable,2,,Walgak – Kaikuny,,
122,2024-02-02,Yuai,Walgak,partially passable,1,Motot; Waat,Yuai – Motot – Waat – Walgak,Specialized Trucks,
123,2024-02-02,Kuron,Boma,impassable,2,,Kuron – Boma,,
124,2024-02-02,Kapoeta,Kassangor,impassable,2,,Kapoeta – Kassangor,,
125,2024-02-02,Rumbek,Maper (Lakes),impassable,2,,Rumbek – Maper (Lakes),,
126,2024-02-02,Maruwa,Labarab,impassable,2,,Maruwa – Labarab,,
127,2024-02-02,Koch,Mirmir,impassable,2,,Koch – Mirmir,,
128,2024-02-02,Adok,Leer,impassable,2,Piling,Adok – Piling – Leer,,
129,2024-02-02,Lainya,Yei,passable,0,,Lainya – Yei,40MT,
130,2024-02-02,Mathiang,Udier,impassable,2,,Mathiang – Udier,,
131,2024-02-02,Gadiang,Payuel,impassable,2,,Gadiang – Payuel,,
132,2024-02-02,Ayod,Mogok,impassable,2,,Ayod – Mogok,,
133,2024-02-02,Kaikang,Kilo 30,passable,0,Roriak; Mayom,(Kaikang – Roriak )(Mayom – Kilo 30),"""alternative Road""",alternative road listed as two separate stretches: Kaikang–Roriak and Mayom–Kilo 30
134,2024-02-02,Pariang,Ajuong Thok,passable,0,,Pariang – Ajuong Thok,40MT,
1,2024-02-09,Kilo 30,Pariang,passable,0,,Kilo 30 – Pariang,40MT,
2,2024-02-09,Gemeiza,Bor,impassable,2,,Gemeiza – Bor,,
3,2024-02-09,Yida,Pariang,passable,0,,Yida - Pariang,40MT,
4,2024-02-09,Juba,Nimule,passable,0,,Juba – Nimule,40MT,
5,2024-02-09,Juba,Torit,passable,0,,Juba – Torit,40MT,
6,2024-02-09,Juba,Mangalla,passable,0,,Juba – Mangalla,40MT,
7,2024-02-09,Malakal,Baliet,impassable,2,,Malakal – Baliet,,
8,2024-02-09,Paloich,Renk,passable,0,,Paloich – Renk,40MT,
9,2024-02-09,Adar,Maban,partially passable,1,Jemaam,Adar – Jemaam – Maban,15MT,
10,2024-02-09,Abyei,Abiemnhom,impassable,2,,Abyei – Abienhom,,
11,2024-02-09,Aweil,Gossinga,partially passable,1,,Aweil – Gossinga,20MT,
12,2024-02-09,Pathai,Walgak,impassable,2,Motot,Pathai – Motot – Walgak,,
13,2024-02-09,Juba,Lainya,passable,0,,Juba – Lainya,40MT,
14,2024-02-09,Maridi,Yambio,passable,0,,Maridi – Yambio,40MT,
15,2024-02-09,Juba,Kajo Keji,passable,0,,Juba – Kajo Keji,40MT,
16,2024-02-09,Juba,Terakeka,impassable,2,,Juba – Terakeka,,
17,2024-02-09,Narus,Kuron,impassable,2,,Narus – Kuron,,
18,2024-02-09,Mundri,Mvolo,passable,0,,Mundri - Mvolo,40MT,
19,2024-02-09,Mangalla,Gemeiza,passable,0,,Mangalla – Gemeiza,40MT,
20,2024-02-09,Mathiang,Maiwut,impassable,2,,Mathiang – Maiwut,,
21,2024-02-09,Tonj,Langdit,passable,0,,Tonj – Langdit,40MT,
22,2024-02-09,Terakeka,Mundri,passable,0,Tali,Terakeka – Tali – Mundri,40MT,
23,2024-02-09,Terakeka,Mingkaman,passable,0,,Terakeka – Mingkaman,40MT,
24,2024-02-09,Torit,Magwi,passable,0,,Torit – Magwi,40MT,
25,2024-02-09,Hiyala,Ikotos,passable,0,,Hiyala – Ikotos,40MT,
26,2024-02-09,Torit,Lafon,partially passable,1,,Torit – Lafon,20MT,
27,2024-02-09,Wau,Thar Kueng,passable,0,,Wau – Thar Kueng,40MT,
28,2024-02-09,Wau,Tonj,passable,0,,Wau – Tonj,40MT,
29,2024-02-09,Wau,Akuem,passable,0,Aweil,Wau – Aweil – Akuem,40MT,
30,2024-02-09,Likuangole,Akobo,impassable,2,,Likuangole – Akobo,,
31,2024-02-09,Amok Piny,Madol,impassable,2,,Amok Piny – Madol,,
32,2024-02-09,Akwot,Nasser,impassable,2,,Akwot – Nasser,,
33,2024-02-09,Guit,Koch,impassable,2,,Guit – Koch,,
34,2024-02-09,Abiemnhom,Mayom,passable,0,,Abiemnhom – Mayom,40MT,
35,2024-02-09,Kilo 30,Kaikang,impassable,2,Tumor; Mayom,Kilo30 –Tumor – Mayom – Kaikang,,
36,2024-02-09,Boma,Pochala,impassable,2,,Boma – Pochala,,
37,2024-02-09,Bor,Gadiang,impassable,2,,Bor – Gadiang,,
38,2024-02-09,Bor,Baidit,partially passable,1,,Bor – Baidit,20MT,
39,2024-02-09,Pengko,Manyabol,impassable,2,,Pengko – Manyabol,,
40,2024-02-09,Baidit,Duk Padiet,impassable,2,Mabior,Baidit – Mabior – Duk Padiet,,
41,2024-02-09,Gadiang,Akobo,impassable,2,,Gadiang – Akobo,,
42,2024-02-09,Juba,Lafon,impassable,2,,Juba – Lafon,,
43,2024-02-09,Adar,Mathiang,impassable,2,,Adar – Mathiang,,
44,2024-02-09,Maper (Lakes),Dablual,impassable,2,,Maper (Lakes) – Dablual,,
45,2024-02-09,Akobo,Kaikuny,impassable,2,,Akobo – Kainuny,,
46,2024-02-09,Motot,Lankien,impassable,2,,Motot – Lankein,,
47,2024-02-09,Wau,Deim Zubeir,passable,0,,Wau – Deim Zubeir,40MT,
48,2024-02-09,Wau,Tambura,partially passable,1,,Wau – Tambura,20MT,
49,2024-02-09,Yirol,Shambe,partially passable,1,,Yirol – Shambe,20MT,
50,2024-02-09,Aluakluak,Yirol,partially passable,1,,Aluakluak - Yirol,20MT,
51,2024-02-09,Rumbek,Langdit,passable,0,,Rumbek - Langdit,40MT,
52,2024-02-09,Aluakluak,Rumbek,partially passable,1,,Aluakluak – Rumbek,20MT,
53,2024-02-09,Wunrok,Abiemnhom,passable,0,Turalei,Wunrok – Turalei – Abiemnhom,40MT,
54,2024-02-09,Kilo 30,Panakuach,passable,0,Roriak,Kilo 30 – Roriak – Panakuach,40MT,
55,2024-02-09,Ding Ding,Koch,impassable,2,,Ding ding - Koch,,
56,2024-02-09,Bentiu,Dhorbor,impassable,2,,Bentiu – Dhorbor,,
57,2024-02-09,Dhorbor,Guit,impassable,2,,Dhorbor – Guit,,
58,2024-02-09,Guit,Ding Ding,impassable,2,,Guit – Ding Ding,,
59,2024-02-09,Gumuruk,Pibor,impassable,2,,Gumuruk – Pibor,,
60,2024-02-09,Bor,Pengko,impassable,2,,Bor – Pengko,,
61,2024-02-09,Duk Padiet,Pajut,impassable,2,,Duk Padiat – Pajut,,
62,2024-02-09,Yuai,Karam,impassable,2,Pathai,Yaui – Pathai – Karam,,
63,2024-02-09,Yuai,Motot,impassable,2,Pieri,Yaui – Pieri – Motot,,
64,2024-02-09,Yuai,Pajut,impassable,2,,Yaui – Pajut,,
65,2024-02-09,Wulu,Rumbek,passable,0,,Wulu – Rumbek,40MT,
66,2024-02-09,Pibor,Likuangole,impassable,2,,Pibor – Likuangole,,
67,2024-02-09,Mingkaman,Yirol,partially passable,1,,Mingkaman – Yirol,20MT,
68,2024-02-09,Yambio,Tambura,passable,0,,Yambio – Tambura,40MT,
69,2024-02-09,Juba,Mundri,passable,0,,Juba – Mundri,40MT,
70,2024-02-09,Kodok,Paloich,impassable,2,,Kodok – Paloich,,
71,2024-02-09,Malakal,Kodok,impassable,2,,Malakal – Kodok,,
72,2024-02-09,Thar Kueng,Kuajok,passable,0,,Thar Kueng - Kuajok,40MT,
73,2024-02-09,Bentiu,Guit,partially passable,1,,Bentiu – Guit,15MT,
74,2024-02-09,Duk Padiet,Ayod,impassable,2,,Duk Padiet – Ayod,,
75,2024-02-09,Guit,Mirmir,partially passable,1,,Guit – Mir mir,15MT,
76,2024-02-09,Raja,Chandoy/Dolo2,passable,0,,Raja – Chandoy/Dolo2,40MT,
77,2024-02-09,Mundri,Maridi,passable,0,,Mundri - Maridi,40MT,
78,2024-02-09,Torit,Kapoeta,passable,0,,Torit – Kapoeta,20MT,
79,2024-02-09,Mayendit,Mirmir,impassable,2,Rupkuai,Mayendit – Rupkuai – Mir mir,,
80,2024-02-09,Mirmir,Leer,impassable,2,,Mirmir – Leer,,
81,2024-02-09,Mankien,Mayom,impassable,2,,Mankien - Mayom,,
82,2024-02-09,Ajak Kuac,Mankien,partially passable,1,,Ajak Kuac – Mankien,Specialized Trucks,
83,2024-02-09,Ayod,Pathai,impassable,2,,Ayod – Pathai,,
84,2024-02-09,Nyandit,Kiech Kon,impassable,2,,Nyandit - Kiech Kon,,
85,2024-02-09,Paloich,Jemaam,passable,0,Adar,Paloich – Adar – Jemaam,40MT,
86,2024-02-09,New Fangak,Kuernyang,impassable,2,,New Fangak – Kuernyang,,
87,2024-02-09,Paguir,Keew,impassable,2,,Paguir – Keew,,
88,2024-02-09,Baliet,Kiech Kon,impassable,2,Akwot,Baliet – Akwot – Kiech kon,,
89,2024-02-09,Wunrok,Gogrial,passable,0,,Wunrok – Gogrial,40MT,
90,2024-02-09,Deim Zubeir,Raja,passable,0,,Dim Zubeir – Raja,40MT,
91,2024-02-09,Aweil,Yith Pabol,passable,0,,Aweil – Yith Pabol,40MT,
92,2024-02-09,Kapoeta,Narus,passable,0,,Kapoeta – Narus,40MT,
93,2024-02-09,Melut,Paloich,passable,0,,Melut – Paloich,40MT,
94,2024-02-09,Wunrok,Abyei,partially passable,1,,Wunrok – Abyei,Specialized Trucks,
95,2024-02-09,Gogrial,Kuajok,passable,0,,Gogrial – Kuajok,40MT,
96,2024-02-09,Bentiu,Nhialdiu,impassable,2,,Bentiu – Nhialdiu,,
97,2024-02-09,Aluakluak,Mvolo,partially passable,1,,Aluakluak - Mvolo,20MT,
98,2024-02-09,Kilo 30,Manga Port,passable,0,,Kilo 30 – Manga Port,40MT,
99,2024-02-09,Gossinga,Raja,impassable,2,,Gossinga – Raja,,
100,2024-02-09,Gossinga,Raja,partially passable,1,Kapalala,Gossinga – Kapalala – Raja,20MT,
101,2024-02-09,Nyal,Ganyiel,impassable,2,,Nyal – Ganyiel,,
102,2024-02-09,Manyabol,Gadiang,impassable,2,,Manyabol – Gadiang,,
103,2024-02-09,Manyabol,Gumuruk,impassable,2,,Manyabol – Gumuruk,,
104,2024-02-09,Vertet,Labarab,impassable,2,,Vertet – Labarab,,
105,2024-02-09,Boma,Maruwa,impassable,2,,Boma – Maruwa,,
106,2024-02-09,Boma,Labarab,impassable,2,,Boma - Labarab,,
107,2024-02-09,Pibor,Vertet,impassable,2,,Pibor – Verthet,,
108,2024-02-09,Aduel,Amok Piny,partially passable,1,,Aduel – Amok Piny,Specialized Trucks,
109,2024-02-09,Lankien,Pading,impassable,2,Nyambor,Lankien – Nyambor – Pading,,
110,2024-02-09,Nyambor,Karam,impassable,2,Pading,Nyambor – Pading – Karam,,
111,2024-02-09,Pajut,Payuel,impassable,2,,Pajut – Payuel,,
112,2024-02-09,Aweil,Gogrial,partially passable,1,Akun,Aweil – Akun – Gogrial,20MT,
113,2024-02-09,Kapoeta,Chukudum,passable,0,,Kapoeta – Chukudum,40MT,
114,2024-02-09,Diabio,Ezo,passable,0,,Diabio – Ezo,40MT,
115,2024-02-09,Mvolo,Wulu,passable,0,,Mvolo – Wullu,40MT,
116,2024-02-09,Aluakluak,Mapuordit,partially passable,1,,Aluakluak - Mapuordit,20MT,
117,2024-02-09,Narus,Nadapal,passable,0,,Narus – Nadapal,40MT,
118,2024-02-09,Bentiu,Kilo 30,passable,0,,Bentiu – Kilo30,40MT,
119,2024-02-09,Gadiang,Yuai,impassable,2,,Gadiang – Yuai,,
120,2024-02-09,Pathai,Fatuet,impassable,2,,Pathai – Fatuet,,
121,2024-02-09,Walgak,Kaikuny,impassable,2,,Walgak – Kaikuny,,
122,2024-02-09,Yuai,Walgak,partially passable,1,Motot; Waat,Yuai – Motot – Waat – Walgak,Specialized Trucks,
123,2024-02-09,Kuron,Boma,impassable,2,,Kuron – Boma,,
124,2024-02-09,Kapoeta,Kassangor,impassable,2,,Kapoeta – Kassangor,,
125,2024-02-09,Rumbek,Maper (Lakes),impassable,2,,Rumbek – Maper (Lakes),,
126,2024-02-09,Maruwa,Labarab,impassable,2,,Maruwa – Labarab,,
127,2024-02-09,Koch,Mirmir,partially passable,1,,Koch – Mirmir,15MT,
128,2024-02-09,Adok,Leer,impassable,2,Piling,Adok – Piling – Leer,,
129,2024-02-09,Lainya,Yei,passable,0,,Lainya – Yei,40MT,
130,2024-02-09,Mathiang,Udier,impassable,2,,Mathiang – Udier,,
131,2024-02-09,Gadiang,Payuel,impassable,2,,Gadiang – Payuel,,
132,2024-02-09,Ayod,Mogok,impassable,2,,Ayod – Mogok,,
133,2024-02-09,Kaikang,Kilo 30,passable,0,Roriak; Mayom,(Kaikang – Roriak )(Mayom – Kilo 30),"""alternative Road""",alternative road listed as two separate stretches: Kaikang–Roriak and Mayom–Kilo 30
134,2024-02-09,Pariang,Ajuong Thok,passable,0,,Pariang – Ajuong Thok,40MT,
1,2024-02-15,Kilo 30,Pariang,passable,0,,Kilo 30 – Pariang,40MT,
2,2024-02-15,Gemeiza,Bor,impassable,2,,Gemeiza – Bor,,
3,2024-02-15,Yida,Pariang,passable,0,,Yida - Pariang,40MT,
4,2024-02-15,Juba,Nimule,passable,0,,Juba – Nimule,40MT,
5,2024-02-15,Juba,Torit,passable,0,,Juba – Torit,40MT,
6,2024-02-15,Juba,Mangalla,passable,0,,Juba – Mangalla,40MT,
7,2024-02-15,Malakal,Baliet,impassable,2,,Malakal – Baliet,,
8,2024-02-15,Paloich,Renk,passable,0,,Paloich – Renk,40MT,
9,2024-02-15,Adar,Maban,partially passable,1,Jemaam,Adar – Jemaam – Maban,15MT,
10,2024-02-15,Abyei,Abiemnhom,impassable,2,,Abyei – Abienhom,,
11,2024-02-15,Aweil,Gossinga,partially passable,1,,Aweil – Gossinga,20MT,
12,2024-02-15,Pathai,Walgak,impassable,2,Motot,Pathai – Motot – Walgak,,
13,2024-02-15,Juba,Lainya,passable,0,,Juba – Lainya,40MT,
14,2024-02-15,Maridi,Yambio,passable,0,,Maridi – Yambio,40MT,
15,2024-02-15,Juba,Kajo Keji,passable,0,,Juba – Kajo Keji,40MT,
16,2024-02-15,Juba,Terakeka,impassable,2,,Juba – Terakeka,,
17,2024-02-15,Narus,Kuron,impassable,2,,Narus – Kuron,,
18,2024-02-15,Mundri,Mvolo,passable,0,,Mundri - Mvolo,40MT,
19,2024-02-15,Mangalla,Gemeiza,passable,0,,Mangalla – Gemeiza,40MT,
20,2024-02-15,Mathiang,Maiwut,impassable,2,,Mathiang – Maiwut,,
21,2024-02-15,Tonj,Langdit,passable,0,,Tonj – Langdit,40MT,
22,2024-02-15,Terakeka,Mundri,passable,0,Tali,Terakeka – Tali – Mundri,40MT,
23,2024-02-15,Terakeka,Mingkaman,passable,0,,Terakeka – Mingkaman,40MT,
24,2024-02-15,Torit,Magwi,passable,0,,Torit – Magwi,40MT,
25,2024-02-15,Hiyala,Ikotos,passable,0,,Hiyala – Ikotos,40MT,
26,2024-02-15,Torit,Lafon,partially passable,1,,Torit – Lafon,20MT,
27,2024-02-15,Wau,Thar Kueng,passable,0,,Wau – Thar Kueng,40MT,
28,2024-02-15,Wau,Tonj,passable,0,,Wau – Tonj,40MT,
29,2024-02-15,Wau,Akuem,passable,0,Aweil,Wau – Aweil – Akuem,40MT,
30,2024-02-15,Likuangole,Akobo,impassable,2,,Likuangole – Akobo,,
31,2024-02-15,Amok Piny,Madol,impassable,2,,Amok Piny – Madol,,
32,2024-02-15,Akwot,Nasser,impassable,2,,Akwot – Nasser,,
33,2024-02-15,Guit,Koch,impassable,2,,Guit – Koch,,
34,2024-02-15,Abiemnhom,Mayom,passable,0,,Abiemnhom – Mayom,40MT,
35,2024-02-15,Kilo 30,Kaikang,impassable,2,Tumor; Mayom,Kilo30 –Tumor – Mayom – Kaikang,,
36,2024-02-15,Boma,Pochala,impassable,2,,Boma – Pochala,,
37,2024-02-15,Bor,Gadiang,partially passable,1,,Bor – Gadiang,15MT,
38,2024-02-15,Bor,Baidit,partially passable,1,,Bor – Baidit,20MT,
39,2024-02-15,Pengko,Manyabol,partially passable,1,,Pengko – Manyabol,20MT,
40,2024-02-15,Baidit,Duk Padiet,impassable,2,Mabior,Baidit – Mabior – Duk Padiet,,
41,2024-02-15,Gadiang,Akobo,impassable,2,,Gadiang – Akobo,,
42,2024-02-15,Juba,Lafon,impassable,2,,Juba – Lafon,,
43,2024-02-15,Adar,Mathiang,impassable,2,,Adar – Mathiang,,
44,2024-02-15,Maper (Lakes),Dablual,impassable,2,,Maper (Lakes) – Dablual,,
45,2024-02-15,Akobo,Kaikuny,impassable,2,,Akobo – Kainuny,,
46,2024-02-15,Motot,Lankien,impassable,2,,Motot – Lankein,,
47,2024-02-15,Wau,Deim Zubeir,passable,0,,Wau – Deim Zubeir,40MT,
48,2024-02-15,Wau,Tambura,partially passable,1,,Wau – Tambura,20MT,
49,2024-02-15,Yirol,Shambe,partially passable,1,,Yirol – Shambe,20MT,
50,2024-02-15,Aluakluak,Yirol,partially passable,1,,Aluakluak - Yirol,20MT,
51,2024-02-15,Rumbek,Langdit,passable,0,,Rumbek - Langdit,40MT,
52,2024-02-15,Aluakluak,Rumbek,partially passable,1,,Aluakluak – Rumbek,20MT,
53,2024-02-15,Wunrok,Abiemnhom,passable,0,Turalei,Wunrok – Turalei – Abiemnhom,40MT,
54,2024-02-15,Kilo 30,Panakuach,passable,0,Roriak,Kilo 30 – Roriak – Panakuach,40MT,
55,2024-02-15,Ding Ding,Koch,impassable,2,,Ding ding - Koch,,
56,2024-02-15,Bentiu,Dhorbor,impassable,2,,Bentiu – Dhorbor,,
57,2024-02-15,Dhorbor,Guit,impassable,2,,Dhorbor – Guit,,
58,2024-02-15,Guit,Ding Ding,impassable,2,,Guit – Ding Ding,,
59,2024-02-15,Gumuruk,Pibor,partially passable,1,,Gumuruk – Pibor,20MT,
60,2024-02-15,Bor,Pengko,partially passable,1,,Bor – Pengko,15MT,
61,2024-02-15,Duk Padiet,Pajut,impassable,2,,Duk Padiat – Pajut,,
62,2024-02-15,Yuai,Karam,impassable,2,Pathai,Yaui – Pathai – Karam,,
63,2024-02-15,Yuai,Motot,impassable,2,Pieri,Yaui – Pieri – Motot,,
64,2024-02-15,Yuai,Pajut,impassable,2,,Yaui – Pajut,,
65,2024-02-15,Wulu,Rumbek,passable,0,,Wulu – Rumbek,40MT,
66,2024-02-15,Pibor,Likuangole,impassable,2,,Pibor – Likuangole,,
67,2024-02-15,Mingkaman,Yirol,partially passable,1,,Mingkaman – Yirol,20MT,
68,2024-02-15,Yambio,Tambura,passable,0,,Yambio – Tambura,40MT,
69,2024-02-15,Juba,Mundri,passable,0,,Juba – Mundri,40MT,
70,2024-02-15,Kodok,Paloich,impassable,2,,Kodok – Paloich,,
71,2024-02-15,Malakal,Kodok,impassable,2,,Malakal – Kodok,,
72,2024-02-15,Thar Kueng,Kuajok,passable,0,,Thar Kueng - Kuajok,40MT,
73,2024-02-15,Bentiu,Guit,partially passable,1,,Bentiu – Guit,15MT,
74,2024-02-15,Duk Padiet,Ayod,impassable,2,,Duk Padiet – Ayod,,
75,2024-02-15,Guit,Mirmir,partially passable,1,,Guit – Mir mir,15MT,
76,2024-02-15,Raja,Chandoy/Dolo2,passable,0,,Raja – Chandoy/Dolo2,40MT,
77,2024-02-15,Mundri,Maridi,passable,0,,Mundri - Maridi,40MT,
78,2024-02-15,Torit,Kapoeta,passable,0,,Torit – Kapoeta,20MT,
79,2024-02-15,Mayendit,Mirmir,impassable,2,Rupkuai,Mayendit – Rupkuai – Mir mir,,
80,2024-02-15,Mirmir,Leer,partially passable,1,,Mirmir – Leer,15MT,
81,2024-02-15,Mankien,Mayom,impassable,2,,Mankien - Mayom,,
82,2024-02-15,Ajak Kuac,Mankien,passable,0,,Ajak Kuac – Mankien,40MT,
83,2024-02-15,Ayod,Pathai,impassable,2,,Ayod – Pathai,,
84,2024-02-15,Nyandit,Kiech Kon,impassable,2,,Nyandit - Kiech Kon,,
85,2024-02-15,Paloich,Jemaam,passable,0,Adar,Paloich – Adar – Jemaam,40MT,
86,2024-02-15,New Fangak,Kuernyang,impassable,2,,New Fangak – Kuernyang,,
87,2024-02-15,Paguir,Keew,impassable,2,,Paguir – Keew,,
88,2024-02-15,Baliet,Kiech Kon,impassable,2,Akwot,Baliet – Akwot – Kiech kon,,
89,2024-02-15,Wunrok,Gogrial,passable,0,,Wunrok – Gogrial,40MT,
90,2024-02-15,Deim Zubeir,Raja,passable,0,,Dim Zubeir – Raja,40MT,
91,2024-02-15,Aweil,Yith Pabol,passable,0,,Aweil – Yith Pabol,40MT,
92,2024-02-15,Kapoeta,Narus,passable,0,,Kapoeta – Narus,40MT,
93,2024-02-15,Melut,Paloich,passable,0,,Melut – Paloich,40MT,
94,2024-02-15,Wunrok,Abyei,partially passable,1,,Wunrok – Abyei,Specialized Trucks,
95,2024-02-15,Gogrial,Kuajok,passable,0,,Gogrial – Kuajok,40MT,
96,2024-02-15,Bentiu,Nhialdiu,impassable,2,,Bentiu – Nhialdiu,,
97,2024-02-15,Aluakluak,Mvolo,partially passable,1,,Aluakluak - Mvolo,20MT,
98,2024-02-15,Kilo 30,Manga Port,passable,0,,Kilo 30 – Manga Port,40MT,
99,2024-02-15,Gossinga,Raja,impassable,2,,Gossinga – Raja,,
100,2024-02-15,Gossinga,Raja,partially passable,1,Kapalala,Gossinga – Kapalala – Raja,20MT,
101,2024-02-15,Nyal,Ganyiel,impassable,2,,Nyal – Ganyiel,,
102,2024-02-15,Manyabol,Gadiang,impassable,2,,Manyabol – Gadiang,,
103,2024-02-15,Manyabol,Gumuruk,partially passable,1,,Manyabol – Gumuruk,20MT,
104,2024-02-15,Vertet,Labarab,impassable,2,,Vertet – Labarab,,
105,2024-02-15,Boma,Maruwa,impassable,2,,Boma – Maruwa,,
106,2024-02-15,Boma,Labarab,impassable,2,,Boma - Labarab,,
107,2024-02-15,Pibor,Vertet,impassable,2,,Pibor – Verthet,,
108,2024-02-15,Aduel,Amok Piny,partially passable,1,,Aduel – Amok Piny,Specialized Trucks,
109,2024-02-15,Lankien,Pading,impassable,2,Nyambor,Lankien – Nyambor – Pading,,
110,2024-02-15,Nyambor,Karam,impassable,2,Pading,Nyambor – Pading – Karam,,
111,2024-02-15,Pajut,Payuel,impassable,2,,Pajut – Payuel,,
112,2024-02-15,Aweil,Gogrial,partially passable,1,Akun,Aweil – Akun – Gogrial,20MT,
113,2024-02-15,Kapoeta,Chukudum,passable,0,,Kapoeta – Chukudum,40MT,
114,2024-02-15,Diabio,Ezo,passable,0,,Diabio – Ezo,40MT,
115,2024-02-15,Mvolo,Wulu,passable,0,,Mvolo – Wullu,40MT,
116,2024-02-15,Aluakluak,Mapuordit,partially passable,1,,Aluakluak - Mapuordit,20MT,
117,2024-02-15,Narus,Nadapal,passable,0,,Narus – Nadapal,40MT,
118,2024-02-15,Bentiu,Kilo 30,passable,0,,Bentiu – Kilo30,40MT,
119,2024-02-15,Gadiang,Yuai,partially passable,1,,Gadiang – Yuai,15MT,
120,2024-02-15,Pathai,Fatuet,impassable,2,,Pathai – Fatuet,,
121,2024-02-15,Walgak,Kaikuny,impassable,2,,Walgak – Kaikuny,,
122,2024-02-15,Yuai,Walgak,partially passable,1,Motot; Waat,Yuai – Motot – Waat – Walgak,Specialized Trucks,
123,2024-02-15,Kuron,Boma,impassable,2,,Kuron – Boma,,
124,2024-02-15,Kapoeta,Kassangor,impassable,2,,Kapoeta – Kassangor,,
125,2024-02-15,Rumbek,Maper (Lakes),impassable,2,,Rumbek – Maper (Lakes),,
126,2024-02-15,Maruwa,Labarab,impassable,2,,Maruwa – Labarab,,
127,2024-02-15,Koch,Mirmir,partially passable,1,,Koch – Mirmir,15MT,
128,2024-02-15,Adok,Leer,impassable,2,Piling,Adok – Piling – Leer,,
129,2024-02-15,Lainya,Yei,passable,0,,Lainya – Yei,40MT,
130,2024-02-15,Mathiang,Udier,impassable,2,,Mathiang – Udier,,
131,2024-02-15,Gadiang,Payuel,impassable,2,,Gadiang – Payuel,,
132,2024-02-15,Ayod,Mogok,impassable,2,,Ayod – Mogok,,
133,2024-02-15,Kaikang,Kilo 30,passable,0,Roriak; Mayom,(Kaikang – Roriak )(Mayom – Kilo 30),"""alternative Road""",alternative road listed as two separate stretches: Kaikang–Roriak and Mayom–Kilo 30
134,2024-02-15,Pariang,Ajuong Thok,passable,0,,Pariang – Ajuong Thok,40MT,
1,2024-02-23,Kilo 30,Pariang,passable,0,,Kilo 30 – Pariang,40MT,
2,2024-02-23,Gemeiza,Bor,impassable,2,,Gemeiza – Bor,,
3,2024-02-23,Yida,Pariang,passable,0,,Yida - Pariang,40MT,
4,2024-02-23,Juba,Nimule,passable,0,,Juba – Nimule,40MT,
5,2024-02-23,Juba,Torit,passable,0,,Juba – Torit,40MT,
6,2024-02-23,Juba,Mangalla,passable,0,,Juba – Mangalla,40MT,
7,2024-02-23,Malakal,Baliet,impassable,2,,Malakal – Baliet,,
8,2024-02-23,Paloich,Renk,passable,0,,Paloich – Renk,40MT,
9,2024-02-23,Adar,Maban,partially passable,1,Jemaam,Adar – Jemaam – Maban,15MT,
10,2024-02-23,Abyei,Abiemnhom,impassable,2,,Abyei – Abienhom,,
11,2024-02-23,Aweil,Gossinga,partially passable,1,,Aweil – Gossinga,20MT,
12,2024-02-23,Pathai,Walgak,impassable,2,Motot,Pathai – Motot – Walgak,,
13,2024-02-23,Juba,Lainya,passable,0,,Juba – Lainya,40MT,
14,2024-02-23,Maridi,Yambio,passable,0,,Maridi – Yambio,40MT,
15,2024-02-23,Juba,Kajo Keji,passable,0,,Juba – Kajo Keji,40MT,
16,2024-02-23,Juba,Terakeka,impassable,2,,Juba – Terakeka,,
17,2024-02-23,Narus,Kuron,impassable,2,,Narus – Kuron,,
18,2024-02-23,Mundri,Mvolo,passable,0,,Mundri - Mvolo,40MT,
19,2024-02-23,Mangalla,Gemeiza,passable,0,,Mangalla – Gemeiza,40MT,
20,2024-02-23,Mathiang,Maiwut,impassable,2,,Mathiang – Maiwut,,
21,2024-02-23,Tonj,Langdit,passable,0,,Tonj – Langdit,40MT,
22,2024-02-23,Terakeka,Mundri,passable,0,Tali,Terakeka – Tali – Mundri,40MT,
23,2024-02-23,Terakeka,Mingkaman,passable,0,,Terakeka – Mingkaman,40MT,
24,2024-02-23,Torit,Magwi,passable,0,,Torit – Magwi,40MT,
25,2024-02-23,Hiyala,Ikotos,passable,0,,Hiyala – Ikotos,40MT,
26,2024-02-23,Torit,Lafon,partially passable,1,,Torit – Lafon,20MT,
27,2024-02-23,Wau,Thar Kueng,passable,0,,Wau – Thar Kueng,40MT,
28,2024-02-23,Wau,Tonj,passable,0,,Wau – Tonj,40MT,
29,2024-02-23,Wau,Akuem,passable,0,Aweil,Wau – Aweil – Akuem,40MT,
30,2024-02-23,Likuangole,Akobo,impassable,2,,Likuangole – Akobo,,
31,2024-02-23,Amok Piny,Madol,impassable,2,,Amok Piny – Madol,,
32,2024-02-23,Akwot,Nasser,impassable,2,,Akwot – Nasser,,
33,2024-02-23,Guit,Koch,impassable,2,,Guit – Koch,,
34,2024-02-23,Abiemnhom,Mayom,passable,0,,Abiemnhom – Mayom,40MT,
35,2024-02-23,Kilo 30,Kaikang,impassable,2,Tumor; Mayom,Kilo30 –Tumor – Mayom – Kaikang,,
36,2024-02-23,Boma,Pochala,impassable,2,,Boma – Pochala,,
37,2024-02-23,Bor,Gadiang,partially passable,1,,Bor – Gadiang,15MT,
38,2024-02-23,Bor,Baidit,partially passable,1,,Bor – Baidit,20MT,
39,2024-02-23,Pengko,Manyabol,partially passable,1,,Pengko – Manyabol,20MT,
40,2024-02-23,Baidit,Duk Padiet,impassable,2,Mabior,Baidit – Mabior – Duk Padiet,,
41,2024-02-23,Gadiang,Akobo,impassable,2,,Gadiang – Akobo,,
42,2024-02-23,Juba,Lafon,impassable,2,,Juba – Lafon,,
43,2024-02-23,Adar,Mathiang,impassable,2,,Adar – Mathiang,,
44,2024-02-23,Maper (Lakes),Dablual,impassable,2,,Maper (Lakes) – Dablual,,
45,2024-02-23,Akobo,Kaikuny,impassable,2,,Akobo – Kainuny,,
46,2024-02-23,Motot,Lankien,impassable,2,,Motot – Lankein,,
47,2024-02-23,Wau,Deim Zubeir,passable,0,,Wau – Deim Zubeir,40MT,
48,2024-02-23,Wau,Tambura,partially passable,1,,Wau – Tambura,20MT,
49,2024-02-23,Yirol,Shambe,partially passable,1,,Yirol – Shambe,20MT,
50,2024-02-23,Aluakluak,Yirol,partially passable,1,,Aluakluak - Yirol,20MT,
51,2024-02-23,Rumbek,Langdit,passable,0,,Rumbek - Langdit,40MT,
52,2024-02-23,Aluakluak,Rumbek,partially passable,1,,Aluakluak – Rumbek,20MT,
53,2024-02-23,Wunrok,Abiemnhom,passable,0,Turalei,Wunrok – Turalei – Abiemnhom,40MT,
54,2024-02-23,Kilo 30,Panakuach,passable,0,Roriak,Kilo 30 – Roriak – Panakuach,40MT,
55,2024-02-23,Ding Ding,Koch,impassable,2,,Ding ding - Koch,,
56,2024-02-23,Bentiu,Dhorbor,impassable,2,,Bentiu – Dhorbor,,
57,2024-02-23,Dhorbor,Guit,impassable,2,,Dhorbor – Guit,,
58,2024-02-23,Guit,Ding Ding,impassable,2,,Guit – Ding Ding,,
59,2024-02-23,Gumuruk,Pibor,partially passable,1,,Gumuruk – Pibor,20MT,
60,2024-02-23,Bor,Pengko,partially passable,1,,Bor – Pengko,20MT,
61,2024-02-23,Duk Padiet,Pajut,impassable,2,,Duk Padiat – Pajut,,
62,2024-02-23,Yuai,Karam,impassable,2,Pathai,Yaui – Pathai – Karam,,
63,2024-02-23,Yuai,Motot,impassable,2,Pieri,Yaui – Pieri – Motot,,
64,2024-02-23,Yuai,Pajut,impassable,2,,Yaui – Pajut,,
65,2024-02-23,Wulu,Rumbek,passable,0,,Wulu – Rumbek,40MT,
66,2024-02-23,Pibor,Likuangole,impassable,2,,Pibor – Likuangole,,
67,2024-02-23,Mingkaman,Yirol,partially passable,1,,Mingkaman – Yirol,20MT,
68,2024-02-23,Yambio,Tambura,passable,0,,Yambio – Tambura,40MT,
69,2024-02-23,Juba,Mundri,passable,0,,Juba – Mundri,40MT,
70,2024-02-23,Kodok,Paloich,impassable,2,,Kodok – Paloich,,
71,2024-02-23,Malakal,Kodok,impassable,2,,Malakal – Kodok,,
72,2024-02-23,Thar Kueng,Kuajok,passable,0,,Thar Kueng - Kuajok,40MT,
73,2024-02-23,Bentiu,Guit,partially passable,1,,Bentiu – Guit,15MT,
74,2024-02-23,Duk Padiet,Ayod,impassable,2,,Duk Padiet – Ayod,,
75,2024-02-23,Guit,Mirmir,partially passable,1,,Guit – Mir mir,15MT,
76,2024-02-23,Raja,Chandoy/Dolo2,passable,0,,Raja – Chandoy/Dolo2,40MT,
77,2024-02-23,Mundri,Maridi,passable,0,,Mundri - Maridi,40MT,
78,2024-02-23,Torit,Kapoeta,passable,0,,Torit – Kapoeta,20MT,
79,2024-02-23,Mayendit,Mirmir,impassable,2,Rupkuai,Mayendit – Rupkuai – Mir mir,,
80,2024-02-23,Mirmir,Leer,partially passable,1,,Mirmir – Leer,15MT,
81,2024-02-23,Mankien,Mayom,impassable,2,,Mankien - Mayom,,
82,2024-02-23,Ajak Kuac,Mankien,passable,0,,Ajak Kuac – Mankien,40MT,
83,2024-02-23,Ayod,Pathai,impassable,2,,Ayod – Pathai,,
84,2024-02-23,Nyandit,Kiech Kon,impassable,2,,Nyandit - Kiech Kon,,
85,2024-02-23,Paloich,Jemaam,passable,0,Adar,Paloich – Adar – Jemaam,40MT,
86,2024-02-23,New Fangak,Kuernyang,impassable,2,,New Fangak – Kuernyang,,
87,2024-02-23,Paguir,Keew,impassable,2,,Paguir – Keew,,
88,2024-02-23,Baliet,Kiech Kon,impassable,2,Akwot,Baliet – Akwot – Kiech kon,,
89,2024-02-23,Wunrok,Gogrial,passable,0,,Wunrok – Gogrial,40MT,
90,2024-02-23,Deim Zubeir,Raja,passable,0,,Dim Zubeir – Raja,40MT,
91,2024-02-23,Aweil,Yith Pabol,passable,0,,Aweil – Yith Pabol,40MT,
92,2024-02-23,Kapoeta,Narus,passable,0,,Kapoeta – Narus,40MT,
93,2024-02-23,Melut,Paloich,passable,0,,Melut – Paloich,40MT,
94,2024-02-23,Wunrok,Abyei,partially passable,1,,Wunrok – Abyei,Specialized Trucks,
95,2024-02-23,Gogrial,Kuajok,passable,0,,Gogrial – Kuajok,40MT,
96,2024-02-23,Bentiu,Nhialdiu,impassable,2,,Bentiu – Nhialdiu,,
97,2024-02-23,Aluakluak,Mvolo,partially passable,1,,Aluakluak - Mvolo,20MT,
98,2024-02-23,Kilo 30,Manga Port,passable,0,,Kilo 30 – Manga Port,40MT,
99,2024-02-23,Gossinga,Raja,impassable,2,,Gossinga – Raja,,
100,2024-02-23,Gossinga,Raja,partially passable,1,Kapalala,Gossinga – Kapalala – Raja,20MT,
101,2024-02-23,Nyal,Ganyiel,impassable,2,,Nyal – Ganyiel,,
102,2024-02-23,Manyabol,Gadiang,impassable,2,,Manyabol – Gadiang,,
103,2024-02-23,Manyabol,Gumuruk,partially passable,1,,Manyabol – Gumuruk,20MT,
104,2024-02-23,Vertet,Labarab,impassable,2,,Vertet – Labarab,,
105,2024-02-23,Boma,Maruwa,impassable,2,,Boma – Maruwa,,
106,2024-02-23,Boma,Labarab,impassable,2,,Boma - Labarab,,
107,2024-02-23,Pibor,Vertet,impassable,2,,Pibor – Verthet,,
108,2024-02-23,Aduel,Amok Piny,partially passable,1,,Aduel – Amok Piny,Specialized Trucks,
109,2024-02-23,Lankien,Pading,impassable,2,Nyambor,Lankien – Nyambor – Pading,,
110,2024-02-23,Nyambor,Karam,impassable,2,Pading,Nyambor – Pading – Karam,,
111,2024-02-23,Pajut,Payuel,impassable,2,,Pajut – Payuel,,
112,2024-02-23,Aweil,Gogrial,partially passable,1,Akun,Aweil – Akun – Gogrial,20MT,
113,2024-02-23,Kapoeta,Chukudum,passable,0,,Kapoeta – Chukudum,40MT,
114,2024-02-23,Diabio,Ezo,passable,0,,Diabio – Ezo,40MT,
115,2024-02-23,Mvolo,Wulu,passable,0,,Mvolo – Wullu,40MT,
116,2024-02-23,Aluakluak,Mapuordit,partially passable,1,,Aluakluak - Mapuordit,20MT,
117,2024-02-23,Narus,Nadapal,passable,0,,Narus – Nadapal,40MT,
118,2024-02-23,Bentiu,Kilo 30,passable,0,,Bentiu – Kilo30,40MT,
119,2024-02-23,Gadiang,Yuai,partially passable,1,,Gadiang – Yuai,15MT,
120,2024-02-23,Pathai,Fatuet,impassable,2,,Pathai – Fatuet,,
121,2024-02-23,Walgak,Kaikuny,impassable,2,,Walgak – Kaikuny,,
122,2024-02-23,Yuai,Walgak,partially passable,1,Motot; Waat,Yuai – Motot – Waat – Walgak,Specialized Trucks,
123,2024-02-23,Kuron,Boma,impassable,2,,Kuron – Boma,,
124,2024-02-23,Kapoeta,Kassangor,impassable,2,,Kapoeta – Kassangor,,
125,2024-02-23,Rumbek,Maper (Lakes),impassable,2,,Rumbek – Maper (Lakes),,
126,2024-02-23,Maruwa,Labarab,impassable,2,,Maruwa – Labarab,,
127,2024-02-23,Koch,Mirmir,partially passable,1,,Koch – Mirmir,15MT,
128,2024-02-23,Adok,Leer,impassable,2,Piling,Adok – Piling – Leer,,
129,2024-02-23,Lainya,Yei,passable,0,,Lainya – Yei,40MT,
130,2024-02-23,Mathiang,Udier,impassable,2,,Mathiang – Udier,,
131,2024-02-23,Gadiang,Payuel,impassable,2,,Gadiang – Payuel,,
132,2024-02-23,Ayod,Mogok,impassable,2,,Ayod – Mogok,,
133,2024-02-23,Kaikang,Kilo 30,passable,0,Roriak; Mayom,(Kaikang – Roriak )(Mayom – Kilo 30),"""alternative Road""",alternative road listed as two separate stretches: Kaikang–Roriak and Mayom–Kilo 30
134,2024-02-23,Pariang,Ajuong Thok,passable,0,,Pariang – Ajuong Thok,40MT,
1,2024-03-01,Kilo 30,Pariang,passable,0,,Kilo 30 – Pariang,40MT,
2,2024-03-01,Gemeiza,Bor,impassable,2,,Gemeiza – Bor,,
3,2024-03-01,Yida,Pariang,passable,0,,Yida - Pariang,40MT,
4,2024-03-01,Juba,Nimule,passable,0,,Juba – Nimule,40MT,
5,2024-03-01,Juba,Torit,passable,0,,Juba – Torit,40MT,
6,2024-03-01,Juba,Mangalla,passable,0,,Juba – Mangalla,40MT,
7,2024-03-01,Malakal,Baliet,impassable,2,,Malakal – Baliet,,
8,2024-03-01,Paloich,Renk,passable,0,,Paloich – Renk,40MT,
9,2024-03-01,Adar,Maban,partially passable,1,Jemaam,Adar – Jemaam – Maban,15MT,
10,2024-03-01,Abyei,Abiemnhom,impassable,2,,Abyei – Abienhom,,
11,2024-03-01,Aweil,Gossinga,partially passable,1,,Aweil – Gossinga,20MT,
12,2024-03-01,Pathai,Walgak,partially passable,1,Motot,Pathai – Motot – Walgak,20MT,
13,2024-03-01,Juba,Lainya,passable,0,,Juba – Lainya,40MT,
14,2024-03-01,Maridi,Yambio,passable,0,,Maridi – Yambio,40MT,
15,2024-03-01,Juba,Kajo Keji,passable,0,,Juba – Kajo Keji,40MT,
16,2024-03-01,Juba,Terakeka,impassable,2,,Juba – Terakeka,,
17,2024-03-01,Narus,Kuron,impassable,2,,Narus – Kuron,,
18,2024-03-01,Mundri,Mvolo,passable,0,,Mundri - Mvolo,40MT,
19,2024-03-01,Mangalla,Gemeiza,passable,0,,Mangalla – Gemeiza,40MT,
20,2024-03-01,Mathiang,Maiwut,impassable,2,,Mathiang – Maiwut,,
21,2024-03-01,Tonj,Langdit,passable,0,,Tonj – Langdit,40MT,
22,2024-03-01,Terakeka,Mundri,passable,0,Tali,Terakeka – Tali – Mundri,40MT,
23,2024-03-01,Terakeka,Mingkaman,passable,0,,Terakeka – Mingkaman,40MT,
24,2024-03-01,Torit,Magwi,passable,0,,Torit – Magwi,40MT,
25,2024-03-01,Hiyala,Ikotos,passable,0,,Hiyala – Ikotos,40MT,
26,2024-03-01,Torit,Lafon,partially passable,1,,Torit – Lafon,20MT,
27,2024-03-01,Wau,Thar Kueng,passable,0,,Wau – Thar Kueng,40MT,
28,2024-03-01,Wau,Tonj,passable,0,,Wau – Tonj,40MT,
29,2024-03-01,Wau,Akuem,passable,0,Aweil,Wau – Aweil – Akuem,40MT,
30,2024-03-01,Likuangole,Akobo,impassable,2,,Likuangole – Akobo,,
31,2024-03-01,Amok Piny,Madol,impassable,2,,Amok Piny – Madol,,
32,2024-03-01,Akwot,Nasser,impassable,2,,Akwot – Nasser,,
33,2024-03-01,Guit,Koch,impassable,2,,Guit – Koch,,
34,2024-03-01,Abiemnhom,Mayom,passable,0,,Abiemnhom – Mayom,40MT,
35,2024-03-01,Kilo 30,Kaikang,impassable,2,Tumor; Mayom,Kilo30 –Tumor – Mayom – Kaikang,,
36,2024-03-01,Boma,Pochala,impassable,2,,Boma – Pochala,,
37,2024-03-01,Bor,Gadiang,partially passable,1,,Bor – Gadiang,15MT,
38,2024-03-01,Bor,Baidit,partially passable,1,,Bor – Baidit,20MT,
39,2024-03-01,Pengko,Manyabol,partially passable,1,,Pengko – Manyabol,20MT,
40,2024-03-01,Baidit,Duk Padiet,partially passable,1,Mabior,Baidit – Mabior – Duk Padiet,20MT,
41,2024-03-01,Gadiang,Akobo,impassable,2,,Gadiang – Akobo,,
42,2024-03-01,Juba,Lafon,impassable,2,,Juba – Lafon,,
43,2024-03-01,Adar,Mathiang,impassable,2,,Adar – Mathiang,,
44,2024-03-01,Maper (Lakes),Dablual,impassable,2,,Maper (Lakes) – Dablual,,
45,2024-03-01,Akobo,Kaikuny,impassable,2,,Akobo – Kainuny,,
46,2024-03-01,Motot,Lankien,partially passable,1,,Motot – Lankein,20MT,
47,2024-03-01,Wau,Deim Zubeir,passable,0,,Wau – Deim Zubeir,40MT,
48,2024-03-01,Wau,Tambura,partially passable,1,,Wau – Tambura,20MT,
49,2024-03-01,Yirol,Shambe,partially passable,1,,Yirol – Shambe,20MT,
50,2024-03-01,Aluakluak,Yirol,partially passable,1,,Aluakluak - Yirol,20MT,
51,2024-03-01,Rumbek,Langdit,passable,0,,Rumbek - Langdit,40MT,
52,2024-03-01,Aluakluak,Rumbek,partially passable,1,,Aluakluak – Rumbek,20MT,
53,2024-03-01,Wunrok,Abiemnhom,passable,0,Turalei,Wunrok – Turalei – Abiemnhom,40MT,
54,2024-03-01,Kilo 30,Panakuach,passable,0,Roriak,Kilo 30 – Roriak – Panakuach,40MT,
55,2024-03-01,Ding Ding,Koch,impassable,2,,Ding ding - Koch,,
56,2024-03-01,Bentiu,Dhorbor,impassable,2,,Bentiu – Dhorbor,,
57,2024-03-01,Dhorbor,Guit,impassable,2,,Dhorbor – Guit,,
58,2024-03-01,Guit,Ding Ding,impassable,2,,Guit – Ding Ding,,
59,2024-03-01,Gumuruk,Pibor,partially passable,1,,Gumuruk – Pibor,20MT,
60,2024-03-01,Bor,Pengko,partially passable,1,,Bor – Pengko,20MT,
61,2024-03-01,Duk Padiet,Pajut,impassable,2,,Duk Padiat – Pajut,,
62,2024-03-01,Yuai,Karam,impassable,2,Pathai,Yaui – Pathai – Karam,,
63,2024-03-01,Yuai,Motot,partially passable,1,Pieri,Yaui – Pieri – Motot,20MT,
64,2024-03-01,Yuai,Pajut,impassable,2,,Yaui – Pajut,,
65,2024-03-01,Wulu,Rumbek,passable,0,,Wulu – Rumbek,40MT,
66,2024-03-01,Pibor,Likuangole,impassable,2,,Pibor – Likuangole,,
67,2024-03-01,Mingkaman,Yirol,partially passable,1,,Mingkaman – Yirol,20MT,
68,2024-03-01,Yambio,Tambura,passable,0,,Yambio – Tambura,40MT,
69,2024-03-01,Juba,Mundri,passable,0,,Juba – Mundri,40MT,
70,2024-03-01,Kodok,Paloich,impassable,2,,Kodok – Paloich,,
71,2024-03-01,Malakal,Kodok,impassable,2,,Malakal – Kodok,,
72,2024-03-01,Thar Kueng,Kuajok,passable,0,,Thar Kueng - Kuajok,40MT,
73,2024-03-01,Bentiu,Guit,partially passable,1,,Bentiu – Guit,15MT,
74,2024-03-01,Duk Padiet,Ayod,partially passable,1,,Duk Padiet – Ayod,20MT,
75,2024-03-01,Guit,Mirmir,partially passable,1,,Guit – Mir mir,15MT,
76,2024-03-01,Raja,Chandoy/Dolo2,passable,0,,Raja – Chandoy/Dolo2,40MT,
77,2024-03-01,Mundri,Maridi,passable,0,,Mundri - Maridi,40MT,
78,2024-03-01,Torit,Kapoeta,passable,0,,Torit – Kapoeta,20MT,
79,2024-03-01,Mayendit,Mirmir,impassable,2,Rupkuai,Mayendit – Rupkuai – Mir mir,,
80,2024-03-01,Mirmir,Leer,partially passable,1,,Mirmir – Leer,15MT,
81,2024-03-01,Mankien,Mayom,partially passable,1,,Mankien - Mayom,20MT,
82,2024-03-01,Ajak Kuac,Mankien,passable,0,,Ajak Kuac – Mankien,40MT,
83,2024-03-01,Ayod,Pathai,partially passable,1,,Ayod – Pathai,20MT,
84,2024-03-01,Nyandit,Kiech Kon,impassable,2,,Nyandit - Kiech Kon,,
85,2024-03-01,Paloich,Jemaam,passable,0,Adar,Paloich – Adar – Jemaam,40MT,
86,2024-03-01,New Fangak,Kuernyang,impassable,2,,New Fangak – Kuernyang,,
87,2024-03-01,Paguir,Keew,impassable,2,,Paguir – Keew,,
88,2024-03-01,Baliet,Kiech Kon,impassable,2,Akwot,Baliet – Akwot – Kiech kon,,
89,2024-03-01,Wunrok,Gogrial,passable,0,,Wunrok – Gogrial,40MT,
90,2024-03-01,Deim Zubeir,Raja,passable,0,,Dim Zubeir – Raja,40MT,
91,2024-03-01,Aweil,Yith Pabol,passable,0,,Aweil – Yith Pabol,40MT,
92,2024-03-01,Kapoeta,Narus,passable,0,,Kapoeta – Narus,40MT,
93,2024-03-01,Melut,Paloich,passable,0,,Melut – Paloich,40MT,
94,2024-03-01,Wunrok,Abyei,partially passable,1,,Wunrok – Abyei,Specialized Trucks,
95,2024-03-01,Gogrial,Kuajok,passable,0,,Gogrial – Kuajok,40MT,
96,2024-03-01,Bentiu,Nhialdiu,impassable,2,,Bentiu – Nhialdiu,,
97,2024-03-01,Aluakluak,Mvolo,partially passable,1,,Aluakluak - Mvolo,20MT,
98,2024-03-01,Kilo 30,Manga Port,passable,0,,Kilo 30 – Manga Port,40MT,
99,2024-03-01,Gossinga,Raja,impassable,2,,Gossinga – Raja,,
100,2024-03-01,Gossinga,Raja,partially passable,1,Kapalala,Gossinga – Kapalala – Raja,20MT,
101,2024-03-01,Nyal,Ganyiel,impassable,2,,Nyal – Ganyiel,,
102,2024-03-01,Manyabol,Gadiang,impassable,2,,Manyabol – Gadiang,,
103,2024-03-01,Manyabol,Gumuruk,partially passable,1,,Manyabol – Gumuruk,20MT,
104,2024-03-01,Vertet,Labarab,impassable,2,,Vertet – Labarab,,
105,2024-03-01,Boma,Maruwa,impassable,2,,Boma – Maruwa,,
106,2024-03-01,Boma,Labarab,impassable,2,,Boma - Labarab,,
107,2024-03-01,Pibor,Vertet,impassable,2,,Pibor – Verthet,,
108,2024-03-01,Aduel,Amok Piny,partially passable,1,,Aduel – Amok Piny,Specialized Trucks,
109,2024-03-01,Lankien,Pading,impassable,2,Nyambor,Lankien – Nyambor – Pading,,
110,2024-03-01,Nyambor,Karam,impassable,2,Pading,Nyambor – Pading – Karam,,
111,2024-03-01,Pajut,Payuel,impassable,2,,Pajut – Payuel,,
112,2024-03-01,Aweil,Gogrial,partially passable,1,Akun,Aweil – Akun – Gogrial,20MT,
113,2024-03-01,Kapoeta,Chukudum,passable,0,,Kapoeta – Chukudum,40MT,
114,2024-03-01,Diabio,Ezo,passable,0,,Diabio – Ezo,40MT,
115,2024-03-01,Mvolo,Wulu,passable,0,,Mvolo – Wullu,40MT,
116,2024-03-01,Aluakluak,Mapuordit,partially passable,1,,Aluakluak - Mapuordit,20MT,
117,2024-03-01,Narus,Nadapal,passable,0,,Narus – Nadapal,40MT,
118,2024-03-01,Bentiu,Kilo 30,passable,0,,Bentiu – Kilo30,40MT,
119,2024-03-01,Gadiang,Yuai,partially passable,1,,Gadiang – Yuai,15MT,
120,2024-03-01,Pathai,Fatuet,impassable,2,,Pathai – Fatuet,,
121,2024-03-01,Walgak,Kaikuny,impassable,2,,Walgak – Kaikuny,,
122,2024-03-01,Yuai,Walgak,partially passable,1,Motot; Waat,Yuai – Motot – Waat – Walgak,Specialized Trucks,
123,2024-03-01,Kuron,Boma,impassable,2,,Kuron – Boma,,
124,2024-03-01,Kapoeta,Kassangor,impassable,2,,Kapoeta – Kassangor,,
125,2024-03-01,Rumbek,Maper (Lakes),impassable,2,,Rumbek – Maper (Lakes),,
126,2024-03-01,Maruwa,Labarab,impassable,2,,Maruwa – Labarab,,
127,2024-03-01,Koch,Mirmir,partially passable,1,,Koch – Mirmir,15MT,
128,2024-03-01,Adok,Leer,partially passable,1,Piling,Adok – Piling – Leer,20MT,
129,2024-03-01,Lainya,Yei,passable,0,,Lainya – Yei,40MT,
130,2024-03-01,Mathiang,Udier,impassable,2,,Mathiang – Udier,,
131,2024-03-01,Gadiang,Payuel,impassable,2,,Gadiang – Payuel,,
132,2024-03-01,Ayod,Mogok,impassable,2,,Ayod – Mogok,,
133,2024-03-01,Kaikang,Kilo 30,passable,0,Roriak; Mayom,(Kaikang – Roriak )(Mayom – Kilo 30),"""alternative Road""",alternative road listed as two separate stretches: Kaikang–Roriak and Mayom–Kilo 30
134,2024-03-01,Pariang,Ajuong Thok,passable,0,,Pariang – Ajuong Thok,40MT,
1,2024-03-08,Kilo 30,Pariang,passable,0,,Kilo 30 – Pariang,40MT,
2,2024-03-08,Gemeiza,Bor,impassable,2,,Gemeiza – Bor,,
3,2024-03-08,Yida,Pariang,passable,0,,Yida - Pariang,40MT,
4,2024-03-08,Juba,Nimule,passable,0,,Juba – Nimule,40MT,
5,2024-03-08,Juba,Torit,passable,0,,Juba – Torit,40MT,
6,2024-03-08,Juba,Mangalla,passable,0,,Juba – Mangalla,40MT,
7,2024-03-08,Malakal,Baliet,impassable,2,,Malakal – Baliet,,
8,2024-03-08,Paloich,Renk,passable,0,,Paloich – Renk,40MT,
9,2024-03-08,Adar,Maban,partially passable,1,Jemaam,Adar – Jemaam – Maban,15MT,
10,2024-03-08,Abyei,Abiemnhom,impassable,2,,Abyei – Abienhom,,
11,2024-03-08,Aweil,Gossinga,partially passable,1,,Aweil – Gossinga,20MT,
12,2024-03-08,Pathai,Walgak,partially passable,1,Motot,Pathai – Motot – Walgak,20MT,
13,2024-03-08,Juba,Lainya,passable,0,,Juba – Lainya,40MT,
14,2024-03-08,Maridi,Yambio,passable,0,,Maridi – Yambio,40MT,
15,2024-03-08,Juba,Kajo Keji,passable,0,,Juba – Kajo Keji,40MT,
16,2024-03-08,Juba,Terakeka,impassable,2,,Juba – Terakeka,,
17,2024-03-08,Narus,Kuron,impassable,2,,Narus – Kuron,,
18,2024-03-08,Mundri,Mvolo,passable,0,,Mundri - Mvolo,40MT,
19,2024-03-08,Mangalla,Gemeiza,passable,0,,Mangalla – Gemeiza,40MT,
20,2024-03-08,Mathiang,Maiwut,impassable,2,,Mathiang – Maiwut,,
21,2024-03-08,Tonj,Langdit,passable,0,,Tonj – Langdit,40MT,
22,2024-03-08,Terakeka,Mundri,passable,0,Tali,Terakeka – Tali – Mundri,40MT,
23,2024-03-08,Terakeka,Mingkaman,passable,0,,Terakeka – Mingkaman,40MT,
24,2024-03-08,Torit,Magwi,passable,0,,Torit – Magwi,40MT,
25,2024-03-08,Hiyala,Ikotos,passable,0,,Hiyala – Ikotos,40MT,
26,2024-03-08,Torit,Lafon,partially passable,1,,Torit – Lafon,20MT,
27,2024-03-08,Wau,Thar Kueng,passable,0,,Wau – Thar Kueng,40MT,
28,2024-03-08,Wau,Tonj,passable,0,,Wau – Tonj,40MT,
29,2024-03-08,Wau,Akuem,passable,0,Aweil,Wau – Aweil – Akuem,40MT,
30,2024-03-08,Likuangole,Akobo,impassable,2,,Likuangole – Akobo,,
31,2024-03-08,Amok Piny,Madol,impassable,2,,Amok Piny – Madol,,
32,2024-03-08,Akwot,Nasser,impassable,2,,Akwot – Nasser,,
33,2024-03-08,Guit,Koch,impassable,2,,Guit – Koch,,
34,2024-03-08,Abiemnhom,Mayom,passable,0,,Abiemnhom – Mayom,40MT,
35,2024-03-08,Kilo 30,Kaikang,impassable,2,Tumor; Mayom,Kilo30 –Tumor – Mayom – Kaikang,,
36,2024-03-08,Boma,Pochala,impassable,2,,Boma – Pochala,,
37,2024-03-08,Bor,Gadiang,partially passable,1,,Bor – Gadiang,15MT,
38,2024-03-08,Bor,Baidit,partially passable,1,,Bor – Baidit,20MT,
39,2024-03-08,Pengko,Manyabol,partially passable,1,,Pengko – Manyabol,20MT,
40,2024-03-08,Baidit,Duk Padiet,partially passable,1,Mabior,Baidit – Mabior – Duk Padiet,20MT,
41,2024-03-08,Gadiang,Akobo,impassable,2,,Gadiang – Akobo,,
42,2024-03-08,Juba,Lafon,impassable,2,,Juba – Lafon,,
43,2024-03-08,Adar,Mathiang,impassable,2,,Adar – Mathiang,,
44,2024-03-08,Maper (Lakes),Dablual,impassable,2,,Maper (Lakes) – Dablual,,
45,2024-03-08,Akobo,Kaikuny,impassable,2,,Akobo – Kainuny,,
46,2024-03-08,Motot,Lankien,partially passable,1,,Motot – Lankein,20MT,
47,2024-03-08,Wau,Deim Zubeir,passable,0,,Wau – Deim Zubeir,40MT,
48,2024-03-08,Wau,Tambura,partially passable,1,,Wau – Tambura,20MT,
49,2024-03-08,Yirol,Shambe,partially passable,1,,Yirol – Shambe,20MT,
50,2024-03-08,Aluakluak,Yirol,partially passable,1,,Aluakluak - Yirol,20MT,
51,2024-03-08,Rumbek,Langdit,passable,0,,Rumbek - Langdit,40MT,
52,2024-03-08,Aluakluak,Rumbek,partially passable,1,,Aluakluak – Rumbek,20MT,
53,2024-03-08,Wunrok,Abiemnhom,passable,0,Turalei,Wunrok – Turalei – Abiemnhom,40MT,
54,2024-03-08,Kilo 30,Panakuach,passable,0,Roriak,Kilo 30 – Roriak – Panakuach,40MT,
55,2024-03-08,Ding Ding,Koch,impassable,2,,Ding ding - Koch,,
56,2024-03-08,Bentiu,Dhorbor,impassable,2,,Bentiu – Dhorbor,,
57,2024-03-08,Dhorbor,Guit,impassable,2,,Dhorbor – Guit,,
58,2024-03-08,Guit,Ding Ding,impassable,2,,Guit – Ding Ding,,
59,2024-03-08,Gumuruk,Pibor,partially passable,1,,Gumuruk – Pibor,20MT,
60,2024-03-08,Bor,Pengko,partially passable,1,,Bor – Pengko,20MT,
61,2024-03-08,Duk Padiet,Pajut,impassable,2,,Duk Padiat – Pajut,,
62,2024-03-08,Yuai,Karam,impassable,2,Pathai,Yaui – Pathai – Karam,,
63,2024-03-08,Yuai,Motot,partially passable,1,Pieri,Yaui – Pieri – Motot,20MT,
64,2024-03-08,Yuai,Pajut,impassable,2,,Yaui – Pajut,,
65,2024-03-08,Wulu,Rumbek,passable,0,,Wulu – Rumbek,40MT,
66,2024-03-08,Pibor,Likuangole,impassable,2,,Pibor – Likuangole,,
67,2024-03-08,Mingkaman,Yirol,partially passable,1,,Mingkaman – Yirol,20MT,
68,2024-03-08,Yambio,Tambura,passable,0,,Yambio – Tambura,40MT,
69,2024-03-08,Juba,Mundri,passable,0,,Juba – Mundri,40MT,
70,2024-03-08,Kodok,Paloich,impassable,2,,Kodok – Paloich,,
71,2024-03-08,Malakal,Kodok,impassable,2,,Malakal – Kodok,,
72,2024-03-08,Thar Kueng,Kuajok,passable,0,,Thar Kueng - Kuajok,40MT,
73,2024-03-08,Bentiu,Guit,passable,0,,Bentiu – Guit,40MT,
74,2024-03-08,Duk Padiet,Ayod,partially passable,1,,Duk Padiet – Ayod,20MT,
75,2024-03-08,Guit,Mirmir,passable,0,,Guit – Mir mir,40MT,
76,2024-03-08,Raja,Chandoy/Dolo2,passable,0,,Raja – Chandoy/Dolo2,40MT,
77,2024-03-08,Mundri,Maridi,passable,0,,Mundri - Maridi,40MT,
78,2024-03-08,Torit,Kapoeta,passable,0,,Torit – Kapoeta,20MT,
79,2024-03-08,Mayendit,Mirmir,impassable,2,Rupkuai,Mayendit – Rupkuai – Mir mir,,
80,2024-03-08,Mirmir,Leer,partially passable,1,,Mirmir – Leer,15MT,
81,2024-03-08,Mankien,Mayom,passable,0,,Mankien - Mayom,40MT,
82,2024-03-08,Ajak Kuac,Mankien,passable,0,,Ajak Kuac – Mankien,40MT,
83,2024-03-08,Ayod,Pathai,partially passable,1,,Ayod – Pathai,20MT,
84,2024-03-08,Nyandit,Kiech Kon,impassable,2,,Nyandit - Kiech Kon,,
85,2024-03-08,Paloich,Jemaam,passable,0,Adar,Paloich – Adar – Jemaam,40MT,
86,2024-03-08,New Fangak,Kuernyang,impassable,2,,New Fangak – Kuernyang,,
87,2024-03-08,Paguir,Keew,impassable,2,,Paguir – Keew,,
88,2024-03-08,Baliet,Kiech Kon,impassable,2,Akwot,Baliet – Akwot – Kiech kon,,
89,2024-03-08,Wunrok,Gogrial,passable,0,,Wunrok – Gogrial,40MT,
90,2024-03-08,Deim Zubeir,Raja,passable,0,,Dim Zubeir – Raja,40MT,
91,2024-03-08,Aweil,Yith Pabol,passable,0,,Aweil – Yith Pabol,40MT,
92,2024-03-08,Kapoeta,Narus,passable,0,,Kapoeta – Narus,40MT,
93,2024-03-08,Melut,Paloich,passable,0,,Melut – Paloich,40MT,
94,2024-03-08,Wunrok,Abyei,partially passable,1,,Wunrok – Abyei,Specialized Trucks,
95,2024-03-08,Gogrial,Kuajok,passable,0,,Gogrial – Kuajok,40MT,
96,2024-03-08,Bentiu,Nhialdiu,impassable,2,,Bentiu – Nhialdiu,,
97,2024-03-08,Aluakluak,Mvolo,partially passable,1,,Aluakluak - Mvolo,20MT,
98,2024-03-08,Kilo 30,Manga Port,passable,0,,Kilo 30 – Manga Port,40MT,
99,2024-03-08,Gossinga,Raja,impassable,2,,Gossinga – Raja,,
100,2024-03-08,Gossinga,Raja,partially passable,1,Kapalala,Gossinga – Kapalala – Raja,20MT,
101,2024-03-08,Nyal,Ganyiel,impassable,2,,Nyal – Ganyiel,,
102,2024-03-08,Manyabol,Gadiang,impassable,2,,Manyabol – Gadiang,,
103,2024-03-08,Manyabol,Gumuruk,partially passable,1,,Manyabol – Gumuruk,20MT,
104,2024-03-08,Vertet,Labarab,impassable,2,,Vertet – Labarab,,
105,2024-03-08,Boma,Maruwa,impassable,2,,Boma – Maruwa,,
106,2024-03-08,Boma,Labarab,impassable,2,,Boma - Labarab,,
107,2024-03-08,Pibor,Vertet,impassable,2,,Pibor – Verthet,,
108,2024-03-08,Aduel,Amok Piny,partially passable,1,,Aduel – Amok Piny,Specialized Trucks,
109,2024-03-08,Lankien,Pading,impassable,2,Nyambor,Lankien – Nyambor – Pading,,
110,2024-03-08,Nyambor,Karam,impassable,2,Pading,Nyambor – Pading – Karam,,
111,2024-03-08,Pajut,Payuel,impassable,2,,Pajut – Payuel,,
112,2024-03-08,Aweil,Gogrial,partially passable,1,Akun,Aweil – Akun – Gogrial,20MT,
113,2024-03-08,Kapoeta,Chukudum,passable,0,,Kapoeta – Chukudum,40MT,
114,2024-03-08,Diabio,Ezo,passable,0,,Diabio – Ezo,40MT,
115,2024-03-08,Mvolo,Wulu,passable,0,,Mvolo – Wullu,40MT,
116,2024-03-08,Aluakluak,Mapuordit,partially passable,1,,Aluakluak - Mapuordit,20MT,
117,2024-03-08,Narus,Nadapal,passable,0,,Narus – Nadapal,40MT,
118,2024-03-08,Bentiu,Kilo 30,passable,0,,Bentiu – Kilo30,40MT,
119,2024-03-08,Gadiang,Yuai,partially passable,1,,Gadiang – Yuai,15MT,
120,2024-03-08,Pathai,Fatuet,impassable,2,,Pathai – Fatuet,,
121,2024-03-08,Walgak,Kaikuny,impassable,2,,Walgak – Kaikuny,,
122,2024-03-08,Yuai,Walgak,partially passable,1,Motot; Waat,Yuai – Motot – Waat – Walgak,Specialized Trucks,
123,2024-03-08,Kuron,Boma,impassable,2,,Kuron – Boma,,
124,2024-03-08,Kapoeta,Kassangor,impassable,2,,Kapoeta – Kassangor,,
125,2024-03-08,Rumbek,Maper (Lakes),impassable,2,,Rumbek – Maper (Lakes),,
126,2024-03-08,Maruwa,Labarab,impassable,2,,Maruwa – Labarab,,
127,2024-03-08,Koch,Mirmir,passable,0,,Koch – Mirmir,40MT,
128,2024-03-08,Adok,Leer,partially passable,1,Piling,Adok – Piling – Leer,20MT,
129,2024-03-08,Lainya,Yei,passable,0,,Lainya – Yei,40MT,
130,2024-03-08,Mathiang,Udier,impassable,2,,Mathiang – Udier,,
131,2024-03-08,Gadiang,Payuel,impassable,2,,Gadiang – Payuel,,
132,2024-03-08,Ayod,Mogok,impassable,2,,Ayod – Mogok,,
133,2024-03-08,Kaikang,Kilo 30,passable,0,Roriak; Mayom,(Kaikang – Roriak )(Mayom – Kilo 30),"""alternative Road""",alternative road listed as two separate stretches: Kaikang–Roriak and Mayom–Kilo 30
134,2024-03-08,Pariang,Ajuong Thok,passable,0,,Pariang – Ajuong Thok,40MT,
1,2024-03-15,Kilo 30,Pariang,passable,0,,Kilo 30 – Pariang,40MT,
2,2024-03-15,Gemeiza,Bor,impassable,2,,Gemeiza – Bor,,
3,2024-03-15,Yida,Pariang,passable,0,,Yida - Pariang,40MT,
4,2024-03-15,Juba,Nimule,passable,0,,Juba – Nimule,40MT,
5,2024-03-15,Juba,Torit,passable,0,,Juba – Torit,40MT,
6,2024-03-15,Juba,Mangalla,passable,0,,Juba – Mangalla,40MT,
7,2024-03-15,Malakal,Baliet,impassable,2,,Malakal – Baliet,,
8,2024-03-15,Paloich,Renk,passable,0,,Paloich – Renk,40MT,
9,2024-03-15,Adar,Maban,partially passable,1,Jemaam,Adar – Jemaam – Maban,15MT,
10,2024-03-15,Abyei,Abiemnhom,impassable,2,,Abyei – Abienhom,,
11,2024-03-15,Aweil,Gossinga,partially passable,1,,Aweil – Gossinga,20MT,
12,2024-03-15,Pathai,Walgak,partially passable,1,Motot,Pathai – Motot – Walgak,20MT,
13,2024-03-15,Juba,Lainya,passable,0,,Juba – Lainya,40MT,
14,2024-03-15,Maridi,Yambio,passable,0,,Maridi – Yambio,40MT,
15,2024-03-15,Juba,Kajo Keji,passable,0,,Juba – Kajo Keji,40MT,
16,2024-03-15,Juba,Terakeka,impassable,2,,Juba – Terakeka,,
17,2024-03-15,Narus,Kuron,impassable,2,,Narus – Kuron,,
18,2024-03-15,Mundri,Mvolo,passable,0,,Mundri - Mvolo,40MT,
19,2024-03-15,Mangalla,Gemeiza,passable,0,,Mangalla – Gemeiza,40MT,
20,2024-03-15,Mathiang,Maiwut,partially passable,1,,Mathiang – Maiwut,10MT,
21,2024-03-15,Tonj,Langdit,passable,0,,Tonj – Langdit,40MT,
22,2024-03-15,Terakeka,Mundri,passable,0,Tali,Terakeka – Tali – Mundri,40MT,
23,2024-03-15,Terakeka,Mingkaman,passable,0,,Terakeka – Mingkaman,40MT,
24,2024-03-15,Torit,Magwi,passable,0,,Torit – Magwi,40MT,
25,2024-03-15,Hiyala,Ikotos,passable,0,,Hiyala – Ikotos,40MT,
26,2024-03-15,Torit,Lafon,partially passable,1,,Torit – Lafon,20MT,
27,2024-03-15,Wau,Thar Kueng,passable,0,,Wau – Thar Kueng,40MT,
28,2024-03-15,Wau,Tonj,passable,0,,Wau – Tonj,40MT,
29,2024-03-15,Wau,Akuem,passable,0,Aweil,Wau – Aweil – Akuem,40MT,
30,2024-03-15,Likuangole,Akobo,partially passable,1,,Likuangole – Akobo,20MT,
31,2024-03-15,Amok Piny,Madol,impassable,2,,Amok Piny – Madol,,
32,2024-03-15,Akwot,Nasser,impassable,2,,Akwot – Nasser,,
33,2024-03-15,Guit,Koch,impassable,2,,Guit – Koch,,
34,2024-03-15,Abiemnhom,Mayom,passable,0,,Abiemnhom – Mayom,40MT,
35,2024-03-15,Kilo 30,Kaikang,impassable,2,Tumor; Mayom,Kilo30 –Tumor – Mayom – Kaikang,,
36,2024-03-15,Boma,Pochala,impassable,2,,Boma – Pochala,,
37,2024-03-15,Bor,Gadiang,partially passable,1,,Bor – Gadiang,15MT,
38,2024-03-15,Bor,Baidit,partially passable,1,,Bor – Baidit,20MT,
39,2024-03-15,Pengko,Manyabol,partially passable,1,,Pengko – Manyabol,20MT,
40,2024-03-15,Baidit,Duk Padiet,partially passable,1,Mabior,Baidit – Mabior – Duk Padiet,20MT,
41,2024-03-15,Gadiang,Akobo,impassable,2,,Gadiang – Akobo,,
42,2024-03-15,Juba,Lafon,impassable,2,,Juba – Lafon,,
43,2024-03-15,Adar,Mathiang,partially passable,1,,Adar – Mathiang,10MT,
44,2024-03-15,Maper (Lakes),Dablual,impassable,2,,Maper (Lakes) – Dablual,,
45,2024-03-15,Akobo,Kaikuny,impassable,2,,Akobo – Kainuny,,
46,2024-03-15,Motot,Lankien,partially passable,1,,Motot – Lankein,20MT,
47,2024-03-15,Wau,Deim Zubeir,passable,0,,Wau – Deim Zubeir,40MT,
48,2024-03-15,Wau,Tambura,partially passable,1,,Wau – Tambura,20MT,
49,2024-03-15,Yirol,Shambe,partially passable,1,,Yirol – Shambe,20MT,
50,2024-03-15,Aluakluak,Yirol,partially passable,1,,Aluakluak - Yirol,20MT,
51,2024-03-15,Rumbek,Langdit,passable,0,,Rumbek - Langdit,40MT,
52,2024-03-15,Aluakluak,Rumbek,partially passable,1,,Aluakluak – Rumbek,20MT,
53,2024-03-15,Wunrok,Abiemnhom,passable,0,Turalei,Wunrok – Turalei – Abiemnhom,40MT,
54,2024-03-15,Kilo 30,Panakuach,passable,0,Roriak,Kilo 30 – Roriak – Panakuach,40MT,
55,2024-03-15,Ding Ding,Koch,impassable,2,,Ding ding - Koch,,
56,2024-03-15,Bentiu,Dhorbor,impassable,2,,Bentiu – Dhorbor,,
57,2024-03-15,Dhorbor,Guit,impassable,2,,Dhorbor – Guit,,
58,2024-03-15,Guit,Ding Ding,impassable,2,,Guit – Ding Ding,,
59,2024-03-15,Gumuruk,Pibor,partially passable,1,,Gumuruk – Pibor,20MT,
60,2024-03-15,Bor,Pengko,partially passable,1,,Bor – Pengko,20MT,
61,2024-03-15,Duk Padiet,Pajut,partially passable,1,,Duk Padiat – Pajut,20MT,
62,2024-03-15,Yuai,Karam,partially passable,1,Pathai,Yaui – Pathai – Karam,20MT,
63,2024-03-15,Yuai,Motot,partially passable,1,Pieri,Yaui – Pieri – Motot,20MT,
64,2024-03-15,Yuai,Pajut,impassable,2,,Yaui – Pajut,,
65,2024-03-15,Wulu,Rumbek,passable,0,,Wulu – Rumbek,40MT,
66,2024-03-15,Pibor,Likuangole,partially passable,1,,Pibor – Likuangole,20MT,
67,2024-03-15,Mingkaman,Yirol,partially passable,1,,Mingkaman – Yirol,20MT,
68,2024-03-15,Yambio,Tambura,passable,0,,Yambio – Tambura,40MT,
69,2024-03-15,Juba,Mundri,passable,0,,Juba – Mundri,40MT,
70,2024-03-15,Kodok,Paloich,passable,0,,Kodok – Paloich,40MT,
71,2024-03-15,Malakal,Kodok,passable,0,,Malakal – Kodok,40MT,
72,2024-03-15,Thar Kueng,Kuajok,passable,0,,Thar Kueng - Kuajok,40MT,
73,2024-03-15,Bentiu,Guit,passable,0,,Bentiu – Guit,40MT,
74,2024-03-15,Duk Padiet,Ayod,partially passable,1,,Duk Padiet – Ayod,20MT,
75,2024-03-15,Guit,Mirmir,passable,0,,Guit – Mir mir,40MT,
76,2024-03-15,Raja,Chandoy/Dolo2,passable,0,,Raja – Chandoy/Dolo2,40MT,
77,2024-03-15,Mundri,Maridi,passable,0,,Mundri - Maridi,40MT,
78,2024-03-15,Torit,Kapoeta,passable,0,,Torit – Kapoeta,20MT,
79,2024-03-15,Mayendit,Mirmir,impassable,2,Rupkuai,Mayendit – Rupkuai – Mir mir,,
80,2024-03-15,Mirmir,Leer,partially passable,1,,Mirmir – Leer,15MT,
81,2024-03-15,Mankien,Mayom,passable,0,,Mankien - Mayom,40MT,
82,2024-03-15,Ajak Kuac,Mankien,passable,0,,Ajak Kuac – Mankien,40MT,
83,2024-03-15,Ayod,Pathai,partially passable,1,,Ayod – Pathai,20MT,
84,2024-03-15,Nyandit,Kiech Kon,impassable,2,,Nyandit - Kiech Kon,,
85,2024-03-15,Paloich,Jemaam,passable,0,Adar,Paloich – Adar – Jemaam,40MT,
86,2024-03-15,New Fangak,Kuernyang,impassable,2,,New Fangak – Kuernyang,,
87,2024-03-15,Paguir,Keew,impassable,2,,Paguir – Keew,,
88,2024-03-15,Baliet,Kiech Kon,impassable,2,Akwot,Baliet – Akwot – Kiech kon,,
89,2024-03-15,Wunrok,Gogrial,passable,0,,Wunrok – Gogrial,40MT,
90,2024-03-15,Deim Zubeir,Raja,passable,0,,Dim Zubeir – Raja,40MT,
91,2024-03-15,Aweil,Yith Pabol,passable,0,,Aweil – Yith Pabol,40MT,
92,2024-03-15,Kapoeta,Narus,passable,0,,Kapoeta – Narus,40MT,
93,2024-03-15,Melut,Paloich,passable,0,,Melut – Paloich,40MT,
94,2024-03-15,Wunrok,Abyei,partially passable,1,,Wunrok – Abyei,Specialized Trucks,
95,2024-03-15,Gogrial,Kuajok,passable,0,,Gogrial – Kuajok,40MT,
96,2024-03-15,Bentiu,Nhialdiu,impassable,2,,Bentiu – Nhialdiu,,
97,2024-03-15,Aluakluak,Mvolo,partially passable,1,,Aluakluak - Mvolo,20MT,
98,2024-03-15,Kilo 30,Manga Port,passable,0,,Kilo 30 – Manga Port,40MT,
99,2024-03-15,Gossinga,Raja,impassable,2,,Gossinga – Raja,,
100,2024-03-15,Gossinga,Raja,partially passable,1,Kapalala,Gossinga – Kapalala – Raja,20MT,
101,2024-03-15,Nyal,Ganyiel,impassable,2,,Nyal – Ganyiel,,
102,2024-03-15,Manyabol,Gadiang,impassable,2,,Manyabol – Gadiang,,
103,2024-03-15,Manyabol,Gumuruk,partially passable,1,,Manyabol – Gumuruk,20MT,
104,2024-03-15,Vertet,Labarab,impassable,2,,Vertet – Labarab,,
105,2024-03-15,Boma,Maruwa,impassable,2,,Boma – Maruwa,,
106,2024-03-15,Boma,Labarab,impassable,2,,Boma - Labarab,,
107,2024-03-15,Pibor,Vertet,impassable,2,,Pibor – Verthet,,
108,2024-03-15,Aduel,Amok Piny,partially passable,1,,Aduel – Amok Piny,Specialized Trucks,
109,2024-03-15,Lankien,Pading,partially passable,1,Nyambor,Lankien – Nyambor – Pading,20MT,
110,2024-03-15,Nyambor,Karam,partially passable,1,Pading,Nyambor – Pading – Karam,20MT,
111,2024-03-15,Pajut,Payuel,partially passable,1,,Pajut – Payuel,20MT,
112,2024-03-15,Aweil,Gogrial,partially passable,1,Akun,Aweil – Akun – Gogrial,20MT,
113,2024-03-15,Kapoeta,Chukudum,passable,0,,Kapoeta – Chukudum,40MT,
114,2024-03-15,Diabio,Ezo,passable,0,,Diabio – Ezo,40MT,
115,2024-03-15,Mvolo,Wulu,passable,0,,Mvolo – Wullu,40MT,
116,2024-03-15,Aluakluak,Mapuordit,partially passable,1,,Aluakluak - Mapuordit,20MT,
117,2024-03-15,Narus,Nadapal,passable,0,,Narus – Nadapal,40MT,
118,2024-03-15,Bentiu,Kilo 30,passable,0,,Bentiu – Kilo30,40MT,
119,2024-03-15,Gadiang,Yuai,partially passable,1,,Gadiang – Yuai,15MT,
120,2024-03-15,Pathai,Fatuet,partially passable,1,,Pathai – Fatuet,20MT,
121,2024-03-15,Walgak,Kaikuny,impassable,2,,Walgak – Kaikuny,,
122,2024-03-15,Yuai,Walgak,partially passable,1,Motot; Waat,Yuai – Motot – Waat – Walgak,20MT,
123,2024-03-15,Kuron,Boma,impassable,2,,Kuron – Boma,,
124,2024-03-15,Kapoeta,Kassangor,impassable,2,,Kapoeta – Kassangor,,
125,2024-03-15,Rumbek,Maper (Lakes),impassable,2,,Rumbek – Maper (Lakes),,
126,2024-03-15,Maruwa,Labarab,impassable,2,,Maruwa – Labarab,,
127,2024-03-15,Koch,Mirmir,passable,0,,Koch – Mirmir,40MT,
128,2024-03-15,Adok,Leer,partially passable,1,Piling,Adok – Piling – Leer,20MT,
129,2024-03-15,Lainya,Yei,passable,0,,Lainya – Yei,40MT,
130,2024-03-15,Mathiang,Udier,partially passable,1,,Mathiang – Udier,10MT,
131,2024-03-15,Gadiang,Payuel,partially passable,1,,Gadiang – Payuel,20MT,
132,2024-03-15,Ayod,Mogok,impassable,2,,Ayod – Mogok,,
133,2024-03-15,Kaikang,Kilo 30,passable,0,Roriak; Mayom,(Kaikang – Roriak )(Mayom – Kilo 30),"""alternative Road""",alternative road listed as two separate stretches: Kaikang–Roriak and Mayom–Kilo 30
134,2024-03-15,Pariang,Ajuong Thok,passable,0,,Pariang – Ajuong Thok,40MT,
1,2024-03-22,Kilo 30,Pariang,passable,0,,Kilo 30 – Pariang,40MT,
2,2024-03-22,Gemeiza,Bor,impassable,2,,Gemeiza – Bor,,
3,2024-03-22,Yida,Pariang,passable,0,,Yida - Pariang,40MT,
4,2024-03-22,Juba,Nimule,passable,0,,Juba – Nimule,40MT,
5,2024-03-22,Juba,Torit,passable,0,,Juba – Torit,40MT,
6,2024-03-22,Juba,Mangalla,passable,0,,Juba – Mangalla,40MT,
7,2024-03-22,Malakal,Baliet,impassable,2,,Malakal – Baliet,,
8,2024-03-22,Paloich,Renk,passable,0,,Paloich – Renk,40MT,
9,2024-03-22,Adar,Maban,partially passable,1,Jemaam,Adar – Jemaam – Maban,15MT,
10,2024-03-22,Abyei,Abiemnhom,impassable,2,,Abyei – Abienhom,,
11,2024-03-22,Aweil,Gossinga,partially passable,1,,Aweil – Gossinga,20MT,
12,2024-03-22,Pathai,Walgak,partially passable,1,Motot,Pathai – Motot – Walgak,20MT,
13,2024-03-22,Juba,Lainya,passable,0,,Juba – Lainya,40MT,
14,2024-03-22,Maridi,Yambio,passable,0,,Maridi – Yambio,40MT,
15,2024-03-22,Juba,Kajo Keji,passable,0,,Juba – Kajo Keji,40MT,
16,2024-03-22,Juba,Terakeka,impassable,2,,Juba – Terakeka,,
17,2024-03-22,Narus,Kuron,impassable,2,,Narus – Kuron,,
18,2024-03-22,Mundri,Mvolo,passable,0,,Mundri - Mvolo,40MT,
19,2024-03-22,Mangalla,Gemeiza,passable,0,,Mangalla – Gemeiza,40MT,
20,2024-03-22,Mathiang,Maiwut,partially passable,1,,Mathiang – Maiwut,10MT,
21,2024-03-22,Tonj,Langdit,passable,0,,Tonj – Langdit,40MT,
22,2024-03-22,Terakeka,Mundri,passable,0,Tali,Terakeka – Tali – Mundri,40MT,
23,2024-03-22,Terakeka,Mingkaman,passable,0,,Terakeka – Mingkaman,40MT,
24,2024-03-22,Torit,Magwi,passable,0,,Torit – Magwi,40MT,
25,2024-03-22,Hiyala,Ikotos,passable,0,,Hiyala – Ikotos,40MT,
26,2024-03-22,Torit,Lafon,partially passable,1,,Torit – Lafon,20MT,
27,2024-03-22,Wau,Thar Kueng,passable,0,,Wau – Thar Kueng,40MT,
28,2024-03-22,Wau,Tonj,passable,0,,Wau – Tonj,40MT,
29,2024-03-22,Wau,Akuem,passable,0,Aweil,Wau – Aweil – Akuem,40MT,
30,2024-03-22,Likuangole,Akobo,partially passable,1,,Likuangole – Akobo,20MT,
31,2024-03-22,Amok Piny,Madol,impassable,2,,Amok Piny – Madol,,
32,2024-03-22,Akwot,Nasser,impassable,2,,Akwot – Nasser,,
33,2024-03-22,Guit,Koch,impassable,2,,Guit – Koch,,
34,2024-03-22,Abiemnhom,Mayom,passable,0,,Abiemnhom – Mayom,40MT,
35,2024-03-22,Kilo 30,Kaikang,impassable,2,Tumor; Mayom,Kilo30 –Tumor – Mayom – Kaikang,,
36,2024-03-22,Boma,Pochala,impassable,2,,Boma – Pochala,,
37,2024-03-22,Bor,Gadiang,partially passable,1,,Bor – Gadiang,15MT,
38,2024-03-22,Bor,Baidit,partially passable,1,,Bor – Baidit,20MT,
39,2024-03-22,Pengko,Manyabol,partially passable,1,,Pengko – Manyabol,20MT,
40,2024-03-22,Baidit,Duk Padiet,partially passable,1,Mabior,Baidit – Mabior – Duk Padiet,20MT,
41,2024-03-22,Gadiang,Akobo,impassable,2,,Gadiang – Akobo,,
42,2024-03-22,Juba,Lafon,impassable,2,,Juba – Lafon,,
43,2024-03-22,Adar,Mathiang,partially passable,1,,Adar – Mathiang,10MT,
44,2024-03-22,Maper (Lakes),Dablual,impassable,2,,Maper (Lakes) – Dablual,,
45,2024-03-22,Akobo,Kaikuny,impassable,2,,Akobo – Kainuny,,
46,2024-03-22,Motot,Lankien,partially passable,1,,Motot – Lankein,20MT,
47,2024-03-22,Wau,Deim Zubeir,passable,0,,Wau – Deim Zubeir,40MT,
48,2024-03-22,Wau,Tambura,partially passable,1,,Wau – Tambura,20MT,
49,2024-03-22,Yirol,Shambe,partially passable,1,,Yirol – Shambe,20MT,
50,2024-03-22,Aluakluak,Yirol,partially passable,1,,Aluakluak - Yirol,20MT,
51,2024-03-22,Rumbek,Langdit,passable,0,,Rumbek - Langdit,40MT,
52,2024-03-22,Aluakluak,Rumbek,partially passable,1,,Aluakluak – Rumbek,20MT,
53,2024-03-22,Wunrok,Abiemnhom,passable,0,Turalei,Wunrok – Turalei – Abiemnhom,40MT,
54,2024-03-22,Kilo 30,Panakuach,passable,0,Roriak,Kilo 30 – Roriak – Panakuach,40MT,
55,2024-03-22,Ding Ding,Koch,impassable,2,,Ding ding - Koch,,
56,2024-03-22,Bentiu,Dhorbor,impassable,2,,Bentiu – Dhorbor,,
57,2024-03-22,Dhorbor,Guit,impassable,2,,Dhorbor – Guit,,
58,2024-03-22,Guit,Ding Ding,impassable,2,,Guit – Ding Ding,,
59,2024-03-22,Gumuruk,Pibor,partially passable,1,,Gumuruk – Pibor,20MT,
60,2024-03-22,Bor,Pengko,partially passable,1,,Bor – Pengko,20MT,
61,2024-03-22,Duk Padiet,Pajut,partially passable,1,,Duk Padiat – Pajut,20MT,
62,2024-03-22,Yuai,Karam,partially passable,1,Pathai,Yaui – Pathai – Karam,20MT,
63,2024-03-22,Yuai,Motot,partially passable,1,Pieri,Yaui – Pieri – Motot,20MT,
64,2024-03-22,Yuai,Pajut,impassable,2,,Yaui – Pajut,,
65,2024-03-22,Wulu,Rumbek,passable,0,,Wulu – Rumbek,40MT,
66,2024-03-22,Pibor,Likuangole,partially passable,1,,Pibor – Likuangole,20MT,
67,2024-03-22,Mingkaman,Yirol,partially passable,1,,Mingkaman – Yirol,20MT,
68,2024-03-22,Yambio,Tambura,passable,0,,Yambio – Tambura,40MT,
69,2024-03-22,Juba,Mundri,passable,0,,Juba – Mundri,40MT,
70,2024-03-22,Kodok,Paloich,passable,0,,Kodok – Paloich,40MT,
71,2024-03-22,Malakal,Kodok,passable,0,,Malakal – Kodok,40MT,
72,2024-03-22,Thar Kueng,Kuajok,passable,0,,Thar Kueng - Kuajok,40MT,
73,2024-03-22,Bentiu,Guit,passable,0,,Bentiu – Guit,40MT,
74,2024-03-22,Duk Padiet,Ayod,partially passable,1,,Duk Padiet – Ayod,20MT,
75,2024-03-22,Guit,Mirmir,passable,0,,Guit – Mir mir,40MT,
76,2024-03-22,Raja,Chandoy/Dolo2,passable,0,,Raja – Chandoy/Dolo2,40MT,
77,2024-03-22,Mundri,Maridi,passable,0,,Mundri - Maridi,40MT,
78,2024-03-22,Torit,Kapoeta,passable,0,,Torit – Kapoeta,20MT,
79,2024-03-22,Mayendit,Mirmir,impassable,2,Rupkuai,Mayendit – Rupkuai – Mir mir,,
80,2024-03-22,Mirmir,Leer,partially passable,1,,Mirmir – Leer,15MT,
81,2024-03-22,Mankien,Mayom,passable,0,,Mankien - Mayom,40MT,
82,2024-03-22,Ajak Kuac,Mankien,passable,0,,Ajak Kuac – Mankien,40MT,
83,2024-03-22,Ayod,Pathai,partially passable,1,,Ayod – Pathai,20MT,
84,2024-03-22,Nyandit,Kiech Kon,impassable,2,,Nyandit - Kiech Kon,,
85,2024-03-22,Paloich,Jemaam,passable,0,Adar,Paloich – Adar – Jemaam,40MT,
86,2024-03-22,New Fangak,Kuernyang,impassable,2,,New Fangak – Kuernyang,,
87,2024-03-22,Paguir,Keew,impassable,2,,Paguir – Keew,,
88,2024-03-22,Baliet,Kiech Kon,impassable,2,Akwot,Baliet – Akwot – Kiech kon,,
89,2024-03-22,Wunrok,Gogrial,passable,0,,Wunrok – Gogrial,40MT,
90,2024-03-22,Deim Zubeir,Raja,passable,0,,Dim Zubeir – Raja,40MT,
91,2024-03-22,Aweil,Yith Pabol,passable,0,,Aweil – Yith Pabol,40MT,
92,2024-03-22,Kapoeta,Narus,passable,0,,Kapoeta – Narus,40MT,
93,2024-03-22,Melut,Paloich,passable,0,,Melut – Paloich,40MT,
94,2024-03-22,Wunrok,Abyei,partially passable,1,,Wunrok – Abyei,Specialized Trucks,
95,2024-03-22,Gogrial,Kuajok,passable,0,,Gogrial – Kuajok,40MT,
96,2024-03-22,Bentiu,Nhialdiu,impassable,2,,Bentiu – Nhialdiu,,
97,2024-03-22,Aluakluak,Mvolo,partially passable,1,,Aluakluak - Mvolo,20MT,
98,2024-03-22,Kilo 30,Manga Port,passable,0,,Kilo 30 – Manga Port,40MT,
99,2024-03-22,Gossinga,Raja,impassable,2,,Gossinga – Raja,,
100,2024-03-22,Gossinga,Raja,partially passable,1,Kapalala,Gossinga – Kapalala – Raja,20MT,
101,2024-03-22,Nyal,Ganyiel,impassable,2,,Nyal – Ganyiel,,
102,2024-03-22,Manyabol,Gadiang,impassable,2,,Manyabol – Gadiang,,
103,2024-03-22,Manyabol,Gumuruk,partially passable,1,,Manyabol – Gumuruk,20MT,
104,2024-03-22,Vertet,Labarab,impassable,2,,Vertet – Labarab,,
105,2024-03-22,Boma,Maruwa,impassable,2,,Boma – Maruwa,,
106,2024-03-22,Boma,Labarab,impassable,2,,Boma - Labarab,,
107,2024-03-22,Pibor,Vertet,impassable,2,,Pibor – Verthet,,
108,2024-03-22,Aduel,Amok Piny,partially passable,1,,Aduel – Amok Piny,Specialized Trucks,
109,2024-03-22,Lankien,Pading,partially passable,1,Nyambor,Lankien – Nyambor – Pading,20MT,
110,2024-03-22,Nyambor,Karam,partially passable,1,Pading,Nyambor – Pading – Karam,20MT,
111,2024-03-22,Pajut,Payuel,partially passable,1,,Pajut – Payuel,20MT,
112,2024-03-22,Aweil,Gogrial,partially passable,1,Akun,Aweil – Akun – Gogrial,20MT,
113,2024-03-22,Kapoeta,Chukudum,passable,0,,Kapoeta – Chukudum,40MT,
114,2024-03-22,Diabio,Ezo,passable,0,,Diabio – Ezo,40MT,
115,2024-03-22,Mvolo,Wulu,passable,0,,Mvolo – Wullu,40MT,
116,2024-03-22,Aluakluak,Mapuordit,partially passable,1,,Aluakluak - Mapuordit,20MT,
117,2024-03-22,Narus,Nadapal,passable,0,,Narus – Nadapal,40MT,
118,2024-03-22,Bentiu,Kilo 30,passable,0,,Bentiu – Kilo30,40MT,
119,2024-03-22,Gadiang,Yuai,partially passable,1,,Gadiang – Yuai,15MT,
120,2024-03-22,Pathai,Fatuet,partially passable,1,,Pathai – Fatuet,20MT,
121,2024-03-22,Walgak,Kaikuny,impassable,2,,Walgak – Kaikuny,,
122,2024-03-22,Yuai,Walgak,partially passable,1,Motot; Waat,Yuai – Motot – Waat – Walgak,20MT,
123,2024-03-22,Kuron,Boma,impassable,2,,Kuron – Boma,,
124,2024-03-22,Kapoeta,Kassangor,impassable,2,,Kapoeta – Kassangor,,
125,2024-03-22,Rumbek,Maper (Lakes),impassable,2,,Rumbek – Maper (Lakes),,
126,2024-03-22,Maruwa,Labarab,impassable,2,,Maruwa – Labarab,,
127,2024-03-22,Koch,Mirmir,passable,0,,Koch – Mirmir,40MT,
128,2024-03-22,Adok,Leer,partially passable,1,Piling,Adok – Piling – Leer,20MT,
129,2024-03-22,Lainya,Yei,passable,0,,Lainya – Yei,40MT,
130,2024-03-22,Mathiang,Udier,partially passable,1,,Mathiang – Udier,10MT,
131,2024-03-22,Gadiang,Payuel,partially passable,1,,Gadiang – Payuel,20MT,
132,2024-03-22,Ayod,Mogok,impassable,2,,Ayod – Mogok,,
133,2024-03-22,Kaikang,Kilo 30,passable,0,Roriak; Mayom,(Kaikang – Roriak )(Mayom – Kilo 30),"""alternative Road""",alternative road listed as two separate stretches: Kaikang–Roriak and Mayom–Kilo 30
134,2024-03-22,Pariang,Ajuong Thok,passable,0,,Pariang – Ajuong Thok,40MT,
1,2024-03-28,Kilo 30,Pariang,passable,0,,Kilo 30 – Pariang,40MT,
2,2024-03-28,Gemeiza,Bor,impassable,2,,Gemeiza – Bor,,
3,2024-03-28,Yida,Pariang,passable,0,,Yida - Pariang,40MT,
4,2024-03-28,Juba,Nimule,passable,0,,Juba – Nimule,40MT,
5,2024-03-28,Juba,Torit,passable,0,,Juba – Torit,40MT,
6,2024-03-28,Juba,Mangalla,passable,0,,Juba – Mangalla,40MT,
7,2024-03-28,Malakal,Baliet,impassable,2,,Malakal – Baliet,,
8,2024-03-28,Paloich,Renk,passable,0,,Paloich – Renk,40MT,
9,2024-03-28,Adar,Maban,partially passable,1,Jemaam,Adar – Jemaam – Maban,15MT,
10,2024-03-28,Abyei,Abiemnhom,impassable,2,,Abyei – Abienhom,,
11,2024-03-28,Aweil,Gossinga,partially passable,1,,Aweil – Gossinga,20MT,
12,2024-03-28,Pathai,Walgak,partially passable,1,Motot,Pathai – Motot – Walgak,20MT,
13,2024-03-28,Juba,Lainya,passable,0,,Juba – Lainya,40MT,
14,2024-03-28,Maridi,Yambio,passable,0,,Maridi – Yambio,40MT,
15,2024-03-28,Juba,Kajo Keji,passable,0,,Juba – Kajo Keji,40MT,
16,2024-03-28,Juba,Terakeka,impassable,2,,Juba – Terakeka,,
17,2024-03-28,Narus,Kuron,impassable,2,,Narus – Kuron,,
18,2024-03-28,Mundri,Mvolo,passable,0,,Mundri - Mvolo,40MT,
19,2024-03-28,Mangalla,Gemeiza,passable,0,,Mangalla – Gemeiza,40MT,
20,2024-03-28,Mathiang,Maiwut,partially passable,1,,Mathiang – Maiwut,10MT,
21,2024-03-28,Tonj,Langdit,passable,0,,Tonj – Langdit,40MT,
22,2024-03-28,Terakeka,Mundri,passable,0,Tali,Terakeka – Tali – Mundri,40MT,
23,2024-03-28,Terakeka,Mingkaman,passable,0,,Terakeka – Mingkaman,40MT,
24,2024-03-28,Torit,Magwi,passable,0,,Torit – Magwi,40MT,
25,2024-03-28,Hiyala,Ikotos,passable,0,,Hiyala – Ikotos,40MT,
26,2024-03-28,Torit,Lafon,partially passable,1,,Torit – Lafon,20MT,
27,2024-03-28,Wau,Thar Kueng,passable,0,,Wau – Thar Kueng,40MT,
28,2024-03-28,Wau,Tonj,passable,0,,Wau – Tonj,40MT,
29,2024-03-28,Wau,Akuem,passable,0,Aweil,Wau – Aweil – Akuem,40MT,
30,2024-03-28,Likuangole,Akobo,partially passable,1,,Likuangole – Akobo,20MT,
31,2024-03-28,Amok Piny,Madol,impassable,2,,Amok Piny – Madol,,
32,2024-03-28,Akwot,Nasser,impassable,2,,Akwot – Nasser,,
33,2024-03-28,Guit,Koch,impassable,2,,Guit – Koch,,
34,2024-03-28,Abiemnhom,Mayom,passable,0,,Abiemnhom – Mayom,40MT,
35,2024-03-28,Kilo 30,Kaikang,impassable,2,Tumor; Mayom,Kilo30 –Tumor – Mayom – Kaikang,,
36,2024-03-28,Boma,Pochala,impassable,2,,Boma – Pochala,,
37,2024-03-28,Bor,Gadiang,partially passable,1,,Bor – Gadiang,15MT,
38,2024-03-28,Bor,Baidit,partially passable,1,,Bor – Baidit,20MT,
39,2024-03-28,Pengko,Manyabol,partially passable,1,,Pengko – Manyabol,20MT,
40,2024-03-28,Baidit,Duk Padiet,partially passable,1,Mabior,Baidit – Mabior – Duk Padiet,20MT,
41,2024-03-28,Gadiang,Akobo,impassable,2,,Gadiang – Akobo,,
42,2024-03-28,Juba,Lafon,impassable,2,,Juba – Lafon,,
43,2024-03-28,Adar,Mathiang,partially passable,1,,Adar – Mathiang,10MT,
44,2024-03-28,Maper (Lakes),Dablual,impassable,2,,Maper (Lakes) – Dablual,,
45,2024-03-28,Akobo,Kaikuny,impassable,2,,Akobo – Kainuny,,
46,2024-03-28,Motot,Lankien,partially passable,1,,Motot – Lankein,20MT,
47,2024-03-28,Wau,Deim Zubeir,passable,0,,Wau – Deim Zubeir,40MT,
48,2024-03-28,Wau,Tambura,partially passable,1,,Wau – Tambura,20MT,
49,2024-03-28,Yirol,Shambe,partially passable,1,,Yirol – Shambe,20MT,
50,2024-03-28,Aluakluak,Yirol,partially passable,1,,Aluakluak - Yirol,20MT,
51,2024-03-28,Rumbek,Langdit,passable,0,,Rumbek - Langdit,40MT,
52,2024-03-28,Aluakluak,Rumbek,partially passable,1,,Aluakluak – Rumbek,20MT,
53,2024-03-28,Wunrok,Abiemnhom,passable,0,Turalei,Wunrok – Turalei – Abiemnhom,40MT,
54,2024-03-28,Kilo 30,Panakuach,passable,0,Roriak,Kilo 30 – Roriak – Panakuach,40MT,
55,2024-03-28,Ding Ding,Koch,impassable,2,,Ding ding - Koch,,
56,2024-03-28,Bentiu,Dhorbor,impassable,2,,Bentiu – Dhorbor,,
57,2024-03-28,Dhorbor,Guit,impassable,2,,Dhorbor – Guit,,
58,2024-03-28,Guit,Ding Ding,impassable,2,,Guit – Ding Ding,,
59,2024-03-28,Gumuruk,Pibor,partially passable,1,,Gumuruk – Pibor,20MT,
60,2024-03-28,Bor,Pengko,partially passable,1,,Bor – Pengko,20MT,
61,2024-03-28,Duk Padiet,Pajut,partially passable,1,,Duk Padiat – Pajut,20MT,
62,2024-03-28,Yuai,Karam,partially passable,1,Pathai,Yaui – Pathai – Karam,20MT,
63,2024-03-28,Yuai,Motot,partially passable,1,Pieri,Yaui – Pieri – Motot,20MT,
64,2024-03-28,Yuai,Pajut,impassable,2,,Yaui – Pajut,,
65,2024-03-28,Wulu,Rumbek,passable,0,,Wulu – Rumbek,40MT,
66,2024-03-28,Pibor,Likuangole,partially passable,1,,Pibor – Likuangole,20MT,
67,2024-03-28,Mingkaman,Yirol,partially passable,1,,Mingkaman – Yirol,20MT,
68,2024-03-28,Yambio,Tambura,passable,0,,Yambio – Tambura,40MT,
69,2024-03-28,Juba,Mundri,passable,0,,Juba – Mundri,40MT,
70,2024-03-28,Kodok,Paloich,passable,0,,Kodok – Paloich,40MT,
71,2024-03-28,Malakal,Kodok,passable,0,,Malakal – Kodok,40MT,
72,2024-03-28,Thar Kueng,Kuajok,passable,0,,Thar Kueng - Kuajok,40MT,
73,2024-03-28,Bentiu,Guit,passable,0,,Bentiu – Guit,40MT,
74,2024-03-28,Duk Padiet,Ayod,partially passable,1,,Duk Padiet – Ayod,20MT,
75,2024-03-28,Guit,Mirmir,passable,0,,Guit – Mir mir,40MT,
76,2024-03-28,Raja,Chandoy/Dolo2,passable,0,,Raja – Chandoy/Dolo2,40MT,
77,2024-03-28,Mundri,Maridi,passable,0,,Mundri - Maridi,40MT,
78,2024-03-28,Torit,Kapoeta,passable,0,,Torit – Kapoeta,20MT,
79,2024-03-28,Mayendit,Mirmir,impassable,2,Rupkuai,Mayendit – Rupkuai – Mir mir,,
80,2024-03-28,Mirmir,Leer,partially passable,1,,Mirmir – Leer,15MT,
81,2024-03-28,Mankien,Mayom,passable,0,,Mankien - Mayom,40MT,
82,2024-03-28,Ajak Kuac,Mankien,passable,0,,Ajak Kuac – Mankien,40MT,
83,2024-03-28,Ayod,Pathai,partially passable,1,,Ayod – Pathai,20MT,
84,2024-03-28,Nyandit,Kiech Kon,impassable,2,,Nyandit - Kiech Kon,,
85,2024-03-28,Paloich,Jemaam,passable,0,Adar,Paloich – Adar – Jemaam,40MT,
86,2024-03-28,New Fangak,Kuernyang,impassable,2,,New Fangak – Kuernyang,,
87,2024-03-28,Paguir,Keew,impassable,2,,Paguir – Keew,,
88,2024-03-28,Baliet,Kiech Kon,impassable,2,Akwot,Baliet – Akwot – Kiech kon,,
89,2024-03-28,Wunrok,Gogrial,passable,0,,Wunrok – Gogrial,40MT,
90,2024-03-28,Deim Zubeir,Raja,passable,0,,Dim Zubeir – Raja,40MT,
91,2024-03-28,Aweil,Yith Pabol,passable,0,,Aweil – Yith Pabol,40MT,
92,2024-03-28,Kapoeta,Narus,passable,0,,Kapoeta – Narus,40MT,
93,2024-03-28,Melut,Paloich,passable,0,,Melut – Paloich,40MT,
94,2024-03-28,Wunrok,Abyei,partially passable,1,,Wunrok – Abyei,Specialized Trucks,
95,2024-03-28,Gogrial,Kuajok,passable,0,,Gogrial – Kuajok,40MT,
96,2024-03-28,Bentiu,Nhialdiu,impassable,2,,Bentiu – Nhialdiu,,
97,2024-03-28,Aluakluak,Mvolo,partially passable,1,,Aluakluak - Mvolo,20MT,
98,2024-03-28,Kilo 30,Manga Port,passable,0,,Kilo 30 – Manga Port,40MT,
99,2024-03-28,Gossinga,Raja,impassable,2,,Gossinga – Raja,,
100,2024-03-28,Gossinga,Raja,partially passable,1,Kapalala,Gossinga – Kapalala – Raja,20MT,
101,2024-03-28,Nyal,Ganyiel,impassable,2,,Nyal – Ganyiel,,
102,2024-03-28,Manyabol,Gadiang,impassable,2,,Manyabol – Gadiang,,
103,2024-03-28,Manyabol,Gumuruk,partially passable,1,,Manyabol – Gumuruk,20MT,
104,2024-03-28,Vertet,Labarab,impassable,2,,Vertet – Labarab,,
105,2024-03-28,Boma,Maruwa,impassable,2,,Boma – Maruwa,,
106,2024-03-28,Boma,Labarab,impassable,2,,Boma - Labarab,,
107,2024-03-28,Pibor,Vertet,impassable,2,,Pibor – Verthet,,
108,2024-03-28,Aduel,Amok Piny,partially passable,1,,Aduel – Amok Piny,Specialized Trucks,
109,2024-03-28,Lankien,Pading,partially passable,1,Nyambor,Lankien – Nyambor – Pading,20MT,
110,2024-03-28,Nyambor,Karam,partially passable,1,Pading,Nyambor – Pading – Karam,20MT,
111,2024-03-28,Pajut,Payuel,partially passable,1,,Pajut – Payuel,20MT,
112,2024-03-28,Aweil,Gogrial,partially passable,1,Akun,Aweil – Akun – Gogrial,20MT,
113,2024-03-28,Kapoeta,Chukudum,passable,0,,Kapoeta – Chukudum,40MT,
114,2024-03-28,Diabio,Ezo,passable,0,,Diabio – Ezo,40MT,
115,2024-03-28,Mvolo,Wulu,passable,0,,Mvolo – Wullu,40MT,
116,2024-03-28,Aluakluak,Mapuordit,partially passable,1,,Aluakluak - Mapuordit,20MT,
117,2024-03-28,Narus,Nadapal,passable,0,,Narus – Nadapal,40MT,
118,2024-03-28,Bentiu,Kilo 30,passable,0,,Bentiu – Kilo30,40MT,
119,2024-03-28,Gadiang,Yuai,partially passable,1,,Gadiang – Yuai,15MT,
120,2024-03-28,Pathai,Fatuet,partially passable,1,,Pathai – Fatuet,20MT,
121,2024-03-28,Walgak,Kaikuny,impassable,2,,Walgak – Kaikuny,,
122,2024-03-28,Yuai,Walgak,partially passable,1,Motot; Waat,Yuai – Motot – Waat – Walgak,20MT,
123,2024-03-28,Kuron,Boma,impassable,2,,Kuron – Boma,,
124,2024-03-28,Kapoeta,Kassangor,impassable,2,,Kapoeta – Kassangor,,
125,2024-03-28,Rumbek,Maper (Lakes),impassable,2,,Rumbek – Maper (Lakes),,
126,2024-03-28,Maruwa,Labarab,impassable,2,,Maruwa – Labarab,,
127,2024-03-28,Koch,Mirmir,partially passable,1,,Koch – Mirmir,20MT,
128,2024-03-28,Adok,Leer,partially passable,1,Piling,Adok – Piling – Leer,20MT,
129,2024-03-28,Lainya,Yei,passable,0,,Lainya – Yei,40MT,
130,2024-03-28,Mathiang,Udier,partially passable,1,,Mathiang – Udier,10MT,
131,2024-03-28,Gadiang,Payuel,partially passable,1,,Gadiang – Payuel,20MT,
132,2024-03-28,Ayod,Mogok,impassable,2,,Ayod – Mogok,,
133,2024-03-28,Kaikang,Kilo 30,passable,0,Roriak; Mayom,(Kaikang – Roriak )(Mayom – Kilo 30),"""alternative Road""",alternative road listed as two separate stretches: Kaikang–Roriak and Mayom–Kilo 30
134,2024-03-28,Pariang,Ajuong Thok,passable,0,,Pariang – Ajuong Thok,40MT,
1,2024-04-04,Kilo 30,Pariang,passable,0,,Kilo 30 – Pariang,40MT,
2,2024-04-04,Gemeiza,Bor,impassable,2,,Gemeiza – Bor,,
3,2024-04-04,Yida,Pariang,passable,0,,Yida - Pariang,40MT,
4,2024-04-04,Juba,Nimule,passable,0,,Juba – Nimule,40MT,
5,2024-04-04,Juba,Torit,passable,0,,Juba – Torit,40MT,
6,2024-04-04,Juba,Mangalla,passable,0,,Juba – Mangalla,40MT,
7,2024-04-04,Malakal,Baliet,impassable,2,,Malakal – Baliet,,
8,2024-04-04,Paloich,Renk,passable,0,,Paloich – Renk,40MT,
9,2024-04-04,Adar,Maban,partially passable,1,Jemaam,Adar – Jemaam – Maban,15MT,
10,2024-04-04,Abyei,Abiemnhom,impassable,2,,Abyei – Abienhom,,
11,2024-04-04,Aweil,Gossinga,partially passable,1,,Aweil – Gossinga,20MT,
12,2024-04-04,Pathai,Walgak,partially passable,1,Motot,Pathai – Motot – Walgak,20MT,
13,2024-04-04,Juba,Lainya,passable,0,,Juba – Lainya,40MT,
14,2024-04-04,Maridi,Yambio,passable,0,,Maridi – Yambio,40MT,
15,2024-04-04,Juba,Kajo Keji,passable,0,,Juba – Kajo Keji,40MT,
16,2024-04-04,Juba,Terakeka,impassable,2,,Juba – Terakeka,,
17,2024-04-04,Narus,Kuron,impassable,2,,Narus – Kuron,,
18,2024-04-04,Mundri,Mvolo,passable,0,,Mundri - Mvolo,40MT,
19,2024-04-04,Mangalla,Gemeiza,passable,0,,Mangalla – Gemeiza,40MT,
20,2024-04-04,Mathiang,Maiwut,partially passable,1,,Mathiang – Maiwut,10MT,
21,2024-04-04,Tonj,Langdit,passable,0,,Tonj – Langdit,40MT,
22,2024-04-04,Terakeka,Mundri,passable,0,Tali,Terakeka – Tali – Mundri,40MT,
23,2024-04-04,Terakeka,Mingkaman,passable,0,,Terakeka – Mingkaman,40MT,
24,2024-04-04,Torit,Magwi,passable,0,,Torit – Magwi,40MT,
25,2024-04-04,Hiyala,Ikotos,passable,0,,Hiyala – Ikotos,40MT,
26,2024-04-04,Torit,Lafon,partially passable,1,,Torit – Lafon,20MT,
27,2024-04-04,Wau,Thar Kueng,passable,0,,Wau – Thar Kueng,40MT,
28,2024-04-04,Wau,Tonj,passable,0,,Wau – Tonj,40MT,
29,2024-04-04,Wau,Akuem,passable,0,Aweil,Wau – Aweil – Akuem,40MT,
30,2024-04-04,Likuangole,Akobo,partially passable,1,,Likuangole – Akobo,20MT,
31,2024-04-04,Amok Piny,Madol,impassable,2,,Amok Piny – Madol,,
32,2024-04-04,Akwot,Nasser,impassable,2,,Akwot – Nasser,,
33,2024-04-04,Guit,Koch,impassable,2,,Guit – Koch,,
34,2024-04-04,Abiemnhom,Mayom,passable,0,,Abiemnhom – Mayom,40MT,
35,2024-04-04,Kilo 30,Kaikang,impassable,2,Tumor; Mayom,Kilo30 –Tumor – Mayom – Kaikang,,
36,2024-04-04,Boma,Pochala,impassable,2,,Boma – Pochala,,
37,2024-04-04,Bor,Gadiang,partially passable,1,,Bor – Gadiang,15MT,
38,2024-04-04,Bor,Baidit,partially passable,1,,Bor – Baidit,20MT,
39,2024-04-04,Pengko,Manyabol,partially passable,1,,Pengko – Manyabol,20MT,
40,2024-04-04,Baidit,Duk Padiet,partially passable,1,Mabior,Baidit – Mabior – Duk Padiet,20MT,
41,2024-04-04,Gadiang,Akobo,impassable,2,,Gadiang – Akobo,,
42,2024-04-04,Juba,Lafon,impassable,2,,Juba – Lafon,,
43,2024-04-04,Adar,Mathiang,partially passable,1,,Adar – Mathiang,10MT,
44,2024-04-04,Maper (Lakes),Dablual,impassable,2,,Maper (Lakes) – Dablual,,
45,2024-04-04,Akobo,Kaikuny,impassable,2,,Akobo – Kainuny,,
46,2024-04-04,Motot,Lankien,partially passable,1,,Motot – Lankein,20MT,
47,2024-04-04,Wau,Deim Zubeir,passable,0,,Wau – Deim Zubeir,40MT,
48,2024-04-04,Wau,Tambura,partially passable,1,,Wau – Tambura,20MT,
49,2024-04-04,Yirol,Shambe,partially passable,1,,Yirol – Shambe,20MT,
50,2024-04-04,Aluakluak,Yirol,partially passable,1,,Aluakluak - Yirol,20MT,
51,2024-04-04,Rumbek,Langdit,passable,0,,Rumbek - Langdit,40MT,
52,2024-04-04,Aluakluak,Rumbek,partially passable,1,,Aluakluak – Rumbek,20MT,
53,2024-04-04,Wunrok,Abiemnhom,passable,0,Turalei,Wunrok – Turalei – Abiemnhom,40MT,
54,2024-04-04,Kilo 30,Panakuach,passable,0,Roriak,Kilo 30 – Roriak – Panakuach,40MT,
55,2024-04-04,Ding Ding,Koch,impassable,2,,Ding ding - Koch,,
56,2024-04-04,Bentiu,Dhorbor,impassable,2,,Bentiu – Dhorbor,,
57,2024-04-04,Dhorbor,Guit,impassable,2,,Dhorbor – Guit,,
58,2024-04-04,Guit,Ding Ding,impassable,2,,Guit – Ding Ding,,
59,2024-04-04,Gumuruk,Pibor,partially passable,1,,Gumuruk – Pibor,20MT,
60,2024-04-04,Bor,Pengko,partially passable,1,,Bor – Pengko,20MT,
61,2024-04-04,Duk Padiet,Pajut,partially passable,1,,Duk Padiat – Pajut,20MT,
62,2024-04-04,Yuai,Karam,partially passable,1,Pathai,Yaui – Pathai – Karam,20MT,
63,2024-04-04,Yuai,Motot,partially passable,1,Pieri,Yaui – Pieri – Motot,20MT,
64,2024-04-04,Yuai,Pajut,impassable,2,,Yaui – Pajut,,
65,2024-04-04,Wulu,Rumbek,passable,0,,Wulu – Rumbek,40MT,
66,2024-04-04,Pibor,Likuangole,partially passable,1,,Pibor – Likuangole,20MT,
67,2024-04-04,Mingkaman,Yirol,partially passable,1,,Mingkaman – Yirol,20MT,
68,2024-04-04,Yambio,Tambura,passable,0,,Yambio – Tambura,40MT,
69,2024-04-04,Juba,Mundri,passable,0,,Juba – Mundri,40MT,
70,2024-04-04,Kodok,Paloich,passable,0,,Kodok – Paloich,40MT,
71,2024-04-04,Malakal,Kodok,passable,0,,Malakal – Kodok,40MT,
72,2024-04-04,Thar Kueng,Kuajok,passable,0,,Thar Kueng - Kuajok,40MT,
73,2024-04-04,Bentiu,Guit,passable,0,,Bentiu – Guit,40MT,
74,2024-04-04,Duk Padiet,Ayod,partially passable,1,,Duk Padiet – Ayod,20MT,
75,2024-04-04,Guit,Mirmir,passable,0,,Guit – Mir mir,40MT,
76,2024-04-04,Raja,Chandoy/Dolo2,passable,0,,Raja – Chandoy/Dolo2,40MT,
77,2024-04-04,Mundri,Maridi,passable,0,,Mundri - Maridi,40MT,
78,2024-04-04,Torit,Kapoeta,passable,0,,Torit – Kapoeta,20MT,
79,2024-04-04,Mayendit,Mirmir,impassable,2,Rupkuai,Mayendit – Rupkuai – Mir mir,,
80,2024-04-04,Mirmir,Leer,partially passable,1,,Mirmir – Leer,15MT,
81,2024-04-04,Mankien,Mayom,passable,0,,Mankien - Mayom,40MT,
82,2024-04-04,Ajak Kuac,Mankien,passable,0,,Ajak Kuac – Mankien,40MT,
83,2024-04-04,Ayod,Pathai,partially passable,1,,Ayod – Pathai,20MT,
84,2024-04-04,Nyandit,Kiech Kon,impassable,2,,Nyandit - Kiech Kon,,
85,2024-04-04,Paloich,Jemaam,passable,0,Adar,Paloich – Adar – Jemaam,40MT,
86,2024-04-04,New Fangak,Kuernyang,impassable,2,,New Fangak – Kuernyang,,
87,2024-04-04,Paguir,Keew,impassable,2,,Paguir – Keew,,
88,2024-04-04,Baliet,Kiech Kon,impassable,2,Akwot,Baliet – Akwot – Kiech kon,,
89,2024-04-04,Wunrok,Gogrial,passable,0,,Wunrok – Gogrial,40MT,
90,2024-04-04,Deim Zubeir,Raja,passable,0,,Dim Zubeir – Raja,40MT,
91,2024-04-04,Aweil,Yith Pabol,passable,0,,Aweil – Yith Pabol,40MT,
92,2024-04-04,Kapoeta,Narus,passable,0,,Kapoeta – Narus,40MT,
93,2024-04-04,Melut,Paloich,passable,0,,Melut – Paloich,40MT,
94,2024-04-04,Wunrok,Abyei,partially passable,1,,Wunrok – Abyei,Specialized Trucks,
95,2024-04-04,Gogrial,Kuajok,passable,0,,Gogrial – Kuajok,40MT,
96,2024-04-04,Bentiu,Nhialdiu,impassable,2,,Bentiu – Nhialdiu,,
97,2024-04-04,Aluakluak,Mvolo,partially passable,1,,Aluakluak - Mvolo,20MT,
98,2024-04-04,Kilo 30,Manga Port,passable,0,,Kilo 30 – Manga Port,40MT,
99,2024-04-04,Gossinga,Raja,impassable,2,,Gossinga – Raja,,
100,2024-04-04,Gossinga,Raja,partially passable,1,Kapalala,Gossinga – Kapalala – Raja,20MT,
101,2024-04-04,Nyal,Ganyiel,impassable,2,,Nyal – Ganyiel,,
102,2024-04-04,Manyabol,Gadiang,impassable,2,,Manyabol – Gadiang,,
103,2024-04-04,Manyabol,Gumuruk,partially passable,1,,Manyabol – Gumuruk,20MT,
104,2024-04-04,Vertet,Labarab,impassable,2,,Vertet – Labarab,,
105,2024-04-04,Boma,Maruwa,impassable,2,,Boma – Maruwa,,
106,2024-04-04,Boma,Labarab,impassable,2,,Boma - Labarab,,
107,2024-04-04,Pibor,Vertet,impassable,2,,Pibor – Verthet,,
108,2024-04-04,Aduel,Amok Piny,partially passable,1,,Aduel – Amok Piny,Specialized Trucks,
109,2024-04-04,Lankien,Pading,partially passable,1,Nyambor,Lankien – Nyambor – Pading,20MT,
110,2024-04-04,Nyambor,Karam,partially passable,1,Pading,Nyambor – Pading – Karam,20MT,
111,2024-04-04,Pajut,Payuel,partially passable,1,,Pajut – Payuel,20MT,
112,2024-04-04,Aweil,Gogrial,partially passable,1,Akun,Aweil – Akun – Gogrial,20MT,
113,2024-04-04,Kapoeta,Chukudum,passable,0,,Kapoeta – Chukudum,40MT,
114,2024-04-04,Diabio,Ezo,passable,0,,Diabio – Ezo,40MT,
115,2024-04-04,Mvolo,Wulu,passable,0,,Mvolo – Wullu,40MT,
116,2024-04-04,Aluakluak,Mapuordit,partially passable,1,,Aluakluak - Mapuordit,20MT,
117,2024-04-04,Narus,Nadapal,passable,0,,Narus – Nadapal,40MT,
118,2024-04-04,Bentiu,Kilo 30,passable,0,,Bentiu – Kilo30,40MT,
119,2024-04-04,Gadiang,Yuai,partially passable,1,,Gadiang – Yuai,15MT,
120,2024-04-04,Pathai,Fatuet,partially passable,1,,Pathai – Fatuet,20MT,
121,2024-04-04,Walgak,Kaikuny,impassable,2,,Walgak – Kaikuny,,
122,2024-04-04,Yuai,Walgak,partially passable,1,Motot; Waat,Yuai – Motot – Waat – Walgak,20MT,
123,2024-04-04,Kuron,Boma,impassable,2,,Kuron – Boma,,
124,2024-04-04,Kapoeta,Kassangor,impassable,2,,Kapoeta – Kassangor,,
125,2024-04-04,Rumbek,Maper (Lakes),impassable,2,,Rumbek – Maper (Lakes),,
126,2024-04-04,Maruwa,Labarab,impassable,2,,Maruwa – Labarab,,
127,2024-04-04,Koch,Mirmir,partially passable,1,,Koch – Mirmir,20MT,
128,2024-04-04,Adok,Leer,partially passable,1,Piling,Adok – Piling – Leer,20MT,
129,2024-04-04,Lainya,Yei,passable,0,,Lainya – Yei,40MT,
130,2024-04-04,Mathiang,Udier,partially passable,1,,Mathiang – Udier,10MT,
131,2024-04-04,Gadiang,Payuel,partially passable,1,,Gadiang – Payuel,20MT,
132,2024-04-04,Ayod,Mogok,impassable,2,,Ayod – Mogok,,
133,2024-04-04,Kaikang,Kilo 30,passable,0,Roriak; Mayom,(Kaikang – Roriak )(Mayom – Kilo 30),"""alternative Road""",alternative road listed as two separate stretches: Kaikang–Roriak and Mayom–Kilo 30
134,2024-04-04,Pariang,Ajuong Thok,passable,0,,Pariang – Ajuong Thok,40MT,
1,2024-04-11,Kilo 30,Pariang,passable,0,,Kilo 30 – Pariang,40MT,
2,2024-04-11,Gemeiza,Bor,impassable,2,,Gemeiza – Bor,,
3,2024-04-11,Yida,Pariang,passable,0,,Yida - Pariang,40MT,
4,2024-04-11,Juba,Nimule,passable,0,,Juba – Nimule,40MT,
5,2024-04-11,Juba,Torit,passable,0,,Juba – Torit,40MT,
6,2024-04-11,Juba,Mangalla,passable,0,,Juba – Mangalla,40MT,
7,2024-04-11,Malakal,Baliet,impassable,2,,Malakal – Baliet,,
8,2024-04-11,Paloich,Renk,passable,0,,Paloich – Renk,40MT,
9,2024-04-11,Adar,Maban,partially passable,1,Jemaam,Adar – Jemaam – Maban,15MT,
10,2024-04-11,Abyei,Abiemnhom,impassable,2,,Abyei – Abienhom,,
11,2024-04-11,Aweil,Gossinga,partially passable,1,,Aweil – Gossinga,20MT,
12,2024-04-11,Pathai,Walgak,partially passable,1,Motot,Pathai – Motot – Walgak,20MT,
13,2024-04-11,Juba,Lainya,passable,0,,Juba – Lainya,40MT,
14,2024-04-11,Maridi,Yambio,passable,0,,Maridi – Yambio,40MT,
15,2024-04-11,Juba,Kajo Keji,passable,0,,Juba – Kajo Keji,40MT,
16,2024-04-11,Juba,Terakeka,impassable,2,,Juba – Terakeka,,
17,2024-04-11,Narus,Kuron,impassable,2,,Narus – Kuron,,
18,2024-04-11,Mundri,Mvolo,passable,0,,Mundri - Mvolo,40MT,
19,2024-04-11,Mangalla,Gemeiza,passable,0,,Mangalla – Gemeiza,40MT,
20,2024-04-11,Mathiang,Maiwut,partially passable,1,,Mathiang – Maiwut,10MT,
21,2024-04-11,Tonj,Langdit,passable,0,,Tonj – Langdit,40MT,
22,2024-04-11,Terakeka,Mundri,passable,0,Tali,Terakeka – Tali – Mundri,40MT,
23,2024-04-11,Terakeka,Mingkaman,partially passable,1,,Terakeka – Mingkaman,20MT,
24,2024-04-11,Torit,Magwi,passable,0,,Torit – Magwi,40MT,
25,2024-04-11,Hiyala,Ikotos,passable,0,,Hiyala – Ikotos,40MT,
26,2024-04-11,Torit,Lafon,partially passable,1,,Torit – Lafon,20MT,
27,2024-04-11,Wau,Thar Kueng,passable,0,,Wau – Thar Kueng,40MT,
28,2024-04-11,Wau,Tonj,passable,0,,Wau – Tonj,40MT,
29,2024-04-11,Wau,Akuem,passable,0,Aweil,Wau – Aweil – Akuem,40MT,
30,2024-04-11,Likuangole,Akobo,partially passable,1,,Likuangole – Akobo,20MT,
31,2024-04-11,Amok Piny,Madol,impassable,2,,Amok Piny – Madol,,
32,2024-04-11,Akwot,Nasser,impassable,2,,Akwot – Nasser,,
33,2024-04-11,Guit,Koch,impassable,2,,Guit – Koch,,
34,2024-04-11,Abiemnhom,Mayom,passable,0,,Abiemnhom – Mayom,40MT,
35,2024-04-11,Kilo 30,Kaikang,impassable,2,Tumor; Mayom,Kilo30 –Tumor – Mayom – Kaikang,,
36,2024-04-11,Boma,Pochala,impassable,2,,Boma – Pochala,,
37,2024-04-11,Bor,Gadiang,partially passable,1,,Bor – Gadiang,15MT,
38,2024-04-11,Bor,Baidit,partially passable,1,,Bor – Baidit,20MT,
39,2024-04-11,Pengko,Manyabol,partially passable,1,,Pengko – Manyabol,20MT,
40,2024-04-11,Baidit,Duk Padiet,partially passable,1,Mabior,Baidit – Mabior – Duk Padiet,20MT,
41,2024-04-11,Gadiang,Akobo,impassable,2,,Gadiang – Akobo,,
42,2024-04-11,Juba,Lafon,impassable,2,,Juba – Lafon,,
43,2024-04-11,Adar,Mathiang,partially passable,1,,Adar – Mathiang,10MT,
44,2024-04-11,Maper (Lakes),Dablual,impassable,2,,Maper (Lakes) – Dablual,,
45,2024-04-11,Akobo,Kaikuny,impassable,2,,Akobo – Kainuny,,
46,2024-04-11,Motot,Lankien,partially passable,1,,Motot – Lankein,20MT,
47,2024-04-11,Wau,Deim Zubeir,passable,0,,Wau – Deim Zubeir,40MT,
48,2024-04-11,Wau,Tambura,partially passable,1,,Wau – Tambura,20MT,
49,2024-04-11,Yirol,Shambe,partially passable,1,,Yirol – Shambe,20MT,
50,2024-04-11,Aluakluak,Yirol,partially passable,1,,Aluakluak - Yirol,20MT,
51,2024-04-11,Rumbek,Langdit,passable,0,,Rumbek - Langdit,40MT,
52,2024-04-11,Aluakluak,Rumbek,partially passable,1,,Aluakluak – Rumbek,20MT,
53,2024-04-11,Wunrok,Abiemnhom,passable,0,Turalei,Wunrok – Turalei – Abiemnhom,40MT,
54,2024-04-11,Kilo 30,Panakuach,passable,0,Roriak,Kilo 30 – Roriak – Panakuach,40MT,
55,2024-04-11,Ding Ding,Koch,impassable,2,,Ding ding - Koch,,
56,2024-04-11,Bentiu,Dhorbor,impassable,2,,Bentiu – Dhorbor,,
57,2024-04-11,Dhorbor,Guit,impassable,2,,Dhorbor – Guit,,
58,2024-04-11,Guit,Ding Ding,impassable,2,,Guit – Ding Ding,,
59,2024-04-11,Gumuruk,Pibor,partially passable,1,,Gumuruk – Pibor,20MT,
60,2024-04-11,Bor,Pengko,partially passable,1,,Bor – Pengko,20MT,
61,2024-04-11,Duk Padiet,Pajut,partially passable,1,,Duk Padiat – Pajut,20MT,
62,2024-04-11,Yuai,Karam,partially passable,1,Pathai,Yaui – Pathai – Karam,20MT,
63,2024-04-11,Yuai,Motot,partially passable,1,Pieri,Yaui – Pieri – Motot,20MT,
64,2024-04-11,Yuai,Pajut,impassable,2,,Yaui – Pajut,,
65,2024-04-11,Wulu,Rumbek,passable,0,,Wulu – Rumbek,40MT,
66,2024-04-11,Pibor,Likuangole,partially passable,1,,Pibor – Likuangole,20MT,
67,2024-04-11,Mingkaman,Yirol,partially passable,1,,Mingkaman – Yirol,20MT,
68,2024-04-11,Yambio,Tambura,passable,0,,Yambio – Tambura,40MT,
69,2024-04-11,Juba,Mundri,passable,0,,Juba – Mundri,40MT,
70,2024-04-11,Kodok,Paloich,passable,0,,Kodok – Paloich,40MT,
71,2024-04-11,Malakal,Kodok,passable,0,,Malakal – Kodok,40MT,
72,2024-04-11,Thar Kueng,Kuajok,passable,0,,Thar Kueng - Kuajok,40MT,
73,2024-04-11,Bentiu,Guit,passable,0,,Bentiu – Guit,40MT,
74,2024-04-11,Duk Padiet,Ayod,partially passable,1,,Duk Padiet – Ayod,20MT,
75,2024-04-11,Guit,Mirmir,passable,0,,Guit – Mir mir,40MT,
76,2024-04-11,Raja,Chandoy/Dolo2,passable,0,,Raja – Chandoy/Dolo2,40MT,
77,2024-04-11,Mundri,Maridi,passable,0,,Mundri - Maridi,40MT,
78,2024-04-11,Torit,Kapoeta,passable,0,,Torit – Kapoeta,20MT,
79,2024-04-11,Mayendit,Mirmir,impassable,2,Rupkuai,Mayendit – Rupkuai – Mir mir,,
80,2024-04-11,Mirmir,Leer,partially passable,1,,Mirmir – Leer,15MT,
81,2024-04-11,Mankien,Mayom,passable,0,,Mankien - Mayom,40MT,
82,2024-04-11,Ajak Kuac,Mankien,passable,0,,Ajak Kuac – Mankien,40MT,
83,2024-04-11,Ayod,Pathai,partially passable,1,,Ayod – Pathai,20MT,
84,2024-04-11,Nyandit,Kiech Kon,impassable,2,,Nyandit - Kiech Kon,,
85,2024-04-11,Paloich,Jemaam,passable,0,Adar,Paloich – Adar – Jemaam,40MT,
86,2024-04-11,New Fangak,Kuernyang,impassable,2,,New Fangak – Kuernyang,,
87,2024-04-11,Paguir,Keew,impassable,2,,Paguir – Keew,,
88,2024-04-11,Baliet,Kiech Kon,impassable,2,Akwot,Baliet – Akwot – Kiech kon,,
89,2024-04-11,Wunrok,Gogrial,passable,0,,Wunrok – Gogrial,40MT,
90,2024-04-11,Deim Zubeir,Raja,passable,0,,Dim Zubeir – Raja,40MT,
91,2024-04-11,Aweil,Yith Pabol,passable,0,,Aweil – Yith Pabol,40MT,
92,2024-04-11,Kapoeta,Narus,passable,0,,Kapoeta – Narus,40MT,
93,2024-04-11,Melut,Paloich,passable,0,,Melut – Paloich,40MT,
94,2024-04-11,Wunrok,Abyei,partially passable,1,,Wunrok – Abyei,Specialized Trucks,
95,2024-04-11,Gogrial,Kuajok,passable,0,,Gogrial – Kuajok,40MT,
96,2024-04-11,Bentiu,Nhialdiu,impassable,2,,Bentiu – Nhialdiu,,
97,2024-04-11,Aluakluak,Mvolo,partially passable,1,,Aluakluak - Mvolo,20MT,
98,2024-04-11,Kilo 30,Manga Port,passable,0,,Kilo 30 – Manga Port,40MT,
99,2024-04-11,Gossinga,Raja,impassable,2,,Gossinga – Raja,,
100,2024-04-11,Gossinga,Raja,partially passable,1,Kapalala,Gossinga – Kapalala – Raja,20MT,
101,2024-04-11,Nyal,Ganyiel,impassable,2,,Nyal – Ganyiel,,
102,2024-04-11,Manyabol,Gadiang,impassable,2,,Manyabol – Gadiang,,
103,2024-04-11,Manyabol,Gumuruk,partially passable,1,,Manyabol – Gumuruk,20MT,
104,2024-04-11,Vertet,Labarab,impassable,2,,Vertet – Labarab,,
105,2024-04-11,Boma,Maruwa,impassable,2,,Boma – Maruwa,,
106,2024-04-11,Boma,Labarab,impassable,2,,Boma - Labarab,,
107,2024-04-11,Pibor,Vertet,impassable,2,,Pibor – Verthet,,
108,2024-04-11,Aduel,Amok Piny,partially passable,1,,Aduel – Amok Piny,Specialized Trucks,
109,2024-04-11,Lankien,Pading,partially passable,1,Nyambor,Lankien – Nyambor – Pading,20MT,
110,2024-04-11,Nyambor,Karam,partially passable,1,Pading,Nyambor – Pading – Karam,20MT,
111,2024-04-11,Pajut,Payuel,partially passable,1,,Pajut – Payuel,20MT,
112,2024-04-11,Aweil,Gogrial,partially passable,1,Akun,Aweil – Akun – Gogrial,20MT,
113,2024-04-11,Kapoeta,Chukudum,passable,0,,Kapoeta – Chukudum,40MT,
114,2024-04-11,Diabio,Ezo,passable,0,,Diabio – Ezo,40MT,
115,2024-04-11,Mvolo,Wulu,passable,0,,Mvolo – Wullu,40MT,
116,2024-04-11,Aluakluak,Mapuordit,partially passable,1,,Aluakluak - Mapuordit,20MT,
117,2024-04-11,Narus,Nadapal,passable,0,,Narus – Nadapal,40MT,
118,2024-04-11,Bentiu,Kilo 30,passable,0,,Bentiu – Kilo30,40MT,
119,2024-04-11,Gadiang,Yuai,partially passable,1,,Gadiang – Yuai,15MT,
120,2024-04-11,Pathai,Fatuet,partially passable,1,,Pathai – Fatuet,20MT,
121,2024-04-11,Walgak,Kaikuny,impassable,2,,Walgak – Kaikuny,,
122,2024-04-11,Yuai,Walgak,partially passable,1,Motot; Waat,Yuai – Motot – Waat – Walgak,20MT,
123,2024-04-11,Kuron,Boma,impassable,2,,Kuron – Boma,,
124,2024-04-11,Kapoeta,Kassangor,impassable,2,,Kapoeta – Kassangor,,
125,2024-04-11,Rumbek,Maper (Lakes),impassable,2,,Rumbek – Maper (Lakes),,
126,2024-04-11,Maruwa,Labarab,impassable,2,,Maruwa – Labarab,,
127,2024-04-11,Koch,Mirmir,partially passable,1,,Koch – Mirmir,20MT,
128,2024-04-11,Adok,Leer,partially passable,1,Piling,Adok – Piling – Leer,20MT,
129,2024-04-11,Lainya,Yei,passable,0,,Lainya – Yei,40MT,
130,2024-04-11,Mathiang,Udier,partially passable,1,,Mathiang – Udier,10MT,
131,2024-04-11,Gadiang,Payuel,partially passable,1,,Gadiang – Payuel,20MT,
132,2024-04-11,Ayod,Mogok,impassable,2,,Ayod – Mogok,,
133,2024-04-11,Kaikang,Kilo 30,passable,0,Roriak; Mayom,(Kaikang – Roriak )(Mayom – Kilo 30),"""alternative Road""",alternative road listed as two separate stretches: Kaikang–Roriak and Mayom–Kilo 30
134,2024-04-11,Pariang,Ajuong Thok,passable,0,,Pariang – Ajuong Thok,40MT,
1,2024-04-25,Kilo 30,Pariang,passable,0,,Kilo 30 – Pariang,40MT,
2,2024-04-25,Gemeiza,Bor,impassable,2,,Gemeiza – Bor,,
3,2024-04-25,Yida,Pariang,passable,0,,Yida - Pariang,40MT,
4,2024-04-25,Juba,Nimule,passable,0,,Juba – Nimule,40MT,
5,2024-04-25,Juba,Torit,passable,0,,Juba – Torit,40MT,
6,2024-04-25,Juba,Mangalla,passable,0,,Juba – Mangalla,40MT,
7,2024-04-25,Malakal,Baliet,impassable,2,,Malakal – Baliet,,
8,2024-04-25,Paloich,Renk,passable,0,,Paloich – Renk,40MT,
9,2024-04-25,Adar,Maban,partially passable,1,Jemaam,Adar – Jemaam – Maban,15MT,
10,2024-04-25,Abyei,Abiemnhom,impassable,2,,Abyei – Abienhom,,
11,2024-04-25,Aweil,Gossinga,partially passable,1,,Aweil – Gossinga,20MT,
12,2024-04-25,Pathai,Walgak,partially passable,1,Motot,Pathai – Motot – Walgak,20MT,
13,2024-04-25,Juba,Lainya,passable,0,,Juba – Lainya,40MT,
14,2024-04-25,Maridi,Yambio,passable,0,,Maridi – Yambio,40MT,
15,2024-04-25,Juba,Kajo Keji,passable,0,,Juba – Kajo Keji,40MT,
16,2024-04-25,Juba,Terakeka,impassable,2,,Juba – Terakeka,,
17,2024-04-25,Narus,Kuron,impassable,2,,Narus – Kuron,,
18,2024-04-25,Mundri,Mvolo,passable,0,,Mundri - Mvolo,40MT,
19,2024-04-25,Mangalla,Gemeiza,passable,0,,Mangalla – Gemeiza,40MT,
20,2024-04-25,Mathiang,Maiwut,partially passable,1,,Mathiang – Maiwut,10MT,
21,2024-04-25,Tonj,Langdit,passable,0,,Tonj – Langdit,40MT,
22,2024-04-25,Terakeka,Mundri,passable,0,Tali,Terakeka – Tali – Mundri,40MT,
23,2024-04-25,Terakeka,Mingkaman,partially passable,1,,Terakeka – Mingkaman,20MT,
24,2024-04-25,Torit,Magwi,passable,0,,Torit – Magwi,40MT,
25,2024-04-25,Hiyala,Ikotos,passable,0,,Hiyala – Ikotos,40MT,
26,2024-04-25,Torit,Lafon,partially passable,1,,Torit – Lafon,20MT,
27,2024-04-25,Wau,Thar Kueng,passable,0,,Wau – Thar Kueng,40MT,
28,2024-04-25,Wau,Tonj,passable,0,,Wau – Tonj,40MT,
29,2024-04-25,Wau,Akuem,passable,0,Aweil,Wau – Aweil – Akuem,40MT,
30,2024-04-25,Likuangole,Akobo,partially passable,1,,Likuangole – Akobo,20MT,
31,2024-04-25,Amok Piny,Madol,impassable,2,,Amok Piny – Madol,,
32,2024-04-25,Akwot,Nasser,impassable,2,,Akwot – Nasser,,
33,2024-04-25,Guit,Koch,impassable,2,,Guit – Koch,,
34,2024-04-25,Abiemnhom,Mayom,passable,0,,Abiemnhom – Mayom,40MT,
35,2024-04-25,Kilo 30,Kaikang,impassable,2,Tumor; Mayom,Kilo30 –Tumor – Mayom – Kaikang,,
36,2024-04-25,Boma,Pochala,impassable,2,,Boma – Pochala,,
37,2024-04-25,Bor,Gadiang,partially passable,1,,Bor – Gadiang,15MT,
38,2024-04-25,Bor,Baidit,partially passable,1,,Bor – Baidit,20MT,
39,2024-04-25,Pengko,Manyabol,partially passable,1,,Pengko – Manyabol,20MT,
40,2024-04-25,Baidit,Duk Padiet,partially passable,1,Mabior,Baidit – Mabior – Duk Padiet,20MT,
41,2024-04-25,Gadiang,Akobo,impassable,2,,Gadiang – Akobo,,
42,2024-04-25,Juba,Lafon,impassable,2,,Juba – Lafon,,
43,2024-04-25,Adar,Mathiang,partially passable,1,,Adar – Mathiang,10MT,
44,2024-04-25,Maper (Lakes),Dablual,impassable,2,,Maper (Lakes) – Dablual,,
45,2024-04-25,Akobo,Kaikuny,impassable,2,,Akobo – Kainuny,,
46,2024-04-25,Motot,Lankien,partially passable,1,,Motot – Lankein,20MT,
47,2024-04-25,Wau,Deim Zubeir,passable,0,,Wau – Deim Zubeir,40MT,
48,2024-04-25,Wau,Tambura,partially passable,1,,Wau – Tambura,20MT,
49,2024-04-25,Yirol,Shambe,partially passable,1,,Yirol – Shambe,20MT,
50,2024-04-25,Aluakluak,Yirol,partially passable,1,,Aluakluak - Yirol,20MT,
51,2024-04-25,Rumbek,Langdit,passable,0,,Rumbek - Langdit,40MT,
52,2024-04-25,Aluakluak,Rumbek,partially passable,1,,Aluakluak – Rumbek,20MT,
53,2024-04-25,Wunrok,Abiemnhom,passable,0,Turalei,Wunrok – Turalei – Abiemnhom,40MT,
54,2024-04-25,Kilo 30,Panakuach,passable,0,Roriak,Kilo 30 – Roriak – Panakuach,40MT,
55,2024-04-25,Ding Ding,Koch,impassable,2,,Ding ding - Koch,,
56,2024-04-25,Bentiu,Dhorbor,impassable,2,,Bentiu – Dhorbor,,
57,2024-04-25,Dhorbor,Guit,impassable,2,,Dhorbor – Guit,,
58,2024-04-25,Guit,Ding Ding,impassable,2,,Guit – Ding Ding,,
59,2024-04-25,Gumuruk,Pibor,partially passable,1,,Gumuruk – Pibor,20MT,
60,2024-04-25,Bor,Pengko,partially passable,1,,Bor – Pengko,20MT,
61,2024-04-25,Duk Padiet,Pajut,partially passable,1,,Duk Padiat – Pajut,20MT,
62,2024-04-25,Yuai,Karam,partially passable,1,Pathai,Yaui – Pathai – Karam,20MT,
63,2024-04-25,Yuai,Motot,partially passable,1,Pieri,Yaui – Pieri – Motot,20MT,
64,2024-04-25,Yuai,Pajut,impassable,2,,Yaui – Pajut,,
65,2024-04-25,Wulu,Rumbek,passable,0,,Wulu – Rumbek,40MT,
66,2024-04-25,Pibor,Likuangole,partially passable,1,,Pibor – Likuangole,20MT,
67,2024-04-25,Mingkaman,Yirol,partially passable,1,,Mingkaman – Yirol,20MT,
68,2024-04-25,Yambio,Tambura,passable,0,,Yambio – Tambura,40MT,
69,2024-04-25,Juba,Mundri,passable,0,,Juba – Mundri,40MT,
70,2024-04-25,Kodok,Paloich,passable,0,,Kodok – Paloich,40MT,
71,2024-04-25,Malakal,Kodok,passable,0,,Malakal – Kodok,40MT,
72,2024-04-25,Thar Kueng,Kuajok,passable,0,,Thar Kueng - Kuajok,40MT,
73,2024-04-25,Bentiu,Guit,passable,0,,Bentiu – Guit,40MT,
74,2024-04-25,Duk Padiet,Ayod,partially passable,1,,Duk Padiet – Ayod,20MT,
75,2024-04-25,Guit,Mirmir,passable,0,,Guit – Mir mir,40MT,
76,2024-04-25,Raja,Chandoy/Dolo2,passable,0,,Raja – Chandoy/Dolo2,40MT,
77,2024-04-25,Mundri,Maridi,passable,0,,Mundri - Maridi,40MT,
78,2024-04-25,Torit,Kapoeta,passable,0,,Torit – Kapoeta,20MT,
79,2024-04-25,Mayendit,Mirmir,impassable,2,Rupkuai,Mayendit – Rupkuai – Mir mir,,
80,2024-04-25,Mirmir,Leer,partially passable,1,,Mirmir – Leer,15MT,
81,2024-04-25,Mankien,Mayom,passable,0,,Mankien - Mayom,40MT,
82,2024-04-25,Ajak Kuac,Mankien,passable,0,,Ajak Kuac – Mankien,40MT,
83,2024-04-25,Ayod,Pathai,partially passable,1,,Ayod – Pathai,20MT,
84,2024-04-25,Nyandit,Kiech Kon,impassable,2,,Nyandit - Kiech Kon,,
85,2024-04-25,Paloich,Jemaam,passable,0,Adar,Paloich – Adar – Jemaam,40MT,
86,2024-04-25,New Fangak,Kuernyang,impassable,2,,New Fangak – Kuernyang,,
87,2024-04-25,Paguir,Keew,impassable,2,,Paguir – Keew,,
88,2024-04-25,Baliet,Kiech Kon,impassable,2,Akwot,Baliet – Akwot – Kiech kon,,
89,2024-04-25,Wunrok,Gogrial,passable,0,,Wunrok – Gogrial,40MT,
90,2024-04-25,Deim Zubeir,Raja,passable,0,,Dim Zubeir – Raja,40MT,
91,2024-04-25,Aweil,Yith Pabol,passable,0,,Aweil – Yith Pabol,40MT,
92,2024-04-25,Kapoeta,Narus,passable,0,,Kapoeta – Narus,40MT,
93,2024-04-25,Melut,Paloich,passable,0,,Melut – Paloich,40MT,
94,2024-04-25,Wunrok,Abyei,partially passable,1,,Wunrok – Abyei,Specialized Trucks,
95,2024-04-25,Gogrial,Kuajok,passable,0,,Gogrial – Kuajok,40MT,
96,2024-04-25,Bentiu,Nhialdiu,impassable,2,,Bentiu – Nhialdiu,,
97,2024-04-25,Aluakluak,Mvolo,partially passable,1,,Aluakluak - Mvolo,20MT,
98,2024-04-25,Kilo 30,Manga Port,passable,0,,Kilo 30 – Manga Port,40MT,
99,2024-04-25,Gossinga,Raja,impassable,2,,Gossinga – Raja,,
100,2024-04-25,Gossinga,Raja,partially passable,1,Kapalala,Gossinga – Kapalala – Raja,20MT,
101,2024-04-25,Nyal,Ganyiel,impassable,2,,Nyal – Ganyiel,,
102,2024-04-25,Manyabol,Gadiang,impassable,2,,Manyabol – Gadiang,,
103,2024-04-25,Manyabol,Gumuruk,partially passable,1,,Manyabol – Gumuruk,20MT,
104,2024-04-25,Vertet,Labarab,impassable,2,,Vertet – Labarab,,
105,2024-04-25,Boma,Maruwa,impassable,2,,Boma – Maruwa,,
106,2024-04-25,Boma,Labarab,impassable,2,,Boma - Labarab,,
107,2024-04-25,Pibor,Vertet,impassable,2,,Pibor – Verthet,,
108,2024-04-25,Aduel,Amok Piny,partially passable,1,,Aduel – Amok Piny,Specialized Trucks,
109,2024-04-25,Lankien,Pading,partially passable,1,Nyambor,Lankien – Nyambor – Pading,20MT,
110,2024-04-25,Nyambor,Karam,partially passable,1,Pading,Nyambor – Pading – Karam,20MT,
111,2024-04-25,Pajut,Payuel,partially passable,1,,Pajut – Payuel,20MT,
112,2024-04-25,Aweil,Gogrial,partially passable,1,Akun,Aweil – Akun – Gogrial,20MT,
113,2024-04-25,Kapoeta,Chukudum,passable,0,,Kapoeta – Chukudum,40MT,
114,2024-04-25,Diabio,Ezo,passable,0,,Diabio – Ezo,40MT,
115,2024-04-25,Mvolo,Wulu,passable,0,,Mvolo – Wullu,40MT,
116,2024-04-25,Aluakluak,Mapuordit,partially passable,1,,Aluakluak - Mapuordit,20MT,
117,2024-04-25,Narus,Nadapal,passable,0,,Narus – Nadapal,40MT,
118,2024-04-25,Bentiu,Kilo 30,passable,0,,Bentiu – Kilo30,40MT,
119,2024-04-25,Gadiang,Yuai,partially passable,1,,Gadiang – Yuai,15MT,
120,2024-04-25,Pathai,Fatuet,partially passable,1,,Pathai – Fatuet,20MT,
121,2024-04-25,Walgak,Kaikuny,impassable,2,,Walgak – Kaikuny,,
122,2024-04-25,Yuai,Walgak,partially passable,1,Motot; Waat,Yuai – Motot – Waat – Walgak,20MT,
123,2024-04-25,Kuron,Boma,impassable,2,,Kuron – Boma,,
124,2024-04-25,Kapoeta,Kassangor,impassable,2,,Kapoeta – Kassangor,,
125,2024-04-25,Rumbek,Maper (Lakes),impassable,2,,Rumbek – Maper (Lakes),,
126,2024-04-25,Maruwa,Labarab,impassable,2,,Maruwa – Labarab,,
127,2024-04-25,Koch,Mirmir,partially passable,1,,Koch – Mirmir,20MT,
128,2024-04-25,Adok,Leer,partially passable,1,Piling,Adok – Piling – Leer,20MT,
129,2024-04-25,Lainya,Yei,passable,0,,Lainya – Yei,40MT,
130,2024-04-25,Mathiang,Udier,partially passable,1,,Mathiang – Udier,10MT,
131,2024-04-25,Gadiang,Payuel,partially passable,1,,Gadiang – Payuel,20MT,
132,2024-04-25,Ayod,Mogok,impassable,2,,Ayod – Mogok,,
133,2024-04-25,Kaikang,Kilo 30,passable,0,Roriak; Mayom,(Kaikang – Roriak )(Mayom – Kilo 30),"""alternative Road""",alternative road listed as two separate stretches: Kaikang–Roriak and Mayom–Kilo 30
134,2024-04-25,Pariang,Ajuong Thok,passable,0,,Pariang – Ajuong Thok,40MT,
1,2024-05-02,Kilo 30,Pariang,passable,0,,Kilo 30 – Pariang,40MT,
2,2024-05-02,Gemeiza,Bor,impassable,2,,Gemeiza – Bor,,
3,2024-05-02,Yida,Pariang,passable,0,,Yida - Pariang,40MT,
4,2024-05-02,Juba,Nimule,passable,0,,Juba – Nimule,40MT,
5,2024-05-02,Juba,Torit,passable,0,,Juba – Torit,40MT,
6,2024-05-02,Juba,Mangalla,passable,0,,Juba – Mangalla,40MT,
7,2024-05-02,Malakal,Baliet,impassable,2,,Malakal – Baliet,,
8,2024-05-02,Paloich,Renk,passable,0,,Paloich – Renk,40MT,
9,2024-05-02,Adar,Maban,partially passable,1,Jemaam,Adar – Jemaam – Maban,15MT,
10,2024-05-02,Abyei,Abiemnhom,impassable,2,,Abyei – Abienhom,,
11,2024-05-02,Aweil,Gossinga,partially passable,1,,Aweil – Gossinga,20MT,
12,2024-05-02,Pathai,Walgak,partially passable,1,Motot,Pathai – Motot – Walgak,20MT,
13,2024-05-02,Juba,Lainya,passable,0,,Juba – Lainya,40MT,
14,2024-05-02,Maridi,Yambio,passable,0,,Maridi – Yambio,40MT,
15,2024-05-02,Juba,Kajo Keji,passable,0,,Juba – Kajo Keji,40MT,
16,2024-05-02,Juba,Terakeka,impassable,2,,Juba – Terakeka,,
17,2024-05-02,Narus,Kuron,impassable,2,,Narus – Kuron,,
18,2024-05-02,Mundri,Mvolo,passable,0,,Mundri - Mvolo,40MT,
19,2024-05-02,Mangalla,Gemeiza,passable,0,,Mangalla – Gemeiza,40MT,
20,2024-05-02,Mathiang,Maiwut,partially passable,1,,Mathiang – Maiwut,10MT,
21,2024-05-02,Tonj,Langdit,passable,0,,Tonj – Langdit,40MT,
22,2024-05-02,Terakeka,Mundri,passable,0,Tali,Terakeka – Tali – Mundri,40MT,
23,2024-05-02,Terakeka,Mingkaman,partially passable,1,,Terakeka – Mingkaman,20MT,
24,2024-05-02,Torit,Magwi,passable,0,,Torit – Magwi,40MT,
25,2024-05-02,Hiyala,Ikotos,passable,0,,Hiyala – Ikotos,40MT,
26,2024-05-02,Torit,Lafon,partially passable,1,,Torit – Lafon,20MT,
27,2024-05-02,Wau,Thar Kueng,passable,0,,Wau – Thar Kueng,40MT,
28,2024-05-02,Wau,Tonj,passable,0,,Wau – Tonj,40MT,
29,2024-05-02,Wau,Akuem,passable,0,Aweil,Wau – Aweil – Akuem,40MT,
30,2024-05-02,Likuangole,Akobo,partially passable,1,,Likuangole – Akobo,20MT,
31,2024-05-02,Amok Piny,Madol,impassable,2,,Amok Piny – Madol,,
32,2024-05-02,Akwot,Nasser,impassable,2,,Akwot – Nasser,,
33,2024-05-02,Guit,Koch,impassable,2,,Guit – Koch,,
34,2024-05-02,Abiemnhom,Mayom,passable,0,,Abiemnhom – Mayom,40MT,
35,2024-05-02,Kilo 30,Kaikang,impassable,2,Tumor; Mayom,Kilo30 –Tumor – Mayom – Kaikang,,
36,2024-05-02,Boma,Pochala,impassable,2,,Boma – Pochala,,
37,2024-05-02,Bor,Gadiang,partially passable,1,,Bor – Gadiang,15MT,
38,2024-05-02,Bor,Baidit,partially passable,1,,Bor – Baidit,20MT,
39,2024-05-02,Pengko,Manyabol,partially passable,1,,Pengko – Manyabol,20MT,
40,2024-05-02,Baidit,Duk Padiet,partially passable,1,Mabior,Baidit – Mabior – Duk Padiet,20MT,
41,2024-05-02,Gadiang,Akobo,impassable,2,,Gadiang – Akobo,,
42,2024-05-02,Juba,Lafon,impassable,2,,Juba – Lafon,,
43,2024-05-02,Adar,Mathiang,partially passable,1,,Adar – Mathiang,10MT,
44,2024-05-02,Maper (Lakes),Dablual,impassable,2,,Maper (Lakes) – Dablual,,
45,2024-05-02,Akobo,Kaikuny,partially passable,1,,Akobo – Kainuny,20MT,
46,2024-05-02,Motot,Lankien,partially passable,1,,Motot – Lankein,20MT,
47,2024-05-02,Wau,Deim Zubeir,passable,0,,Wau – Deim Zubeir,40MT,
48,2024-05-02,Wau,Tambura,partially passable,1,,Wau – Tambura,20MT,
49,2024-05-02,Yirol,Shambe,partially passable,1,,Yirol – Shambe,20MT,
50,2024-05-02,Aluakluak,Yirol,partially passable,1,,Aluakluak - Yirol,20MT,
51,2024-05-02,Rumbek,Langdit,passable,0,,Rumbek - Langdit,40MT,
52,2024-05-02,Aluakluak,Rumbek,partially passable,1,,Aluakluak – Rumbek,20MT,
53,2024-05-02,Wunrok,Abiemnhom,passable,0,Turalei,Wunrok – Turalei – Abiemnhom,40MT,
54,2024-05-02,Kilo 30,Panakuach,passable,0,Roriak,Kilo 30 – Roriak – Panakuach,40MT,
55,2024-05-02,Ding Ding,Koch,impassable,2,,Ding ding - Koch,,
56,2024-05-02,Bentiu,Dhorbor,impassable,2,,Bentiu – Dhorbor,,
57,2024-05-02,Dhorbor,Guit,impassable,2,,Dhorbor – Guit,,
58,2024-05-02,Guit,Ding Ding,impassable,2,,Guit – Ding Ding,,
59,2024-05-02,Gumuruk,Pibor,partially passable,1,,Gumuruk – Pibor,20MT,
60,2024-05-02,Bor,Pengko,partially passable,1,,Bor – Pengko,20MT,
61,2024-05-02,Duk Padiet,Pajut,partially passable,1,,Duk Padiat – Pajut,20MT,
62,2024-05-02,Yuai,Karam,partially passable,1,Pathai,Yaui – Pathai – Karam,20MT,
63,2024-05-02,Yuai,Motot,partially passable,1,Pieri,Yaui – Pieri – Motot,20MT,
64,2024-05-02,Yuai,Pajut,impassable,2,,Yaui – Pajut,,
65,2024-05-02,Wulu,Rumbek,passable,0,,Wulu – Rumbek,40MT,
66,2024-05-02,Pibor,Likuangole,partially passable,1,,Pibor – Likuangole,20MT,
67,2024-05-02,Mingkaman,Yirol,partially passable,1,,Mingkaman – Yirol,20MT,
68,2024-05-02,Yambio,Tambura,passable,0,,Yambio – Tambura,40MT,
69,2024-05-02,Juba,Mundri,passable,0,,Juba – Mundri,40MT,
70,2024-05-02,Kodok,Paloich,passable,0,,Kodok – Paloich,40MT,
71,2024-05-02,Malakal,Kodok,passable,0,,Malakal – Kodok,40MT,
72,2024-05-02,Thar Kueng,Kuajok,passable,0,,Thar Kueng - Kuajok,40MT,
73,2024-05-02,Bentiu,Guit,passable,0,,Bentiu – Guit,40MT,
74,2024-05-02,Duk Padiet,Ayod,partially passable,1,,Duk Padiet – Ayod,20MT,
75,2024-05-02,Guit,Mirmir,passable,0,,Guit – Mir mir,40MT,
76,2024-05-02,Raja,Chandoy/Dolo2,passable,0,,Raja – Chandoy/Dolo2,40MT,
77,2024-05-02,Mundri,Maridi,passable,0,,Mundri - Maridi,40MT,
78,2024-05-02,Torit,Kapoeta,passable,0,,Torit – Kapoeta,20MT,
79,2024-05-02,Mayendit,Mirmir,impassable,2,Rupkuai,Mayendit – Rupkuai – Mir mir,,
80,2024-05-02,Mirmir,Leer,partially passable,1,,Mirmir – Leer,15MT,
81,2024-05-02,Mankien,Mayom,passable,0,,Mankien - Mayom,40MT,
82,2024-05-02,Ajak Kuac,Mankien,passable,0,,Ajak Kuac – Mankien,40MT,
83,2024-05-02,Ayod,Pathai,partially passable,1,,Ayod – Pathai,20MT,
84,2024-05-02,Nyandit,Kiech Kon,impassable,2,,Nyandit - Kiech Kon,,
85,2024-05-02,Paloich,Jemaam,passable,0,Adar,Paloich – Adar – Jemaam,40MT,
86,2024-05-02,New Fangak,Kuernyang,impassable,2,,New Fangak – Kuernyang,,
87,2024-05-02,Paguir,Keew,impassable,2,,Paguir – Keew,,
88,2024-05-02,Baliet,Kiech Kon,impassable,2,Akwot,Baliet – Akwot – Kiech kon,,
89,2024-05-02,Wunrok,Gogrial,passable,0,,Wunrok – Gogrial,40MT,
90,2024-05-02,Deim Zubeir,Raja,passable,0,,Dim Zubeir – Raja,40MT,
91,2024-05-02,Aweil,Yith Pabol,passable,0,,Aweil – Yith Pabol,40MT,
92,2024-05-02,Kapoeta,Narus,passable,0,,Kapoeta – Narus,40MT,
93,2024-05-02,Melut,Paloich,passable,0,,Melut – Paloich,40MT,
94,2024-05-02,Wunrok,Abyei,partially passable,1,,Wunrok – Abyei,Specialized Trucks,
95,2024-05-02,Gogrial,Kuajok,passable,0,,Gogrial – Kuajok,40MT,
96,2024-05-02,Bentiu,Nhialdiu,impassable,2,,Bentiu – Nhialdiu,,
97,2024-05-02,Aluakluak,Mvolo,partially passable,1,,Aluakluak - Mvolo,20MT,
98,2024-05-02,Kilo 30,Manga Port,passable,0,,Kilo 30 – Manga Port,40MT,
99,2024-05-02,Gossinga,Raja,impassable,2,,Gossinga – Raja,,
100,2024-05-02,Gossinga,Raja,partially passable,1,Kapalala,Gossinga – Kapalala – Raja,20MT,
101,2024-05-02,Nyal,Ganyiel,impassable,2,,Nyal – Ganyiel,,
102,2024-05-02,Manyabol,Gadiang,impassable,2,,Manyabol – Gadiang,,
103,2024-05-02,Manyabol,Gumuruk,partially passable,1,,Manyabol – Gumuruk,20MT,
104,2024-05-02,Vertet,Labarab,impassable,2,,Vertet – Labarab,,
105,2024-05-02,Boma,Maruwa,impassable,2,,Boma – Maruwa,,
106,2024-05-02,Boma,Labarab,impassable,2,,Boma - Labarab,,
107,2024-05-02,Pibor,Vertet,impassable,2,,Pibor – Verthet,,
108,2024-05-02,Aduel,Amok Piny,partially passable,1,,Aduel – Amok Piny,Specialized Trucks,
109,2024-05-02,Lankien,Pading,partially passable,1,Nyambor,Lankien – Nyambor – Pading,20MT,
110,2024-05-02,Nyambor,Karam,partially passable,1,Pading,Nyambor – Pading – Karam,20MT,
111,2024-05-02,Pajut,Payuel,partially passable,1,,Pajut – Payuel,20MT,
112,2024-05-02,Aweil,Gogrial,partially passable,1,Akun,Aweil – Akun – Gogrial,20MT,
113,2024-05-02,Kapoeta,Chukudum,passable,0,,Kapoeta – Chukudum,40MT,
114,2024-05-02,Diabio,Ezo,passable,0,,Diabio – Ezo,40MT,
115,2024-05-02,Mvolo,Wulu,passable,0,,Mvolo – Wullu,40MT,
116,2024-05-02,Aluakluak,Mapuordit,partially passable,1,,Aluakluak - Mapuordit,20MT,
117,2024-05-02,Narus,Nadapal,passable,0,,Narus – Nadapal,40MT,
118,2024-05-02,Bentiu,Kilo 30,passable,0,,Bentiu – Kilo30,40MT,
119,2024-05-02,Gadiang,Yuai,partially passable,1,,Gadiang – Yuai,15MT,
120,2024-05-02,Pathai,Fatuet,partially passable,1,,Pathai – Fatuet,20MT,
121,2024-05-02,Walgak,Kaikuny,partially passable,1,,Walgak – Kaikuny,20MT,
122,2024-05-02,Yuai,Walgak,partially passable,1,Motot; Waat,Yuai – Motot – Waat – Walgak,20MT,
123,2024-05-02,Kuron,Boma,impassable,2,,Kuron – Boma,,
124,2024-05-02,Kapoeta,Kassangor,impassable,2,,Kapoeta – Kassangor,,
125,2024-05-02,Rumbek,Maper (Lakes),impassable,2,,Rumbek – Maper (Lakes),,
126,2024-05-02,Maruwa,Labarab,impassable,2,,Maruwa – Labarab,,
127,2024-05-02,Koch,Mirmir,partially passable,1,,Koch – Mirmir,20MT,
128,2024-05-02,Adok,Leer,partially passable,1,Piling,Adok – Piling – Leer,20MT,
129,2024-05-02,Lainya,Yei,passable,0,,Lainya – Yei,40MT,
130,2024-05-02,Mathiang,Udier,partially passable,1,,Mathiang – Udier,10MT,
131,2024-05-02,Gadiang,Payuel,partially passable,1,,Gadiang – Payuel,20MT,
132,2024-05-02,Ayod,Mogok,impassable,2,,Ayod – Mogok,,
133,2024-05-02,Kaikang,Kilo 30,passable,0,Roriak; Mayom,(Kaikang – Roriak )(Mayom – Kilo 30),"""alternative Road""",alternative road listed as two separate stretches: Kaikang–Roriak and Mayom–Kilo 30
134,2024-05-02,Pariang,Ajuong Thok,passable,0,,Pariang – Ajuong Thok,40MT,
1,2024-05-09,Kilo 30,Pariang,passable,0,,Kilo 30 – Pariang,40MT,
2,2024-05-09,Gemeiza,Bor,impassable,2,,Gemeiza – Bor,,
3,2024-05-09,Yida,Pariang,passable,0,,Yida - Pariang,40MT,
4,2024-05-09,Juba,Nimule,passable,0,,Juba – Nimule,40MT,
5,2024-05-09,Juba,Torit,passable,0,,Juba – Torit,40MT,
6,2024-05-09,Juba,Mangalla,passable,0,,Juba – Mangalla,40MT,
7,2024-05-09,Malakal,Baliet,impassable,2,,Malakal – Baliet,,
8,2024-05-09,Paloich,Renk,passable,0,,Paloich – Renk,40MT,
9,2024-05-09,Adar,Maban,partially passable,1,Jemaam,Adar – Jemaam – Maban,15MT,
10,2024-05-09,Abyei,Abiemnhom,impassable,2,,Abyei – Abienhom,,
11,2024-05-09,Aweil,Gossinga,partially passable,1,,Aweil – Gossinga,20MT,
12,2024-05-09,Pathai,Walgak,partially passable,1,Motot,Pathai – Motot – Walgak,20MT,
13,2024-05-09,Juba,Lainya,passable,0,,Juba – Lainya,40MT,
14,2024-05-09,Maridi,Yambio,passable,0,,Maridi – Yambio,40MT,
15,2024-05-09,Juba,Kajo Keji,passable,0,,Juba – Kajo Keji,40MT,
16,2024-05-09,Juba,Terakeka,impassable,2,,Juba – Terakeka,,
17,2024-05-09,Narus,Kuron,impassable,2,,Narus – Kuron,,
18,2024-05-09,Mundri,Mvolo,passable,0,,Mundri - Mvolo,40MT,
19,2024-05-09,Mangalla,Gemeiza,passable,0,,Mangalla – Gemeiza,40MT,
20,2024-05-09,Mathiang,Maiwut,partially passable,1,,Mathiang – Maiwut,10MT,
21,2024-05-09,Tonj,Langdit,passable,0,,Tonj – Langdit,40MT,
22,2024-05-09,Terakeka,Mundri,passable,0,Tali,Terakeka – Tali – Mundri,40MT,
23,2024-05-09,Terakeka,Mingkaman,partially passable,1,,Terakeka – Mingkaman,20MT,
24,2024-05-09,Torit,Magwi,passable,0,,Torit – Magwi,40MT,
25,2024-05-09,Hiyala,Ikotos,passable,0,,Hiyala – Ikotos,40MT,
26,2024-05-09,Torit,Lafon,partially passable,1,,Torit – Lafon,20MT,
27,2024-05-09,Wau,Thar Kueng,passable,0,,Wau – Thar Kueng,40MT,
28,2024-05-09,Wau,Tonj,passable,0,,Wau – Tonj,40MT,
29,2024-05-09,Wau,Akuem,passable,0,Aweil,Wau – Aweil – Akuem,40MT,
30,2024-05-09,Likuangole,Akobo,impassable,2,,Likuangole – Akobo,,
31,2024-05-09,Amok Piny,Madol,impassable,2,,Amok Piny – Madol,,
32,2024-05-09,Akwot,Nasser,impassable,2,,Akwot – Nasser,,
33,2024-05-09,Guit,Koch,impassable,2,,Guit – Koch,,
34,2024-05-09,Abiemnhom,Mayom,passable,0,,Abiemnhom – Mayom,40MT,
35,2024-05-09,Kilo 30,Kaikang,impassable,2,Tumor; Mayom,Kilo30 –Tumor – Mayom – Kaikang,,
36,2024-05-09,Boma,Pochala,impassable,2,,Boma – Pochala,,
37,2024-05-09,Bor,Gadiang,partially passable,1,,Bor – Gadiang,15MT,
38,2024-05-09,Bor,Baidit,partially passable,1,,Bor – Baidit,20MT,
39,2024-05-09,Pengko,Manyabol,impassable,2,,Pengko – Manyabol,,
40,2024-05-09,Baidit,Duk Padiet,partially passable,1,Mabior,Baidit – Mabior – Duk Padiet,20MT,
41,2024-05-09,Gadiang,Akobo,impassable,2,,Gadiang – Akobo,,
42,2024-05-09,Juba,Lafon,impassable,2,,Juba – Lafon,,
43,2024-05-09,Adar,Mathiang,partially passable,1,,Adar – Mathiang,10MT,
44,2024-05-09,Maper (Lakes),Dablual,impassable,2,,Maper (Lakes) – Dablual,,
45,2024-05-09,Akobo,Kaikuny,partially passable,1,,Akobo – Kainuny,20MT,
46,2024-05-09,Motot,Lankien,partially passable,1,,Motot – Lankein,20MT,
47,2024-05-09,Wau,Deim Zubeir,passable,0,,Wau – Deim Zubeir,40MT,
48,2024-05-09,Wau,Tambura,partially passable,1,,Wau – Tambura,20MT,
49,2024-05-09,Yirol,Shambe,partially passable,1,,Yirol – Shambe,20MT,
50,2024-05-09,Aluakluak,Yirol,partially passable,1,,Aluakluak - Yirol,20MT,
51,2024-05-09,Rumbek,Langdit,passable,0,,Rumbek - Langdit,40MT,
52,2024-05-09,Aluakluak,Rumbek,partially passable,1,,Aluakluak – Rumbek,20MT,
53,2024-05-09,Wunrok,Abiemnhom,passable,0,Turalei,Wunrok – Turalei – Abiemnhom,40MT,
54,2024-05-09,Kilo 30,Panakuach,passable,0,Roriak,Kilo 30 – Roriak – Panakuach,40MT,
55,2024-05-09,Ding Ding,Koch,impassable,2,,Ding ding - Koch,,
56,2024-05-09,Bentiu,Dhorbor,impassable,2,,Bentiu – Dhorbor,,
57,2024-05-09,Dhorbor,Guit,impassable,2,,Dhorbor – Guit,,
58,2024-05-09,Guit,Ding Ding,impassable,2,,Guit – Ding Ding,,
59,2024-05-09,Gumuruk,Pibor,impassable,2,,Gumuruk – Pibor,,
60,2024-05-09,Bor,Pengko,impassable,2,,Bor – Pengko,,
61,2024-05-09,Duk Padiet,Pajut,partially passable,1,,Duk Padiat – Pajut,20MT,
62,2024-05-09,Yuai,Karam,partially passable,1,Pathai,Yaui – Pathai – Karam,20MT,
63,2024-05-09,Yuai,Motot,partially passable,1,Pieri,Yaui – Pieri – Motot,20MT,
64,2024-05-09,Yuai,Pajut,impassable,2,,Yaui – Pajut,,
65,2024-05-09,Wulu,Rumbek,passable,0,,Wulu – Rumbek,40MT,
66,2024-05-09,Pibor,Likuangole,impassable,2,,Pibor – Likuangole,,
67,2024-05-09,Mingkaman,Yirol,partially passable,1,,Mingkaman – Yirol,20MT,
68,2024-05-09,Yambio,Tambura,passable,0,,Yambio – Tambura,40MT,
69,2024-05-09,Juba,Mundri,passable,0,,Juba – Mundri,40MT,
70,2024-05-09,Kodok,Paloich,passable,0,,Kodok – Paloich,40MT,
71,2024-05-09,Malakal,Kodok,passable,0,,Malakal – Kodok,40MT,
72,2024-05-09,Thar Kueng,Kuajok,passable,0,,Thar Kueng - Kuajok,40MT,
73,2024-05-09,Bentiu,Guit,passable,0,,Bentiu – Guit,40MT,
74,2024-05-09,Duk Padiet,Ayod,partially passable,1,,Duk Padiet – Ayod,20MT,
75,2024-05-09,Guit,Mirmir,passable,0,,Guit – Mir mir,40MT,
76,2024-05-09,Raja,Chandoy/Dolo2,passable,0,,Raja – Chandoy/Dolo2,40MT,
77,2024-05-09,Mundri,Maridi,passable,0,,Mundri - Maridi,40MT,
78,2024-05-09,Torit,Kapoeta,passable,0,,Torit – Kapoeta,20MT,
79,2024-05-09,Mayendit,Mirmir,impassable,2,Rupkuai,Mayendit – Rupkuai – Mir mir,,
80,2024-05-09,Mirmir,Leer,partially passable,1,,Mirmir – Leer,15MT,
81,2024-05-09,Mankien,Mayom,passable,0,,Mankien - Mayom,40MT,
82,2024-05-09,Ajak Kuac,Mankien,passable,0,,Ajak Kuac – Mankien,40MT,
83,2024-05-09,Ayod,Pathai,partially passable,1,,Ayod – Pathai,20MT,
84,2024-05-09,Nyandit,Kiech Kon,impassable,2,,Nyandit - Kiech Kon,,
85,2024-05-09,Paloich,Jemaam,passable,0,Adar,Paloich – Adar – Jemaam,40MT,
86,2024-05-09,New Fangak,Kuernyang,impassable,2,,New Fangak – Kuernyang,,
87,2024-05-09,Paguir,Keew,impassable,2,,Paguir – Keew,,
88,2024-05-09,Baliet,Kiech Kon,impassable,2,Akwot,Baliet – Akwot – Kiech kon,,
89,2024-05-09,Wunrok,Gogrial,passable,0,,Wunrok – Gogrial,40MT,
90,2024-05-09,Deim Zubeir,Raja,passable,0,,Dim Zubeir – Raja,40MT,
91,2024-05-09,Aweil,Yith Pabol,passable,0,,Aweil – Yith Pabol,40MT,
92,2024-05-09,Kapoeta,Narus,passable,0,,Kapoeta – Narus,40MT,
93,2024-05-09,Melut,Paloich,passable,0,,Melut – Paloich,40MT,
94,2024-05-09,Wunrok,Abyei,partially passable,1,,Wunrok – Abyei,Specialized Trucks,
95,2024-05-09,Gogrial,Kuajok,passable,0,,Gogrial – Kuajok,40MT,
96,2024-05-09,Bentiu,Nhialdiu,impassable,2,,Bentiu – Nhialdiu,,
97,2024-05-09,Aluakluak,Mvolo,partially passable,1,,Aluakluak - Mvolo,20MT,
98,2024-05-09,Kilo 30,Manga Port,passable,0,,Kilo 30 – Manga Port,40MT,
99,2024-05-09,Gossinga,Raja,impassable,2,,Gossinga – Raja,,
100,2024-05-09,Gossinga,Raja,partially passable,1,Kapalala,Gossinga – Kapalala – Raja,20MT,
101,2024-05-09,Nyal,Ganyiel,impassable,2,,Nyal – Ganyiel,,
102,2024-05-09,Manyabol,Gadiang,impassable,2,,Manyabol – Gadiang,,
103,2024-05-09,Manyabol,Gumuruk,impassable,2,,Manyabol – Gumuruk,,
104,2024-05-09,Vertet,Labarab,impassable,2,,Vertet – Labarab,,
105,2024-05-09,Boma,Maruwa,impassable,2,,Boma – Maruwa,,
106,2024-05-09,Boma,Labarab,impassable,2,,Boma - Labarab,,
107,2024-05-09,Pibor,Vertet,impassable,2,,Pibor – Verthet,,
108,2024-05-09,Aduel,Amok Piny,partially passable,1,,Aduel – Amok Piny,Specialized Trucks,
109,2024-05-09,Lankien,Pading,partially passable,1,Nyambor,Lankien – Nyambor – Pading,20MT,
110,2024-05-09,Nyambor,Karam,partially passable,1,Pading,Nyambor – Pading – Karam,20MT,
111,2024-05-09,Pajut,Payuel,impassable,2,,Pajut – Payuel,,
112,2024-05-09,Aweil,Gogrial,partially passable,1,Akun,Aweil – Akun – Gogrial,20MT,
113,2024-05-09,Kapoeta,Chukudum,passable,0,,Kapoeta – Chukudum,40MT,
114,2024-05-09,Diabio,Ezo,passable,0,,Diabio – Ezo,40MT,
115,2024-05-09,Mvolo,Wulu,passable,0,,Mvolo – Wullu,40MT,
116,2024-05-09,Aluakluak,Mapuordit,partially passable,1,,Aluakluak - Mapuordit,20MT,
117,2024-05-09,Narus,Nadapal,passable,0,,Narus – Nadapal,40MT,
118,2024-05-09,Bentiu,Kilo 30,passable,0,,Bentiu – Kilo30,40MT,
119,2024-05-09,Gadiang,Yuai,partially passable,1,,Gadiang – Yuai,15MT,
120,2024-05-09,Pathai,Fatuet,partially passable,1,,Pathai – Fatuet,20MT,
121,2024-05-09,Walgak,Kaikuny,partially passable,1,,Walgak – Kaikuny,20MT,
122,2024-05-09,Yuai,Walgak,partially passable,1,Motot; Waat,Yuai – Motot – Waat – Walgak,20MT,
123,2024-05-09,Kuron,Boma,impassable,2,,Kuron – Boma,,
124,2024-05-09,Kapoeta,Kassangor,impassable,2,,Kapoeta – Kassangor,,
125,2024-05-09,Rumbek,Maper (Lakes),impassable,2,,Rumbek – Maper (Lakes),,
126,2024-05-09,Maruwa,Labarab,impassable,2,,Maruwa – Labarab,,
127,2024-05-09,Koch,Mirmir,partially passable,1,,Koch – Mirmir,20MT,
128,2024-05-09,Adok,Leer,partially passable,1,Piling,Adok – Piling – Leer,20MT,
129,2024-05-09,Lainya,Yei,passable,0,,Lainya – Yei,40MT,
130,2024-05-09,Mathiang,Udier,partially passable,1,,Mathiang – Udier,10MT,
131,2024-05-09,Gadiang,Payuel,partially passable,1,,Gadiang – Payuel,20MT,
132,2024-05-09,Ayod,Mogok,impassable,2,,Ayod – Mogok,,
133,2024-05-09,Kaikang,Kilo 30,passable,0,Roriak; Mayom,(Kaikang – Roriak )(Mayom – Kilo 30),"""alternative Road""",alternative road listed as two separate stretches: Kaikang–Roriak and Mayom–Kilo 30
134,2024-05-09,Pariang,Ajuong Thok,passable,0,,Pariang – Ajuong Thok,40MT,
1,2024-05-16,Kilo 30,Pariang,passable,0,,Kilo 30 – Pariang,40MT,
2,2024-05-16,Gemeiza,Bor,impassable,2,,Gemeiza – Bor,,
3,2024-05-16,Yida,Pariang,passable,0,,Yida - Pariang,40MT,
4,2024-05-16,Juba,Nimule,passable,0,,Juba – Nimule,40MT,
5,2024-05-16,Juba,Torit,passable,0,,Juba – Torit,40MT,
6,2024-05-16,Juba,Mangalla,passable,0,,Juba – Mangalla,40MT,
7,2024-05-16,Malakal,Baliet,impassable,2,,Malakal – Baliet,,
8,2024-05-16,Paloich,Renk,passable,0,,Paloich – Renk,40MT,
9,2024-05-16,Adar,Maban,partially passable,1,Jemaam,Adar – Jemaam – Maban,15MT,
10,2024-05-16,Abyei,Abiemnhom,impassable,2,,Abyei – Abienhom,,
11,2024-05-16,Aweil,Gossinga,partially passable,1,,Aweil – Gossinga,20MT,
12,2024-05-16,Pathai,Walgak,partially passable,1,Motot,Pathai – Motot – Walgak,20MT,
13,2024-05-16,Juba,Lainya,passable,0,,Juba – Lainya,40MT,
14,2024-05-16,Maridi,Yambio,passable,0,,Maridi – Yambio,40MT,
15,2024-05-16,Juba,Kajo Keji,passable,0,,Juba – Kajo Keji,40MT,
16,2024-05-16,Juba,Terakeka,impassable,2,,Juba – Terakeka,,
17,2024-05-16,Narus,Kuron,impassable,2,,Narus – Kuron,,
18,2024-05-16,Mundri,Mvolo,passable,0,,Mundri - Mvolo,40MT,
19,2024-05-16,Mangalla,Gemeiza,passable,0,,Mangalla – Gemeiza,40MT,
20,2024-05-16,Mathiang,Maiwut,partially passable,1,,Mathiang – Maiwut,10MT,
21,2024-05-16,Tonj,Langdit,passable,0,,Tonj – Langdit,40MT,
22,2024-05-16,Terakeka,Mundri,passable,0,Tali,Terakeka – Tali – Mundri,40MT,
23,2024-05-16,Terakeka,Mingkaman,partially passable,1,,Terakeka – Mingkaman,20MT,
24,2024-05-16,Torit,Magwi,passable,0,,Torit – Magwi,40MT,
25,2024-05-16,Hiyala,Ikotos,passable,0,,Hiyala – Ikotos,40MT,
26,2024-05-16,Torit,Lafon,partially passable,1,,Torit – Lafon,20MT,
27,2024-05-16,Wau,Thar Kueng,passable,0,,Wau – Thar Kueng,40MT,
28,2024-05-16,Wau,Tonj,passable,0,,Wau – Tonj,40MT,
29,2024-05-16,Wau,Akuem,passable,0,Aweil,Wau – Aweil – Akuem,40MT,
30,2024-05-16,Likuangole,Akobo,impassable,2,,Likuangole – Akobo,,
31,2024-05-16,Amok Piny,Madol,impassable,2,,Amok Piny – Madol,,
32,2024-05-16,Akwot,Nasser,impassable,2,,Akwot – Nasser,,
33,2024-05-16,Guit,Koch,impassable,2,,Guit – Koch,,
34,2024-05-16,Abiemnhom,Mayom,passable,0,,Abiemnhom – Mayom,40MT,
35,2024-05-16,Kilo 30,Kaikang,impassable,2,Tumor; Mayom,Kilo30 –Tumor – Mayom – Kaikang,,
36,2024-05-16,Boma,Pochala,impassable,2,,Boma – Pochala,,
37,2024-05-16,Bor,Gadiang,partially passable,1,,Bor – Gadiang,15MT,
38,2024-05-16,Bor,Baidit,partially passable,1,,Bor – Baidit,20MT,
39,2024-05-16,Pengko,Manyabol,impassable,2,,Pengko – Manyabol,,
40,2024-05-16,Baidit,Duk Padiet,partially passable,1,Mabior,Baidit – Mabior – Duk Padiet,20MT,
41,2024-05-16,Gadiang,Akobo,impassable,2,,Gadiang – Akobo,,
42,2024-05-16,Juba,Lafon,impassable,2,,Juba – Lafon,,
43,2024-05-16,Adar,Mathiang,partially passable,1,,Adar – Mathiang,10MT,
44,2024-05-16,Maper (Lakes),Dablual,impassable,2,,Maper (Lakes) – Dablual,,
45,2024-05-16,Akobo,Kaikuny,partially passable,1,,Akobo – Kainuny,20MT,
46,2024-05-16,Motot,Lankien,partially passable,1,,Motot – Lankein,20MT,
47,2024-05-16,Wau,Deim Zubeir,passable,0,,Wau – Deim Zubeir,40MT,
48,2024-05-16,Wau,Tambura,partially passable,1,,Wau – Tambura,20MT,
49,2024-05-16,Yirol,Shambe,partially passable,1,,Yirol – Shambe,20MT,
50,2024-05-16,Aluakluak,Yirol,partially passable,1,,Aluakluak - Yirol,20MT,
51,2024-05-16,Rumbek,Langdit,passable,0,,Rumbek - Langdit,40MT,
52,2024-05-16,Aluakluak,Rumbek,partially passable,1,,Aluakluak – Rumbek,20MT,
53,2024-05-16,Wunrok,Abiemnhom,passable,0,Turalei,Wunrok – Turalei – Abiemnhom,40MT,
54,2024-05-16,Kilo 30,Panakuach,passable,0,Roriak,Kilo 30 – Roriak – Panakuach,40MT,
55,2024-05-16,Ding Ding,Koch,impassable,2,,Ding ding - Koch,,
56,2024-05-16,Bentiu,Dhorbor,impassable,2,,Bentiu – Dhorbor,,
57,2024-05-16,Dhorbor,Guit,impassable,2,,Dhorbor – Guit,,
58,2024-05-16,Guit,Ding Ding,impassable,2,,Guit – Ding Ding,,
59,2024-05-16,Gumuruk,Pibor,impassable,2,,Gumuruk – Pibor,,
60,2024-05-16,Bor,Pengko,impassable,2,,Bor – Pengko,,
61,2024-05-16,Duk Padiet,Pajut,partially passable,1,,Duk Padiat – Pajut,20MT,
62,2024-05-16,Yuai,Karam,partially passable,1,Pathai,Yaui – Pathai – Karam,20MT,
63,2024-05-16,Yuai,Motot,partially passable,1,Pieri,Yaui – Pieri – Motot,20MT,
64,2024-05-16,Yuai,Pajut,impassable,2,,Yaui – Pajut,,
65,2024-05-16,Wulu,Rumbek,passable,0,,Wulu – Rumbek,40MT,
66,2024-05-16,Pibor,Likuangole,impassable,2,,Pibor – Likuangole,,
67,2024-05-16,Mingkaman,Yirol,partially passable,1,,Mingkaman – Yirol,20MT,
68,2024-05-16,Yambio,Tambura,passable,0,,Yambio – Tambura,40MT,
69,2024-05-16,Juba,Mundri,passable,0,,Juba – Mundri,40MT,
70,2024-05-16,Kodok,Paloich,passable,0,,Kodok – Paloich,40MT,
71,2024-05-16,Malakal,Kodok,passable,0,,Malakal – Kodok,40MT,
72,2024-05-16,Thar Kueng,Kuajok,passable,0,,Thar Kueng - Kuajok,40MT,
73,2024-05-16,Bentiu,Guit,passable,0,,Bentiu – Guit,40MT,
74,2024-05-16,Duk Padiet,Ayod,partially passable,1,,Duk Padiet – Ayod,20MT,
75,2024-05-16,Guit,Mirmir,passable,0,,Guit – Mir mir,40MT,
76,2024-05-16,Raja,Chandoy/Dolo2,passable,0,,Raja – Chandoy/Dolo2,40MT,
77,2024-05-16,Mundri,Maridi,passable,0,,Mundri - Maridi,40MT,
78,2024-05-16,Torit,Kapoeta,passable,0,,Torit – Kapoeta,20MT,
79,2024-05-16,Mayendit,Mirmir,impassable,2,Rupkuai,Mayendit – Rupkuai – Mir mir,,
80,2024-05-16,Mirmir,Leer,partially passable,1,,Mirmir – Leer,15MT,
81,2024-05-16,Mankien,Mayom,passable,0,,Mankien - Mayom,40MT,
82,2024-05-16,Ajak Kuac,Mankien,passable,0,,Ajak Kuac – Mankien,40MT,
83,2024-05-16,Ayod,Pathai,partially passable,1,,Ayod – Pathai,20MT,
84,2024-05-16,Nyandit,Kiech Kon,impassable,2,,Nyandit - Kiech Kon,,
85,2024-05-16,Paloich,Jemaam,passable,0,Adar,Paloich – Adar – Jemaam,40MT,
86,2024-05-16,New Fangak,Kuernyang,impassable,2,,New Fangak – Kuernyang,,
87,2024-05-16,Paguir,Keew,impassable,2,,Paguir – Keew,,
88,2024-05-16,Baliet,Kiech Kon,impassable,2,Akwot,Baliet – Akwot – Kiech kon,,
89,2024-05-16,Wunrok,Gogrial,passable,0,,Wunrok – Gogrial,40MT,
90,2024-05-16,Deim Zubeir,Raja,passable,0,,Dim Zubeir – Raja,40MT,
91,2024-05-16,Aweil,Yith Pabol,passable,0,,Aweil – Yith Pabol,40MT,
92,2024-05-16,Kapoeta,Narus,passable,0,,Kapoeta – Narus,40MT,
93,2024-05-16,Melut,Paloich,passable,0,,Melut – Paloich,40MT,
94,2024-05-16,Wunrok,Abyei,partially passable,1,,Wunrok – Abyei,Specialized Trucks,
95,2024-05-16,Gogrial,Kuajok,passable,0,,Gogrial – Kuajok,40MT,
96,2024-05-16,Bentiu,Nhialdiu,impassable,2,,Bentiu – Nhialdiu,,
97,2024-05-16,Aluakluak,Mvolo,partially passable,1,,Aluakluak - Mvolo,20MT,
98,2024-05-16,Kilo 30,Manga Port,passable,0,,Kilo 30 – Manga Port,40MT,
99,2024-05-16,Gossinga,Raja,impassable,2,,Gossinga – Raja,,
100,2024-05-16,Gossinga,Raja,partially passable,1,Kapalala,Gossinga – Kapalala – Raja,20MT,
101,2024-05-16,Nyal,Ganyiel,impassable,2,,Nyal – Ganyiel,,
102,2024-05-16,Manyabol,Gadiang,impassable,2,,Manyabol – Gadiang,,
103,2024-05-16,Manyabol,Gumuruk,impassable,2,,Manyabol – Gumuruk,,
104,2024-05-16,Vertet,Labarab,impassable,2,,Vertet – Labarab,,
105,2024-05-16,Boma,Maruwa,impassable,2,,Boma – Maruwa,,
106,2024-05-16,Boma,Labarab,impassable,2,,Boma - Labarab,,
107,2024-05-16,Pibor,Vertet,impassable,2,,Pibor – Verthet,,
108,2024-05-16,Aduel,Amok Piny,partially passable,1,,Aduel – Amok Piny,Specialized Trucks,
109,2024-05-16,Lankien,Pading,partially passable,1,Nyambor,Lankien – Nyambor – Pading,20MT,
110,2024-05-16,Nyambor,Karam,partially passable,1,Pading,Nyambor – Pading – Karam,20MT,
111,2024-05-16,Pajut,Payuel,impassable,2,,Pajut – Payuel,,
112,2024-05-16,Aweil,Gogrial,partially passable,1,Akun,Aweil – Akun – Gogrial,20MT,
113,2024-05-16,Kapoeta,Chukudum,passable,0,,Kapoeta – Chukudum,40MT,
114,2024-05-16,Diabio,Ezo,passable,0,,Diabio – Ezo,40MT,
115,2024-05-16,Mvolo,Wulu,passable,0,,Mvolo – Wullu,40MT,
116,2024-05-16,Aluakluak,Mapuordit,partially passable,1,,Aluakluak - Mapuordit,20MT,
117,2024-05-16,Narus,Nadapal,passable,0,,Narus – Nadapal,40MT,
118,2024-05-16,Bentiu,Kilo 30,passable,0,,Bentiu – Kilo30,40MT,
119,2024-05-16,Gadiang,Yuai,partially passable,1,,Gadiang – Yuai,15MT,
120,2024-05-16,Pathai,Fatuet,partially passable,1,,Pathai – Fatuet,20MT,
121,2024-05-16,Walgak,Kaikuny,partially passable,1,,Walgak – Kaikuny,20MT,
122,2024-05-16,Yuai,Walgak,partially passable,1,Motot; Waat,Yuai – Motot – Waat – Walgak,20MT,
123,2024-05-16,Kuron,Boma,impassable,2,,Kuron – Boma,,
124,2024-05-16,Kapoeta,Kassangor,impassable,2,,Kapoeta – Kassangor,,
125,2024-05-16,Rumbek,Maper (Lakes),impassable,2,,Rumbek – Maper (Lakes),,
126,2024-05-16,Maruwa,Labarab,impassable,2,,Maruwa – Labarab,,
127,2024-05-16,Koch,Mirmir,partially passable,1,,Koch – Mirmir,20MT,
128,2024-05-16,Adok,Leer,partially passable,1,Piling,Adok – Piling – Leer,20MT,
129,2024-05-16,Lainya,Yei,passable,0,,Lainya – Yei,40MT,
130,2024-05-16,Mathiang,Udier,partially passable,1,,Mathiang – Udier,10MT,
131,2024-05-16,Gadiang,Payuel,partially passable,1,,Gadiang – Payuel,20MT,
132,2024-05-16,Ayod,Mogok,impassable,2,,Ayod – Mogok,,
133,2024-05-16,Kaikang,Kilo 30,passable,0,Roriak; Mayom,(Kaikang – Roriak )(Mayom – Kilo 30),"""alternative Road""","alternative road listed as two separate stretches: Kaikang–Roriak and Mayom–Kilo 30; ID printed as 132 on this map (typo – 132 is Ayod – Mogok), recorded as 133"
134,2024-05-16,Pariang,Ajuong Thok,passable,0,,Pariang – Ajuong Thok,40MT,
135,2024-05-16,Lafon,Imehejek,partially passable,1,,Lafon – Imehejek,20MT,
1,2024-05-23,Kilo 30,Pariang,passable,0,,Kilo 30 – Pariang,40MT,
2,2024-05-23,Gemeiza,Bor,impassable,2,,Gemeiza – Bor,,
3,2024-05-23,Yida,Pariang,passable,0,,Yida - Pariang,40MT,
4,2024-05-23,Juba,Nimule,passable,0,,Juba – Nimule,40MT,
5,2024-05-23,Juba,Torit,passable,0,,Juba – Torit,40MT,
6,2024-05-23,Juba,Mangalla,passable,0,,Juba – Mangalla,40MT,
7,2024-05-23,Malakal,Baliet,impassable,2,,Malakal – Baliet,,
8,2024-05-23,Paloich,Renk,passable,0,,Paloich – Renk,40MT,
9,2024-05-23,Adar,Maban,partially passable,1,Jemaam,Adar – Jemaam – Maban,15MT,
10,2024-05-23,Abyei,Abiemnhom,impassable,2,,Abyei – Abienhom,,
11,2024-05-23,Aweil,Gossinga,partially passable,1,,Aweil – Gossinga,20MT,
12,2024-05-23,Pathai,Walgak,partially passable,1,Motot,Pathai – Motot – Walgak,20MT,
13,2024-05-23,Juba,Lainya,passable,0,,Juba – Lainya,40MT,
14,2024-05-23,Maridi,Yambio,passable,0,,Maridi – Yambio,40MT,
15,2024-05-23,Juba,Kajo Keji,passable,0,,Juba – Kajo Keji,40MT,
16,2024-05-23,Juba,Terakeka,impassable,2,,Juba – Terakeka,,
17,2024-05-23,Narus,Kuron,impassable,2,,Narus – Kuron,,
18,2024-05-23,Mundri,Mvolo,passable,0,,Mundri - Mvolo,40MT,
19,2024-05-23,Mangalla,Gemeiza,passable,0,,Mangalla – Gemeiza,40MT,
20,2024-05-23,Mathiang,Maiwut,partially passable,1,,Mathiang – Maiwut,10MT,
21,2024-05-23,Tonj,Langdit,passable,0,,Tonj – Langdit,40MT,
22,2024-05-23,Terakeka,Mundri,passable,0,Tali,Terakeka – Tali – Mundri,40MT,
23,2024-05-23,Terakeka,Mingkaman,partially passable,1,,Terakeka – Mingkaman,20MT,
24,2024-05-23,Torit,Magwi,passable,0,,Torit – Magwi,40MT,
25,2024-05-23,Hiyala,Ikotos,passable,0,,Hiyala – Ikotos,40MT,
26,2024-05-23,Torit,Lafon,partially passable,1,,Torit – Lafon,20MT,
27,2024-05-23,Wau,Thar Kueng,passable,0,,Wau – Thar Kueng,40MT,
28,2024-05-23,Wau,Tonj,passable,0,,Wau – Tonj,40MT,
29,2024-05-23,Wau,Akuem,passable,0,Aweil,Wau – Aweil – Akuem,40MT,
30,2024-05-23,Likuangole,Akobo,impassable,2,,Likuangole – Akobo,,
31,2024-05-23,Amok Piny,Madol,impassable,2,,Amok Piny – Madol,,
32,2024-05-23,Akwot,Nasser,impassable,2,,Akwot – Nasser,,
33,2024-05-23,Guit,Koch,impassable,2,,Guit – Koch,,
34,2024-05-23,Abiemnhom,Mayom,passable,0,,Abiemnhom – Mayom,40MT,
35,2024-05-23,Kilo 30,Kaikang,impassable,2,Tumor; Mayom,Kilo30 –Tumor – Mayom – Kaikang,,
36,2024-05-23,Boma,Pochala,impassable,2,,Boma – Pochala,,
37,2024-05-23,Bor,Gadiang,partially passable,1,,Bor – Gadiang,15MT,
38,2024-05-23,Bor,Baidit,partially passable,1,,Bor – Baidit,20MT,
39,2024-05-23,Pengko,Manyabol,impassable,2,,Pengko – Manyabol,,
40,2024-05-23,Baidit,Duk Padiet,partially passable,1,Mabior,Baidit – Mabior – Duk Padiet,20MT,
41,2024-05-23,Gadiang,Akobo,impassable,2,,Gadiang – Akobo,,
42,2024-05-23,Juba,Lafon,impassable,2,,Juba – Lafon,,
43,2024-05-23,Adar,Mathiang,partially passable,1,,Adar – Mathiang,10MT,
44,2024-05-23,Maper (Lakes),Dablual,impassable,2,,Maper (Lakes) – Dablual,,
45,2024-05-23,Akobo,Kaikuny,partially passable,1,,Akobo – Kainuny,20MT,
46,2024-05-23,Motot,Lankien,partially passable,1,,Motot – Lankein,20MT,
47,2024-05-23,Wau,Deim Zubeir,passable,0,,Wau – Deim Zubeir,40MT,
48,2024-05-23,Wau,Tambura,partially passable,1,,Wau – Tambura,20MT,
49,2024-05-23,Yirol,Shambe,partially passable,1,,Yirol – Shambe,20MT,
50,2024-05-23,Aluakluak,Yirol,partially passable,1,,Aluakluak - Yirol,20MT,
51,2024-05-23,Rumbek,Langdit,passable,0,,Rumbek - Langdit,40MT,
52,2024-05-23,Aluakluak,Rumbek,partially passable,1,,Aluakluak – Rumbek,20MT,
53,2024-05-23,Wunrok,Abiemnhom,passable,0,Turalei,Wunrok – Turalei – Abiemnhom,40MT,
54,2024-05-23,Kilo 30,Panakuach,passable,0,Roriak,Kilo 30 – Roriak – Panakuach,40MT,
55,2024-05-23,Ding Ding,Koch,impassable,2,,Ding ding - Koch,,
56,2024-05-23,Bentiu,Dhorbor,impassable,2,,Bentiu – Dhorbor,,
57,2024-05-23,Dhorbor,Guit,impassable,2,,Dhorbor – Guit,,
58,2024-05-23,Guit,Ding Ding,impassable,2,,Guit – Ding Ding,,
59,2024-05-23,Gumuruk,Pibor,impassable,2,,Gumuruk – Pibor,,
60,2024-05-23,Bor,Pengko,impassable,2,,Bor – Pengko,,
61,2024-05-23,Duk Padiet,Pajut,partially passable,1,,Duk Padiat – Pajut,20MT,
62,2024-05-23,Yuai,Karam,partially passable,1,Pathai,Yaui – Pathai – Karam,20MT,
63,2024-05-23,Yuai,Motot,partially passable,1,Pieri,Yaui – Pieri – Motot,20MT,
64,2024-05-23,Yuai,Pajut,impassable,2,,Yaui – Pajut,,
65,2024-05-23,Wulu,Rumbek,passable,0,,Wulu – Rumbek,40MT,
66,2024-05-23,Pibor,Likuangole,impassable,2,,Pibor – Likuangole,,
67,2024-05-23,Mingkaman,Yirol,partially passable,1,,Mingkaman – Yirol,20MT,
68,2024-05-23,Yambio,Tambura,passable,0,,Yambio – Tambura,40MT,
69,2024-05-23,Juba,Mundri,passable,0,,Juba – Mundri,40MT,
70,2024-05-23,Kodok,Paloich,passable,0,,Kodok – Paloich,40MT,
71,2024-05-23,Malakal,Kodok,passable,0,,Malakal – Kodok,40MT,
72,2024-05-23,Thar Kueng,Kuajok,passable,0,,Thar Kueng - Kuajok,40MT,
73,2024-05-23,Bentiu,Guit,passable,0,,Bentiu – Guit,40MT,
74,2024-05-23,Duk Padiet,Ayod,partially passable,1,,Duk Padiet – Ayod,20MT,
75,2024-05-23,Guit,Mirmir,passable,0,,Guit – Mir mir,40MT,
76,2024-05-23,Raja,Chandoy/Dolo2,passable,0,,Raja – Chandoy/Dolo2,40MT,
77,2024-05-23,Mundri,Maridi,passable,0,,Mundri - Maridi,40MT,
78,2024-05-23,Torit,Kapoeta,passable,0,,Torit – Kapoeta,20MT,
79,2024-05-23,Mayendit,Mirmir,impassable,2,Rupkuai,Mayendit – Rupkuai – Mir mir,,
80,2024-05-23,Mirmir,Leer,partially passable,1,,Mirmir – Leer,15MT,
81,2024-05-23,Mankien,Mayom,passable,0,,Mankien - Mayom,40MT,
82,2024-05-23,Ajak Kuac,Mankien,passable,0,,Ajak Kuac – Mankien,40MT,
83,2024-05-23,Ayod,Pathai,partially passable,1,,Ayod – Pathai,20MT,
84,2024-05-23,Nyandit,Kiech Kon,impassable,2,,Nyandit - Kiech Kon,,
85,2024-05-23,Paloich,Jemaam,passable,0,Adar,Paloich – Adar – Jemaam,40MT,
86,2024-05-23,New Fangak,Kuernyang,impassable,2,,New Fangak – Kuernyang,,
87,2024-05-23,Paguir,Keew,impassable,2,,Paguir – Keew,,
88,2024-05-23,Baliet,Kiech Kon,impassable,2,Akwot,Baliet – Akwot – Kiech kon,,
89,2024-05-23,Wunrok,Gogrial,passable,0,,Wunrok – Gogrial,40MT,
90,2024-05-23,Deim Zubeir,Raja,passable,0,,Dim Zubeir – Raja,40MT,
91,2024-05-23,Aweil,Yith Pabol,passable,0,,Aweil – Yith Pabol,40MT,
92,2024-05-23,Kapoeta,Narus,passable,0,,Kapoeta – Narus,40MT,
93,2024-05-23,Melut,Paloich,passable,0,,Melut – Paloich,40MT,
94,2024-05-23,Wunrok,Abyei,partially passable,1,,Wunrok – Abyei,Specialized Trucks,
95,2024-05-23,Gogrial,Kuajok,passable,0,,Gogrial – Kuajok,40MT,
96,2024-05-23,Bentiu,Nhialdiu,impassable,2,,Bentiu – Nhialdiu,,
97,2024-05-23,Aluakluak,Mvolo,partially passable,1,,Aluakluak - Mvolo,20MT,
98,2024-05-23,Kilo 30,Manga Port,passable,0,,Kilo 30 – Manga Port,40MT,
99,2024-05-23,Gossinga,Raja,impassable,2,,Gossinga – Raja,,
100,2024-05-23,Gossinga,Raja,partially passable,1,Kapalala,Gossinga – Kapalala – Raja,20MT,
101,2024-05-23,Nyal,Ganyiel,impassable,2,,Nyal – Ganyiel,,
102,2024-05-23,Manyabol,Gadiang,impassable,2,,Manyabol – Gadiang,,
103,2024-05-23,Manyabol,Gumuruk,impassable,2,,Manyabol – Gumuruk,,
104,2024-05-23,Vertet,Labarab,impassable,2,,Vertet – Labarab,,
105,2024-05-23,Boma,Maruwa,impassable,2,,Boma – Maruwa,,
106,2024-05-23,Boma,Labarab,impassable,2,,Boma - Labarab,,
107,2024-05-23,Pibor,Vertet,impassable,2,,Pibor – Verthet,,
108,2024-05-23,Aduel,Amok Piny,partially passable,1,,Aduel – Amok Piny,Specialized Trucks,
109,2024-05-23,Lankien,Pading,partially passable,1,Nyambor,Lankien – Nyambor – Pading,20MT,
110,2024-05-23,Nyambor,Karam,partially passable,1,Pading,Nyambor – Pading – Karam,20MT,
111,2024-05-23,Pajut,Payuel,impassable,2,,Pajut – Payuel,,
112,2024-05-23,Aweil,Gogrial,partially passable,1,Akun,Aweil – Akun – Gogrial,20MT,
113,2024-05-23,Kapoeta,Chukudum,passable,0,,Kapoeta – Chukudum,40MT,
114,2024-05-23,Diabio,Ezo,passable,0,,Diabio – Ezo,40MT,
115,2024-05-23,Mvolo,Wulu,passable,0,,Mvolo – Wullu,40MT,
116,2024-05-23,Aluakluak,Mapuordit,partially passable,1,,Aluakluak - Mapuordit,20MT,
117,2024-05-23,Narus,Nadapal,passable,0,,Narus – Nadapal,40MT,
118,2024-05-23,Bentiu,Kilo 30,passable,0,,Bentiu – Kilo30,40MT,
119,2024-05-23,Gadiang,Yuai,partially passable,1,,Gadiang – Yuai,15MT,
120,2024-05-23,Pathai,Fatuet,partially passable,1,,Pathai – Fatuet,20MT,
121,2024-05-23,Walgak,Kaikuny,partially passable,1,,Walgak – Kaikuny,20MT,
122,2024-05-23,Yuai,Walgak,partially passable,1,Motot; Waat,Yuai – Motot – Waat – Walgak,20MT,
123,2024-05-23,Kuron,Boma,impassable,2,,Kuron – Boma,,
124,2024-05-23,Kapoeta,Kassangor,impassable,2,,Kapoeta – Kassangor,,
125,2024-05-23,Rumbek,Maper (Lakes),impassable,2,,Rumbek – Maper (Lakes),,
126,2024-05-23,Maruwa,Labarab,impassable,2,,Maruwa – Labarab,,
127,2024-05-23,Koch,Mirmir,partially passable,1,,Koch – Mirmir,20MT,
128,2024-05-23,Adok,Leer,partially passable,1,Piling,Adok – Piling – Leer,20MT,
129,2024-05-23,Lainya,Yei,passable,0,,Lainya – Yei,40MT,
130,2024-05-23,Mathiang,Udier,partially passable,1,,Mathiang – Udier,10MT,
131,2024-05-23,Gadiang,Payuel,partially passable,1,,Gadiang – Payuel,20MT,
132,2024-05-23,Ayod,Mogok,impassable,2,,Ayod – Mogok,,
133,2024-05-23,Kaikang,Kilo 30,passable,0,Roriak; Mayom,(Kaikang – Roriak )(Mayom – Kilo 30),"""alternative Road""","alternative road listed as two separate stretches: Kaikang–Roriak and Mayom–Kilo 30; ID printed as 132 on this map (typo – 132 is Ayod – Mogok), recorded as 133"
134,2024-05-23,Pariang,Ajuong Thok,passable,0,,Pariang – Ajuong Thok,40MT,
135,2024-05-23,Lafon,Imehejek,partially passable,1,,Lafon – Imehejek,20MT,
1,2024-05-31,Kilo 30,Pariang,passable,0,,Kilo 30 – Pariang,40MT,
2,2024-05-31,Gemeiza,Bor,impassable,2,,Gemeiza – Bor,,
3,2024-05-31,Yida,Pariang,passable,0,,Yida - Pariang,40MT,
4,2024-05-31,Juba,Nimule,passable,0,,Juba – Nimule,40MT,
5,2024-05-31,Juba,Torit,passable,0,,Juba – Torit,40MT,
6,2024-05-31,Juba,Mangalla,passable,0,,Juba – Mangalla,40MT,
7,2024-05-31,Malakal,Baliet,impassable,2,,Malakal – Baliet,,
8,2024-05-31,Paloich,Renk,passable,0,,Paloich – Renk,40MT,
9,2024-05-31,Adar,Maban,partially passable,1,Jemaam,Adar – Jemaam – Maban,15MT,
10,2024-05-31,Abyei,Abiemnhom,impassable,2,,Abyei – Abienhom,,
11,2024-05-31,Aweil,Gossinga,partially passable,1,,Aweil – Gossinga,20MT,
12,2024-05-31,Pathai,Walgak,partially passable,1,Motot,Pathai – Motot – Walgak,20MT,
13,2024-05-31,Juba,Lainya,passable,0,,Juba – Lainya,40MT,
14,2024-05-31,Maridi,Yambio,passable,0,,Maridi – Yambio,40MT,
15,2024-05-31,Juba,Kajo Keji,passable,0,,Juba – Kajo Keji,40MT,
16,2024-05-31,Juba,Terakeka,impassable,2,,Juba – Terakeka,,
17,2024-05-31,Narus,Kuron,impassable,2,,Narus – Kuron,,
18,2024-05-31,Mundri,Mvolo,passable,0,,Mundri - Mvolo,40MT,
19,2024-05-31,Mangalla,Gemeiza,passable,0,,Mangalla – Gemeiza,40MT,
20,2024-05-31,Mathiang,Maiwut,partially passable,1,,Mathiang – Maiwut,10MT,
21,2024-05-31,Tonj,Langdit,passable,0,,Tonj – Langdit,40MT,
22,2024-05-31,Terakeka,Mundri,passable,0,Tali,Terakeka – Tali – Mundri,40MT,
23,2024-05-31,Terakeka,Mingkaman,partially passable,1,,Terakeka – Mingkaman,20MT,
24,2024-05-31,Torit,Magwi,passable,0,,Torit – Magwi,40MT,
25,2024-05-31,Hiyala,Ikotos,passable,0,,Hiyala – Ikotos,40MT,
26,2024-05-31,Torit,Lafon,partially passable,1,,Torit – Lafon,20MT,
27,2024-05-31,Wau,Thar Kueng,passable,0,,Wau – Thar Kueng,40MT,
28,2024-05-31,Wau,Tonj,passable,0,,Wau – Tonj,40MT,
29,2024-05-31,Wau,Akuem,passable,0,Aweil,Wau – Aweil – Akuem,40MT,
30,2024-05-31,Likuangole,Akobo,impassable,2,,Likuangole – Akobo,,
31,2024-05-31,Amok Piny,Madol,impassable,2,,Amok Piny – Madol,,
32,2024-05-31,Akwot,Nasser,impassable,2,,Akwot – Nasser,,
33,2024-05-31,Guit,Koch,impassable,2,,Guit – Koch,,
34,2024-05-31,Abiemnhom,Mayom,passable,0,,Abiemnhom – Mayom,40MT,
35,2024-05-31,Kilo 30,Kaikang,impassable,2,Tumor; Mayom,Kilo30 –Tumor – Mayom – Kaikang,,
36,2024-05-31,Boma,Pochala,impassable,2,,Boma – Pochala,,
37,2024-05-31,Bor,Gadiang,partially passable,1,,Bor – Gadiang,15MT,
38,2024-05-31,Bor,Baidit,partially passable,1,,Bor – Baidit,20MT,
39,2024-05-31,Pengko,Manyabol,impassable,2,,Pengko – Manyabol,,
40,2024-05-31,Baidit,Duk Padiet,partially passable,1,Mabior,Baidit – Mabior – Duk Padiet,20MT,
41,2024-05-31,Gadiang,Akobo,impassable,2,,Gadiang – Akobo,,
42,2024-05-31,Juba,Lafon,impassable,2,,Juba – Lafon,,
43,2024-05-31,Adar,Mathiang,partially passable,1,,Adar – Mathiang,10MT,
44,2024-05-31,Maper (Lakes),Dablual,impassable,2,,Maper (Lakes) – Dablual,,
45,2024-05-31,Akobo,Kaikuny,partially passable,1,,Akobo – Kainuny,20MT,
46,2024-05-31,Motot,Lankien,partially passable,1,,Motot – Lankein,20MT,
47,2024-05-31,Wau,Deim Zubeir,passable,0,,Wau – Deim Zubeir,40MT,
48,2024-05-31,Wau,Tambura,partially passable,1,,Wau – Tambura,20MT,
49,2024-05-31,Yirol,Shambe,partially passable,1,,Yirol – Shambe,20MT,
50,2024-05-31,Aluakluak,Yirol,partially passable,1,,Aluakluak - Yirol,20MT,
51,2024-05-31,Rumbek,Langdit,passable,0,,Rumbek - Langdit,40MT,
52,2024-05-31,Aluakluak,Rumbek,partially passable,1,,Aluakluak – Rumbek,20MT,
53,2024-05-31,Wunrok,Abiemnhom,passable,0,Turalei,Wunrok – Turalei – Abiemnhom,40MT,
54,2024-05-31,Kilo 30,Panakuach,passable,0,Roriak,Kilo 30 – Roriak – Panakuach,40MT,
55,2024-05-31,Ding Ding,Koch,impassable,2,,Ding ding - Koch,,
56,2024-05-31,Bentiu,Dhorbor,impassable,2,,Bentiu – Dhorbor,,
57,2024-05-31,Dhorbor,Guit,impassable,2,,Dhorbor – Guit,,
58,2024-05-31,Guit,Ding Ding,impassable,2,,Guit – Ding Ding,,
59,2024-05-31,Gumuruk,Pibor,impassable,2,,Gumuruk – Pibor,,
60,2024-05-31,Bor,Pengko,impassable,2,,Bor – Pengko,,
61,2024-05-31,Duk Padiet,Pajut,partially passable,1,,Duk Padiat – Pajut,20MT,
62,2024-05-31,Yuai,Karam,partially passable,1,Pathai,Yaui – Pathai – Karam,20MT,
63,2024-05-31,Yuai,Motot,partially passable,1,Pieri,Yaui – Pieri – Motot,20MT,
64,2024-05-31,Yuai,Pajut,impassable,2,,Yaui – Pajut,,
65,2024-05-31,Wulu,Rumbek,passable,0,,Wulu – Rumbek,40MT,
66,2024-05-31,Pibor,Likuangole,impassable,2,,Pibor – Likuangole,,
67,2024-05-31,Mingkaman,Yirol,partially passable,1,,Mingkaman – Yirol,20MT,
68,2024-05-31,Yambio,Tambura,passable,0,,Yambio – Tambura,40MT,
69,2024-05-31,Juba,Mundri,passable,0,,Juba – Mundri,40MT,
70,2024-05-31,Kodok,Paloich,passable,0,,Kodok – Paloich,40MT,
71,2024-05-31,Malakal,Kodok,passable,0,,Malakal – Kodok,40MT,
72,2024-05-31,Thar Kueng,Kuajok,passable,0,,Thar Kueng - Kuajok,40MT,
73,2024-05-31,Bentiu,Guit,passable,0,,Bentiu – Guit,40MT,
74,2024-05-31,Duk Padiet,Ayod,partially passable,1,,Duk Padiet – Ayod,20MT,
75,2024-05-31,Guit,Mirmir,passable,0,,Guit – Mir mir,40MT,
76,2024-05-31,Raja,Chandoy/Dolo2,passable,0,,Raja – Chandoy/Dolo2,40MT,
77,2024-05-31,Mundri,Maridi,passable,0,,Mundri - Maridi,40MT,
78,2024-05-31,Torit,Kapoeta,passable,0,,Torit – Kapoeta,20MT,
79,2024-05-31,Mayendit,Mirmir,impassable,2,Rupkuai,Mayendit – Rupkuai – Mir mir,,
80,2024-05-31,Mirmir,Leer,partially passable,1,,Mirmir – Leer,15MT,
81,2024-05-31,Mankien,Mayom,passable,0,,Mankien - Mayom,40MT,
82,2024-05-31,Ajak Kuac,Mankien,passable,0,,Ajak Kuac – Mankien,40MT,
83,2024-05-31,Ayod,Pathai,partially passable,1,,Ayod – Pathai,20MT,
84,2024-05-31,Nyandit,Kiech Kon,impassable,2,,Nyandit - Kiech Kon,,
85,2024-05-31,Paloich,Jemaam,passable,0,Adar,Paloich – Adar – Jemaam,40MT,
86,2024-05-31,New Fangak,Kuernyang,impassable,2,,New Fangak – Kuernyang,,
87,2024-05-31,Paguir,Keew,impassable,2,,Paguir – Keew,,
88,2024-05-31,Baliet,Kiech Kon,impassable,2,Akwot,Baliet – Akwot – Kiech kon,,
89,2024-05-31,Wunrok,Gogrial,passable,0,,Wunrok – Gogrial,40MT,
90,2024-05-31,Deim Zubeir,Raja,passable,0,,Dim Zubeir – Raja,40MT,
91,2024-05-31,Aweil,Yith Pabol,passable,0,,Aweil – Yith Pabol,40MT,
92,2024-05-31,Kapoeta,Narus,passable,0,,Kapoeta – Narus,40MT,
93,2024-05-31,Melut,Paloich,passable,0,,Melut – Paloich,40MT,
94,2024-05-31,Wunrok,Abyei,partially passable,1,,Wunrok – Abyei,Specialized Trucks,
95,2024-05-31,Gogrial,Kuajok,passable,0,,Gogrial – Kuajok,40MT,
96,2024-05-31,Bentiu,Nhialdiu,impassable,2,,Bentiu – Nhialdiu,,
97,2024-05-31,Aluakluak,Mvolo,partially passable,1,,Aluakluak - Mvolo,20MT,
98,2024-05-31,Kilo 30,Manga Port,passable,0,,Kilo 30 – Manga Port,40MT,
99,2024-05-31,Gossinga,Raja,impassable,2,,Gossinga – Raja,,
100,2024-05-31,Gossinga,Raja,partially passable,1,Kapalala,Gossinga – Kapalala – Raja,20MT,
101,2024-05-31,Nyal,Ganyiel,impassable,2,,Nyal – Ganyiel,,
102,2024-05-31,Manyabol,Gadiang,impassable,2,,Manyabol – Gadiang,,
103,2024-05-31,Manyabol,Gumuruk,impassable,2,,Manyabol – Gumuruk,,
104,2024-05-31,Vertet,Labarab,impassable,2,,Vertet – Labarab,,
105,2024-05-31,Boma,Maruwa,impassable,2,,Boma – Maruwa,,
106,2024-05-31,Boma,Labarab,impassable,2,,Boma - Labarab,,
107,2024-05-31,Pibor,Vertet,impassable,2,,Pibor – Verthet,,
108,2024-05-31,Aduel,Amok Piny,partially passable,1,,Aduel – Amok Piny,Specialized Trucks,
109,2024-05-31,Lankien,Pading,partially passable,1,Nyambor,Lankien – Nyambor – Pading,20MT,
110,2024-05-31,Nyambor,Karam,partially passable,1,Pading,Nyambor – Pading – Karam,20MT,
111,2024-05-31,Pajut,Payuel,impassable,2,,Pajut – Payuel,,
112,2024-05-31,Aweil,Gogrial,partially passable,1,Akun,Aweil – Akun – Gogrial,20MT,
113,2024-05-31,Kapoeta,Chukudum,passable,0,,Kapoeta – Chukudum,40MT,
114,2024-05-31,Diabio,Ezo,passable,0,,Diabio – Ezo,40MT,
115,2024-05-31,Mvolo,Wulu,passable,0,,Mvolo – Wullu,40MT,
116,2024-05-31,Aluakluak,Mapuordit,partially passable,1,,Aluakluak - Mapuordit,20MT,
117,2024-05-31,Narus,Nadapal,passable,0,,Narus – Nadapal,40MT,
118,2024-05-31,Bentiu,Kilo 30,passable,0,,Bentiu – Kilo30,40MT,
119,2024-05-31,Gadiang,Yuai,partially passable,1,,Gadiang – Yuai,15MT,
120,2024-05-31,Pathai,Fatuet,partially passable,1,,Pathai – Fatuet,20MT,
121,2024-05-31,Walgak,Kaikuny,partially passable,1,,Walgak – Kaikuny,20MT,
122,2024-05-31,Yuai,Walgak,partially passable,1,Motot; Waat,Yuai – Motot – Waat – Walgak,20MT,
123,2024-05-31,Kuron,Boma,impassable,2,,Kuron – Boma,,
124,2024-05-31,Kapoeta,Kassangor,impassable,2,,Kapoeta – Kassangor,,
125,2024-05-31,Rumbek,Maper (Lakes),impassable,2,,Rumbek – Maper (Lakes),,
126,2024-05-31,Maruwa,Labarab,impassable,2,,Maruwa – Labarab,,
127,2024-05-31,Koch,Mirmir,partially passable,1,,Koch – Mirmir,20MT,
128,2024-05-31,Adok,Leer,partially passable,1,Piling,Adok – Piling – Leer,20MT,
129,2024-05-31,Lainya,Yei,passable,0,,Lainya – Yei,40MT,
130,2024-05-31,Mathiang,Udier,partially passable,1,,Mathiang – Udier,10MT,
131,2024-05-31,Gadiang,Payuel,partially passable,1,,Gadiang – Payuel,20MT,
132,2024-05-31,Ayod,Mogok,impassable,2,,Ayod – Mogok,,
133,2024-05-31,Kaikang,Kilo 30,passable,0,Roriak; Mayom,(Kaikang – Roriak )(Mayom – Kilo 30),"""alternative Road""","alternative road listed as two separate stretches: Kaikang–Roriak and Mayom–Kilo 30; ID printed as 132 on this map (typo – 132 is Ayod – Mogok), recorded as 133"
134,2024-05-31,Pariang,Ajuong Thok,passable,0,,Pariang – Ajuong Thok,40MT,
135,2024-05-31,Lafon,Imehejek,partially passable,1,,Lafon – Imehejek,20MT,
1,2024-06-07,Kilo 30,Pariang,passable,0,,Kilo 30 – Pariang,40MT,
2,2024-06-07,Gemeiza,Bor,impassable,2,,Gemeiza – Bor,,
3,2024-06-07,Yida,Pariang,passable,0,,Yida - Pariang,40MT,
4,2024-06-07,Juba,Nimule,passable,0,,Juba – Nimule,40MT,
5,2024-06-07,Juba,Torit,passable,0,,Juba – Torit,40MT,
6,2024-06-07,Juba,Mangalla,passable,0,,Juba – Mangalla,40MT,
7,2024-06-07,Malakal,Baliet,impassable,2,,Malakal – Baliet,,
8,2024-06-07,Paloich,Renk,passable,0,,Paloich – Renk,40MT,
9,2024-06-07,Adar,Maban,partially passable,1,Jemaam,Adar – Jemaam – Maban,15MT,
10,2024-06-07,Abyei,Abiemnhom,impassable,2,,Abyei – Abienhom,,
11,2024-06-07,Aweil,Gossinga,partially passable,1,,Aweil – Gossinga,20MT,
12,2024-06-07,Pathai,Walgak,partially passable,1,Motot,Pathai – Motot – Walgak,20MT,
13,2024-06-07,Juba,Lainya,passable,0,,Juba – Lainya,40MT,
14,2024-06-07,Maridi,Yambio,passable,0,,Maridi – Yambio,40MT,
15,2024-06-07,Juba,Kajo Keji,passable,0,,Juba – Kajo Keji,40MT,
16,2024-06-07,Juba,Terakeka,impassable,2,,Juba – Terakeka,,
17,2024-06-07,Narus,Kuron,impassable,2,,Narus – Kuron,,
18,2024-06-07,Mundri,Mvolo,passable,0,,Mundri - Mvolo,40MT,
19,2024-06-07,Mangalla,Gemeiza,passable,0,,Mangalla – Gemeiza,40MT,
20,2024-06-07,Mathiang,Maiwut,partially passable,1,,Mathiang – Maiwut,10MT,
21,2024-06-07,Tonj,Langdit,passable,0,,Tonj – Langdit,40MT,
22,2024-06-07,Terakeka,Mundri,passable,0,Tali,Terakeka – Tali – Mundri,40MT,
23,2024-06-07,Terakeka,Mingkaman,partially passable,1,,Terakeka – Mingkaman,20MT,
24,2024-06-07,Torit,Magwi,passable,0,,Torit – Magwi,40MT,
25,2024-06-07,Hiyala,Ikotos,passable,0,,Hiyala – Ikotos,40MT,
26,2024-06-07,Torit,Lafon,partially passable,1,,Torit – Lafon,20MT,
27,2024-06-07,Wau,Thar Kueng,passable,0,,Wau – Thar Kueng,40MT,
28,2024-06-07,Wau,Tonj,passable,0,,Wau – Tonj,40MT,
29,2024-06-07,Wau,Akuem,passable,0,Aweil,Wau – Aweil – Akuem,40MT,
30,2024-06-07,Likuangole,Akobo,impassable,2,,Likuangole – Akobo,,
31,2024-06-07,Amok Piny,Madol,impassable,2,,Amok Piny – Madol,,
32,2024-06-07,Akwot,Nasser,impassable,2,,Akwot – Nasser,,
33,2024-06-07,Guit,Koch,impassable,2,,Guit – Koch,,
34,2024-06-07,Abiemnhom,Mayom,passable,0,,Abiemnhom – Mayom,40MT,
35,2024-06-07,Kilo 30,Kaikang,impassable,2,Tumor; Mayom,Kilo30 –Tumor – Mayom – Kaikang,,
36,2024-06-07,Boma,Pochala,impassable,2,,Boma – Pochala,,
37,2024-06-07,Bor,Gadiang,partially passable,1,,Bor – Gadiang,15MT,
38,2024-06-07,Bor,Baidit,partially passable,1,,Bor – Baidit,20MT,
39,2024-06-07,Pengko,Manyabol,impassable,2,,Pengko – Manyabol,,
40,2024-06-07,Baidit,Duk Padiet,partially passable,1,Mabior,Baidit – Mabior – Duk Padiet,20MT,
41,2024-06-07,Gadiang,Akobo,impassable,2,,Gadiang – Akobo,,
42,2024-06-07,Juba,Lafon,impassable,2,,Juba – Lafon,,
43,2024-06-07,Adar,Mathiang,partially passable,1,,Adar – Mathiang,10MT,
44,2024-06-07,Maper (Lakes),Dablual,impassable,2,,Maper (Lakes) – Dablual,,
45,2024-06-07,Akobo,Kaikuny,partially passable,1,,Akobo – Kainuny,20MT,
46,2024-06-07,Motot,Lankien,partially passable,1,,Motot – Lankein,20MT,
47,2024-06-07,Wau,Deim Zubeir,passable,0,,Wau – Deim Zubeir,40MT,
48,2024-06-07,Wau,Tambura,partially passable,1,,Wau – Tambura,20MT,
49,2024-06-07,Yirol,Shambe,partially passable,1,,Yirol – Shambe,20MT,
50,2024-06-07,Aluakluak,Yirol,partially passable,1,,Aluakluak - Yirol,20MT,
51,2024-06-07,Rumbek,Langdit,passable,0,,Rumbek - Langdit,40MT,
52,2024-06-07,Aluakluak,Rumbek,partially passable,1,,Aluakluak – Rumbek,20MT,
53,2024-06-07,Wunrok,Abiemnhom,passable,0,Turalei,Wunrok – Turalei – Abiemnhom,40MT,
54,2024-06-07,Kilo 30,Panakuach,passable,0,Roriak,Kilo 30 – Roriak – Panakuach,40MT,
55,2024-06-07,Ding Ding,Koch,impassable,2,,Ding ding - Koch,,
56,2024-06-07,Bentiu,Dhorbor,impassable,2,,Bentiu – Dhorbor,,
57,2024-06-07,Dhorbor,Guit,impassable,2,,Dhorbor – Guit,,
58,2024-06-07,Guit,Ding Ding,impassable,2,,Guit – Ding Ding,,
59,2024-06-07,Gumuruk,Pibor,impassable,2,,Gumuruk – Pibor,,
60,2024-06-07,Bor,Pengko,impassable,2,,Bor – Pengko,,
61,2024-06-07,Duk Padiet,Pajut,partially passable,1,,Duk Padiat – Pajut,20MT,
62,2024-06-07,Yuai,Karam,partially passable,1,Pathai,Yaui – Pathai – Karam,20MT,
63,2024-06-07,Yuai,Motot,partially passable,1,Pieri,Yaui – Pieri – Motot,20MT,
64,2024-06-07,Yuai,Pajut,impassable,2,,Yaui – Pajut,,
65,2024-06-07,Wulu,Rumbek,passable,0,,Wulu – Rumbek,40MT,
66,2024-06-07,Pibor,Likuangole,impassable,2,,Pibor – Likuangole,,
67,2024-06-07,Mingkaman,Yirol,partially passable,1,,Mingkaman – Yirol,20MT,
68,2024-06-07,Yambio,Tambura,passable,0,,Yambio – Tambura,40MT,
69,2024-06-07,Juba,Mundri,passable,0,,Juba – Mundri,40MT,
70,2024-06-07,Kodok,Paloich,passable,0,,Kodok – Paloich,40MT,
71,2024-06-07,Malakal,Kodok,passable,0,,Malakal – Kodok,40MT,
72,2024-06-07,Thar Kueng,Kuajok,passable,0,,Thar Kueng - Kuajok,40MT,
73,2024-06-07,Bentiu,Guit,passable,0,,Bentiu – Guit,40MT,
74,2024-06-07,Duk Padiet,Ayod,partially passable,1,,Duk Padiet – Ayod,20MT,
75,2024-06-07,Guit,Mirmir,passable,0,,Guit – Mir mir,40MT,
76,2024-06-07,Raja,Chandoy/Dolo2,passable,0,,Raja – Chandoy/Dolo2,40MT,
77,2024-06-07,Mundri,Maridi,passable,0,,Mundri - Maridi,40MT,
78,2024-06-07,Torit,Kapoeta,passable,0,,Torit – Kapoeta,20MT,
79,2024-06-07,Mayendit,Mirmir,impassable,2,Rupkuai,Mayendit – Rupkuai – Mir mir,,
80,2024-06-07,Mirmir,Leer,partially passable,1,,Mirmir – Leer,15MT,
81,2024-06-07,Mankien,Mayom,passable,0,,Mankien - Mayom,40MT,
82,2024-06-07,Ajak Kuac,Mankien,passable,0,,Ajak Kuac – Mankien,40MT,
83,2024-06-07,Ayod,Pathai,partially passable,1,,Ayod – Pathai,20MT,
84,2024-06-07,Nyandit,Kiech Kon,impassable,2,,Nyandit - Kiech Kon,,
85,2024-06-07,Paloich,Jemaam,passable,0,Adar,Paloich – Adar – Jemaam,40MT,
86,2024-06-07,New Fangak,Kuernyang,impassable,2,,New Fangak – Kuernyang,,
87,2024-06-07,Paguir,Keew,impassable,2,,Paguir – Keew,,
88,2024-06-07,Baliet,Kiech Kon,impassable,2,Akwot,Baliet – Akwot – Kiech kon,,
89,2024-06-07,Wunrok,Gogrial,passable,0,,Wunrok – Gogrial,40MT,
90,2024-06-07,Deim Zubeir,Raja,passable,0,,Dim Zubeir – Raja,40MT,
91,2024-06-07,Aweil,Yith Pabol,passable,0,,Aweil – Yith Pabol,40MT,
92,2024-06-07,Kapoeta,Narus,passable,0,,Kapoeta – Narus,40MT,
93,2024-06-07,Melut,Paloich,passable,0,,Melut – Paloich,40MT,
94,2024-06-07,Wunrok,Abyei,partially passable,1,,Wunrok – Abyei,Specialized Trucks,
95,2024-06-07,Gogrial,Kuajok,passable,0,,Gogrial – Kuajok,40MT,
96,2024-06-07,Bentiu,Nhialdiu,impassable,2,,Bentiu – Nhialdiu,,
97,2024-06-07,Aluakluak,Mvolo,partially passable,1,,Aluakluak - Mvolo,20MT,
98,2024-06-07,Kilo 30,Manga Port,passable,0,,Kilo 30 – Manga Port,40MT,
99,2024-06-07,Gossinga,Raja,impassable,2,,Gossinga – Raja,,
100,2024-06-07,Gossinga,Raja,partially passable,1,Kapalala,Gossinga – Kapalala – Raja,20MT,
101,2024-06-07,Nyal,Ganyiel,impassable,2,,Nyal – Ganyiel,,
102,2024-06-07,Manyabol,Gadiang,impassable,2,,Manyabol – Gadiang,,
103,2024-06-07,Manyabol,Gumuruk,impassable,2,,Manyabol – Gumuruk,,
104,2024-06-07,Vertet,Labarab,impassable,2,,Vertet – Labarab,,
105,2024-06-07,Boma,Maruwa,impassable,2,,Boma – Maruwa,,
106,2024-06-07,Boma,Labarab,impassable,2,,Boma - Labarab,,
107,2024-06-07,Pibor,Vertet,impassable,2,,Pibor – Verthet,,
108,2024-06-07,Aduel,Amok Piny,partially passable,1,,Aduel – Amok Piny,Specialized Trucks,
109,2024-06-07,Lankien,Pading,partially passable,1,Nyambor,Lankien – Nyambor – Pading,20MT,
110,2024-06-07,Nyambor,Karam,partially passable,1,Pading,Nyambor – Pading – Karam,20MT,
111,2024-06-07,Pajut,Payuel,impassable,2,,Pajut – Payuel,,
112,2024-06-07,Aweil,Gogrial,partially passable,1,Akun,Aweil – Akun – Gogrial,20MT,
113,2024-06-07,Kapoeta,Chukudum,passable,0,,Kapoeta – Chukudum,40MT,
114,2024-06-07,Diabio,Ezo,passable,0,,Diabio – Ezo,40MT,
115,2024-06-07,Mvolo,Wulu,passable,0,,Mvolo – Wullu,40MT,
116,2024-06-07,Aluakluak,Mapuordit,partially passable,1,,Aluakluak - Mapuordit,20MT,
117,2024-06-07,Narus,Nadapal,passable,0,,Narus – Nadapal,40MT,
118,2024-06-07,Bentiu,Kilo 30,passable,0,,Bentiu – Kilo30,40MT,
119,2024-06-07,Gadiang,Yuai,partially passable,1,,Gadiang – Yuai,15MT,
120,2024-06-07,Pathai,Fatuet,partially passable,1,,Pathai – Fatuet,20MT,
121,2024-06-07,Walgak,Kaikuny,partially passable,1,,Walgak – Kaikuny,20MT,
122,2024-06-07,Yuai,Walgak,partially passable,1,Motot; Waat,Yuai – Motot – Waat – Walgak,20MT,
123,2024-06-07,Kuron,Boma,impassable,2,,Kuron – Boma,,
124,2024-06-07,Kapoeta,Kassangor,impassable,2,,Kapoeta – Kassangor,,
125,2024-06-07,Rumbek,Maper (Lakes),impassable,2,,Rumbek – Maper (Lakes),,
126,2024-06-07,Maruwa,Labarab,impassable,2,,Maruwa – Labarab,,
127,2024-06-07,Koch,Mirmir,partially passable,1,,Koch – Mirmir,20MT,
128,2024-06-07,Adok,Leer,partially passable,1,Piling,Adok – Piling – Leer,20MT,
129,2024-06-07,Lainya,Yei,passable,0,,Lainya – Yei,40MT,
130,2024-06-07,Mathiang,Udier,partially passable,1,,Mathiang – Udier,10MT,
131,2024-06-07,Gadiang,Payuel,partially passable,1,,Gadiang – Payuel,20MT,
132,2024-06-07,Ayod,Mogok,impassable,2,,Ayod – Mogok,,
133,2024-06-07,Kaikang,Kilo 30,passable,0,Roriak; Mayom,(Kaikang – Roriak )(Mayom – Kilo 30),"""alternative Road""","alternative road listed as two separate stretches: Kaikang–Roriak and Mayom–Kilo 30; ID printed as 132 on this map (typo – 132 is Ayod – Mogok), recorded as 133"
134,2024-06-07,Pariang,Ajuong Thok,passable,0,,Pariang – Ajuong Thok,40MT,
135,2024-06-07,Lafon,Imehejek,partially passable,1,,Lafon – Imehejek,20MT,
1,2024-06-13,Kilo 30,Pariang,passable,0,,Kilo 30 – Pariang,40MT,
2,2024-06-13,Gemeiza,Bor,impassable,2,,Gemeiza – Bor,,
3,2024-06-13,Yida,Pariang,passable,0,,Yida - Pariang,40MT,
4,2024-06-13,Juba,Nimule,passable,0,,Juba – Nimule,40MT,
5,2024-06-13,Juba,Torit,passable,0,,Juba – Torit,40MT,
6,2024-06-13,Juba,Mangalla,passable,0,,Juba – Mangalla,40MT,
7,2024-06-13,Malakal,Baliet,impassable,2,,Malakal – Baliet,,
8,2024-06-13,Paloich,Renk,passable,0,,Paloich – Renk,40MT,
9,2024-06-13,Adar,Maban,partially passable,1,Jemaam,Adar – Jemaam – Maban,15MT,
10,2024-06-13,Abyei,Abiemnhom,impassable,2,,Abyei – Abienhom,,
11,2024-06-13,Aweil,Gossinga,partially passable,1,,Aweil – Gossinga,20MT,
12,2024-06-13,Pathai,Walgak,partially passable,1,Motot,Pathai – Motot – Walgak,20MT,
13,2024-06-13,Juba,Lainya,passable,0,,Juba – Lainya,40MT,
14,2024-06-13,Maridi,Yambio,passable,0,,Maridi – Yambio,40MT,
15,2024-06-13,Juba,Kajo Keji,passable,0,,Juba – Kajo Keji,40MT,
16,2024-06-13,Juba,Terakeka,impassable,2,,Juba – Terakeka,,
17,2024-06-13,Narus,Kuron,impassable,2,,Narus – Kuron,,
18,2024-06-13,Mundri,Mvolo,passable,0,,Mundri - Mvolo,40MT,
19,2024-06-13,Mangalla,Gemeiza,passable,0,,Mangalla – Gemeiza,40MT,
20,2024-06-13,Mathiang,Maiwut,partially passable,1,,Mathiang – Maiwut,10MT,
21,2024-06-13,Tonj,Langdit,passable,0,,Tonj – Langdit,40MT,
22,2024-06-13,Terakeka,Mundri,passable,0,Tali,Terakeka – Tali – Mundri,40MT,
23,2024-06-13,Terakeka,Mingkaman,partially passable,1,,Terakeka – Mingkaman,20MT,
24,2024-06-13,Torit,Magwi,passable,0,,Torit – Magwi,40MT,
25,2024-06-13,Hiyala,Ikotos,passable,0,,Hiyala – Ikotos,40MT,
26,2024-06-13,Torit,Lafon,partially passable,1,,Torit – Lafon,20MT,
27,2024-06-13,Wau,Thar Kueng,passable,0,,Wau – Thar Kueng,40MT,
28,2024-06-13,Wau,Tonj,passable,0,,Wau – Tonj,40MT,
29,2024-06-13,Wau,Akuem,passable,0,Aweil,Wau – Aweil – Akuem,40MT,
30,2024-06-13,Likuangole,Akobo,impassable,2,,Likuangole – Akobo,,
31,2024-06-13,Amok Piny,Madol,impassable,2,,Amok Piny – Madol,,
32,2024-06-13,Akwot,Nasser,impassable,2,,Akwot – Nasser,,
33,2024-06-13,Guit,Koch,impassable,2,,Guit – Koch,,
34,2024-06-13,Abiemnhom,Mayom,passable,0,,Abiemnhom – Mayom,40MT,
35,2024-06-13,Kilo 30,Kaikang,partially passable,1,Tumor; Mayom,Kilo30 –Tumor – Mayom – Kaikang,20MT,
36,2024-06-13,Boma,Pochala,impassable,2,,Boma – Pochala,,
37,2024-06-13,Bor,Gadiang,partially passable,1,,Bor – Gadiang,15MT,
38,2024-06-13,Bor,Baidit,partially passable,1,,Bor – Baidit,20MT,
39,2024-06-13,Pengko,Manyabol,impassable,2,,Pengko – Manyabol,,
40,2024-06-13,Baidit,Duk Padiet,partially passable,1,Mabior,Baidit – Mabior – Duk Padiet,20MT,
41,2024-06-13,Gadiang,Akobo,impassable,2,,Gadiang – Akobo,,
42,2024-06-13,Juba,Lafon,impassable,2,,Juba – Lafon,,
43,2024-06-13,Adar,Mathiang,partially passable,1,,Adar – Mathiang,10MT,
44,2024-06-13,Maper (Lakes),Dablual,impassable,2,,Maper (Lakes) – Dablual,,
45,2024-06-13,Akobo,Kaikuny,partially passable,1,,Akobo – Kainuny,20MT,
46,2024-06-13,Motot,Lankien,partially passable,1,,Motot – Lankein,20MT,
47,2024-06-13,Wau,Deim Zubeir,passable,0,,Wau – Deim Zubeir,40MT,
48,2024-06-13,Wau,Tambura,partially passable,1,,Wau – Tambura,20MT,
49,2024-06-13,Yirol,Shambe,partially passable,1,,Yirol – Shambe,20MT,
50,2024-06-13,Aluakluak,Yirol,partially passable,1,,Aluakluak - Yirol,20MT,
51,2024-06-13,Rumbek,Langdit,passable,0,,Rumbek - Langdit,40MT,
52,2024-06-13,Aluakluak,Rumbek,partially passable,1,,Aluakluak – Rumbek,20MT,
53,2024-06-13,Wunrok,Abiemnhom,partially passable,1,Turalei,Wunrok – Turalei – Abiemnhom,20MT,
54,2024-06-13,Kilo 30,Panakuach,partially passable,1,Roriak,Kilo 30 – Roriak – Panakuach,20MT,
55,2024-06-13,Ding Ding,Koch,impassable,2,,Ding ding - Koch,,
56,2024-06-13,Bentiu,Dhorbor,impassable,2,,Bentiu – Dhorbor,,
57,2024-06-13,Dhorbor,Guit,impassable,2,,Dhorbor – Guit,,
58,2024-06-13,Guit,Ding Ding,impassable,2,,Guit – Ding Ding,,
59,2024-06-13,Gumuruk,Pibor,impassable,2,,Gumuruk – Pibor,,
60,2024-06-13,Bor,Pengko,impassable,2,,Bor – Pengko,,
61,2024-06-13,Duk Padiet,Pajut,partially passable,1,,Duk Padiat – Pajut,20MT,
62,2024-06-13,Yuai,Karam,partially passable,1,Pathai,Yaui – Pathai – Karam,20MT,
63,2024-06-13,Yuai,Motot,partially passable,1,Pieri,Yaui – Pieri – Motot,20MT,
64,2024-06-13,Yuai,Pajut,impassable,2,,Yaui – Pajut,,
65,2024-06-13,Wulu,Rumbek,passable,0,,Wulu – Rumbek,40MT,
66,2024-06-13,Pibor,Likuangole,impassable,2,,Pibor – Likuangole,,
67,2024-06-13,Mingkaman,Yirol,partially passable,1,,Mingkaman – Yirol,20MT,
68,2024-06-13,Yambio,Tambura,passable,0,,Yambio – Tambura,40MT,
69,2024-06-13,Juba,Mundri,passable,0,,Juba – Mundri,40MT,
70,2024-06-13,Kodok,Paloich,passable,0,,Kodok – Paloich,40MT,
71,2024-06-13,Malakal,Kodok,passable,0,,Malakal – Kodok,40MT,
72,2024-06-13,Thar Kueng,Kuajok,passable,0,,Thar Kueng - Kuajok,40MT,
73,2024-06-13,Bentiu,Guit,passable,0,,Bentiu – Guit,40MT,
74,2024-06-13,Duk Padiet,Ayod,partially passable,1,,Duk Padiet – Ayod,20MT,
75,2024-06-13,Guit,Mirmir,passable,0,,Guit – Mir mir,40MT,
76,2024-06-13,Raja,Chandoy/Dolo2,passable,0,,Raja – Chandoy/Dolo2,40MT,
77,2024-06-13,Mundri,Maridi,passable,0,,Mundri - Maridi,40MT,
78,2024-06-13,Torit,Kapoeta,passable,0,,Torit – Kapoeta,20MT,
79,2024-06-13,Mayendit,Mirmir,impassable,2,Rupkuai,Mayendit – Rupkuai – Mir mir,,
80,2024-06-13,Mirmir,Leer,partially passable,1,,Mirmir – Leer,15MT,
81,2024-06-13,Mankien,Mayom,passable,0,,Mankien - Mayom,40MT,
82,2024-06-13,Ajak Kuac,Mankien,passable,0,,Ajak Kuac – Mankien,40MT,
83,2024-06-13,Ayod,Pathai,partially passable,1,,Ayod – Pathai,20MT,
84,2024-06-13,Nyandit,Kiech Kon,impassable,2,,Nyandit - Kiech Kon,,
85,2024-06-13,Paloich,Jemaam,passable,0,Adar,Paloich – Adar – Jemaam,40MT,
86,2024-06-13,New Fangak,Kuernyang,impassable,2,,New Fangak – Kuernyang,,
87,2024-06-13,Paguir,Keew,impassable,2,,Paguir – Keew,,
88,2024-06-13,Baliet,Kiech Kon,impassable,2,Akwot,Baliet – Akwot – Kiech kon,,
89,2024-06-13,Wunrok,Gogrial,passable,0,,Wunrok – Gogrial,40MT,
90,2024-06-13,Deim Zubeir,Raja,passable,0,,Dim Zubeir – Raja,40MT,
91,2024-06-13,Aweil,Yith Pabol,passable,0,,Aweil – Yith Pabol,40MT,
92,2024-06-13,Kapoeta,Narus,passable,0,,Kapoeta – Narus,40MT,
93,2024-06-13,Melut,Paloich,passable,0,,Melut – Paloich,40MT,
94,2024-06-13,Wunrok,Abyei,partially passable,1,,Wunrok – Abyei,Specialized Trucks,
95,2024-06-13,Gogrial,Kuajok,passable,0,,Gogrial – Kuajok,40MT,
96,2024-06-13,Bentiu,Nhialdiu,impassable,2,,Bentiu – Nhialdiu,,
97,2024-06-13,Aluakluak,Mvolo,partially passable,1,,Aluakluak - Mvolo,20MT,
98,2024-06-13,Kilo 30,Manga Port,passable,0,,Kilo 30 – Manga Port,40MT,
99,2024-06-13,Gossinga,Raja,impassable,2,,Gossinga – Raja,,
100,2024-06-13,Gossinga,Raja,partially passable,1,Kapalala,Gossinga – Kapalala – Raja,20MT,
101,2024-06-13,Nyal,Ganyiel,impassable,2,,Nyal – Ganyiel,,
102,2024-06-13,Manyabol,Gadiang,impassable,2,,Manyabol – Gadiang,,
103,2024-06-13,Manyabol,Gumuruk,impassable,2,,Manyabol – Gumuruk,,
104,2024-06-13,Vertet,Labarab,impassable,2,,Vertet – Labarab,,
105,2024-06-13,Boma,Maruwa,impassable,2,,Boma – Maruwa,,
106,2024-06-13,Boma,Labarab,impassable,2,,Boma - Labarab,,
107,2024-06-13,Pibor,Vertet,impassable,2,,Pibor – Verthet,,
108,2024-06-13,Aduel,Amok Piny,partially passable,1,,Aduel – Amok Piny,Specialized Trucks,
109,2024-06-13,Lankien,Pading,partially passable,1,Nyambor,Lankien – Nyambor – Pading,20MT,
110,2024-06-13,Nyambor,Karam,partially passable,1,Pading,Nyambor – Pading – Karam,20MT,
111,2024-06-13,Pajut,Payuel,impassable,2,,Pajut – Payuel,,
112,2024-06-13,Aweil,Gogrial,partially passable,1,Akun,Aweil – Akun – Gogrial,20MT,
113,2024-06-13,Kapoeta,Chukudum,passable,0,,Kapoeta – Chukudum,40MT,
114,2024-06-13,Diabio,Ezo,passable,0,,Diabio – Ezo,40MT,
115,2024-06-13,Mvolo,Wulu,passable,0,,Mvolo – Wullu,40MT,
116,2024-06-13,Aluakluak,Mapuordit,partially passable,1,,Aluakluak - Mapuordit,20MT,
117,2024-06-13,Narus,Nadapal,passable,0,,Narus – Nadapal,40MT,
118,2024-06-13,Bentiu,Kilo 30,partially passable,1,,Bentiu – Kilo30,20MT,
119,2024-06-13,Gadiang,Yuai,partially passable,1,,Gadiang – Yuai,15MT,
120,2024-06-13,Pathai,Fatuet,partially passable,1,,Pathai – Fatuet,20MT,
121,2024-06-13,Walgak,Kaikuny,partially passable,1,,Walgak – Kaikuny,20MT,
122,2024-06-13,Yuai,Walgak,partially passable,1,Motot; Waat,Yuai – Motot – Waat – Walgak,20MT,
123,2024-06-13,Kuron,Boma,impassable,2,,Kuron – Boma,,
124,2024-06-13,Kapoeta,Kassangor,impassable,2,,Kapoeta – Kassangor,,
125,2024-06-13,Rumbek,Maper (Lakes),impassable,2,,Rumbek – Maper (Lakes),,
126,2024-06-13,Maruwa,Labarab,impassable,2,,Maruwa – Labarab,,
127,2024-06-13,Koch,Mirmir,partially passable,1,,Koch – Mirmir,20MT,
128,2024-06-13,Adok,Leer,partially passable,1,Piling,Adok – Piling – Leer,20MT,
129,2024-06-13,Lainya,Yei,passable,0,,Lainya – Yei,40MT,
130,2024-06-13,Mathiang,Udier,partially passable,1,,Mathiang – Udier,10MT,
131,2024-06-13,Gadiang,Payuel,partially passable,1,,Gadiang – Payuel,20MT,
132,2024-06-13,Ayod,Mogok,impassable,2,,Ayod – Mogok,,
133,2024-06-13,Kaikang,Kilo 30,partially passable,1,Roriak; Mayom,(Kaikang – Roriak )(Mayom – Kilo 30),"""alternative Road"" 20MT",alternative road listed as two separate stretches: Kaikang–Roriak and Mayom–Kilo 30
134,2024-06-13,Pariang,Ajuong Thok,passable,0,,Pariang – Ajuong Thok,40MT,
135,2024-06-13,Lafon,Imehejek,partially passable,1,,Lafon – Imehejek,20MT,
1,2024-06-21,Kilo 30,Pariang,passable,0,,Kilo 30 – Pariang,40MT,
2,2024-06-21,Gemeiza,Bor,impassable,2,,Gemeiza – Bor,,
3,2024-06-21,Yida,Pariang,passable,0,,Yida - Pariang,40MT,
4,2024-06-21,Juba,Nimule,passable,0,,Juba – Nimule,40MT,
5,2024-06-21,Juba,Torit,passable,0,,Juba – Torit,40MT,
6,2024-06-21,Juba,Mangalla,passable,0,,Juba – Mangalla,40MT,
7,2024-06-21,Malakal,Baliet,impassable,2,,Malakal – Baliet,,
8,2024-06-21,Paloich,Renk,passable,0,,Paloich – Renk,40MT,
9,2024-06-21,Adar,Maban,partially passable,1,Jemaam,Adar – Jemaam – Maban,15MT,
10,2024-06-21,Abyei,Abiemnhom,impassable,2,,Abyei – Abienhom,,
11,2024-06-21,Aweil,Gossinga,partially passable,1,,Aweil – Gossinga,20MT,
12,2024-06-21,Pathai,Walgak,impassable,2,Motot,Pathai – Motot – Walgak,,
13,2024-06-21,Juba,Lainya,passable,0,,Juba – Lainya,40MT,
14,2024-06-21,Maridi,Yambio,passable,0,,Maridi – Yambio,40MT,
15,2024-06-21,Juba,Kajo Keji,passable,0,,Juba – Kajo Keji,40MT,
16,2024-06-21,Juba,Terakeka,impassable,2,,Juba – Terakeka,,
17,2024-06-21,Narus,Kuron,impassable,2,,Narus – Kuron,,
18,2024-06-21,Mundri,Mvolo,passable,0,,Mundri - Mvolo,40MT,
19,2024-06-21,Mangalla,Gemeiza,passable,0,,Mangalla – Gemeiza,40MT,
20,2024-06-21,Mathiang,Maiwut,partially passable,1,,Mathiang – Maiwut,10MT,
21,2024-06-21,Tonj,Langdit,passable,0,,Tonj – Langdit,40MT,
22,2024-06-21,Terakeka,Mundri,passable,0,Tali,Terakeka – Tali – Mundri,40MT,
23,2024-06-21,Terakeka,Mingkaman,partially passable,1,,Terakeka – Mingkaman,20MT,
24,2024-06-21,Torit,Magwi,passable,0,,Torit – Magwi,40MT,
25,2024-06-21,Hiyala,Ikotos,passable,0,,Hiyala – Ikotos,40MT,
26,2024-06-21,Torit,Lafon,partially passable,1,,Torit – Lafon,20MT,
27,2024-06-21,Wau,Thar Kueng,passable,0,,Wau – Thar Kueng,40MT,
28,2024-06-21,Wau,Tonj,passable,0,,Wau – Tonj,40MT,
29,2024-06-21,Wau,Akuem,passable,0,Aweil,Wau – Aweil – Akuem,40MT,
30,2024-06-21,Likuangole,Akobo,impassable,2,,Likuangole – Akobo,,
31,2024-06-21,Amok Piny,Madol,impassable,2,,Amok Piny – Madol,,
32,2024-06-21,Akwot,Nasser,impassable,2,,Akwot – Nasser,,
33,2024-06-21,Guit,Koch,impassable,2,,Guit – Koch,,
34,2024-06-21,Abiemnhom,Mayom,passable,0,,Abiemnhom – Mayom,40MT,
35,2024-06-21,Kilo 30,Kaikang,partially passable,1,Tumor; Mayom,Kilo30 –Tumor – Mayom – Kaikang,20MT,
36,2024-06-21,Boma,Pochala,impassable,2,,Boma – Pochala,,
37,2024-06-21,Bor,Gadiang,partially passable,1,,Bor – Gadiang,15MT,
38,2024-06-21,Bor,Baidit,partially passable,1,,Bor – Baidit,20MT,
39,2024-06-21,Pengko,Manyabol,impassable,2,,Pengko – Manyabol,,
40,2024-06-21,Baidit,Duk Padiet,partially passable,1,Mabior,Baidit – Mabior – Duk Padiet,20MT,
41,2024-06-21,Gadiang,Akobo,impassable,2,,Gadiang – Akobo,,
42,2024-06-21,Juba,Lafon,impassable,2,,Juba – Lafon,,
43,2024-06-21,Adar,Mathiang,partially passable,1,,Adar – Mathiang,10MT,
44,2024-06-21,Maper (Lakes),Dablual,impassable,2,,Maper (Lakes) – Dablual,,
45,2024-06-21,Akobo,Kaikuny,partially passable,1,,Akobo – Kainuny,20MT,
46,2024-06-21,Motot,Lankien,impassable,2,,Motot – Lankein,,
47,2024-06-21,Wau,Deim Zubeir,passable,0,,Wau – Deim Zubeir,40MT,
48,2024-06-21,Wau,Tambura,partially passable,1,,Wau – Tambura,20MT,
49,2024-06-21,Yirol,Shambe,partially passable,1,,Yirol – Shambe,20MT,
50,2024-06-21,Aluakluak,Yirol,partially passable,1,,Aluakluak - Yirol,20MT,
51,2024-06-21,Rumbek,Langdit,passable,0,,Rumbek - Langdit,40MT,
52,2024-06-21,Aluakluak,Rumbek,partially passable,1,,Aluakluak – Rumbek,20MT,
53,2024-06-21,Wunrok,Abiemnhom,partially passable,1,Turalei,Wunrok – Turalei – Abiemnhom,20MT,
54,2024-06-21,Kilo 30,Panakuach,partially passable,1,Roriak,Kilo 30 – Roriak – Panakuach,20MT,
55,2024-06-21,Ding Ding,Koch,impassable,2,,Ding ding - Koch,,
56,2024-06-21,Bentiu,Dhorbor,impassable,2,,Bentiu – Dhorbor,,
57,2024-06-21,Dhorbor,Guit,impassable,2,,Dhorbor – Guit,,
58,2024-06-21,Guit,Ding Ding,impassable,2,,Guit – Ding Ding,,
59,2024-06-21,Gumuruk,Pibor,impassable,2,,Gumuruk – Pibor,,
60,2024-06-21,Bor,Pengko,impassable,2,,Bor – Pengko,,
61,2024-06-21,Duk Padiet,Pajut,partially passable,1,,Duk Padiat – Pajut,20MT,
62,2024-06-21,Yuai,Karam,impassable,2,Pathai,Yaui – Pathai – Karam,,
63,2024-06-21,Yuai,Motot,impassable,2,Pieri,Yaui – Pieri – Motot,,
64,2024-06-21,Yuai,Pajut,impassable,2,,Yaui – Pajut,,
65,2024-06-21,Wulu,Rumbek,passable,0,,Wulu – Rumbek,40MT,
66,2024-06-21,Pibor,Likuangole,impassable,2,,Pibor – Likuangole,,
67,2024-06-21,Mingkaman,Yirol,partially passable,1,,Mingkaman – Yirol,20MT,
68,2024-06-21,Yambio,Tambura,passable,0,,Yambio – Tambura,40MT,
69,2024-06-21,Juba,Mundri,passable,0,,Juba – Mundri,40MT,
70,2024-06-21,Kodok,Paloich,partially passable,1,,Kodok – Paloich,10MT,
71,2024-06-21,Malakal,Kodok,partially passable,1,,Malakal – Kodok,10MT,
72,2024-06-21,Thar Kueng,Kuajok,passable,0,,Thar Kueng - Kuajok,40MT,
73,2024-06-21,Bentiu,Guit,passable,0,,Bentiu – Guit,40MT,
74,2024-06-21,Duk Padiet,Ayod,partially passable,1,,Duk Padiet – Ayod,20MT,
75,2024-06-21,Guit,Mirmir,passable,0,,Guit – Mir mir,40MT,
76,2024-06-21,Raja,Chandoy/Dolo2,passable,0,,Raja – Chandoy/Dolo2,40MT,
77,2024-06-21,Mundri,Maridi,passable,0,,Mundri - Maridi,40MT,
78,2024-06-21,Torit,Kapoeta,passable,0,,Torit – Kapoeta,20MT,
79,2024-06-21,Mayendit,Mirmir,impassable,2,Rupkuai,Mayendit – Rupkuai – Mir mir,,
80,2024-06-21,Mirmir,Leer,passable,0,,Mirmir – Leer,40MT,
81,2024-06-21,Mankien,Mayom,passable,0,,Mankien - Mayom,40MT,
82,2024-06-21,Ajak Kuac,Mankien,passable,0,,Ajak Kuac – Mankien,40MT,
83,2024-06-21,Ayod,Pathai,partially passable,1,,Ayod – Pathai,20MT,
84,2024-06-21,Nyandit,Kiech Kon,impassable,2,,Nyandit - Kiech Kon,,
85,2024-06-21,Paloich,Jemaam,partially passable,1,Adar,Paloich – Adar – Jemaam,10MT,
86,2024-06-21,New Fangak,Kuernyang,impassable,2,,New Fangak – Kuernyang,,
87,2024-06-21,Paguir,Keew,impassable,2,,Paguir – Keew,,
88,2024-06-21,Baliet,Kiech Kon,impassable,2,Akwot,Baliet – Akwot – Kiech kon,,
89,2024-06-21,Wunrok,Gogrial,passable,0,,Wunrok – Gogrial,40MT,
90,2024-06-21,Deim Zubeir,Raja,passable,0,,Dim Zubeir – Raja,40MT,
91,2024-06-21,Aweil,Yith Pabol,passable,0,,Aweil – Yith Pabol,40MT,
92,2024-06-21,Kapoeta,Narus,passable,0,,Kapoeta – Narus,40MT,
93,2024-06-21,Melut,Paloich,passable,0,,Melut – Paloich,40MT,
94,2024-06-21,Wunrok,Abyei,partially passable,1,,Wunrok – Abyei,Specialized Trucks,
95,2024-06-21,Gogrial,Kuajok,passable,0,,Gogrial – Kuajok,40MT,
96,2024-06-21,Bentiu,Nhialdiu,impassable,2,,Bentiu – Nhialdiu,,
97,2024-06-21,Aluakluak,Mvolo,partially passable,1,,Aluakluak - Mvolo,20MT,
98,2024-06-21,Kilo 30,Manga Port,passable,0,,Kilo 30 – Manga Port,40MT,
99,2024-06-21,Gossinga,Raja,impassable,2,,Gossinga – Raja,,
100,2024-06-21,Gossinga,Raja,partially passable,1,Kapalala,Gossinga – Kapalala – Raja,20MT,
101,2024-06-21,Nyal,Ganyiel,impassable,2,,Nyal – Ganyiel,,
102,2024-06-21,Manyabol,Gadiang,impassable,2,,Manyabol – Gadiang,,
103,2024-06-21,Manyabol,Gumuruk,impassable,2,,Manyabol – Gumuruk,,
104,2024-06-21,Vertet,Labarab,impassable,2,,Vertet – Labarab,,
105,2024-06-21,Boma,Maruwa,impassable,2,,Boma – Maruwa,,
106,2024-06-21,Boma,Labarab,impassable,2,,Boma - Labarab,,
107,2024-06-21,Pibor,Vertet,impassable,2,,Pibor – Verthet,,
108,2024-06-21,Aduel,Amok Piny,partially passable,1,,Aduel – Amok Piny,Specialized Trucks,
109,2024-06-21,Lankien,Pading,impassable,2,Nyambor,Lankien – Nyambor – Pading,,
110,2024-06-21,Nyambor,Karam,impassable,2,Pading,Nyambor – Pading – Karam,,
111,2024-06-21,Pajut,Payuel,impassable,2,,Pajut – Payuel,,
112,2024-06-21,Aweil,Gogrial,partially passable,1,Akun,Aweil – Akun – Gogrial,20MT,
113,2024-06-21,Kapoeta,Chukudum,passable,0,,Kapoeta – Chukudum,40MT,
114,2024-06-21,Diabio,Ezo,passable,0,,Diabio – Ezo,40MT,
115,2024-06-21,Mvolo,Wulu,passable,0,,Mvolo – Wullu,40MT,
116,2024-06-21,Aluakluak,Mapuordit,partially passable,1,,Aluakluak - Mapuordit,20MT,
117,2024-06-21,Narus,Nadapal,passable,0,,Narus – Nadapal,40MT,
118,2024-06-21,Bentiu,Kilo 30,passable,0,,Bentiu – Kilo30,20MT,
119,2024-06-21,Gadiang,Yuai,impassable,2,,Gadiang – Yuai,,
120,2024-06-21,Pathai,Fatuet,partially passable,1,,Pathai – Fatuet,20MT,
121,2024-06-21,Walgak,Kaikuny,impassable,2,,Walgak – Kaikuny,,
122,2024-06-21,Yuai,Walgak,impassable,2,Motot; Waat,Yuai – Motot – Waat – Walgak,,
123,2024-06-21,Kuron,Boma,impassable,2,,Kuron – Boma,,
124,2024-06-21,Kapoeta,Kassangor,impassable,2,,Kapoeta – Kassangor,,
125,2024-06-21,Rumbek,Maper (Lakes),impassable,2,,Rumbek – Maper (Lakes),,
126,2024-06-21,Maruwa,Labarab,impassable,2,,Maruwa – Labarab,,
127,2024-06-21,Koch,Mirmir,partially passable,1,,Koch – Mirmir,20MT,
128,2024-06-21,Adok,Leer,partially passable,1,Piling,Adok – Piling – Leer,20MT,
129,2024-06-21,Lainya,Yei,passable,0,,Lainya – Yei,40MT,
130,2024-06-21,Mathiang,Udier,partially passable,1,,Mathiang – Udier,10MT,
131,2024-06-21,Gadiang,Payuel,partially passable,1,,Gadiang – Payuel,20MT,
132,2024-06-21,Ayod,Mogok,impassable,2,,Ayod – Mogok,,
133,2024-06-21,Kaikang,Kilo 30,partially passable,1,Roriak; Mayom,(Kaikang – Roriak )(Mayom – Kilo 30),"""alternative Road"" 20MT",alternative road listed as two separate stretches: Kaikang–Roriak and Mayom–Kilo 30
134,2024-06-21,Pariang,Ajuong Thok,passable,0,,Pariang – Ajuong Thok,40MT,
135,2024-06-21,Lafon,Imehejek,partially passable,1,,Lafon – Imehejek,20MT,
136,2024-06-21,Mabior,Gadiang,partially passable,1,,Mabior – Gadiang,20MT,
137,2024-06-21,Poktap,Payuel,partially passable,1,,Poktap – Payuel,20MT,
139,2024-06-21,Mabior,Kongor,impassable,2,,Mabior – Kongor,,ID printed as 138 on this map; renumbered 139 to match the 2025-12-24 map
1,2024-06-27,Kilo 30,Pariang,passable,0,,Kilo 30 – Pariang,40MT,
2,2024-06-27,Gemeiza,Bor,impassable,2,,Gemeiza – Bor,,
3,2024-06-27,Yida,Pariang,passable,0,,Yida - Pariang,40MT,
4,2024-06-27,Juba,Nimule,passable,0,,Juba – Nimule,40MT,
5,2024-06-27,Juba,Torit,passable,0,,Juba – Torit,40MT,
6,2024-06-27,Juba,Mangalla,passable,0,,Juba – Mangalla,40MT,
7,2024-06-27,Malakal,Baliet,impassable,2,,Malakal – Baliet,,
8,2024-06-27,Paloich,Renk,passable,0,,Paloich – Renk,40MT,
9,2024-06-27,Adar,Maban,partially passable,1,Jemaam,Adar – Jemaam – Maban,15MT,
10,2024-06-27,Abyei,Abiemnhom,impassable,2,,Abyei – Abienhom,,
11,2024-06-27,Aweil,Gossinga,partially passable,1,,Aweil – Gossinga,20MT,
12,2024-06-27,Pathai,Walgak,impassable,2,Motot,Pathai – Motot – Walgak,,
13,2024-06-27,Juba,Lainya,passable,0,,Juba – Lainya,40MT,
14,2024-06-27,Maridi,Yambio,passable,0,,Maridi – Yambio,40MT,
15,2024-06-27,Juba,Kajo Keji,passable,0,,Juba – Kajo Keji,40MT,
16,2024-06-27,Juba,Terakeka,impassable,2,,Juba – Terakeka,,
17,2024-06-27,Narus,Kuron,impassable,2,,Narus – Kuron,,
18,2024-06-27,Mundri,Mvolo,passable,0,,Mundri - Mvolo,40MT,
19,2024-06-27,Mangalla,Gemeiza,passable,0,,Mangalla – Gemeiza,40MT,
20,2024-06-27,Mathiang,Maiwut,partially passable,1,,Mathiang – Maiwut,10MT,
21,2024-06-27,Tonj,Langdit,passable,0,,Tonj – Langdit,40MT,
22,2024-06-27,Terakeka,Mundri,passable,0,Tali,Terakeka – Tali – Mundri,40MT,
23,2024-06-27,Terakeka,Mingkaman,partially passable,1,,Terakeka – Mingkaman,20MT,
24,2024-06-27,Torit,Magwi,passable,0,,Torit – Magwi,40MT,
25,2024-06-27,Hiyala,Ikotos,passable,0,,Hiyala – Ikotos,40MT,
26,2024-06-27,Torit,Lafon,partially passable,1,,Torit – Lafon,20MT,
27,2024-06-27,Wau,Thar Kueng,passable,0,,Wau – Thar Kueng,40MT,
28,2024-06-27,Wau,Tonj,passable,0,,Wau – Tonj,40MT,
29,2024-06-27,Wau,Akuem,passable,0,Aweil,Wau – Aweil – Akuem,40MT,
30,2024-06-27,Likuangole,Akobo,impassable,2,,Likuangole – Akobo,,
31,2024-06-27,Amok Piny,Madol,impassable,2,,Amok Piny – Madol,,
32,2024-06-27,Akwot,Nasser,impassable,2,,Akwot – Nasser,,
33,2024-06-27,Guit,Koch,impassable,2,,Guit – Koch,,
34,2024-06-27,Abiemnhom,Mayom,passable,0,,Abiemnhom – Mayom,40MT,
35,2024-06-27,Kilo 30,Kaikang,partially passable,1,Tumor; Mayom,Kilo30 –Tumor – Mayom – Kaikang,20MT,
36,2024-06-27,Boma,Pochala,impassable,2,,Boma – Pochala,,
37,2024-06-27,Bor,Gadiang,partially passable,1,,Bor – Gadiang,15MT,
38,2024-06-27,Bor,Baidit,partially passable,1,,Bor – Baidit,20MT,
39,2024-06-27,Pengko,Manyabol,impassable,2,,Pengko – Manyabol,,
40,2024-06-27,Baidit,Duk Padiet,partially passable,1,Mabior,Baidit – Mabior – Duk Padiet,20MT,
41,2024-06-27,Gadiang,Akobo,impassable,2,,Gadiang – Akobo,,
42,2024-06-27,Juba,Lafon,impassable,2,,Juba – Lafon,,
43,2024-06-27,Adar,Mathiang,partially passable,1,,Adar – Mathiang,10MT,
44,2024-06-27,Maper (Lakes),Dablual,impassable,2,,Maper (Lakes) – Dablual,,
45,2024-06-27,Akobo,Kaikuny,partially passable,1,,Akobo – Kainuny,20MT,
46,2024-06-27,Motot,Lankien,impassable,2,,Motot – Lankein,,
47,2024-06-27,Wau,Deim Zubeir,passable,0,,Wau – Deim Zubeir,40MT,
48,2024-06-27,Wau,Tambura,partially passable,1,,Wau – Tambura,20MT,
49,2024-06-27,Yirol,Shambe,partially passable,1,,Yirol – Shambe,20MT,
50,2024-06-27,Aluakluak,Yirol,partially passable,1,,Aluakluak - Yirol,20MT,
51,2024-06-27,Rumbek,Langdit,passable,0,,Rumbek - Langdit,40MT,
52,2024-06-27,Aluakluak,Rumbek,partially passable,1,,Aluakluak – Rumbek,20MT,
53,2024-06-27,Wunrok,Abiemnhom,partially passable,1,Turalei,Wunrok – Turalei – Abiemnhom,20MT,
54,2024-06-27,Kilo 30,Panakuach,partially passable,1,Roriak,Kilo 30 – Roriak – Panakuach,20MT,
55,2024-06-27,Ding Ding,Koch,impassable,2,,Ding ding - Koch,,
56,2024-06-27,Bentiu,Dhorbor,impassable,2,,Bentiu – Dhorbor,,
57,2024-06-27,Dhorbor,Guit,impassable,2,,Dhorbor – Guit,,
58,2024-06-27,Guit,Ding Ding,impassable,2,,Guit – Ding Ding,,
59,2024-06-27,Gumuruk,Pibor,impassable,2,,Gumuruk – Pibor,,
60,2024-06-27,Bor,Pengko,impassable,2,,Bor – Pengko,,
61,2024-06-27,Duk Padiet,Pajut,partially passable,1,,Duk Padiat – Pajut,20MT,
62,2024-06-27,Yuai,Karam,impassable,2,Pathai,Yaui – Pathai – Karam,,
63,2024-06-27,Yuai,Motot,impassable,2,Pieri,Yaui – Pieri – Motot,,
64,2024-06-27,Yuai,Pajut,impassable,2,,Yaui – Pajut,,
65,2024-06-27,Wulu,Rumbek,passable,0,,Wulu – Rumbek,40MT,
66,2024-06-27,Pibor,Likuangole,impassable,2,,Pibor – Likuangole,,
67,2024-06-27,Mingkaman,Yirol,partially passable,1,,Mingkaman – Yirol,20MT,
68,2024-06-27,Yambio,Tambura,passable,0,,Yambio – Tambura,40MT,
69,2024-06-27,Juba,Mundri,passable,0,,Juba – Mundri,40MT,
70,2024-06-27,Kodok,Paloich,partially passable,1,,Kodok – Paloich,10MT,
71,2024-06-27,Malakal,Kodok,partially passable,1,,Malakal – Kodok,10MT,
72,2024-06-27,Thar Kueng,Kuajok,passable,0,,Thar Kueng - Kuajok,40MT,
73,2024-06-27,Bentiu,Guit,passable,0,,Bentiu – Guit,40MT,
74,2024-06-27,Duk Padiet,Ayod,partially passable,1,,Duk Padiet – Ayod,20MT,
75,2024-06-27,Guit,Mirmir,passable,0,,Guit – Mir mir,40MT,
76,2024-06-27,Raja,Chandoy/Dolo2,passable,0,,Raja – Chandoy/Dolo2,40MT,
77,2024-06-27,Mundri,Maridi,passable,0,,Mundri - Maridi,40MT,
78,2024-06-27,Torit,Kapoeta,passable,0,,Torit – Kapoeta,20MT,
79,2024-06-27,Mayendit,Mirmir,impassable,2,Rupkuai,Mayendit – Rupkuai – Mir mir,,
80,2024-06-27,Mirmir,Leer,passable,0,,Mirmir – Leer,40MT,
81,2024-06-27,Mankien,Mayom,passable,0,,Mankien - Mayom,40MT,
82,2024-06-27,Ajak Kuac,Mankien,passable,0,,Ajak Kuac – Mankien,40MT,
83,2024-06-27,Ayod,Pathai,partially passable,1,,Ayod – Pathai,20MT,
84,2024-06-27,Nyandit,Kiech Kon,impassable,2,,Nyandit - Kiech Kon,,
85,2024-06-27,Paloich,Jemaam,partially passable,1,Adar,Paloich – Adar – Jemaam,10MT,
86,2024-06-27,New Fangak,Kuernyang,impassable,2,,New Fangak – Kuernyang,,
87,2024-06-27,Paguir,Keew,impassable,2,,Paguir – Keew,,
88,2024-06-27,Baliet,Kiech Kon,impassable,2,Akwot,Baliet – Akwot – Kiech kon,,
89,2024-06-27,Wunrok,Gogrial,passable,0,,Wunrok – Gogrial,40MT,
90,2024-06-27,Deim Zubeir,Raja,passable,0,,Dim Zubeir – Raja,40MT,
91,2024-06-27,Aweil,Yith Pabol,passable,0,,Aweil – Yith Pabol,40MT,
92,2024-06-27,Kapoeta,Narus,passable,0,,Kapoeta – Narus,40MT,
93,2024-06-27,Melut,Paloich,passable,0,,Melut – Paloich,40MT,
94,2024-06-27,Wunrok,Abyei,partially passable,1,,Wunrok – Abyei,Specialized Trucks,
95,2024-06-27,Gogrial,Kuajok,passable,0,,Gogrial – Kuajok,40MT,
96,2024-06-27,Bentiu,Nhialdiu,impassable,2,,Bentiu – Nhialdiu,,
97,2024-06-27,Aluakluak,Mvolo,partially passable,1,,Aluakluak - Mvolo,20MT,
98,2024-06-27,Kilo 30,Manga Port,passable,0,,Kilo 30 – Manga Port,40MT,
99,2024-06-27,Gossinga,Raja,impassable,2,,Gossinga – Raja,,
100,2024-06-27,Gossinga,Raja,partially passable,1,Kapalala,Gossinga – Kapalala – Raja,20MT,
101,2024-06-27,Nyal,Ganyiel,impassable,2,,Nyal – Ganyiel,,
102,2024-06-27,Manyabol,Gadiang,impassable,2,,Manyabol – Gadiang,,
103,2024-06-27,Manyabol,Gumuruk,impassable,2,,Manyabol – Gumuruk,,
104,2024-06-27,Vertet,Labarab,impassable,2,,Vertet – Labarab,,
105,2024-06-27,Boma,Maruwa,impassable,2,,Boma – Maruwa,,
106,2024-06-27,Boma,Labarab,impassable,2,,Boma - Labarab,,
107,2024-06-27,Pibor,Vertet,impassable,2,,Pibor – Verthet,,
108,2024-06-27,Aduel,Amok Piny,partially passable,1,,Aduel – Amok Piny,Specialized Trucks,
109,2024-06-27,Lankien,Pading,impassable,2,Nyambor,Lankien – Nyambor – Pading,,
110,2024-06-27,Nyambor,Karam,impassable,2,Pading,Nyambor – Pading – Karam,,
111,2024-06-27,Pajut,Payuel,impassable,2,,Pajut – Payuel,,
112,2024-06-27,Aweil,Gogrial,partially passable,1,Akun,Aweil – Akun – Gogrial,20MT,
113,2024-06-27,Kapoeta,Chukudum,passable,0,,Kapoeta – Chukudum,40MT,
114,2024-06-27,Diabio,Ezo,passable,0,,Diabio – Ezo,40MT,
115,2024-06-27,Mvolo,Wulu,passable,0,,Mvolo – Wullu,40MT,
116,2024-06-27,Aluakluak,Mapuordit,partially passable,1,,Aluakluak - Mapuordit,20MT,
117,2024-06-27,Narus,Nadapal,passable,0,,Narus – Nadapal,40MT,
118,2024-06-27,Bentiu,Kilo 30,passable,0,,Bentiu – Kilo30,20MT,
119,2024-06-27,Gadiang,Yuai,impassable,2,,Gadiang – Yuai,,
120,2024-06-27,Pathai,Fatuet,partially passable,1,,Pathai – Fatuet,20MT,
121,2024-06-27,Walgak,Kaikuny,impassable,2,,Walgak – Kaikuny,,
122,2024-06-27,Yuai,Walgak,impassable,2,Motot; Waat,Yuai – Motot – Waat – Walgak,,
123,2024-06-27,Kuron,Boma,impassable,2,,Kuron – Boma,,
124,2024-06-27,Kapoeta,Kassangor,impassable,2,,Kapoeta – Kassangor,,
125,2024-06-27,Rumbek,Maper (Lakes),impassable,2,,Rumbek – Maper (Lakes),,
126,2024-06-27,Maruwa,Labarab,impassable,2,,Maruwa – Labarab,,
127,2024-06-27,Koch,Mirmir,partially passable,1,,Koch – Mirmir,20MT,
128,2024-06-27,Adok,Leer,partially passable,1,Piling,Adok – Piling – Leer,20MT,
129,2024-06-27,Lainya,Yei,passable,0,,Lainya – Yei,40MT,
130,2024-06-27,Mathiang,Udier,partially passable,1,,Mathiang – Udier,10MT,
131,2024-06-27,Gadiang,Payuel,partially passable,1,,Gadiang – Payuel,20MT,
132,2024-06-27,Ayod,Mogok,impassable,2,,Ayod – Mogok,,
133,2024-06-27,Kaikang,Kilo 30,partially passable,1,Roriak; Mayom,(Kaikang – Roriak )(Mayom – Kilo 30),"""alternative Road"" 20MT",alternative road listed as two separate stretches: Kaikang–Roriak and Mayom–Kilo 30
134,2024-06-27,Pariang,Ajuong Thok,passable,0,,Pariang – Ajuong Thok,40MT,
135,2024-06-27,Lafon,Imehejek,partially passable,1,,Lafon – Imehejek,20MT,
136,2024-06-27,Mabior,Gadiang,partially passable,1,,Mabior – Gadiang,20MT,
137,2024-06-27,Poktap,Payuel,partially passable,1,,Poktap – Payuel,20MT,
139,2024-06-27,Mabior,Kongor,impassable,2,,Mabior – Kongor,,ID printed as 138 on this map; renumbered 139 to match the 2025-12-24 map
1,2024-07-04,Kilo 30,Pariang,passable,0,,Kilo 30 – Pariang,40MT,
2,2024-07-04,Gemeiza,Bor,impassable,2,,Gemeiza – Bor,,
3,2024-07-04,Yida,Pariang,passable,0,,Yida - Pariang,40MT,
4,2024-07-04,Juba,Nimule,passable,0,,Juba – Nimule,40MT,
5,2024-07-04,Juba,Torit,passable,0,,Juba – Torit,40MT,
6,2024-07-04,Juba,Mangalla,passable,0,,Juba – Mangalla,40MT,
7,2024-07-04,Malakal,Baliet,impassable,2,,Malakal – Baliet,,
8,2024-07-04,Paloich,Renk,passable,0,,Paloich – Renk,40MT,
9,2024-07-04,Adar,Maban,partially passable,1,Jemaam,Adar – Jemaam – Maban,15MT,
10,2024-07-04,Abyei,Abiemnhom,impassable,2,,Abyei – Abienhom,,
11,2024-07-04,Aweil,Gossinga,partially passable,1,,Aweil – Gossinga,20MT,
12,2024-07-04,Pathai,Walgak,impassable,2,Motot,Pathai – Motot – Walgak,,
13,2024-07-04,Juba,Lainya,passable,0,,Juba – Lainya,40MT,
14,2024-07-04,Maridi,Yambio,passable,0,,Maridi – Yambio,40MT,
15,2024-07-04,Juba,Kajo Keji,passable,0,,Juba – Kajo Keji,40MT,
16,2024-07-04,Juba,Terakeka,impassable,2,,Juba – Terakeka,,
17,2024-07-04,Narus,Kuron,impassable,2,,Narus – Kuron,,
18,2024-07-04,Mundri,Mvolo,passable,0,,Mundri - Mvolo,40MT,
19,2024-07-04,Mangalla,Gemeiza,passable,0,,Mangalla – Gemeiza,40MT,
20,2024-07-04,Mathiang,Maiwut,partially passable,1,,Mathiang – Maiwut,10MT,
21,2024-07-04,Tonj,Langdit,passable,0,,Tonj – Langdit,40MT,
22,2024-07-04,Terakeka,Mundri,passable,0,Tali,Terakeka – Tali – Mundri,40MT,
23,2024-07-04,Terakeka,Mingkaman,partially passable,1,,Terakeka – Mingkaman,20MT,
24,2024-07-04,Torit,Magwi,passable,0,,Torit – Magwi,40MT,
25,2024-07-04,Hiyala,Ikotos,passable,0,,Hiyala – Ikotos,40MT,
26,2024-07-04,Torit,Lafon,partially passable,1,,Torit – Lafon,20MT,
27,2024-07-04,Wau,Thar Kueng,passable,0,,Wau – Thar Kueng,40MT,
28,2024-07-04,Wau,Tonj,passable,0,,Wau – Tonj,40MT,
29,2024-07-04,Wau,Akuem,passable,0,Aweil,Wau – Aweil – Akuem,40MT,
30,2024-07-04,Likuangole,Akobo,impassable,2,,Likuangole – Akobo,,
31,2024-07-04,Amok Piny,Madol,impassable,2,,Amok Piny – Madol,,
32,2024-07-04,Akwot,Nasser,impassable,2,,Akwot – Nasser,,
33,2024-07-04,Guit,Koch,impassable,2,,Guit – Koch,,
34,2024-07-04,Abiemnhom,Mayom,passable,0,,Abiemnhom – Mayom,40MT,
35,2024-07-04,Kilo 30,Kaikang,partially passable,1,Tumor; Mayom,Kilo30 –Tumor – Mayom – Kaikang,20MT,
36,2024-07-04,Boma,Pochala,impassable,2,,Boma – Pochala,,
37,2024-07-04,Bor,Gadiang,partially passable,1,,Bor – Gadiang,15MT,
38,2024-07-04,Bor,Baidit,partially passable,1,,Bor – Baidit,20MT,
39,2024-07-04,Pengko,Manyabol,impassable,2,,Pengko – Manyabol,,
40,2024-07-04,Baidit,Duk Padiet,partially passable,1,Mabior,Baidit – Mabior – Duk Padiet,20MT,
41,2024-07-04,Gadiang,Akobo,impassable,2,,Gadiang – Akobo,,
42,2024-07-04,Juba,Lafon,impassable,2,,Juba – Lafon,,
43,2024-07-04,Adar,Mathiang,partially passable,1,,Adar – Mathiang,10MT,
44,2024-07-04,Maper (Lakes),Dablual,impassable,2,,Maper (Lakes) – Dablual,,
45,2024-07-04,Akobo,Kaikuny,partially passable,1,,Akobo – Kainuny,20MT,
46,2024-07-04,Motot,Lankien,impassable,2,,Motot – Lankein,,
47,2024-07-04,Wau,Deim Zubeir,passable,0,,Wau – Deim Zubeir,40MT,
48,2024-07-04,Wau,Tambura,partially passable,1,,Wau – Tambura,20MT,
49,2024-07-04,Yirol,Shambe,partially passable,1,,Yirol – Shambe,20MT,
50,2024-07-04,Aluakluak,Yirol,partially passable,1,,Aluakluak - Yirol,20MT,
51,2024-07-04,Rumbek,Langdit,passable,0,,Rumbek - Langdit,40MT,
52,2024-07-04,Aluakluak,Rumbek,partially passable,1,,Aluakluak – Rumbek,20MT,
53,2024-07-04,Wunrok,Abiemnhom,partially passable,1,Turalei,Wunrok – Turalei – Abiemnhom,20MT,
54,2024-07-04,Kilo 30,Panakuach,partially passable,1,Roriak,Kilo 30 – Roriak – Panakuach,20MT,
55,2024-07-04,Ding Ding,Koch,impassable,2,,Ding ding - Koch,,
56,2024-07-04,Bentiu,Dhorbor,impassable,2,,Bentiu – Dhorbor,,
57,2024-07-04,Dhorbor,Guit,impassable,2,,Dhorbor – Guit,,
58,2024-07-04,Guit,Ding Ding,impassable,2,,Guit – Ding Ding,,
59,2024-07-04,Gumuruk,Pibor,impassable,2,,Gumuruk – Pibor,,
60,2024-07-04,Bor,Pengko,impassable,2,,Bor – Pengko,,
61,2024-07-04,Duk Padiet,Pajut,partially passable,1,,Duk Padiat – Pajut,20MT,
62,2024-07-04,Yuai,Karam,impassable,2,Pathai,Yaui – Pathai – Karam,,
63,2024-07-04,Yuai,Motot,impassable,2,Pieri,Yaui – Pieri – Motot,,
64,2024-07-04,Yuai,Pajut,impassable,2,,Yaui – Pajut,,
65,2024-07-04,Wulu,Rumbek,passable,0,,Wulu – Rumbek,40MT,
66,2024-07-04,Pibor,Likuangole,impassable,2,,Pibor – Likuangole,,
67,2024-07-04,Mingkaman,Yirol,partially passable,1,,Mingkaman – Yirol,20MT,
68,2024-07-04,Yambio,Tambura,passable,0,,Yambio – Tambura,40MT,
69,2024-07-04,Juba,Mundri,passable,0,,Juba – Mundri,40MT,
70,2024-07-04,Kodok,Paloich,partially passable,1,,Kodok – Paloich,10MT,
71,2024-07-04,Malakal,Kodok,partially passable,1,,Malakal – Kodok,10MT,
72,2024-07-04,Thar Kueng,Kuajok,passable,0,,Thar Kueng - Kuajok,40MT,
73,2024-07-04,Bentiu,Guit,passable,0,,Bentiu – Guit,40MT,
74,2024-07-04,Duk Padiet,Ayod,partially passable,1,,Duk Padiet – Ayod,20MT,
75,2024-07-04,Guit,Mirmir,passable,0,,Guit – Mir mir,40MT,
76,2024-07-04,Raja,Chandoy/Dolo2,passable,0,,Raja – Chandoy/Dolo2,40MT,
77,2024-07-04,Mundri,Maridi,passable,0,,Mundri - Maridi,40MT,
78,2024-07-04,Torit,Kapoeta,passable,0,,Torit – Kapoeta,20MT,
79,2024-07-04,Mayendit,Mirmir,impassable,2,Rupkuai,Mayendit – Rupkuai – Mir mir,,
80,2024-07-04,Mirmir,Leer,passable,0,,Mirmir – Leer,40MT,
81,2024-07-04,Mankien,Mayom,passable,0,,Mankien - Mayom,40MT,
82,2024-07-04,Ajak Kuac,Mankien,passable,0,,Ajak Kuac – Mankien,40MT,
83,2024-07-04,Ayod,Pathai,partially passable,1,,Ayod – Pathai,20MT,
84,2024-07-04,Nyandit,Kiech Kon,impassable,2,,Nyandit - Kiech Kon,,
85,2024-07-04,Paloich,Jemaam,partially passable,1,Adar,Paloich – Adar – Jemaam,10MT,
86,2024-07-04,New Fangak,Kuernyang,impassable,2,,New Fangak – Kuernyang,,
87,2024-07-04,Paguir,Keew,impassable,2,,Paguir – Keew,,
88,2024-07-04,Baliet,Kiech Kon,impassable,2,Akwot,Baliet – Akwot – Kiech kon,,
89,2024-07-04,Wunrok,Gogrial,passable,0,,Wunrok – Gogrial,40MT,
90,2024-07-04,Deim Zubeir,Raja,passable,0,,Dim Zubeir – Raja,40MT,
91,2024-07-04,Aweil,Yith Pabol,passable,0,,Aweil – Yith Pabol,40MT,
92,2024-07-04,Kapoeta,Narus,passable,0,,Kapoeta – Narus,40MT,
93,2024-07-04,Melut,Paloich,passable,0,,Melut – Paloich,40MT,
94,2024-07-04,Wunrok,Abyei,partially passable,1,,Wunrok – Abyei,Specialized Trucks,
95,2024-07-04,Gogrial,Kuajok,passable,0,,Gogrial – Kuajok,40MT,
96,2024-07-04,Bentiu,Nhialdiu,impassable,2,,Bentiu – Nhialdiu,,
97,2024-07-04,Aluakluak,Mvolo,partially passable,1,,Aluakluak - Mvolo,20MT,
98,2024-07-04,Kilo 30,Manga Port,passable,0,,Kilo 30 – Manga Port,40MT,
99,2024-07-04,Gossinga,Raja,impassable,2,,Gossinga – Raja,,
100,2024-07-04,Gossinga,Raja,partially passable,1,Kapalala,Gossinga – Kapalala – Raja,20MT,
101,2024-07-04,Nyal,Ganyiel,impassable,2,,Nyal – Ganyiel,,
102,2024-07-04,Manyabol,Gadiang,impassable,2,,Manyabol – Gadiang,,
103,2024-07-04,Manyabol,Gumuruk,impassable,2,,Manyabol – Gumuruk,,
104,2024-07-04,Vertet,Labarab,impassable,2,,Vertet – Labarab,,
105,2024-07-04,Boma,Maruwa,impassable,2,,Boma – Maruwa,,
106,2024-07-04,Boma,Labarab,impassable,2,,Boma - Labarab,,
107,2024-07-04,Pibor,Vertet,impassable,2,,Pibor – Verthet,,
108,2024-07-04,Aduel,Amok Piny,partially passable,1,,Aduel – Amok Piny,Specialized Trucks,
109,2024-07-04,Lankien,Pading,impassable,2,Nyambor,Lankien – Nyambor – Pading,,
110,2024-07-04,Nyambor,Karam,impassable,2,Pading,Nyambor – Pading – Karam,,
111,2024-07-04,Pajut,Payuel,impassable,2,,Pajut – Payuel,,
112,2024-07-04,Aweil,Gogrial,partially passable,1,Akun,Aweil – Akun – Gogrial,20MT,
113,2024-07-04,Kapoeta,Chukudum,passable,0,,Kapoeta – Chukudum,40MT,
114,2024-07-04,Diabio,Ezo,passable,0,,Diabio – Ezo,40MT,
115,2024-07-04,Mvolo,Wulu,passable,0,,Mvolo – Wullu,40MT,
116,2024-07-04,Aluakluak,Mapuordit,partially passable,1,,Aluakluak - Mapuordit,20MT,
117,2024-07-04,Narus,Nadapal,passable,0,,Narus – Nadapal,40MT,
118,2024-07-04,Bentiu,Kilo 30,passable,0,,Bentiu – Kilo30,20MT,
119,2024-07-04,Gadiang,Yuai,impassable,2,,Gadiang – Yuai,,
120,2024-07-04,Pathai,Fatuet,partially passable,1,,Pathai – Fatuet,20MT,
121,2024-07-04,Walgak,Kaikuny,impassable,2,,Walgak – Kaikuny,,
122,2024-07-04,Yuai,Walgak,impassable,2,Motot; Waat,Yuai – Motot – Waat – Walgak,,
123,2024-07-04,Kuron,Boma,impassable,2,,Kuron – Boma,,
124,2024-07-04,Kapoeta,Kassangor,impassable,2,,Kapoeta – Kassangor,,
125,2024-07-04,Rumbek,Maper (Lakes),impassable,2,,Rumbek – Maper (Lakes),,
126,2024-07-04,Maruwa,Labarab,impassable,2,,Maruwa – Labarab,,
127,2024-07-04,Koch,Mirmir,partially passable,1,,Koch – Mirmir,20MT,
128,2024-07-04,Adok,Leer,partially passable,1,Piling,Adok – Piling – Leer,20MT,
129,2024-07-04,Lainya,Yei,passable,0,,Lainya – Yei,40MT,
130,2024-07-04,Mathiang,Udier,partially passable,1,,Mathiang – Udier,10MT,
131,2024-07-04,Gadiang,Payuel,partially passable,1,,Gadiang – Payuel,20MT,
132,2024-07-04,Ayod,Mogok,impassable,2,,Ayod – Mogok,,
133,2024-07-04,Kaikang,Kilo 30,partially passable,1,Roriak; Mayom,(Kaikang – Roriak )(Mayom – Kilo 30),"""alternative Road"" 20MT",alternative road listed as two separate stretches: Kaikang–Roriak and Mayom–Kilo 30
134,2024-07-04,Pariang,Ajuong Thok,passable,0,,Pariang – Ajuong Thok,40MT,
135,2024-07-04,Lafon,Imehejek,partially passable,1,,Lafon – Imehejek,20MT,
136,2024-07-04,Mabior,Gadiang,partially passable,1,,Mabior – Gadiang,20MT,
137,2024-07-04,Poktap,Payuel,partially passable,1,,Poktap – Payuel,20MT,
139,2024-07-04,Mabior,Kongor,impassable,2,,Mabior – Kongor,,ID printed as 138 on this map; renumbered 139 to match the 2025-12-24 map
1,2024-07-12,Kilo 30,Pariang,passable,0,,Kilo 30 – Pariang,40MT,
2,2024-07-12,Gemeiza,Bor,impassable,2,,Gemeiza – Bor,,
3,2024-07-12,Yida,Pariang,passable,0,,Yida - Pariang,40MT,
4,2024-07-12,Juba,Nimule,passable,0,,Juba – Nimule,40MT,
5,2024-07-12,Juba,Torit,passable,0,,Juba – Torit,40MT,
6,2024-07-12,Juba,Mangalla,passable,0,,Juba – Mangalla,40MT,
7,2024-07-12,Malakal,Baliet,impassable,2,,Malakal – Baliet,,
8,2024-07-12,Paloich,Renk,passable,0,,Paloich – Renk,40MT,
9,2024-07-12,Adar,Maban,partially passable,1,Jemaam,Adar – Jemaam – Maban,15MT,
10,2024-07-12,Abyei,Abiemnhom,impassable,2,,Abyei – Abienhom,,
11,2024-07-12,Aweil,Gossinga,partially passable,1,,Aweil – Gossinga,20MT,
12,2024-07-12,Pathai,Walgak,impassable,2,Motot,Pathai – Motot – Walgak,,
13,2024-07-12,Juba,Lainya,passable,0,,Juba – Lainya,40MT,
14,2024-07-12,Maridi,Yambio,passable,0,,Maridi – Yambio,40MT,
15,2024-07-12,Juba,Kajo Keji,passable,0,,Juba – Kajo Keji,40MT,
16,2024-07-12,Juba,Terakeka,impassable,2,,Juba – Terakeka,,
17,2024-07-12,Narus,Kuron,impassable,2,,Narus – Kuron,,
18,2024-07-12,Mundri,Mvolo,passable,0,,Mundri - Mvolo,40MT,
19,2024-07-12,Mangalla,Gemeiza,passable,0,,Mangalla – Gemeiza,40MT,
20,2024-07-12,Mathiang,Maiwut,partially passable,1,,Mathiang – Maiwut,10MT,
21,2024-07-12,Tonj,Langdit,passable,0,,Tonj – Langdit,40MT,
22,2024-07-12,Terakeka,Mundri,passable,0,Tali,Terakeka – Tali – Mundri,40MT,
23,2024-07-12,Terakeka,Mingkaman,partially passable,1,,Terakeka – Mingkaman,20MT,
24,2024-07-12,Torit,Magwi,passable,0,,Torit – Magwi,40MT,
25,2024-07-12,Hiyala,Ikotos,passable,0,,Hiyala – Ikotos,40MT,
26,2024-07-12,Torit,Lafon,partially passable,1,,Torit – Lafon,20MT,
27,2024-07-12,Wau,Thar Kueng,passable,0,,Wau – Thar Kueng,40MT,
28,2024-07-12,Wau,Tonj,passable,0,,Wau – Tonj,40MT,
29,2024-07-12,Wau,Akuem,passable,0,Aweil,Wau – Aweil – Akuem,40MT,
30,2024-07-12,Likuangole,Akobo,impassable,2,,Likuangole – Akobo,,
31,2024-07-12,Amok Piny,Madol,impassable,2,,Amok Piny – Madol,,
32,2024-07-12,Akwot,Nasser,impassable,2,,Akwot – Nasser,,
33,2024-07-12,Guit,Koch,impassable,2,,Guit – Koch,,
34,2024-07-12,Abiemnhom,Mayom,passable,0,,Abiemnhom – Mayom,40MT,
35,2024-07-12,Kilo 30,Kaikang,partially passable,1,Tumor; Mayom,Kilo30 –Tumor – Mayom – Kaikang,20MT,
36,2024-07-12,Boma,Pochala,impassable,2,,Boma – Pochala,,
37,2024-07-12,Bor,Gadiang,partially passable,1,,Bor – Gadiang,15MT,
38,2024-07-12,Bor,Baidit,partially passable,1,,Bor – Baidit,20MT,
39,2024-07-12,Pengko,Manyabol,impassable,2,,Pengko – Manyabol,,
40,2024-07-12,Baidit,Duk Padiet,partially passable,1,Mabior,Baidit – Mabior – Duk Padiet,20MT,
41,2024-07-12,Gadiang,Akobo,impassable,2,,Gadiang – Akobo,,
42,2024-07-12,Juba,Lafon,impassable,2,,Juba – Lafon,,
43,2024-07-12,Adar,Mathiang,partially passable,1,,Adar – Mathiang,10MT,
44,2024-07-12,Maper (Lakes),Dablual,impassable,2,,Maper (Lakes) – Dablual,,
45,2024-07-12,Akobo,Kaikuny,partially passable,1,,Akobo – Kainuny,20MT,
46,2024-07-12,Motot,Lankien,impassable,2,,Motot – Lankein,,
47,2024-07-12,Wau,Deim Zubeir,passable,0,,Wau – Deim Zubeir,40MT,
48,2024-07-12,Wau,Tambura,partially passable,1,,Wau – Tambura,20MT,
49,2024-07-12,Yirol,Shambe,partially passable,1,,Yirol – Shambe,20MT,
50,2024-07-12,Aluakluak,Yirol,partially passable,1,,Aluakluak - Yirol,20MT,
51,2024-07-12,Rumbek,Langdit,passable,0,,Rumbek - Langdit,40MT,
52,2024-07-12,Aluakluak,Rumbek,partially passable,1,,Aluakluak – Rumbek,20MT,
53,2024-07-12,Wunrok,Abiemnhom,partially passable,1,Turalei,Wunrok – Turalei – Abiemnhom,20MT,
54,2024-07-12,Kilo 30,Panakuach,partially passable,1,Roriak,Kilo 30 – Roriak – Panakuach,20MT,
55,2024-07-12,Ding Ding,Koch,impassable,2,,Ding ding - Koch,,
56,2024-07-12,Bentiu,Dhorbor,impassable,2,,Bentiu – Dhorbor,,
57,2024-07-12,Dhorbor,Guit,impassable,2,,Dhorbor – Guit,,
58,2024-07-12,Guit,Ding Ding,impassable,2,,Guit – Ding Ding,,
59,2024-07-12,Gumuruk,Pibor,impassable,2,,Gumuruk – Pibor,,
60,2024-07-12,Bor,Pengko,impassable,2,,Bor – Pengko,,
61,2024-07-12,Duk Padiet,Pajut,partially passable,1,,Duk Padiat – Pajut,20MT,
62,2024-07-12,Yuai,Karam,impassable,2,Pathai,Yaui – Pathai – Karam,,
63,2024-07-12,Yuai,Motot,impassable,2,Pieri,Yaui – Pieri – Motot,,
64,2024-07-12,Yuai,Pajut,impassable,2,,Yaui – Pajut,,
65,2024-07-12,Wulu,Rumbek,passable,0,,Wulu – Rumbek,40MT,
66,2024-07-12,Pibor,Likuangole,impassable,2,,Pibor – Likuangole,,
67,2024-07-12,Mingkaman,Yirol,partially passable,1,,Mingkaman – Yirol,20MT,
68,2024-07-12,Yambio,Tambura,passable,0,,Yambio – Tambura,40MT,
69,2024-07-12,Juba,Mundri,passable,0,,Juba – Mundri,40MT,
70,2024-07-12,Kodok,Paloich,partially passable,1,,Kodok – Paloich,10MT,
71,2024-07-12,Malakal,Kodok,partially passable,1,,Malakal – Kodok,10MT,
72,2024-07-12,Thar Kueng,Kuajok,passable,0,,Thar Kueng - Kuajok,40MT,
73,2024-07-12,Bentiu,Guit,partially passable,1,,Bentiu – Guit,20MT,
74,2024-07-12,Duk Padiet,Ayod,partially passable,1,,Duk Padiet – Ayod,20MT,
75,2024-07-12,Guit,Mirmir,partially passable,1,,Guit – Mir mir,20MT,
76,2024-07-12,Raja,Chandoy/Dolo2,passable,0,,Raja – Chandoy/Dolo2,40MT,
77,2024-07-12,Mundri,Maridi,passable,0,,Mundri - Maridi,40MT,
78,2024-07-12,Torit,Kapoeta,passable,0,,Torit – Kapoeta,20MT,
79,2024-07-12,Mayendit,Mirmir,impassable,2,Rupkuai,Mayendit – Rupkuai – Mir mir,,
80,2024-07-12,Mirmir,Leer,partially passable,1,,Mirmir – Leer,20MT,
81,2024-07-12,Mankien,Mayom,passable,0,,Mankien - Mayom,40MT,
82,2024-07-12,Ajak Kuac,Mankien,passable,0,,Ajak Kuac – Mankien,40MT,
83,2024-07-12,Ayod,Pathai,partially passable,1,,Ayod – Pathai,20MT,
84,2024-07-12,Nyandit,Kiech Kon,impassable,2,,Nyandit - Kiech Kon,,
85,2024-07-12,Paloich,Jemaam,partially passable,1,Adar,Paloich – Adar – Jemaam,10MT,
86,2024-07-12,New Fangak,Kuernyang,impassable,2,,New Fangak – Kuernyang,,
87,2024-07-12,Paguir,Keew,impassable,2,,Paguir – Keew,,
88,2024-07-12,Baliet,Kiech Kon,impassable,2,Akwot,Baliet – Akwot – Kiech kon,,
89,2024-07-12,Wunrok,Gogrial,passable,0,,Wunrok – Gogrial,40MT,
90,2024-07-12,Deim Zubeir,Raja,passable,0,,Dim Zubeir – Raja,40MT,
91,2024-07-12,Aweil,Yith Pabol,passable,0,,Aweil – Yith Pabol,40MT,
92,2024-07-12,Kapoeta,Narus,passable,0,,Kapoeta – Narus,40MT,
93,2024-07-12,Melut,Paloich,passable,0,,Melut – Paloich,40MT,
94,2024-07-12,Wunrok,Abyei,partially passable,1,,Wunrok – Abyei,Specialized Trucks,
95,2024-07-12,Gogrial,Kuajok,passable,0,,Gogrial – Kuajok,40MT,
96,2024-07-12,Bentiu,Nhialdiu,impassable,2,,Bentiu – Nhialdiu,,
97,2024-07-12,Aluakluak,Mvolo,partially passable,1,,Aluakluak - Mvolo,20MT,
98,2024-07-12,Kilo 30,Manga Port,passable,0,,Kilo 30 – Manga Port,40MT,
99,2024-07-12,Gossinga,Raja,impassable,2,,Gossinga – Raja,,
100,2024-07-12,Gossinga,Raja,partially passable,1,Kapalala,Gossinga – Kapalala – Raja,20MT,
101,2024-07-12,Nyal,Ganyiel,impassable,2,,Nyal – Ganyiel,,
102,2024-07-12,Manyabol,Gadiang,impassable,2,,Manyabol – Gadiang,,
103,2024-07-12,Manyabol,Gumuruk,impassable,2,,Manyabol – Gumuruk,,
104,2024-07-12,Vertet,Labarab,impassable,2,,Vertet – Labarab,,
105,2024-07-12,Boma,Maruwa,impassable,2,,Boma – Maruwa,,
106,2024-07-12,Boma,Labarab,impassable,2,,Boma - Labarab,,
107,2024-07-12,Pibor,Vertet,impassable,2,,Pibor – Verthet,,
108,2024-07-12,Aduel,Amok Piny,partially passable,1,,Aduel – Amok Piny,Specialized Trucks,
109,2024-07-12,Lankien,Pading,impassable,2,Nyambor,Lankien – Nyambor – Pading,,
110,2024-07-12,Nyambor,Karam,impassable,2,Pading,Nyambor – Pading – Karam,,
111,2024-07-12,Pajut,Payuel,impassable,2,,Pajut – Payuel,,
112,2024-07-12,Aweil,Gogrial,partially passable,1,Akun,Aweil – Akun – Gogrial,20MT,
113,2024-07-12,Kapoeta,Chukudum,passable,0,,Kapoeta – Chukudum,40MT,
114,2024-07-12,Diabio,Ezo,passable,0,,Diabio – Ezo,40MT,
115,2024-07-12,Mvolo,Wulu,passable,0,,Mvolo – Wullu,40MT,
116,2024-07-12,Aluakluak,Mapuordit,partially passable,1,,Aluakluak - Mapuordit,20MT,
117,2024-07-12,Narus,Nadapal,passable,0,,Narus – Nadapal,40MT,
118,2024-07-12,Bentiu,Kilo 30,partially passable,1,,Bentiu – Kilo30,20MT,
119,2024-07-12,Gadiang,Yuai,impassable,2,,Gadiang – Yuai,,
120,2024-07-12,Pathai,Fatuet,partially passable,1,,Pathai – Fatuet,20MT,
121,2024-07-12,Walgak,Kaikuny,impassable,2,,Walgak – Kaikuny,,
122,2024-07-12,Yuai,Walgak,impassable,2,Motot; Waat,Yuai – Motot – Waat – Walgak,,
123,2024-07-12,Kuron,Boma,impassable,2,,Kuron – Boma,,
124,2024-07-12,Kapoeta,Kassangor,impassable,2,,Kapoeta – Kassangor,,
125,2024-07-12,Rumbek,Maper (Lakes),impassable,2,,Rumbek – Maper (Lakes),,
126,2024-07-12,Maruwa,Labarab,impassable,2,,Maruwa – Labarab,,
127,2024-07-12,Koch,Mirmir,partially passable,1,,Koch – Mirmir,20MT,
128,2024-07-12,Adok,Leer,impassable,2,Piling,Adok – Piling – Leer,,
129,2024-07-12,Lainya,Yei,passable,0,,Lainya – Yei,40MT,
130,2024-07-12,Mathiang,Udier,partially passable,1,,Mathiang – Udier,10MT,
131,2024-07-12,Gadiang,Payuel,partially passable,1,,Gadiang – Payuel,20MT,
132,2024-07-12,Ayod,Mogok,impassable,2,,Ayod – Mogok,,
133,2024-07-12,Kaikang,Kilo 30,partially passable,1,Roriak; Mayom,(Kaikang – Roriak )(Mayom – Kilo 30),"""alternative Road"" 20MT",alternative road listed as two separate stretches: Kaikang–Roriak and Mayom–Kilo 30
134,2024-07-12,Pariang,Ajuong Thok,passable,0,,Pariang – Ajuong Thok,40MT,
135,2024-07-12,Lafon,Imehejek,partially passable,1,,Lafon – Imehejek,20MT,
136,2024-07-12,Mabior,Gadiang,partially passable,1,,Mabior – Gadiang,20MT,
137,2024-07-12,Poktap,Payuel,partially passable,1,,Poktap – Payuel,20MT,
139,2024-07-12,Mabior,Kongor,impassable,2,,Mabior – Kongor,,ID printed as 138 on this map; renumbered 139 to match the 2025-12-24 map
1,2024-07-18,Kilo 30,Pariang,passable,0,,Kilo 30 – Pariang,40MT,
2,2024-07-18,Gemeiza,Bor,impassable,2,,Gemeiza – Bor,,
3,2024-07-18,Yida,Pariang,passable,0,,Yida - Pariang,40MT,
4,2024-07-18,Juba,Nimule,passable,0,,Juba – Nimule,40MT,
5,2024-07-18,Juba,Torit,partially passable,1,,Juba – Torit,20MT,
6,2024-07-18,Juba,Mangalla,passable,0,,Juba – Mangalla,40MT,
7,2024-07-18,Malakal,Baliet,impassable,2,,Malakal – Baliet,,
8,2024-07-18,Paloich,Renk,passable,0,,Paloich – Renk,40MT,
9,2024-07-18,Adar,Maban,partially passable,1,Jemaam,Adar – Jemaam – Maban,15MT,
10,2024-07-18,Abyei,Abiemnhom,impassable,2,,Abyei – Abienhom,,
11,2024-07-18,Aweil,Gossinga,partially passable,1,,Aweil – Gossinga,20MT,
12,2024-07-18,Pathai,Walgak,impassable,2,Motot,Pathai – Motot – Walgak,,
13,2024-07-18,Juba,Lainya,passable,0,,Juba – Lainya,40MT,
14,2024-07-18,Maridi,Yambio,passable,0,,Maridi – Yambio,40MT,
15,2024-07-18,Juba,Kajo Keji,passable,0,,Juba – Kajo Keji,40MT,
16,2024-07-18,Juba,Terakeka,impassable,2,,Juba – Terakeka,,
17,2024-07-18,Narus,Kuron,impassable,2,,Narus – Kuron,,
18,2024-07-18,Mundri,Mvolo,passable,0,,Mundri - Mvolo,40MT,
19,2024-07-18,Mangalla,Gemeiza,passable,0,,Mangalla – Gemeiza,40MT,
20,2024-07-18,Mathiang,Maiwut,partially passable,1,,Mathiang – Maiwut,Specialized Trucks,
21,2024-07-18,Tonj,Langdit,passable,0,,Tonj – Langdit,40MT,
22,2024-07-18,Terakeka,Mundri,passable,0,Tali,Terakeka – Tali – Mundri,40MT,
23,2024-07-18,Terakeka,Mingkaman,partially passable,1,,Terakeka – Mingkaman,20MT,
24,2024-07-18,Torit,Magwi,passable,0,,Torit – Magwi,40MT,
25,2024-07-18,Hiyala,Ikotos,passable,0,,Hiyala – Ikotos,40MT,
26,2024-07-18,Torit,Lafon,partially passable,1,,Torit – Lafon,20MT,
27,2024-07-18,Wau,Thar Kueng,passable,0,,Wau – Thar Kueng,40MT,
28,2024-07-18,Wau,Tonj,passable,0,,Wau – Tonj,40MT,
29,2024-07-18,Wau,Akuem,passable,0,Aweil,Wau – Aweil – Akuem,40MT,
30,2024-07-18,Likuangole,Akobo,impassable,2,,Likuangole – Akobo,,
31,2024-07-18,Amok Piny,Madol,impassable,2,,Amok Piny – Madol,,
32,2024-07-18,Akwot,Nasser,impassable,2,,Akwot – Nasser,,
33,2024-07-18,Guit,Koch,impassable,2,,Guit – Koch,,
34,2024-07-18,Abiemnhom,Mayom,passable,0,,Abiemnhom – Mayom,40MT,
35,2024-07-18,Kilo 30,Kaikang,partially passable,1,Tumor; Mayom,Kilo30 –Tumor – Mayom – Kaikang,20MT,
36,2024-07-18,Boma,Pochala,impassable,2,,Boma – Pochala,,
37,2024-07-18,Bor,Gadiang,partially passable,1,,Bor – Gadiang,15MT,
38,2024-07-18,Bor,Baidit,partially passable,1,,Bor – Baidit,20MT,
39,2024-07-18,Pengko,Manyabol,impassable,2,,Pengko – Manyabol,,
40,2024-07-18,Baidit,Duk Padiet,partially passable,1,Mabior,Baidit – Mabior – Duk Padiet,20MT,
41,2024-07-18,Gadiang,Akobo,impassable,2,,Gadiang – Akobo,,
42,2024-07-18,Juba,Lafon,impassable,2,,Juba – Lafon,,
43,2024-07-18,Adar,Mathiang,partially passable,1,,Adar – Mathiang,10MT,
44,2024-07-18,Maper (Lakes),Dablual,impassable,2,,Maper (Lakes) – Dablual,,
45,2024-07-18,Akobo,Kaikuny,partially passable,1,,Akobo – Kainuny,20MT,
46,2024-07-18,Motot,Lankien,impassable,2,,Motot – Lankein,,
47,2024-07-18,Wau,Deim Zubeir,passable,0,,Wau – Deim Zubeir,40MT,
48,2024-07-18,Wau,Tambura,partially passable,1,,Wau – Tambura,20MT,
49,2024-07-18,Yirol,Shambe,partially passable,1,,Yirol – Shambe,20MT,
50,2024-07-18,Aluakluak,Yirol,partially passable,1,,Aluakluak - Yirol,20MT,
51,2024-07-18,Rumbek,Langdit,passable,0,,Rumbek - Langdit,40MT,
52,2024-07-18,Aluakluak,Rumbek,partially passable,1,,Aluakluak – Rumbek,20MT,
53,2024-07-18,Wunrok,Abiemnhom,partially passable,1,Turalei,Wunrok – Turalei – Abiemnhom,20MT,
54,2024-07-18,Kilo 30,Panakuach,partially passable,1,Roriak,Kilo 30 – Roriak – Panakuach,20MT,
55,2024-07-18,Ding Ding,Koch,impassable,2,,Ding ding - Koch,,
56,2024-07-18,Bentiu,Dhorbor,impassable,2,,Bentiu – Dhorbor,,
57,2024-07-18,Dhorbor,Guit,impassable,2,,Dhorbor – Guit,,
58,2024-07-18,Guit,Ding Ding,impassable,2,,Guit – Ding Ding,,
59,2024-07-18,Gumuruk,Pibor,impassable,2,,Gumuruk – Pibor,,
60,2024-07-18,Bor,Pengko,impassable,2,,Bor – Pengko,,
61,2024-07-18,Duk Padiet,Pajut,partially passable,1,,Duk Padiat – Pajut,20MT,
62,2024-07-18,Yuai,Karam,impassable,2,Pathai,Yaui – Pathai – Karam,,
63,2024-07-18,Yuai,Motot,impassable,2,Pieri,Yaui – Pieri – Motot,,
64,2024-07-18,Yuai,Pajut,impassable,2,,Yaui – Pajut,,
65,2024-07-18,Wulu,Rumbek,passable,0,,Wulu – Rumbek,40MT,
66,2024-07-18,Pibor,Likuangole,impassable,2,,Pibor – Likuangole,,
67,2024-07-18,Mingkaman,Yirol,partially passable,1,,Mingkaman – Yirol,20MT,
68,2024-07-18,Yambio,Tambura,passable,0,,Yambio – Tambura,40MT,
69,2024-07-18,Juba,Mundri,passable,0,,Juba – Mundri,40MT,
70,2024-07-18,Kodok,Paloich,partially passable,1,,Kodok – Paloich,10MT,
71,2024-07-18,Malakal,Kodok,partially passable,1,,Malakal – Kodok,10MT,
72,2024-07-18,Thar Kueng,Kuajok,passable,0,,Thar Kueng - Kuajok,40MT,
73,2024-07-18,Bentiu,Guit,partially passable,1,,Bentiu – Guit,20MT,
74,2024-07-18,Duk Padiet,Ayod,partially passable,1,,Duk Padiet – Ayod,20MT,
75,2024-07-18,Guit,Mirmir,partially passable,1,,Guit – Mir mir,20MT,
76,2024-07-18,Raja,Chandoy/Dolo2,passable,0,,Raja – Chandoy/Dolo2,40MT,
77,2024-07-18,Mundri,Maridi,passable,0,,Mundri - Maridi,40MT,
78,2024-07-18,Torit,Kapoeta,partially passable,1,,Torit – Kapoeta,20MT,
79,2024-07-18,Mayendit,Mirmir,impassable,2,Rupkuai,Mayendit – Rupkuai – Mir mir,,
80,2024-07-18,Mirmir,Leer,partially passable,1,,Mirmir – Leer,20MT,
81,2024-07-18,Mankien,Mayom,passable,0,,Mankien - Mayom,40MT,
82,2024-07-18,Ajak Kuac,Mankien,passable,0,,Ajak Kuac – Mankien,40MT,
83,2024-07-18,Ayod,Pathai,partially passable,1,,Ayod – Pathai,20MT,
84,2024-07-18,Nyandit,Kiech Kon,impassable,2,,Nyandit - Kiech Kon,,
85,2024-07-18,Paloich,Jemaam,passable,0,Adar,Paloich – Adar – Jemaam,40MT,
86,2024-07-18,New Fangak,Kuernyang,impassable,2,,New Fangak – Kuernyang,,
87,2024-07-18,Paguir,Keew,impassable,2,,Paguir – Keew,,
88,2024-07-18,Baliet,Kiech Kon,impassable,2,Akwot,Baliet – Akwot – Kiech kon,,
89,2024-07-18,Wunrok,Gogrial,passable,0,,Wunrok – Gogrial,40MT,
90,2024-07-18,Deim Zubeir,Raja,passable,0,,Dim Zubeir – Raja,40MT,
91,2024-07-18,Aweil,Yith Pabol,passable,0,,Aweil – Yith Pabol,40MT,
92,2024-07-18,Kapoeta,Narus,passable,0,,Kapoeta – Narus,40MT,
93,2024-07-18,Melut,Paloich,passable,0,,Melut – Paloich,40MT,
94,2024-07-18,Wunrok,Abyei,partially passable,1,,Wunrok – Abyei,Specialized Trucks,
95,2024-07-18,Gogrial,Kuajok,passable,0,,Gogrial – Kuajok,40MT,
96,2024-07-18,Bentiu,Nhialdiu,impassable,2,,Bentiu – Nhialdiu,,
97,2024-07-18,Aluakluak,Mvolo,partially passable,1,,Aluakluak - Mvolo,20MT,
98,2024-07-18,Kilo 30,Manga Port,passable,0,,Kilo 30 – Manga Port,40MT,
99,2024-07-18,Gossinga,Raja,impassable,2,,Gossinga – Raja,,
100,2024-07-18,Gossinga,Raja,partially passable,1,Kapalala,Gossinga – Kapalala – Raja,20MT,
101,2024-07-18,Nyal,Ganyiel,impassable,2,,Nyal – Ganyiel,,
102,2024-07-18,Manyabol,Gadiang,impassable,2,,Manyabol – Gadiang,,
103,2024-07-18,Manyabol,Gumuruk,impassable,2,,Manyabol – Gumuruk,,
104,2024-07-18,Vertet,Labarab,impassable,2,,Vertet – Labarab,,
105,2024-07-18,Boma,Maruwa,impassable,2,,Boma – Maruwa,,
106,2024-07-18,Boma,Labarab,impassable,2,,Boma - Labarab,,
107,2024-07-18,Pibor,Vertet,impassable,2,,Pibor – Verthet,,
108,2024-07-18,Aduel,Amok Piny,partially passable,1,,Aduel – Amok Piny,Specialized Trucks,
109,2024-07-18,Lankien,Pading,impassable,2,Nyambor,Lankien – Nyambor – Pading,,
110,2024-07-18,Nyambor,Karam,impassable,2,Pading,Nyambor – Pading – Karam,,
111,2024-07-18,Pajut,Payuel,impassable,2,,Pajut – Payuel,,
112,2024-07-18,Aweil,Gogrial,partially passable,1,Akun,Aweil – Akun – Gogrial,20MT,
113,2024-07-18,Kapoeta,Chukudum,passable,0,,Kapoeta – Chukudum,40MT,
114,2024-07-18,Diabio,Ezo,passable,0,,Diabio – Ezo,40MT,
115,2024-07-18,Mvolo,Wulu,passable,0,,Mvolo – Wullu,40MT,
116,2024-07-18,Aluakluak,Mapuordit,partially passable,1,,Aluakluak - Mapuordit,20MT,
117,2024-07-18,Narus,Nadapal,passable,0,,Narus – Nadapal,40MT,
118,2024-07-18,Bentiu,Kilo 30,partially passable,1,,Bentiu – Kilo30,20MT,
119,2024-07-18,Gadiang,Yuai,impassable,2,,Gadiang – Yuai,,
120,2024-07-18,Pathai,Fatuet,partially passable,1,,Pathai – Fatuet,20MT,
121,2024-07-18,Walgak,Kaikuny,impassable,2,,Walgak – Kaikuny,,
122,2024-07-18,Yuai,Walgak,impassable,2,Motot; Waat,Yuai – Motot – Waat – Walgak,,
123,2024-07-18,Kuron,Boma,impassable,2,,Kuron – Boma,,
124,2024-07-18,Kapoeta,Kassangor,impassable,2,,Kapoeta – Kassangor,,
125,2024-07-18,Rumbek,Maper (Lakes),impassable,2,,Rumbek – Maper (Lakes),,
126,2024-07-18,Maruwa,Labarab,impassable,2,,Maruwa – Labarab,,
127,2024-07-18,Koch,Mirmir,partially passable,1,,Koch – Mirmir,20MT,
128,2024-07-18,Adok,Leer,impassable,2,Piling,Adok – Piling – Leer,,
129,2024-07-18,Lainya,Yei,passable,0,,Lainya – Yei,40MT,
130,2024-07-18,Mathiang,Udier,partially passable,1,,Mathiang – Udier,Specialized Trucks,
131,2024-07-18,Gadiang,Payuel,partially passable,1,,Gadiang – Payuel,20MT,
132,2024-07-18,Ayod,Mogok,impassable,2,,Ayod – Mogok,,
133,2024-07-18,Kaikang,Kilo 30,impassable,2,Roriak; Mayom,(Kaikang – Roriak )(Mayom – Kilo 30),"""alternative Road""",alternative road listed as two separate stretches: Kaikang–Roriak and Mayom–Kilo 30
134,2024-07-18,Pariang,Ajuong Thok,passable,0,,Pariang – Ajuong Thok,40MT,
135,2024-07-18,Lafon,Imehejek,partially passable,1,,Lafon – Imehejek,20MT,
136,2024-07-18,Mabior,Gadiang,partially passable,1,,Mabior – Gadiang,20MT,
137,2024-07-18,Poktap,Payuel,partially passable,1,,Poktap – Payuel,20MT,
139,2024-07-18,Mabior,Kongor,impassable,2,,Mabior – Kongor,,ID printed as 138 on this map; renumbered 139 to match the 2025-12-24 map
1,2024-07-25,Kilo 30,Pariang,passable,0,,Kilo 30 – Pariang,40MT,
2,2024-07-25,Gemeiza,Bor,impassable,2,,Gemeiza – Bor,,
3,2024-07-25,Yida,Pariang,passable,0,,Yida - Pariang,40MT,
4,2024-07-25,Juba,Nimule,passable,0,,Juba – Nimule,40MT,
5,2024-07-25,Juba,Torit,partially passable,1,,Juba – Torit,20MT,
6,2024-07-25,Juba,Mangalla,passable,0,,Juba – Mangalla,40MT,
7,2024-07-25,Malakal,Baliet,impassable,2,,Malakal – Baliet,,
8,2024-07-25,Paloich,Renk,passable,0,,Paloich – Renk,40MT,
9,2024-07-25,Adar,Maban,partially passable,1,Jemaam,Adar – Jemaam – Maban,15MT,
10,2024-07-25,Abyei,Abiemnhom,impassable,2,,Abyei – Abienhom,,
11,2024-07-25,Aweil,Gossinga,partially passable,1,,Aweil – Gossinga,20MT,
12,2024-07-25,Pathai,Walgak,impassable,2,Motot,Pathai – Motot – Walgak,,
13,2024-07-25,Juba,Lainya,passable,0,,Juba – Lainya,40MT,
14,2024-07-25,Maridi,Yambio,passable,0,,Maridi – Yambio,40MT,
15,2024-07-25,Juba,Kajo Keji,passable,0,,Juba – Kajo Keji,40MT,
16,2024-07-25,Juba,Terakeka,impassable,2,,Juba – Terakeka,,
17,2024-07-25,Narus,Kuron,impassable,2,,Narus – Kuron,,
18,2024-07-25,Mundri,Mvolo,passable,0,,Mundri - Mvolo,40MT,
19,2024-07-25,Mangalla,Gemeiza,passable,0,,Mangalla – Gemeiza,40MT,
20,2024-07-25,Mathiang,Maiwut,partially passable,1,,Mathiang – Maiwut,Specialized Trucks,
21,2024-07-25,Tonj,Langdit,passable,0,,Tonj – Langdit,40MT,
22,2024-07-25,Terakeka,Mundri,passable,0,Tali,Terakeka – Tali – Mundri,40MT,
23,2024-07-25,Terakeka,Mingkaman,partially passable,1,,Terakeka – Mingkaman,20MT,
24,2024-07-25,Torit,Magwi,passable,0,,Torit – Magwi,40MT,
25,2024-07-25,Hiyala,Ikotos,passable,0,,Hiyala – Ikotos,40MT,
26,2024-07-25,Torit,Lafon,partially passable,1,,Torit – Lafon,20MT,
27,2024-07-25,Wau,Thar Kueng,passable,0,,Wau – Thar Kueng,40MT,
28,2024-07-25,Wau,Tonj,passable,0,,Wau – Tonj,40MT,
29,2024-07-25,Wau,Akuem,passable,0,Aweil,Wau – Aweil – Akuem,40MT,
30,2024-07-25,Likuangole,Akobo,impassable,2,,Likuangole – Akobo,,
31,2024-07-25,Amok Piny,Madol,impassable,2,,Amok Piny – Madol,,
32,2024-07-25,Akwot,Nasser,impassable,2,,Akwot – Nasser,,
33,2024-07-25,Guit,Koch,impassable,2,,Guit – Koch,,
34,2024-07-25,Abiemnhom,Mayom,partially passable,1,,Abiemnhom – Mayom,Specialized Trucks,
35,2024-07-25,Kilo 30,Kaikang,partially passable,1,Tumor; Mayom,Kilo30 –Tumor – Mayom – Kaikang,20MT,
36,2024-07-25,Boma,Pochala,impassable,2,,Boma – Pochala,,
37,2024-07-25,Bor,Gadiang,partially passable,1,,Bor – Gadiang,15MT,
38,2024-07-25,Bor,Baidit,partially passable,1,,Bor – Baidit,20MT,
39,2024-07-25,Pengko,Manyabol,impassable,2,,Pengko – Manyabol,,
40,2024-07-25,Baidit,Duk Padiet,partially passable,1,Mabior,Baidit – Mabior – Duk Padiet,20MT,
41,2024-07-25,Gadiang,Akobo,impassable,2,,Gadiang – Akobo,,
42,2024-07-25,Juba,Lafon,impassable,2,,Juba – Lafon,,
43,2024-07-25,Adar,Mathiang,partially passable,1,,Adar – Mathiang,10MT,
44,2024-07-25,Maper (Lakes),Dablual,impassable,2,,Maper (Lakes) – Dablual,,
45,2024-07-25,Akobo,Kaikuny,partially passable,1,,Akobo – Kainuny,20MT,
46,2024-07-25,Motot,Lankien,impassable,2,,Motot – Lankein,,
47,2024-07-25,Wau,Deim Zubeir,passable,0,,Wau – Deim Zubeir,40MT,
48,2024-07-25,Wau,Tambura,partially passable,1,,Wau – Tambura,20MT,
49,2024-07-25,Yirol,Shambe,partially passable,1,,Yirol – Shambe,20MT,
50,2024-07-25,Aluakluak,Yirol,partially passable,1,,Aluakluak - Yirol,20MT,
51,2024-07-25,Rumbek,Langdit,passable,0,,Rumbek - Langdit,40MT,
52,2024-07-25,Aluakluak,Rumbek,partially passable,1,,Aluakluak – Rumbek,20MT,
53,2024-07-25,Wunrok,Abiemnhom,partially passable,1,Turalei,Wunrok – Turalei – Abiemnhom,20MT,
54,2024-07-25,Kilo 30,Panakuach,partially passable,1,Roriak,Kilo 30 – Roriak – Panakuach,20MT,
55,2024-07-25,Ding Ding,Koch,impassable,2,,Ding ding - Koch,,
56,2024-07-25,Bentiu,Dhorbor,impassable,2,,Bentiu – Dhorbor,,
57,2024-07-25,Dhorbor,Guit,impassable,2,,Dhorbor – Guit,,
58,2024-07-25,Guit,Ding Ding,impassable,2,,Guit – Ding Ding,,
59,2024-07-25,Gumuruk,Pibor,impassable,2,,Gumuruk – Pibor,,
60,2024-07-25,Bor,Pengko,impassable,2,,Bor – Pengko,,
61,2024-07-25,Duk Padiet,Pajut,partially passable,1,,Duk Padiat – Pajut,20MT,
62,2024-07-25,Yuai,Karam,impassable,2,Pathai,Yaui – Pathai – Karam,,
63,2024-07-25,Yuai,Motot,impassable,2,Pieri,Yaui – Pieri – Motot,,
64,2024-07-25,Yuai,Pajut,impassable,2,,Yaui – Pajut,,
65,2024-07-25,Wulu,Rumbek,passable,0,,Wulu – Rumbek,40MT,
66,2024-07-25,Pibor,Likuangole,impassable,2,,Pibor – Likuangole,,
67,2024-07-25,Mingkaman,Yirol,partially passable,1,,Mingkaman – Yirol,20MT,
68,2024-07-25,Yambio,Tambura,passable,0,,Yambio – Tambura,40MT,
69,2024-07-25,Juba,Mundri,passable,0,,Juba – Mundri,40MT,
70,2024-07-25,Kodok,Paloich,partially passable,1,,Kodok – Paloich,10MT,
71,2024-07-25,Malakal,Kodok,partially passable,1,,Malakal – Kodok,10MT,
72,2024-07-25,Thar Kueng,Kuajok,passable,0,,Thar Kueng - Kuajok,40MT,
73,2024-07-25,Bentiu,Guit,partially passable,1,,Bentiu – Guit,20MT,
74,2024-07-25,Duk Padiet,Ayod,partially passable,1,,Duk Padiet – Ayod,20MT,
75,2024-07-25,Guit,Mirmir,partially passable,1,,Guit – Mir mir,20MT,
76,2024-07-25,Raja,Chandoy/Dolo2,passable,0,,Raja – Chandoy/Dolo2,40MT,
77,2024-07-25,Mundri,Maridi,passable,0,,Mundri - Maridi,40MT,
78,2024-07-25,Torit,Kapoeta,partially passable,1,,Torit – Kapoeta,20MT,
79,2024-07-25,Mayendit,Mirmir,impassable,2,Rupkuai,Mayendit – Rupkuai – Mir mir,,
80,2024-07-25,Mirmir,Leer,partially passable,1,,Mirmir – Leer,20MT,
81,2024-07-25,Mankien,Mayom,partially passable,1,,Mankien - Mayom,Specialized Trucks,
82,2024-07-25,Ajak Kuac,Mankien,partially passable,1,,Ajak Kuac – Mankien,Specialized Trucks,
83,2024-07-25,Ayod,Pathai,impassable,2,,Ayod – Pathai,,
84,2024-07-25,Nyandit,Kiech Kon,impassable,2,,Nyandit - Kiech Kon,,
85,2024-07-25,Paloich,Jemaam,passable,0,Adar,Paloich – Adar – Jemaam,40MT,
86,2024-07-25,New Fangak,Kuernyang,impassable,2,,New Fangak – Kuernyang,,
87,2024-07-25,Paguir,Keew,impassable,2,,Paguir – Keew,,
88,2024-07-25,Baliet,Kiech Kon,impassable,2,Akwot,Baliet – Akwot – Kiech kon,,
89,2024-07-25,Wunrok,Gogrial,passable,0,,Wunrok – Gogrial,40MT,
90,2024-07-25,Deim Zubeir,Raja,passable,0,,Dim Zubeir – Raja,40MT,
91,2024-07-25,Aweil,Yith Pabol,passable,0,,Aweil – Yith Pabol,40MT,
92,2024-07-25,Kapoeta,Narus,passable,0,,Kapoeta – Narus,40MT,
93,2024-07-25,Melut,Paloich,passable,0,,Melut – Paloich,40MT,
94,2024-07-25,Wunrok,Abyei,partially passable,1,,Wunrok – Abyei,Specialized Trucks,
95,2024-07-25,Gogrial,Kuajok,passable,0,,Gogrial – Kuajok,40MT,
96,2024-07-25,Bentiu,Nhialdiu,impassable,2,,Bentiu – Nhialdiu,,
97,2024-07-25,Aluakluak,Mvolo,partially passable,1,,Aluakluak - Mvolo,20MT,
98,2024-07-25,Kilo 30,Manga Port,passable,0,,Kilo 30 – Manga Port,40MT,
99,2024-07-25,Gossinga,Raja,impassable,2,,Gossinga – Raja,,
100,2024-07-25,Gossinga,Raja,partially passable,1,Kapalala,Gossinga – Kapalala – Raja,20MT,
101,2024-07-25,Nyal,Ganyiel,impassable,2,,Nyal – Ganyiel,,
102,2024-07-25,Manyabol,Gadiang,impassable,2,,Manyabol – Gadiang,,
103,2024-07-25,Manyabol,Gumuruk,impassable,2,,Manyabol – Gumuruk,,
104,2024-07-25,Vertet,Labarab,impassable,2,,Vertet – Labarab,,
105,2024-07-25,Boma,Maruwa,impassable,2,,Boma – Maruwa,,
106,2024-07-25,Boma,Labarab,impassable,2,,Boma - Labarab,,
107,2024-07-25,Pibor,Vertet,impassable,2,,Pibor – Verthet,,
108,2024-07-25,Aduel,Amok Piny,partially passable,1,,Aduel – Amok Piny,Specialized Trucks,
109,2024-07-25,Lankien,Pading,impassable,2,Nyambor,Lankien – Nyambor – Pading,,
110,2024-07-25,Nyambor,Karam,impassable,2,Pading,Nyambor – Pading – Karam,,
111,2024-07-25,Pajut,Payuel,impassable,2,,Pajut – Payuel,,
112,2024-07-25,Aweil,Gogrial,partially passable,1,Akun,Aweil – Akun – Gogrial,20MT,
113,2024-07-25,Kapoeta,Chukudum,passable,0,,Kapoeta – Chukudum,40MT,
114,2024-07-25,Diabio,Ezo,passable,0,,Diabio – Ezo,40MT,
115,2024-07-25,Mvolo,Wulu,passable,0,,Mvolo – Wullu,40MT,
116,2024-07-25,Aluakluak,Mapuordit,partially passable,1,,Aluakluak - Mapuordit,20MT,
117,2024-07-25,Narus,Nadapal,passable,0,,Narus – Nadapal,40MT,
118,2024-07-25,Bentiu,Kilo 30,partially passable,1,,Bentiu – Kilo30,20MT,
119,2024-07-25,Gadiang,Yuai,impassable,2,,Gadiang – Yuai,,
120,2024-07-25,Pathai,Fatuet,partially passable,1,,Pathai – Fatuet,20MT,
121,2024-07-25,Walgak,Kaikuny,impassable,2,,Walgak – Kaikuny,,
122,2024-07-25,Yuai,Walgak,impassable,2,Motot; Waat,Yuai – Motot – Waat – Walgak,,
123,2024-07-25,Kuron,Boma,impassable,2,,Kuron – Boma,,
124,2024-07-25,Kapoeta,Kassangor,impassable,2,,Kapoeta – Kassangor,,
125,2024-07-25,Rumbek,Maper (Lakes),impassable,2,,Rumbek – Maper (Lakes),,
126,2024-07-25,Maruwa,Labarab,impassable,2,,Maruwa – Labarab,,
127,2024-07-25,Koch,Mirmir,partially passable,1,,Koch – Mirmir,20MT,
128,2024-07-25,Adok,Leer,impassable,2,Piling,Adok – Piling – Leer,,
129,2024-07-25,Lainya,Yei,passable,0,,Lainya – Yei,40MT,
130,2024-07-25,Mathiang,Udier,partially passable,1,,Mathiang – Udier,Specialized Trucks,
131,2024-07-25,Gadiang,Payuel,partially passable,1,,Gadiang – Payuel,20MT,
132,2024-07-25,Ayod,Mogok,impassable,2,,Ayod – Mogok,,
133,2024-07-25,Kaikang,Kilo 30,partially passable,1,Roriak; Mayom,(Kaikang – Roriak )(Mayom – Kilo 30),Specialized Trucks,alternative road listed as two separate stretches: Kaikang–Roriak and Mayom–Kilo 30
134,2024-07-25,Pariang,Ajuong Thok,passable,0,,Pariang – Ajuong Thok,40MT,
135,2024-07-25,Lafon,Imehejek,partially passable,1,,Lafon – Imehejek,20MT,
136,2024-07-25,Mabior,Gadiang,partially passable,1,,Mabior – Gadiang,20MT,
137,2024-07-25,Poktap,Payuel,partially passable,1,,Poktap – Payuel,20MT,
139,2024-07-25,Mabior,Kongor,impassable,2,,Mabior – Kongor,,ID printed as 138 on this map; renumbered 139 to match the 2025-12-24 map
1,2024-08-01,Kilo 30,Pariang,passable,0,,Kilo 30 – Pariang,40MT,
2,2024-08-01,Gemeiza,Bor,impassable,2,,Gemeiza – Bor,,
3,2024-08-01,Yida,Pariang,passable,0,,Yida - Pariang,40MT,
4,2024-08-01,Juba,Nimule,passable,0,,Juba – Nimule,40MT,
5,2024-08-01,Juba,Torit,partially passable,1,,Juba – Torit,20MT,
6,2024-08-01,Juba,Mangalla,passable,0,,Juba – Mangalla,40MT,
7,2024-08-01,Malakal,Baliet,impassable,2,,Malakal – Baliet,,
8,2024-08-01,Paloich,Renk,passable,0,,Paloich – Renk,40MT,
9,2024-08-01,Adar,Maban,partially passable,1,Jemaam,Adar – Jemaam – Maban,15MT,
10,2024-08-01,Abyei,Abiemnhom,impassable,2,,Abyei – Abienhom,,
11,2024-08-01,Aweil,Gossinga,partially passable,1,,Aweil – Gossinga,20MT,
12,2024-08-01,Pathai,Walgak,impassable,2,Motot,Pathai – Motot – Walgak,,
13,2024-08-01,Juba,Lainya,passable,0,,Juba – Lainya,40MT,
14,2024-08-01,Maridi,Yambio,passable,0,,Maridi – Yambio,40MT,
15,2024-08-01,Juba,Kajo Keji,passable,0,,Juba – Kajo Keji,40MT,
16,2024-08-01,Juba,Terakeka,impassable,2,,Juba – Terakeka,,
17,2024-08-01,Narus,Kuron,impassable,2,,Narus – Kuron,,
18,2024-08-01,Mundri,Mvolo,passable,0,,Mundri - Mvolo,40MT,
19,2024-08-01,Mangalla,Gemeiza,passable,0,,Mangalla – Gemeiza,40MT,
20,2024-08-01,Mathiang,Maiwut,impassable,2,,Mathiang – Maiwut,,
21,2024-08-01,Tonj,Langdit,passable,0,,Tonj – Langdit,40MT,
22,2024-08-01,Terakeka,Mundri,passable,0,Tali,Terakeka – Tali – Mundri,40MT,
23,2024-08-01,Terakeka,Mingkaman,partially passable,1,,Terakeka – Mingkaman,20MT,
24,2024-08-01,Torit,Magwi,passable,0,,Torit – Magwi,40MT,
25,2024-08-01,Hiyala,Ikotos,passable,0,,Hiyala – Ikotos,40MT,
26,2024-08-01,Torit,Lafon,partially passable,1,,Torit – Lafon,20MT,
27,2024-08-01,Wau,Thar Kueng,passable,0,,Wau – Thar Kueng,40MT,
28,2024-08-01,Wau,Tonj,passable,0,,Wau – Tonj,40MT,
29,2024-08-01,Wau,Akuem,passable,0,Aweil,Wau – Aweil – Akuem,40MT,
30,2024-08-01,Likuangole,Akobo,impassable,2,,Likuangole – Akobo,,
31,2024-08-01,Amok Piny,Madol,impassable,2,,Amok Piny – Madol,,
32,2024-08-01,Akwot,Nasser,impassable,2,,Akwot – Nasser,,
33,2024-08-01,Guit,Koch,impassable,2,,Guit – Koch,,
34,2024-08-01,Abiemnhom,Mayom,partially passable,1,,Abiemnhom – Mayom,Specialized Trucks,
35,2024-08-01,Kilo 30,Kaikang,partially passable,1,Tumor; Mayom,Kilo30 –Tumor – Mayom – Kaikang,20MT,
36,2024-08-01,Boma,Pochala,impassable,2,,Boma – Pochala,,
37,2024-08-01,Bor,Gadiang,partially passable,1,,Bor – Gadiang,15MT,
38,2024-08-01,Bor,Baidit,partially passable,1,,Bor – Baidit,20MT,
39,2024-08-01,Pengko,Manyabol,impassable,2,,Pengko – Manyabol,,
40,2024-08-01,Baidit,Duk Padiet,partially passable,1,Mabior,Baidit – Mabior – Duk Padiet,20MT,
41,2024-08-01,Gadiang,Akobo,impassable,2,,Gadiang – Akobo,,
42,2024-08-01,Juba,Lafon,impassable,2,,Juba – Lafon,,
43,2024-08-01,Adar,Mathiang,impassable,2,,Adar – Mathiang,,
44,2024-08-01,Maper (Lakes),Dablual,impassable,2,,Maper (Lakes) – Dablual,,
45,2024-08-01,Akobo,Kaikuny,partially passable,1,,Akobo – Kainuny,20MT,
46,2024-08-01,Motot,Lankien,impassable,2,,Motot – Lankein,,
47,2024-08-01,Wau,Deim Zubeir,passable,0,,Wau – Deim Zubeir,40MT,
48,2024-08-01,Wau,Tambura,partially passable,1,,Wau – Tambura,20MT,
49,2024-08-01,Yirol,Shambe,partially passable,1,,Yirol – Shambe,20MT,
50,2024-08-01,Aluakluak,Yirol,partially passable,1,,Aluakluak - Yirol,20MT,
51,2024-08-01,Rumbek,Langdit,passable,0,,Rumbek - Langdit,40MT,
52,2024-08-01,Aluakluak,Rumbek,partially passable,1,,Aluakluak – Rumbek,20MT,
53,2024-08-01,Wunrok,Abiemnhom,partially passable,1,Turalei,Wunrok – Turalei – Abiemnhom,20MT,
54,2024-08-01,Kilo 30,Panakuach,partially passable,1,Roriak,Kilo 30 – Roriak – Panakuach,20MT,
55,2024-08-01,Ding Ding,Koch,impassable,2,,Ding ding - Koch,,
56,2024-08-01,Bentiu,Dhorbor,impassable,2,,Bentiu – Dhorbor,,
57,2024-08-01,Dhorbor,Guit,impassable,2,,Dhorbor – Guit,,
58,2024-08-01,Guit,Ding Ding,impassable,2,,Guit – Ding Ding,,
59,2024-08-01,Gumuruk,Pibor,impassable,2,,Gumuruk – Pibor,,
60,2024-08-01,Bor,Pengko,impassable,2,,Bor – Pengko,,
61,2024-08-01,Duk Padiet,Pajut,partially passable,1,,Duk Padiat – Pajut,20MT,
62,2024-08-01,Yuai,Karam,impassable,2,Pathai,Yaui – Pathai – Karam,,
63,2024-08-01,Yuai,Motot,impassable,2,Pieri,Yaui – Pieri – Motot,,
64,2024-08-01,Yuai,Pajut,impassable,2,,Yaui – Pajut,,
65,2024-08-01,Wulu,Rumbek,passable,0,,Wulu – Rumbek,40MT,
66,2024-08-01,Pibor,Likuangole,impassable,2,,Pibor – Likuangole,,
67,2024-08-01,Mingkaman,Yirol,partially passable,1,,Mingkaman – Yirol,20MT,
68,2024-08-01,Yambio,Tambura,passable,0,,Yambio – Tambura,40MT,
69,2024-08-01,Juba,Mundri,passable,0,,Juba – Mundri,40MT,
70,2024-08-01,Kodok,Paloich,impassable,2,,Kodok – Paloich,,
71,2024-08-01,Malakal,Kodok,impassable,2,,Malakal – Kodok,,
72,2024-08-01,Thar Kueng,Kuajok,passable,0,,Thar Kueng - Kuajok,40MT,
73,2024-08-01,Bentiu,Guit,partially passable,1,,Bentiu – Guit,20MT,
74,2024-08-01,Duk Padiet,Ayod,partially passable,1,,Duk Padiet – Ayod,20MT,
75,2024-08-01,Guit,Mirmir,partially passable,1,,Guit – Mir mir,20MT,
76,2024-08-01,Raja,Chandoy/Dolo2,passable,0,,Raja – Chandoy/Dolo2,40MT,
77,2024-08-01,Mundri,Maridi,passable,0,,Mundri - Maridi,40MT,
78,2024-08-01,Torit,Kapoeta,partially passable,1,,Torit – Kapoeta,20MT,
79,2024-08-01,Mayendit,Mirmir,impassable,2,Rupkuai,Mayendit – Rupkuai – Mir mir,,
80,2024-08-01,Mirmir,Leer,partially passable,1,,Mirmir – Leer,20MT,
81,2024-08-01,Mankien,Mayom,partially passable,1,,Mankien - Mayom,Specialized Trucks,
82,2024-08-01,Ajak Kuac,Mankien,partially passable,1,,Ajak Kuac – Mankien,Specialized Trucks,
83,2024-08-01,Ayod,Pathai,impassable,2,,Ayod – Pathai,,
84,2024-08-01,Nyandit,Kiech Kon,impassable,2,,Nyandit - Kiech Kon,,
85,2024-08-01,Paloich,Jemaam,impassable,2,Adar,Paloich – Adar – Jemaam,,
86,2024-08-01,New Fangak,Kuernyang,impassable,2,,New Fangak – Kuernyang,,
87,2024-08-01,Paguir,Keew,impassable,2,,Paguir – Keew,,
88,2024-08-01,Baliet,Kiech Kon,impassable,2,Akwot,Baliet – Akwot – Kiech kon,,
89,2024-08-01,Wunrok,Gogrial,passable,0,,Wunrok – Gogrial,40MT,
90,2024-08-01,Deim Zubeir,Raja,passable,0,,Dim Zubeir – Raja,40MT,
91,2024-08-01,Aweil,Yith Pabol,passable,0,,Aweil – Yith Pabol,40MT,
92,2024-08-01,Kapoeta,Narus,passable,0,,Kapoeta – Narus,40MT,
93,2024-08-01,Melut,Paloich,passable,0,,Melut – Paloich,40MT,
94,2024-08-01,Wunrok,Abyei,partially passable,1,,Wunrok – Abyei,Specialized Trucks,
95,2024-08-01,Gogrial,Kuajok,passable,0,,Gogrial – Kuajok,40MT,
96,2024-08-01,Bentiu,Nhialdiu,impassable,2,,Bentiu – Nhialdiu,,
97,2024-08-01,Aluakluak,Mvolo,partially passable,1,,Aluakluak - Mvolo,20MT,
98,2024-08-01,Kilo 30,Manga Port,passable,0,,Kilo 30 – Manga Port,40MT,
99,2024-08-01,Gossinga,Raja,impassable,2,,Gossinga – Raja,,
100,2024-08-01,Gossinga,Raja,partially passable,1,Kapalala,Gossinga – Kapalala – Raja,20MT,
101,2024-08-01,Nyal,Ganyiel,impassable,2,,Nyal – Ganyiel,,
102,2024-08-01,Manyabol,Gadiang,impassable,2,,Manyabol – Gadiang,,
103,2024-08-01,Manyabol,Gumuruk,impassable,2,,Manyabol – Gumuruk,,
104,2024-08-01,Vertet,Labarab,impassable,2,,Vertet – Labarab,,
105,2024-08-01,Boma,Maruwa,impassable,2,,Boma – Maruwa,,
106,2024-08-01,Boma,Labarab,impassable,2,,Boma - Labarab,,
107,2024-08-01,Pibor,Vertet,impassable,2,,Pibor – Verthet,,
108,2024-08-01,Aduel,Amok Piny,partially passable,1,,Aduel – Amok Piny,Specialized Trucks,
109,2024-08-01,Lankien,Pading,impassable,2,Nyambor,Lankien – Nyambor – Pading,,
110,2024-08-01,Nyambor,Karam,impassable,2,Pading,Nyambor – Pading – Karam,,
111,2024-08-01,Pajut,Payuel,impassable,2,,Pajut – Payuel,,
112,2024-08-01,Aweil,Gogrial,partially passable,1,Akun,Aweil – Akun – Gogrial,20MT,
113,2024-08-01,Kapoeta,Chukudum,passable,0,,Kapoeta – Chukudum,40MT,
114,2024-08-01,Diabio,Ezo,passable,0,,Diabio – Ezo,40MT,
115,2024-08-01,Mvolo,Wulu,passable,0,,Mvolo – Wullu,40MT,
116,2024-08-01,Aluakluak,Mapuordit,partially passable,1,,Aluakluak - Mapuordit,20MT,
117,2024-08-01,Narus,Nadapal,passable,0,,Narus – Nadapal,40MT,
118,2024-08-01,Bentiu,Kilo 30,partially passable,1,,Bentiu – Kilo30,20MT,
119,2024-08-01,Gadiang,Yuai,impassable,2,,Gadiang – Yuai,,
120,2024-08-01,Pathai,Fatuet,partially passable,1,,Pathai – Fatuet,20MT,
121,2024-08-01,Walgak,Kaikuny,impassable,2,,Walgak – Kaikuny,,
122,2024-08-01,Yuai,Walgak,impassable,2,Motot; Waat,Yuai – Motot – Waat – Walgak,,
123,2024-08-01,Kuron,Boma,impassable,2,,Kuron – Boma,,
124,2024-08-01,Kapoeta,Kassangor,impassable,2,,Kapoeta – Kassangor,,
125,2024-08-01,Rumbek,Maper (Lakes),impassable,2,,Rumbek – Maper (Lakes),,
126,2024-08-01,Maruwa,Labarab,impassable,2,,Maruwa – Labarab,,
127,2024-08-01,Koch,Mirmir,partially passable,1,,Koch – Mirmir,20MT,
128,2024-08-01,Adok,Leer,impassable,2,Piling,Adok – Piling – Leer,,
129,2024-08-01,Lainya,Yei,passable,0,,Lainya – Yei,40MT,
130,2024-08-01,Mathiang,Udier,impassable,2,,Mathiang – Udier,,
131,2024-08-01,Gadiang,Payuel,partially passable,1,,Gadiang – Payuel,20MT,
132,2024-08-01,Ayod,Mogok,impassable,2,,Ayod – Mogok,,
133,2024-08-01,Kaikang,Kilo 30,partially passable,1,Roriak; Mayom,(Kaikang – Roriak )(Mayom – Kilo 30),Specialized Trucks,alternative road listed as two separate stretches: Kaikang–Roriak and Mayom–Kilo 30
134,2024-08-01,Pariang,Ajuong Thok,passable,0,,Pariang – Ajuong Thok,40MT,
135,2024-08-01,Lafon,Imehejek,partially passable,1,,Lafon – Imehejek,20MT,
136,2024-08-01,Mabior,Gadiang,partially passable,1,,Mabior – Gadiang,20MT,
137,2024-08-01,Poktap,Payuel,partially passable,1,,Poktap – Payuel,20MT,
139,2024-08-01,Mabior,Kongor,impassable,2,,Mabior – Kongor,,ID printed as 138 on this map; renumbered 139 to match the 2025-12-24 map
1,2024-08-08,Kilo 30,Pariang,passable,0,,Kilo 30 – Pariang,40MT,
2,2024-08-08,Gemeiza,Bor,impassable,2,,Gemeiza – Bor,,
3,2024-08-08,Yida,Pariang,passable,0,,Yida - Pariang,40MT,
4,2024-08-08,Juba,Nimule,passable,0,,Juba – Nimule,40MT,
5,2024-08-08,Juba,Torit,partially passable,1,,Juba – Torit,20MT,
6,2024-08-08,Juba,Mangalla,passable,0,,Juba – Mangalla,40MT,
7,2024-08-08,Malakal,Baliet,impassable,2,,Malakal – Baliet,,
8,2024-08-08,Paloich,Renk,passable,0,,Paloich – Renk,40MT,
9,2024-08-08,Adar,Maban,partially passable,1,Jemaam,Adar – Jemaam – Maban,15MT,
10,2024-08-08,Abyei,Abiemnhom,impassable,2,,Abyei – Abienhom,,
11,2024-08-08,Aweil,Gossinga,partially passable,1,,Aweil – Gossinga,20MT,
12,2024-08-08,Pathai,Walgak,impassable,2,Motot,Pathai – Motot – Walgak,,
13,2024-08-08,Juba,Lainya,passable,0,,Juba – Lainya,40MT,
14,2024-08-08,Maridi,Yambio,passable,0,,Maridi – Yambio,40MT,
15,2024-08-08,Juba,Kajo Keji,passable,0,,Juba – Kajo Keji,40MT,
16,2024-08-08,Juba,Terakeka,impassable,2,,Juba – Terakeka,,
17,2024-08-08,Narus,Kuron,impassable,2,,Narus – Kuron,,
18,2024-08-08,Mundri,Mvolo,passable,0,,Mundri - Mvolo,40MT,
19,2024-08-08,Mangalla,Gemeiza,passable,0,,Mangalla – Gemeiza,40MT,
20,2024-08-08,Mathiang,Maiwut,impassable,2,,Mathiang – Maiwut,,
21,2024-08-08,Tonj,Langdit,passable,0,,Tonj – Langdit,40MT,
22,2024-08-08,Terakeka,Mundri,passable,0,Tali,Terakeka – Tali – Mundri,40MT,
23,2024-08-08,Terakeka,Mingkaman,partially passable,1,,Terakeka – Mingkaman,20MT,
24,2024-08-08,Torit,Magwi,passable,0,,Torit – Magwi,40MT,
25,2024-08-08,Hiyala,Ikotos,passable,0,,Hiyala – Ikotos,40MT,
26,2024-08-08,Torit,Lafon,partially passable,1,,Torit – Lafon,20MT,
27,2024-08-08,Wau,Thar Kueng,passable,0,,Wau – Thar Kueng,40MT,
28,2024-08-08,Wau,Tonj,passable,0,,Wau – Tonj,40MT,
29,2024-08-08,Wau,Akuem,passable,0,Aweil,Wau – Aweil – Akuem,40MT,
30,2024-08-08,Likuangole,Akobo,impassable,2,,Likuangole – Akobo,,
31,2024-08-08,Amok Piny,Madol,impassable,2,,Amok Piny – Madol,,
32,2024-08-08,Akwot,Nasser,impassable,2,,Akwot – Nasser,,
33,2024-08-08,Guit,Koch,impassable,2,,Guit – Koch,,
34,2024-08-08,Abiemnhom,Mayom,partially passable,1,,Abiemnhom – Mayom,Specialized Trucks,
35,2024-08-08,Kilo 30,Kaikang,impassable,2,Tumor; Mayom,Kilo30 –Tumor – Mayom – Kaikang,,
36,2024-08-08,Boma,Pochala,impassable,2,,Boma – Pochala,,
37,2024-08-08,Bor,Gadiang,impassable,2,,Bor – Gadiang,,
38,2024-08-08,Bor,Baidit,partially passable,1,,Bor – Baidit,20MT,
39,2024-08-08,Pengko,Manyabol,impassable,2,,Pengko – Manyabol,,
40,2024-08-08,Baidit,Duk Padiet,partially passable,1,Mabior,Baidit – Mabior – Duk Padiet,20MT,
41,2024-08-08,Gadiang,Akobo,impassable,2,,Gadiang – Akobo,,
42,2024-08-08,Juba,Lafon,impassable,2,,Juba – Lafon,,
43,2024-08-08,Adar,Mathiang,impassable,2,,Adar – Mathiang,,
44,2024-08-08,Maper (Lakes),Dablual,impassable,2,,Maper (Lakes) – Dablual,,
45,2024-08-08,Akobo,Kaikuny,partially passable,1,,Akobo – Kainuny,20MT,
46,2024-08-08,Motot,Lankien,impassable,2,,Motot – Lankein,,
47,2024-08-08,Wau,Deim Zubeir,passable,0,,Wau – Deim Zubeir,40MT,
48,2024-08-08,Wau,Tambura,partially passable,1,,Wau – Tambura,20MT,
49,2024-08-08,Yirol,Shambe,partially passable,1,,Yirol – Shambe,20MT,
50,2024-08-08,Aluakluak,Yirol,partially passable,1,,Aluakluak - Yirol,20MT,
51,2024-08-08,Rumbek,Langdit,passable,0,,Rumbek - Langdit,40MT,
52,2024-08-08,Aluakluak,Rumbek,partially passable,1,,Aluakluak – Rumbek,20MT,
53,2024-08-08,Wunrok,Abiemnhom,partially passable,1,Turalei,Wunrok – Turalei – Abiemnhom,20MT,
54,2024-08-08,Kilo 30,Panakuach,passable,0,Roriak,Kilo 30 – Roriak – Panakuach,40MT,
55,2024-08-08,Ding Ding,Koch,impassable,2,,Ding ding - Koch,,
56,2024-08-08,Bentiu,Dhorbor,impassable,2,,Bentiu – Dhorbor,,
57,2024-08-08,Dhorbor,Guit,impassable,2,,Dhorbor – Guit,,
58,2024-08-08,Guit,Ding Ding,impassable,2,,Guit – Ding Ding,,
59,2024-08-08,Gumuruk,Pibor,impassable,2,,Gumuruk – Pibor,,
60,2024-08-08,Bor,Pengko,impassable,2,,Bor – Pengko,,
61,2024-08-08,Duk Padiet,Pajut,impassable,2,,Duk Padiat – Pajut,,
62,2024-08-08,Yuai,Karam,impassable,2,Pathai,Yaui – Pathai – Karam,,
63,2024-08-08,Yuai,Motot,impassable,2,Pieri,Yaui – Pieri – Motot,,
64,2024-08-08,Yuai,Pajut,impassable,2,,Yaui – Pajut,,
65,2024-08-08,Wulu,Rumbek,passable,0,,Wulu – Rumbek,40MT,
66,2024-08-08,Pibor,Likuangole,impassable,2,,Pibor – Likuangole,,
67,2024-08-08,Mingkaman,Yirol,partially passable,1,,Mingkaman – Yirol,20MT,
68,2024-08-08,Yambio,Tambura,passable,0,,Yambio – Tambura,40MT,
69,2024-08-08,Juba,Mundri,passable,0,,Juba – Mundri,40MT,
70,2024-08-08,Kodok,Paloich,impassable,2,,Kodok – Paloich,,
71,2024-08-08,Malakal,Kodok,impassable,2,,Malakal – Kodok,,
72,2024-08-08,Thar Kueng,Kuajok,passable,0,,Thar Kueng - Kuajok,40MT,
73,2024-08-08,Bentiu,Guit,partially passable,1,,Bentiu – Guit,20MT,
74,2024-08-08,Duk Padiet,Ayod,impassable,2,,Duk Padiet – Ayod,,
75,2024-08-08,Guit,Mirmir,partially passable,1,,Guit – Mir mir,20MT,
76,2024-08-08,Raja,Chandoy/Dolo2,passable,0,,Raja – Chandoy/Dolo2,40MT,
77,2024-08-08,Mundri,Maridi,passable,0,,Mundri - Maridi,40MT,
78,2024-08-08,Torit,Kapoeta,partially passable,1,,Torit – Kapoeta,20MT,
79,2024-08-08,Mayendit,Mirmir,impassable,2,Rupkuai,Mayendit – Rupkuai – Mir mir,,
80,2024-08-08,Mirmir,Leer,partially passable,1,,Mirmir – Leer,20MT,
81,2024-08-08,Mankien,Mayom,partially passable,1,,Mankien - Mayom,Specialized Trucks,
82,2024-08-08,Ajak Kuac,Mankien,partially passable,1,,Ajak Kuac – Mankien,Specialized Trucks,
83,2024-08-08,Ayod,Pathai,impassable,2,,Ayod – Pathai,,
84,2024-08-08,Nyandit,Kiech Kon,impassable,2,,Nyandit - Kiech Kon,,
85,2024-08-08,Paloich,Jemaam,impassable,2,Adar,Paloich – Adar – Jemaam,,
86,2024-08-08,New Fangak,Kuernyang,impassable,2,,New Fangak – Kuernyang,,
87,2024-08-08,Paguir,Keew,impassable,2,,Paguir – Keew,,
88,2024-08-08,Baliet,Kiech Kon,impassable,2,Akwot,Baliet – Akwot – Kiech kon,,
89,2024-08-08,Wunrok,Gogrial,passable,0,,Wunrok – Gogrial,40MT,
90,2024-08-08,Deim Zubeir,Raja,passable,0,,Dim Zubeir – Raja,40MT,
91,2024-08-08,Aweil,Yith Pabol,passable,0,,Aweil – Yith Pabol,40MT,
92,2024-08-08,Kapoeta,Narus,passable,0,,Kapoeta – Narus,40MT,
93,2024-08-08,Melut,Paloich,passable,0,,Melut – Paloich,40MT,
94,2024-08-08,Wunrok,Abyei,partially passable,1,,Wunrok – Abyei,Specialized Trucks,
95,2024-08-08,Gogrial,Kuajok,passable,0,,Gogrial – Kuajok,40MT,
96,2024-08-08,Bentiu,Nhialdiu,impassable,2,,Bentiu – Nhialdiu,,
97,2024-08-08,Aluakluak,Mvolo,partially passable,1,,Aluakluak - Mvolo,20MT,
98,2024-08-08,Kilo 30,Manga Port,passable,0,,Kilo 30 – Manga Port,40MT,
99,2024-08-08,Gossinga,Raja,impassable,2,,Gossinga – Raja,,
100,2024-08-08,Gossinga,Raja,partially passable,1,Kapalala,Gossinga – Kapalala – Raja,20MT,
101,2024-08-08,Nyal,Ganyiel,impassable,2,,Nyal – Ganyiel,,
102,2024-08-08,Manyabol,Gadiang,impassable,2,,Manyabol – Gadiang,,
103,2024-08-08,Manyabol,Gumuruk,impassable,2,,Manyabol – Gumuruk,,
104,2024-08-08,Vertet,Labarab,impassable,2,,Vertet – Labarab,,
105,2024-08-08,Boma,Maruwa,impassable,2,,Boma – Maruwa,,
106,2024-08-08,Boma,Labarab,impassable,2,,Boma - Labarab,,
107,2024-08-08,Pibor,Vertet,impassable,2,,Pibor – Verthet,,
108,2024-08-08,Aduel,Amok Piny,partially passable,1,,Aduel – Amok Piny,Specialized Trucks,
109,2024-08-08,Lankien,Pading,impassable,2,Nyambor,Lankien – Nyambor – Pading,,
110,2024-08-08,Nyambor,Karam,impassable,2,Pading,Nyambor – Pading – Karam,,
111,2024-08-08,Pajut,Payuel,impassable,2,,Pajut – Payuel,,
112,2024-08-08,Aweil,Gogrial,partially passable,1,Akun,Aweil – Akun – Gogrial,20MT,
113,2024-08-08,Kapoeta,Chukudum,passable,0,,Kapoeta – Chukudum,40MT,
114,2024-08-08,Diabio,Ezo,passable,0,,Diabio – Ezo,40MT,
115,2024-08-08,Mvolo,Wulu,passable,0,,Mvolo – Wullu,40MT,
116,2024-08-08,Aluakluak,Mapuordit,partially passable,1,,Aluakluak - Mapuordit,20MT,
117,2024-08-08,Narus,Nadapal,passable,0,,Narus – Nadapal,40MT,
118,2024-08-08,Bentiu,Kilo 30,partially passable,1,,Bentiu – Kilo30,20MT,
119,2024-08-08,Gadiang,Yuai,impassable,2,,Gadiang – Yuai,,
120,2024-08-08,Pathai,Fatuet,impassable,2,,Pathai – Fatuet,,
121,2024-08-08,Walgak,Kaikuny,impassable,2,,Walgak – Kaikuny,,
122,2024-08-08,Yuai,Walgak,impassable,2,Motot; Waat,Yuai – Motot – Waat – Walgak,,
123,2024-08-08,Kuron,Boma,impassable,2,,Kuron – Boma,,
124,2024-08-08,Kapoeta,Kassangor,impassable,2,,Kapoeta – Kassangor,,
125,2024-08-08,Rumbek,Maper (Lakes),impassable,2,,Rumbek – Maper (Lakes),,
126,2024-08-08,Maruwa,Labarab,impassable,2,,Maruwa – Labarab,,
127,2024-08-08,Koch,Mirmir,impassable,2,,Koch – Mirmir,,
128,2024-08-08,Adok,Leer,impassable,2,Piling,Adok – Piling – Leer,,
129,2024-08-08,Lainya,Yei,passable,0,,Lainya – Yei,40MT,
130,2024-08-08,Mathiang,Udier,impassable,2,,Mathiang – Udier,,
131,2024-08-08,Gadiang,Payuel,partially passable,1,,Gadiang – Payuel,20MT,
132,2024-08-08,Ayod,Mogok,impassable,2,,Ayod – Mogok,,
133,2024-08-08,Kaikang,Kilo 30,impassable,2,Roriak; Mayom,(Kaikang – Roriak )(Mayom – Kilo 30),,alternative road listed as two separate stretches: Kaikang–Roriak and Mayom–Kilo 30
134,2024-08-08,Pariang,Ajuong Thok,passable,0,,Pariang – Ajuong Thok,40MT,
135,2024-08-08,Lafon,Imehejek,partially passable,1,,Lafon – Imehejek,20MT,
136,2024-08-08,Mabior,Gadiang,partially passable,1,,Mabior – Gadiang,20MT,
137,2024-08-08,Poktap,Payuel,impassable,2,,Poktap – Payuel,,
139,2024-08-08,Mabior,Kongor,impassable,2,,Mabior – Kongor,,ID printed as 138 on this map; renumbered 139 to match the 2025-12-24 map
1,2024-08-15,Kilo 30,Pariang,passable,0,,Kilo 30 – Pariang,40MT,
2,2024-08-15,Gemeiza,Bor,impassable,2,,Gemeiza – Bor,,
3,2024-08-15,Yida,Pariang,passable,0,,Yida - Pariang,40MT,
4,2024-08-15,Juba,Nimule,passable,0,,Juba – Nimule,40MT,
5,2024-08-15,Juba,Torit,partially passable,1,,Juba – Torit,20MT,
6,2024-08-15,Juba,Mangalla,passable,0,,Juba – Mangalla,40MT,
7,2024-08-15,Malakal,Baliet,impassable,2,,Malakal – Baliet,,
8,2024-08-15,Paloich,Renk,passable,0,,Paloich – Renk,40MT,
9,2024-08-15,Adar,Maban,partially passable,1,Jemaam,Adar – Jemaam – Maban,15MT,
10,2024-08-15,Abyei,Abiemnhom,impassable,2,,Abyei – Abienhom,,
11,2024-08-15,Aweil,Gossinga,partially passable,1,,Aweil – Gossinga,20MT,
12,2024-08-15,Pathai,Walgak,impassable,2,Motot,Pathai – Motot – Walgak,,
13,2024-08-15,Juba,Lainya,passable,0,,Juba – Lainya,40MT,
14,2024-08-15,Maridi,Yambio,passable,0,,Maridi – Yambio,40MT,
15,2024-08-15,Juba,Kajo Keji,passable,0,,Juba – Kajo Keji,40MT,
16,2024-08-15,Juba,Terakeka,impassable,2,,Juba – Terakeka,,
17,2024-08-15,Narus,Kuron,impassable,2,,Narus – Kuron,,
18,2024-08-15,Mundri,Mvolo,passable,0,,Mundri - Mvolo,40MT,
19,2024-08-15,Mangalla,Gemeiza,passable,0,,Mangalla – Gemeiza,40MT,
20,2024-08-15,Mathiang,Maiwut,impassable,2,,Mathiang – Maiwut,,
21,2024-08-15,Tonj,Langdit,passable,0,,Tonj – Langdit,40MT,
22,2024-08-15,Terakeka,Mundri,passable,0,Tali,Terakeka – Tali – Mundri,40MT,
23,2024-08-15,Terakeka,Mingkaman,partially passable,1,,Terakeka – Mingkaman,20MT,
24,2024-08-15,Torit,Magwi,passable,0,,Torit – Magwi,40MT,
25,2024-08-15,Hiyala,Ikotos,passable,0,,Hiyala – Ikotos,40MT,
26,2024-08-15,Torit,Lafon,partially passable,1,,Torit – Lafon,20MT,
27,2024-08-15,Wau,Thar Kueng,passable,0,,Wau – Thar Kueng,40MT,
28,2024-08-15,Wau,Tonj,passable,0,,Wau – Tonj,40MT,
29,2024-08-15,Wau,Akuem,passable,0,Aweil,Wau – Aweil – Akuem,40MT,
30,2024-08-15,Likuangole,Akobo,impassable,2,,Likuangole – Akobo,,
31,2024-08-15,Amok Piny,Madol,impassable,2,,Amok Piny – Madol,,
32,2024-08-15,Akwot,Nasser,impassable,2,,Akwot – Nasser,,
33,2024-08-15,Guit,Koch,impassable,2,,Guit – Koch,,
34,2024-08-15,Abiemnhom,Mayom,partially passable,1,,Abiemnhom – Mayom,Specialized Trucks,
35,2024-08-15,Kilo 30,Kaikang,impassable,2,Tumor; Mayom,Kilo30 –Tumor – Mayom – Kaikang,,
36,2024-08-15,Boma,Pochala,impassable,2,,Boma – Pochala,,
37,2024-08-15,Bor,Gadiang,impassable,2,,Bor – Gadiang,,
38,2024-08-15,Bor,Baidit,impassable,2,,Bor – Baidit,,
39,2024-08-15,Pengko,Manyabol,impassable,2,,Pengko – Manyabol,,
40,2024-08-15,Baidit,Duk Padiet,impassable,2,Mabior,Baidit – Mabior – Duk Padiet,,
41,2024-08-15,Gadiang,Akobo,impassable,2,,Gadiang – Akobo,,
42,2024-08-15,Juba,Lafon,impassable,2,,Juba – Lafon,,
43,2024-08-15,Adar,Mathiang,impassable,2,,Adar – Mathiang,,
44,2024-08-15,Maper (Lakes),Dablual,impassable,2,,Maper (Lakes) – Dablual,,
45,2024-08-15,Akobo,Kaikuny,partially passable,1,,Akobo – Kainuny,20MT,
46,2024-08-15,Motot,Lankien,impassable,2,,Motot – Lankein,,
47,2024-08-15,Wau,Deim Zubeir,passable,0,,Wau – Deim Zubeir,40MT,
48,2024-08-15,Wau,Tambura,partially passable,1,,Wau – Tambura,20MT,
49,2024-08-15,Yirol,Shambe,partially passable,1,,Yirol – Shambe,20MT,
50,2024-08-15,Aluakluak,Yirol,partially passable,1,,Aluakluak - Yirol,20MT,
51,2024-08-15,Rumbek,Langdit,passable,0,,Rumbek - Langdit,40MT,
52,2024-08-15,Aluakluak,Rumbek,partially passable,1,,Aluakluak – Rumbek,20MT,
53,2024-08-15,Wunrok,Abiemnhom,partially passable,1,Turalei,Wunrok – Turalei – Abiemnhom,20MT,
54,2024-08-15,Kilo 30,Panakuach,passable,0,Roriak,Kilo 30 – Roriak – Panakuach,40MT,
55,2024-08-15,Ding Ding,Koch,impassable,2,,Ding ding - Koch,,
56,2024-08-15,Bentiu,Dhorbor,impassable,2,,Bentiu – Dhorbor,,
57,2024-08-15,Dhorbor,Guit,impassable,2,,Dhorbor – Guit,,
58,2024-08-15,Guit,Ding Ding,impassable,2,,Guit – Ding Ding,,
59,2024-08-15,Gumuruk,Pibor,impassable,2,,Gumuruk – Pibor,,
60,2024-08-15,Bor,Pengko,impassable,2,,Bor – Pengko,,
61,2024-08-15,Duk Padiet,Pajut,impassable,2,,Duk Padiat – Pajut,,
62,2024-08-15,Yuai,Karam,impassable,2,Pathai,Yaui – Pathai – Karam,,
63,2024-08-15,Yuai,Motot,impassable,2,Pieri,Yaui – Pieri – Motot,,
64,2024-08-15,Yuai,Pajut,impassable,2,,Yaui – Pajut,,
65,2024-08-15,Wulu,Rumbek,passable,0,,Wulu – Rumbek,40MT,
66,2024-08-15,Pibor,Likuangole,impassable,2,,Pibor – Likuangole,,
67,2024-08-15,Mingkaman,Yirol,partially passable,1,,Mingkaman – Yirol,20MT,
68,2024-08-15,Yambio,Tambura,passable,0,,Yambio – Tambura,40MT,
69,2024-08-15,Juba,Mundri,passable,0,,Juba – Mundri,40MT,
70,2024-08-15,Kodok,Paloich,impassable,2,,Kodok – Paloich,,
71,2024-08-15,Malakal,Kodok,impassable,2,,Malakal – Kodok,,
72,2024-08-15,Thar Kueng,Kuajok,passable,0,,Thar Kueng - Kuajok,40MT,
73,2024-08-15,Bentiu,Guit,partially passable,1,,Bentiu – Guit,20MT,
74,2024-08-15,Duk Padiet,Ayod,impassable,2,,Duk Padiet – Ayod,,
75,2024-08-15,Guit,Mirmir,partially passable,1,,Guit – Mir mir,20MT,
76,2024-08-15,Raja,Chandoy/Dolo2,passable,0,,Raja – Chandoy/Dolo2,40MT,
77,2024-08-15,Mundri,Maridi,passable,0,,Mundri - Maridi,40MT,
78,2024-08-15,Torit,Kapoeta,partially passable,1,,Torit – Kapoeta,20MT,
79,2024-08-15,Mayendit,Mirmir,impassable,2,Rupkuai,Mayendit – Rupkuai – Mir mir,,
80,2024-08-15,Mirmir,Leer,partially passable,1,,Mirmir – Leer,20MT,
81,2024-08-15,Mankien,Mayom,partially passable,1,,Mankien - Mayom,Specialized Trucks,
82,2024-08-15,Ajak Kuac,Mankien,partially passable,1,,Ajak Kuac – Mankien,Specialized Trucks,
83,2024-08-15,Ayod,Pathai,impassable,2,,Ayod – Pathai,,
84,2024-08-15,Nyandit,Kiech Kon,impassable,2,,Nyandit - Kiech Kon,,
85,2024-08-15,Paloich,Jemaam,passable,0,Adar,Paloich – Adar – Jemaam,40MT,
86,2024-08-15,New Fangak,Kuernyang,impassable,2,,New Fangak – Kuernyang,,
87,2024-08-15,Paguir,Keew,impassable,2,,Paguir – Keew,,
88,2024-08-15,Baliet,Kiech Kon,impassable,2,Akwot,Baliet – Akwot – Kiech kon,,
89,2024-08-15,Wunrok,Gogrial,passable,0,,Wunrok – Gogrial,40MT,
90,2024-08-15,Deim Zubeir,Raja,passable,0,,Dim Zubeir – Raja,40MT,
91,2024-08-15,Aweil,Yith Pabol,passable,0,,Aweil – Yith Pabol,40MT,
92,2024-08-15,Kapoeta,Narus,passable,0,,Kapoeta – Narus,40MT,
93,2024-08-15,Melut,Paloich,passable,0,,Melut – Paloich,40MT,
94,2024-08-15,Wunrok,Abyei,partially passable,1,,Wunrok – Abyei,Specialized Trucks,
95,2024-08-15,Gogrial,Kuajok,passable,0,,Gogrial – Kuajok,40MT,
96,2024-08-15,Bentiu,Nhialdiu,impassable,2,,Bentiu – Nhialdiu,,
97,2024-08-15,Aluakluak,Mvolo,partially passable,1,,Aluakluak - Mvolo,20MT,
98,2024-08-15,Kilo 30,Manga Port,passable,0,,Kilo 30 – Manga Port,40MT,
99,2024-08-15,Gossinga,Raja,impassable,2,,Gossinga – Raja,,
100,2024-08-15,Gossinga,Raja,partially passable,1,Kapalala,Gossinga – Kapalala – Raja,20MT,
101,2024-08-15,Nyal,Ganyiel,impassable,2,,Nyal – Ganyiel,,
102,2024-08-15,Manyabol,Gadiang,impassable,2,,Manyabol – Gadiang,,
103,2024-08-15,Manyabol,Gumuruk,impassable,2,,Manyabol – Gumuruk,,
104,2024-08-15,Vertet,Labarab,impassable,2,,Vertet – Labarab,,
105,2024-08-15,Boma,Maruwa,impassable,2,,Boma – Maruwa,,
106,2024-08-15,Boma,Labarab,impassable,2,,Boma - Labarab,,
107,2024-08-15,Pibor,Vertet,impassable,2,,Pibor – Verthet,,
108,2024-08-15,Aduel,Amok Piny,partially passable,1,,Aduel – Amok Piny,Specialized Trucks,
109,2024-08-15,Lankien,Pading,impassable,2,Nyambor,Lankien – Nyambor – Pading,,
110,2024-08-15,Nyambor,Karam,impassable,2,Pading,Nyambor – Pading – Karam,,
111,2024-08-15,Pajut,Payuel,impassable,2,,Pajut – Payuel,,
112,2024-08-15,Aweil,Gogrial,partially passable,1,Akun,Aweil – Akun – Gogrial,20MT,
113,2024-08-15,Kapoeta,Chukudum,passable,0,,Kapoeta – Chukudum,40MT,
114,2024-08-15,Diabio,Ezo,passable,0,,Diabio – Ezo,40MT,
115,2024-08-15,Mvolo,Wulu,passable,0,,Mvolo – Wullu,40MT,
116,2024-08-15,Aluakluak,Mapuordit,partially passable,1,,Aluakluak - Mapuordit,20MT,
117,2024-08-15,Narus,Nadapal,passable,0,,Narus – Nadapal,40MT,
118,2024-08-15,Bentiu,Kilo 30,partially passable,1,,Bentiu – Kilo30,20MT,
119,2024-08-15,Gadiang,Yuai,impassable,2,,Gadiang – Yuai,,
120,2024-08-15,Pathai,Fatuet,impassable,2,,Pathai – Fatuet,,
121,2024-08-15,Walgak,Kaikuny,impassable,2,,Walgak – Kaikuny,,
122,2024-08-15,Yuai,Walgak,impassable,2,Motot; Waat,Yuai – Motot – Waat – Walgak,,
123,2024-08-15,Kuron,Boma,impassable,2,,Kuron – Boma,,
124,2024-08-15,Kapoeta,Kassangor,impassable,2,,Kapoeta – Kassangor,,
125,2024-08-15,Rumbek,Maper (Lakes),impassable,2,,Rumbek – Maper (Lakes),,
126,2024-08-15,Maruwa,Labarab,impassable,2,,Maruwa – Labarab,,
127,2024-08-15,Koch,Mirmir,impassable,2,,Koch – Mirmir,,
128,2024-08-15,Adok,Leer,impassable,2,Piling,Adok – Piling – Leer,,
129,2024-08-15,Lainya,Yei,passable,0,,Lainya – Yei,40MT,
130,2024-08-15,Mathiang,Udier,impassable,2,,Mathiang – Udier,,
131,2024-08-15,Gadiang,Payuel,impassable,2,,Gadiang – Payuel,,
132,2024-08-15,Ayod,Mogok,impassable,2,,Ayod – Mogok,,
133,2024-08-15,Kaikang,Kilo 30,impassable,2,Roriak; Mayom,(Kaikang – Roriak )(Mayom – Kilo 30),,alternative road listed as two separate stretches: Kaikang–Roriak and Mayom–Kilo 30
134,2024-08-15,Pariang,Ajuong Thok,passable,0,,Pariang – Ajuong Thok,40MT,
135,2024-08-15,Lafon,Imehejek,partially passable,1,,Lafon – Imehejek,20MT,
136,2024-08-15,Mabior,Gadiang,impassable,2,,Mabior – Gadiang,,
137,2024-08-15,Poktap,Payuel,impassable,2,,Poktap – Payuel,,
139,2024-08-15,Mabior,Kongor,impassable,2,,Mabior – Kongor,,ID printed as 138 on this map; renumbered 139 to match the 2025-12-24 map
1,2024-08-22,Kilo 30,Pariang,passable,0,,Kilo 30 – Pariang,40MT,
2,2024-08-22,Gemeiza,Bor,impassable,2,,Gemeiza – Bor,,
3,2024-08-22,Yida,Pariang,passable,0,,Yida - Pariang,40MT,
4,2024-08-22,Juba,Nimule,passable,0,,Juba – Nimule,40MT,
5,2024-08-22,Juba,Torit,partially passable,1,,Juba – Torit,20MT,
6,2024-08-22,Juba,Mangalla,passable,0,,Juba – Mangalla,40MT,
7,2024-08-22,Malakal,Baliet,impassable,2,,Malakal – Baliet,,
8,2024-08-22,Paloich,Renk,passable,0,,Paloich – Renk,40MT,
9,2024-08-22,Adar,Maban,partially passable,1,Jemaam,Adar – Jemaam – Maban,15MT,
10,2024-08-22,Abyei,Abiemnhom,impassable,2,,Abyei – Abienhom,,
11,2024-08-22,Aweil,Gossinga,partially passable,1,,Aweil – Gossinga,20MT,
12,2024-08-22,Pathai,Walgak,impassable,2,Motot,Pathai – Motot – Walgak,,
13,2024-08-22,Juba,Lainya,passable,0,,Juba – Lainya,40MT,
14,2024-08-22,Maridi,Yambio,passable,0,,Maridi – Yambio,40MT,
15,2024-08-22,Juba,Kajo Keji,passable,0,,Juba – Kajo Keji,40MT,
16,2024-08-22,Juba,Terakeka,impassable,2,,Juba – Terakeka,,
17,2024-08-22,Narus,Kuron,impassable,2,,Narus – Kuron,,
18,2024-08-22,Mundri,Mvolo,passable,0,,Mundri - Mvolo,40MT,
19,2024-08-22,Mangalla,Gemeiza,passable,0,,Mangalla – Gemeiza,40MT,
20,2024-08-22,Mathiang,Maiwut,impassable,2,,Mathiang – Maiwut,,
21,2024-08-22,Tonj,Langdit,passable,0,,Tonj – Langdit,40MT,
22,2024-08-22,Terakeka,Mundri,passable,0,Tali,Terakeka – Tali – Mundri,40MT,
23,2024-08-22,Terakeka,Mingkaman,partially passable,1,,Terakeka – Mingkaman,20MT,
24,2024-08-22,Torit,Magwi,passable,0,,Torit – Magwi,40MT,
25,2024-08-22,Hiyala,Ikotos,passable,0,,Hiyala – Ikotos,40MT,
26,2024-08-22,Torit,Lafon,partially passable,1,,Torit – Lafon,20MT,
27,2024-08-22,Wau,Thar Kueng,passable,0,,Wau – Thar Kueng,40MT,
28,2024-08-22,Wau,Tonj,passable,0,,Wau – Tonj,40MT,
29,2024-08-22,Wau,Akuem,passable,0,Aweil,Wau – Aweil – Akuem,40MT,
30,2024-08-22,Likuangole,Akobo,impassable,2,,Likuangole – Akobo,,
31,2024-08-22,Amok Piny,Madol,impassable,2,,Amok Piny – Madol,,
32,2024-08-22,Akwot,Nasser,impassable,2,,Akwot – Nasser,,
33,2024-08-22,Guit,Koch,impassable,2,,Guit – Koch,,
34,2024-08-22,Abiemnhom,Mayom,partially passable,1,,Abiemnhom – Mayom,Specialized Trucks,
35,2024-08-22,Kilo 30,Kaikang,impassable,2,Tumor; Mayom,Kilo30 –Tumor – Mayom – Kaikang,,
36,2024-08-22,Boma,Pochala,impassable,2,,Boma – Pochala,,
37,2024-08-22,Bor,Gadiang,impassable,2,,Bor – Gadiang,,
38,2024-08-22,Bor,Baidit,impassable,2,,Bor – Baidit,,
39,2024-08-22,Pengko,Manyabol,impassable,2,,Pengko – Manyabol,,
40,2024-08-22,Baidit,Duk Padiet,impassable,2,Mabior,Baidit – Mabior – Duk Padiet,,
41,2024-08-22,Gadiang,Akobo,impassable,2,,Gadiang – Akobo,,
42,2024-08-22,Juba,Lafon,impassable,2,,Juba – Lafon,,
43,2024-08-22,Adar,Mathiang,impassable,2,,Adar – Mathiang,,
44,2024-08-22,Maper (Lakes),Dablual,impassable,2,,Maper (Lakes) – Dablual,,
45,2024-08-22,Akobo,Kaikuny,partially passable,1,,Akobo – Kainuny,20MT,
46,2024-08-22,Motot,Lankien,impassable,2,,Motot – Lankein,,
47,2024-08-22,Wau,Deim Zubeir,passable,0,,Wau – Deim Zubeir,40MT,
48,2024-08-22,Wau,Tambura,partially passable,1,,Wau – Tambura,20MT,
49,2024-08-22,Yirol,Shambe,partially passable,1,,Yirol – Shambe,20MT,
50,2024-08-22,Aluakluak,Yirol,partially passable,1,,Aluakluak - Yirol,20MT,
51,2024-08-22,Rumbek,Langdit,passable,0,,Rumbek - Langdit,40MT,
52,2024-08-22,Aluakluak,Rumbek,partially passable,1,,Aluakluak – Rumbek,20MT,
53,2024-08-22,Wunrok,Abiemnhom,partially passable,1,Turalei,Wunrok – Turalei – Abiemnhom,20MT,
54,2024-08-22,Kilo 30,Panakuach,passable,0,Roriak,Kilo 30 – Roriak – Panakuach,40MT,
55,2024-08-22,Ding Ding,Koch,impassable,2,,Ding ding - Koch,,
56,2024-08-22,Bentiu,Dhorbor,impassable,2,,Bentiu – Dhorbor,,
57,2024-08-22,Dhorbor,Guit,impassable,2,,Dhorbor – Guit,,
58,2024-08-22,Guit,Ding Ding,impassable,2,,Guit – Ding Ding,,
59,2024-08-22,Gumuruk,Pibor,impassable,2,,Gumuruk – Pibor,,
60,2024-08-22,Bor,Pengko,impassable,2,,Bor – Pengko,,
61,2024-08-22,Duk Padiet,Pajut,impassable,2,,Duk Padiat – Pajut,,
62,2024-08-22,Yuai,Karam,impassable,2,Pathai,Yaui – Pathai – Karam,,
63,2024-08-22,Yuai,Motot,impassable,2,Pieri,Yaui – Pieri – Motot,,
64,2024-08-22,Yuai,Pajut,impassable,2,,Yaui – Pajut,,
65,2024-08-22,Wulu,Rumbek,passable,0,,Wulu – Rumbek,40MT,
66,2024-08-22,Pibor,Likuangole,impassable,2,,Pibor – Likuangole,,
67,2024-08-22,Mingkaman,Yirol,partially passable,1,,Mingkaman – Yirol,20MT,
68,2024-08-22,Yambio,Tambura,passable,0,,Yambio – Tambura,40MT,
69,2024-08-22,Juba,Mundri,passable,0,,Juba – Mundri,40MT,
70,2024-08-22,Kodok,Paloich,impassable,2,,Kodok – Paloich,,
71,2024-08-22,Malakal,Kodok,impassable,2,,Malakal – Kodok,,
72,2024-08-22,Thar Kueng,Kuajok,passable,0,,Thar Kueng - Kuajok,40MT,
73,2024-08-22,Bentiu,Guit,partially passable,1,,Bentiu – Guit,20MT,
74,2024-08-22,Duk Padiet,Ayod,impassable,2,,Duk Padiet – Ayod,,
75,2024-08-22,Guit,Mirmir,partially passable,1,,Guit – Mir mir,20MT,
76,2024-08-22,Raja,Chandoy/Dolo2,passable,0,,Raja – Chandoy/Dolo2,40MT,
77,2024-08-22,Mundri,Maridi,passable,0,,Mundri - Maridi,40MT,
78,2024-08-22,Torit,Kapoeta,partially passable,1,,Torit – Kapoeta,20MT,
79,2024-08-22,Mayendit,Mirmir,impassable,2,Rupkuai,Mayendit – Rupkuai – Mir mir,,
80,2024-08-22,Mirmir,Leer,partially passable,1,,Mirmir – Leer,20MT,
81,2024-08-22,Mankien,Mayom,partially passable,1,,Mankien - Mayom,Specialized Trucks,
82,2024-08-22,Ajak Kuac,Mankien,partially passable,1,,Ajak Kuac – Mankien,Specialized Trucks,
83,2024-08-22,Ayod,Pathai,impassable,2,,Ayod – Pathai,,
84,2024-08-22,Nyandit,Kiech Kon,impassable,2,,Nyandit - Kiech Kon,,
85,2024-08-22,Paloich,Jemaam,passable,0,Adar,Paloich – Adar – Jemaam,40MT,
86,2024-08-22,New Fangak,Kuernyang,impassable,2,,New Fangak – Kuernyang,,
87,2024-08-22,Paguir,Keew,impassable,2,,Paguir – Keew,,
88,2024-08-22,Baliet,Kiech Kon,impassable,2,Akwot,Baliet – Akwot – Kiech kon,,
89,2024-08-22,Wunrok,Gogrial,passable,0,,Wunrok – Gogrial,40MT,
90,2024-08-22,Deim Zubeir,Raja,passable,0,,Dim Zubeir – Raja,40MT,
91,2024-08-22,Aweil,Yith Pabol,passable,0,,Aweil – Yith Pabol,40MT,
92,2024-08-22,Kapoeta,Narus,passable,0,,Kapoeta – Narus,40MT,
93,2024-08-22,Melut,Paloich,passable,0,,Melut – Paloich,40MT,
94,2024-08-22,Wunrok,Abyei,partially passable,1,,Wunrok – Abyei,Specialized Trucks,
95,2024-08-22,Gogrial,Kuajok,passable,0,,Gogrial – Kuajok,40MT,
96,2024-08-22,Bentiu,Nhialdiu,impassable,2,,Bentiu – Nhialdiu,,
97,2024-08-22,Aluakluak,Mvolo,partially passable,1,,Aluakluak - Mvolo,20MT,
98,2024-08-22,Kilo 30,Manga Port,passable,0,,Kilo 30 – Manga Port,40MT,
99,2024-08-22,Gossinga,Raja,impassable,2,,Gossinga – Raja,,
100,2024-08-22,Gossinga,Raja,partially passable,1,Kapalala,Gossinga – Kapalala – Raja,20MT,
101,2024-08-22,Nyal,Ganyiel,impassable,2,,Nyal – Ganyiel,,
102,2024-08-22,Manyabol,Gadiang,impassable,2,,Manyabol – Gadiang,,
103,2024-08-22,Manyabol,Gumuruk,impassable,2,,Manyabol – Gumuruk,,
104,2024-08-22,Vertet,Labarab,impassable,2,,Vertet – Labarab,,
105,2024-08-22,Boma,Maruwa,impassable,2,,Boma – Maruwa,,
106,2024-08-22,Boma,Labarab,impassable,2,,Boma - Labarab,,
107,2024-08-22,Pibor,Vertet,impassable,2,,Pibor – Verthet,,
108,2024-08-22,Aduel,Amok Piny,partially passable,1,,Aduel – Amok Piny,Specialized Trucks,
109,2024-08-22,Lankien,Pading,impassable,2,Nyambor,Lankien – Nyambor – Pading,,
110,2024-08-22,Nyambor,Karam,impassable,2,Pading,Nyambor – Pading – Karam,,
111,2024-08-22,Pajut,Payuel,impassable,2,,Pajut – Payuel,,
112,2024-08-22,Aweil,Gogrial,partially passable,1,Akun,Aweil – Akun – Gogrial,20MT,
113,2024-08-22,Kapoeta,Chukudum,passable,0,,Kapoeta – Chukudum,40MT,
114,2024-08-22,Diabio,Ezo,passable,0,,Diabio – Ezo,40MT,
115,2024-08-22,Mvolo,Wulu,passable,0,,Mvolo – Wullu,40MT,
116,2024-08-22,Aluakluak,Mapuordit,partially passable,1,,Aluakluak - Mapuordit,20MT,
117,2024-08-22,Narus,Nadapal,passable,0,,Narus – Nadapal,40MT,
118,2024-08-22,Bentiu,Kilo 30,partially passable,1,,Bentiu – Kilo30,20MT,
119,2024-08-22,Gadiang,Yuai,impassable,2,,Gadiang – Yuai,,
120,2024-08-22,Pathai,Fatuet,impassable,2,,Pathai – Fatuet,,
121,2024-08-22,Walgak,Kaikuny,impassable,2,,Walgak – Kaikuny,,
122,2024-08-22,Yuai,Walgak,impassable,2,Motot; Waat,Yuai – Motot – Waat – Walgak,,
123,2024-08-22,Kuron,Boma,impassable,2,,Kuron – Boma,,
124,2024-08-22,Kapoeta,Kassangor,impassable,2,,Kapoeta – Kassangor,,
125,2024-08-22,Rumbek,Maper (Lakes),impassable,2,,Rumbek – Maper (Lakes),,
126,2024-08-22,Maruwa,Labarab,impassable,2,,Maruwa – Labarab,,
127,2024-08-22,Koch,Mirmir,impassable,2,,Koch – Mirmir,,
128,2024-08-22,Adok,Leer,impassable,2,Piling,Adok – Piling – Leer,,
129,2024-08-22,Lainya,Yei,passable,0,,Lainya – Yei,40MT,
130,2024-08-22,Mathiang,Udier,impassable,2,,Mathiang – Udier,,
131,2024-08-22,Gadiang,Payuel,impassable,2,,Gadiang – Payuel,,
132,2024-08-22,Ayod,Mogok,impassable,2,,Ayod – Mogok,,
133,2024-08-22,Kaikang,Kilo 30,impassable,2,Roriak; Mayom,(Kaikang – Roriak )(Mayom – Kilo 30),,alternative road listed as two separate stretches: Kaikang–Roriak and Mayom–Kilo 30
134,2024-08-22,Pariang,Ajuong Thok,passable,0,,Pariang – Ajuong Thok,40MT,
135,2024-08-22,Lafon,Imehejek,partially passable,1,,Lafon – Imehejek,20MT,
136,2024-08-22,Mabior,Gadiang,impassable,2,,Mabior – Gadiang,,
137,2024-08-22,Poktap,Payuel,impassable,2,,Poktap – Payuel,,
139,2024-08-22,Mabior,Kongor,impassable,2,,Mabior – Kongor,,ID printed as 138 on this map; renumbered 139 to match the 2025-12-24 map
1,2024-08-29,Kilo 30,Pariang,passable,0,,Kilo 30 – Pariang,40MT,
2,2024-08-29,Gemeiza,Bor,impassable,2,,Gemeiza – Bor,,
3,2024-08-29,Yida,Pariang,passable,0,,Yida - Pariang,40MT,
4,2024-08-29,Juba,Nimule,passable,0,,Juba – Nimule,40MT,
5,2024-08-29,Juba,Torit,partially passable,1,,Juba – Torit,20MT,
6,2024-08-29,Juba,Mangalla,passable,0,,Juba – Mangalla,40MT,
7,2024-08-29,Malakal,Baliet,impassable,2,,Malakal – Baliet,,
8,2024-08-29,Paloich,Renk,passable,0,,Paloich – Renk,40MT,
9,2024-08-29,Adar,Maban,partially passable,1,Jemaam,Adar – Jemaam – Maban,15MT,
10,2024-08-29,Abyei,Abiemnhom,impassable,2,,Abyei – Abienhom,,
11,2024-08-29,Aweil,Gossinga,partially passable,1,,Aweil – Gossinga,20MT,
12,2024-08-29,Pathai,Walgak,impassable,2,Motot,Pathai – Motot – Walgak,,
13,2024-08-29,Juba,Lainya,passable,0,,Juba – Lainya,40MT,
14,2024-08-29,Maridi,Yambio,passable,0,,Maridi – Yambio,40MT,
15,2024-08-29,Juba,Kajo Keji,passable,0,,Juba – Kajo Keji,40MT,
16,2024-08-29,Juba,Terakeka,impassable,2,,Juba – Terakeka,,
17,2024-08-29,Narus,Kuron,impassable,2,,Narus – Kuron,,
18,2024-08-29,Mundri,Mvolo,passable,0,,Mundri - Mvolo,40MT,
19,2024-08-29,Mangalla,Gemeiza,passable,0,,Mangalla – Gemeiza,40MT,
20,2024-08-29,Mathiang,Maiwut,impassable,2,,Mathiang – Maiwut,,
21,2024-08-29,Tonj,Langdit,passable,0,,Tonj – Langdit,40MT,
22,2024-08-29,Terakeka,Mundri,passable,0,Tali,Terakeka – Tali – Mundri,40MT,
23,2024-08-29,Terakeka,Mingkaman,partially passable,1,,Terakeka – Mingkaman,20MT,
24,2024-08-29,Torit,Magwi,passable,0,,Torit – Magwi,40MT,
25,2024-08-29,Hiyala,Ikotos,passable,0,,Hiyala – Ikotos,40MT,
26,2024-08-29,Torit,Lafon,partially passable,1,,Torit – Lafon,20MT,
27,2024-08-29,Wau,Thar Kueng,passable,0,,Wau – Thar Kueng,40MT,
28,2024-08-29,Wau,Tonj,passable,0,,Wau – Tonj,40MT,
29,2024-08-29,Wau,Akuem,passable,0,Aweil,Wau – Aweil – Akuem,40MT,
30,2024-08-29,Likuangole,Akobo,impassable,2,,Likuangole – Akobo,,
31,2024-08-29,Amok Piny,Madol,impassable,2,,Amok Piny – Madol,,
32,2024-08-29,Akwot,Nasser,impassable,2,,Akwot – Nasser,,
33,2024-08-29,Guit,Koch,impassable,2,,Guit – Koch,,
34,2024-08-29,Abiemnhom,Mayom,partially passable,1,,Abiemnhom – Mayom,Specialized Trucks,
35,2024-08-29,Kilo 30,Kaikang,impassable,2,Tumor; Mayom,Kilo30 –Tumor – Mayom – Kaikang,,
36,2024-08-29,Boma,Pochala,impassable,2,,Boma – Pochala,,
37,2024-08-29,Bor,Gadiang,impassable,2,,Bor – Gadiang,,
38,2024-08-29,Bor,Baidit,impassable,2,,Bor – Baidit,,
39,2024-08-29,Pengko,Manyabol,impassable,2,,Pengko – Manyabol,,
40,2024-08-29,Baidit,Duk Padiet,impassable,2,Mabior,Baidit – Mabior – Duk Padiet,,
41,2024-08-29,Gadiang,Akobo,impassable,2,,Gadiang – Akobo,,
42,2024-08-29,Juba,Lafon,impassable,2,,Juba – Lafon,,
43,2024-08-29,Adar,Mathiang,impassable,2,,Adar – Mathiang,,
44,2024-08-29,Maper (Lakes),Dablual,impassable,2,,Maper (Lakes) – Dablual,,
45,2024-08-29,Akobo,Kaikuny,partially passable,1,,Akobo – Kainuny,20MT,
46,2024-08-29,Motot,Lankien,impassable,2,,Motot – Lankein,,
47,2024-08-29,Wau,Deim Zubeir,passable,0,,Wau – Deim Zubeir,40MT,
48,2024-08-29,Wau,Tambura,partially passable,1,,Wau – Tambura,20MT,
49,2024-08-29,Yirol,Shambe,partially passable,1,,Yirol – Shambe,20MT,
50,2024-08-29,Aluakluak,Yirol,partially passable,1,,Aluakluak - Yirol,20MT,
51,2024-08-29,Rumbek,Langdit,passable,0,,Rumbek - Langdit,40MT,
52,2024-08-29,Aluakluak,Rumbek,partially passable,1,,Aluakluak – Rumbek,20MT,
53,2024-08-29,Wunrok,Abiemnhom,partially passable,1,Turalei,Wunrok – Turalei – Abiemnhom,20MT,
54,2024-08-29,Kilo 30,Panakuach,passable,0,Roriak,Kilo 30 – Roriak – Panakuach,40MT,
55,2024-08-29,Ding Ding,Koch,impassable,2,,Ding ding - Koch,,
56,2024-08-29,Bentiu,Dhorbor,impassable,2,,Bentiu – Dhorbor,,
57,2024-08-29,Dhorbor,Guit,impassable,2,,Dhorbor – Guit,,
58,2024-08-29,Guit,Ding Ding,impassable,2,,Guit – Ding Ding,,
59,2024-08-29,Gumuruk,Pibor,impassable,2,,Gumuruk – Pibor,,
60,2024-08-29,Bor,Pengko,impassable,2,,Bor – Pengko,,
61,2024-08-29,Duk Padiet,Pajut,impassable,2,,Duk Padiat – Pajut,,
62,2024-08-29,Yuai,Karam,impassable,2,Pathai,Yaui – Pathai – Karam,,
63,2024-08-29,Yuai,Motot,impassable,2,Pieri,Yaui – Pieri – Motot,,
64,2024-08-29,Yuai,Pajut,impassable,2,,Yaui – Pajut,,
65,2024-08-29,Wulu,Rumbek,passable,0,,Wulu – Rumbek,40MT,
66,2024-08-29,Pibor,Likuangole,impassable,2,,Pibor – Likuangole,,
67,2024-08-29,Mingkaman,Yirol,partially passable,1,,Mingkaman – Yirol,20MT,
68,2024-08-29,Yambio,Tambura,passable,0,,Yambio – Tambura,40MT,
69,2024-08-29,Juba,Mundri,passable,0,,Juba – Mundri,40MT,
70,2024-08-29,Kodok,Paloich,impassable,2,,Kodok – Paloich,,
71,2024-08-29,Malakal,Kodok,impassable,2,,Malakal – Kodok,,
72,2024-08-29,Thar Kueng,Kuajok,passable,0,,Thar Kueng - Kuajok,40MT,
73,2024-08-29,Bentiu,Guit,partially passable,1,,Bentiu – Guit,20MT,
74,2024-08-29,Duk Padiet,Ayod,impassable,2,,Duk Padiet – Ayod,,
75,2024-08-29,Guit,Mirmir,partially passable,1,,Guit – Mir mir,20MT,
76,2024-08-29,Raja,Chandoy/Dolo2,passable,0,,Raja – Chandoy/Dolo2,40MT,
77,2024-08-29,Mundri,Maridi,passable,0,,Mundri - Maridi,40MT,
78,2024-08-29,Torit,Kapoeta,partially passable,1,,Torit – Kapoeta,20MT,
79,2024-08-29,Mayendit,Mirmir,impassable,2,Rupkuai,Mayendit – Rupkuai – Mir mir,,
80,2024-08-29,Mirmir,Leer,partially passable,1,,Mirmir – Leer,20MT,
81,2024-08-29,Mankien,Mayom,partially passable,1,,Mankien - Mayom,Specialized Trucks,
82,2024-08-29,Ajak Kuac,Mankien,partially passable,1,,Ajak Kuac – Mankien,Specialized Trucks,
83,2024-08-29,Ayod,Pathai,impassable,2,,Ayod – Pathai,,
84,2024-08-29,Nyandit,Kiech Kon,impassable,2,,Nyandit - Kiech Kon,,
85,2024-08-29,Paloich,Jemaam,passable,0,Adar,Paloich – Adar – Jemaam,40MT,
86,2024-08-29,New Fangak,Kuernyang,impassable,2,,New Fangak – Kuernyang,,
87,2024-08-29,Paguir,Keew,impassable,2,,Paguir – Keew,,
88,2024-08-29,Baliet,Kiech Kon,impassable,2,Akwot,Baliet – Akwot – Kiech kon,,
89,2024-08-29,Wunrok,Gogrial,passable,0,,Wunrok – Gogrial,40MT,
90,2024-08-29,Deim Zubeir,Raja,passable,0,,Dim Zubeir – Raja,40MT,
91,2024-08-29,Aweil,Yith Pabol,passable,0,,Aweil – Yith Pabol,40MT,
92,2024-08-29,Kapoeta,Narus,passable,0,,Kapoeta – Narus,40MT,
93,2024-08-29,Melut,Paloich,passable,0,,Melut – Paloich,40MT,
94,2024-08-29,Wunrok,Abyei,partially passable,1,,Wunrok – Abyei,Specialized Trucks,
95,2024-08-29,Gogrial,Kuajok,passable,0,,Gogrial – Kuajok,40MT,
96,2024-08-29,Bentiu,Nhialdiu,impassable,2,,Bentiu – Nhialdiu,,
97,2024-08-29,Aluakluak,Mvolo,partially passable,1,,Aluakluak - Mvolo,20MT,
98,2024-08-29,Kilo 30,Manga Port,passable,0,,Kilo 30 – Manga Port,40MT,
99,2024-08-29,Gossinga,Raja,impassable,2,,Gossinga – Raja,,
100,2024-08-29,Gossinga,Raja,partially passable,1,Kapalala,Gossinga – Kapalala – Raja,20MT,
101,2024-08-29,Nyal,Ganyiel,impassable,2,,Nyal – Ganyiel,,
102,2024-08-29,Manyabol,Gadiang,impassable,2,,Manyabol – Gadiang,,
103,2024-08-29,Manyabol,Gumuruk,impassable,2,,Manyabol – Gumuruk,,
104,2024-08-29,Vertet,Labarab,impassable,2,,Vertet – Labarab,,
105,2024-08-29,Boma,Maruwa,impassable,2,,Boma – Maruwa,,
106,2024-08-29,Boma,Labarab,impassable,2,,Boma - Labarab,,
107,2024-08-29,Pibor,Vertet,impassable,2,,Pibor – Verthet,,
108,2024-08-29,Aduel,Amok Piny,partially passable,1,,Aduel – Amok Piny,Specialized Trucks,
109,2024-08-29,Lankien,Pading,impassable,2,Nyambor,Lankien – Nyambor – Pading,,
110,2024-08-29,Nyambor,Karam,impassable,2,Pading,Nyambor – Pading – Karam,,
111,2024-08-29,Pajut,Payuel,impassable,2,,Pajut – Payuel,,
112,2024-08-29,Aweil,Gogrial,partially passable,1,Akun,Aweil – Akun – Gogrial,20MT,
113,2024-08-29,Kapoeta,Chukudum,passable,0,,Kapoeta – Chukudum,40MT,
114,2024-08-29,Diabio,Ezo,passable,0,,Diabio – Ezo,40MT,
115,2024-08-29,Mvolo,Wulu,passable,0,,Mvolo – Wullu,40MT,
116,2024-08-29,Aluakluak,Mapuordit,partially passable,1,,Aluakluak - Mapuordit,20MT,
117,2024-08-29,Narus,Nadapal,passable,0,,Narus – Nadapal,40MT,
118,2024-08-29,Bentiu,Kilo 30,partially passable,1,,Bentiu – Kilo30,20MT,
119,2024-08-29,Gadiang,Yuai,impassable,2,,Gadiang – Yuai,,
120,2024-08-29,Pathai,Fatuet,impassable,2,,Pathai – Fatuet,,
121,2024-08-29,Walgak,Kaikuny,impassable,2,,Walgak – Kaikuny,,
122,2024-08-29,Yuai,Walgak,impassable,2,Motot; Waat,Yuai – Motot – Waat – Walgak,,
123,2024-08-29,Kuron,Boma,impassable,2,,Kuron – Boma,,
124,2024-08-29,Kapoeta,Kassangor,impassable,2,,Kapoeta – Kassangor,,
125,2024-08-29,Rumbek,Maper (Lakes),impassable,2,,Rumbek – Maper (Lakes),,
126,2024-08-29,Maruwa,Labarab,impassable,2,,Maruwa – Labarab,,
127,2024-08-29,Koch,Mirmir,impassable,2,,Koch – Mirmir,,
128,2024-08-29,Adok,Leer,impassable,2,Piling,Adok – Piling – Leer,,
129,2024-08-29,Lainya,Yei,passable,0,,Lainya – Yei,40MT,
130,2024-08-29,Mathiang,Udier,impassable,2,,Mathiang – Udier,,
131,2024-08-29,Gadiang,Payuel,impassable,2,,Gadiang – Payuel,,
132,2024-08-29,Ayod,Mogok,impassable,2,,Ayod – Mogok,,
133,2024-08-29,Kaikang,Kilo 30,impassable,2,Roriak; Mayom,(Kaikang – Roriak )(Mayom – Kilo 30),,alternative road listed as two separate stretches: Kaikang–Roriak and Mayom–Kilo 30
134,2024-08-29,Pariang,Ajuong Thok,passable,0,,Pariang – Ajuong Thok,40MT,
135,2024-08-29,Lafon,Imehejek,partially passable,1,,Lafon – Imehejek,20MT,
136,2024-08-29,Mabior,Gadiang,impassable,2,,Mabior – Gadiang,,
137,2024-08-29,Poktap,Payuel,impassable,2,,Poktap – Payuel,,
139,2024-08-29,Mabior,Kongor,impassable,2,,Mabior – Kongor,,ID printed as 138 on this map; renumbered 139 to match the 2025-12-24 map
1,2024-09-06,Kilo 30,Pariang,passable,0,,Kilo 30 – Pariang,40MT,
2,2024-09-06,Gemeiza,Bor,impassable,2,,Gemeiza – Bor,,
3,2024-09-06,Yida,Pariang,passable,0,,Yida - Pariang,40MT,
4,2024-09-06,Juba,Nimule,passable,0,,Juba – Nimule,40MT,
5,2024-09-06,Juba,Torit,partially passable,1,,Juba – Torit,20MT,
6,2024-09-06,Juba,Mangalla,passable,0,,Juba – Mangalla,40MT,
7,2024-09-06,Malakal,Baliet,impassable,2,,Malakal – Baliet,,
8,2024-09-06,Paloich,Renk,passable,0,,Paloich – Renk,40MT,
9,2024-09-06,Adar,Maban,partially passable,1,Jemaam,Adar – Jemaam – Maban,15MT,
10,2024-09-06,Abyei,Abiemnhom,impassable,2,,Abyei – Abienhom,,
11,2024-09-06,Aweil,Gossinga,partially passable,1,,Aweil – Gossinga,20MT,
12,2024-09-06,Pathai,Walgak,impassable,2,Motot,Pathai – Motot – Walgak,,
13,2024-09-06,Juba,Lainya,passable,0,,Juba – Lainya,40MT,
14,2024-09-06,Maridi,Yambio,passable,0,,Maridi – Yambio,40MT,
15,2024-09-06,Juba,Kajo Keji,passable,0,,Juba – Kajo Keji,40MT,
16,2024-09-06,Juba,Terakeka,impassable,2,,Juba – Terakeka,,
17,2024-09-06,Narus,Kuron,impassable,2,,Narus – Kuron,,
18,2024-09-06,Mundri,Mvolo,passable,0,,Mundri - Mvolo,40MT,
19,2024-09-06,Mangalla,Gemeiza,passable,0,,Mangalla – Gemeiza,40MT,
20,2024-09-06,Mathiang,Maiwut,impassable,2,,Mathiang – Maiwut,,
21,2024-09-06,Tonj,Langdit,passable,0,,Tonj – Langdit,40MT,
22,2024-09-06,Terakeka,Mundri,passable,0,Tali,Terakeka – Tali – Mundri,40MT,
23,2024-09-06,Terakeka,Mingkaman,partially passable,1,,Terakeka – Mingkaman,20MT,
24,2024-09-06,Torit,Magwi,passable,0,,Torit – Magwi,40MT,
25,2024-09-06,Hiyala,Ikotos,passable,0,,Hiyala – Ikotos,40MT,
26,2024-09-06,Torit,Lafon,partially passable,1,,Torit – Lafon,20MT,
27,2024-09-06,Wau,Thar Kueng,passable,0,,Wau – Thar Kueng,40MT,
28,2024-09-06,Wau,Tonj,passable,0,,Wau – Tonj,40MT,
29,2024-09-06,Wau,Akuem,passable,0,Aweil,Wau – Aweil – Akuem,40MT,
30,2024-09-06,Likuangole,Akobo,impassable,2,,Likuangole – Akobo,,
31,2024-09-06,Amok Piny,Madol,impassable,2,,Amok Piny – Madol,,
32,2024-09-06,Akwot,Nasser,impassable,2,,Akwot – Nasser,,
33,2024-09-06,Guit,Koch,impassable,2,,Guit – Koch,,
34,2024-09-06,Abiemnhom,Mayom,partially passable,1,,Abiemnhom – Mayom,Specialized Trucks,
35,2024-09-06,Kilo 30,Kaikang,impassable,2,Tumor; Mayom,Kilo30 –Tumor – Mayom – Kaikang,,
36,2024-09-06,Boma,Pochala,impassable,2,,Boma – Pochala,,
37,2024-09-06,Bor,Gadiang,impassable,2,,Bor – Gadiang,,
38,2024-09-06,Bor,Baidit,impassable,2,,Bor – Baidit,,
39,2024-09-06,Pengko,Manyabol,impassable,2,,Pengko – Manyabol,,
40,2024-09-06,Baidit,Duk Padiet,impassable,2,Mabior,Baidit – Mabior – Duk Padiet,,
41,2024-09-06,Gadiang,Akobo,impassable,2,,Gadiang – Akobo,,
42,2024-09-06,Juba,Lafon,impassable,2,,Juba – Lafon,,
43,2024-09-06,Adar,Mathiang,impassable,2,,Adar – Mathiang,,
44,2024-09-06,Maper (Lakes),Dablual,impassable,2,,Maper (Lakes) – Dablual,,
45,2024-09-06,Akobo,Kaikuny,partially passable,1,,Akobo – Kainuny,20MT,
46,2024-09-06,Motot,Lankien,impassable,2,,Motot – Lankein,,
47,2024-09-06,Wau,Deim Zubeir,passable,0,,Wau – Deim Zubeir,40MT,
48,2024-09-06,Wau,Tambura,partially passable,1,,Wau – Tambura,20MT,
49,2024-09-06,Yirol,Shambe,partially passable,1,,Yirol – Shambe,20MT,
50,2024-09-06,Aluakluak,Yirol,partially passable,1,,Aluakluak - Yirol,20MT,
51,2024-09-06,Rumbek,Langdit,passable,0,,Rumbek - Langdit,40MT,
52,2024-09-06,Aluakluak,Rumbek,partially passable,1,,Aluakluak – Rumbek,20MT,
53,2024-09-06,Wunrok,Abiemnhom,partially passable,1,Turalei,Wunrok – Turalei – Abiemnhom,20MT,
54,2024-09-06,Kilo 30,Panakuach,passable,0,Roriak,Kilo 30 – Roriak – Panakuach,40MT,
55,2024-09-06,Ding Ding,Koch,impassable,2,,Ding ding - Koch,,
56,2024-09-06,Bentiu,Dhorbor,impassable,2,,Bentiu – Dhorbor,,
57,2024-09-06,Dhorbor,Guit,impassable,2,,Dhorbor – Guit,,
58,2024-09-06,Guit,Ding Ding,impassable,2,,Guit – Ding Ding,,
59,2024-09-06,Gumuruk,Pibor,impassable,2,,Gumuruk – Pibor,,
60,2024-09-06,Bor,Pengko,impassable,2,,Bor – Pengko,,
61,2024-09-06,Duk Padiet,Pajut,impassable,2,,Duk Padiat – Pajut,,
62,2024-09-06,Yuai,Karam,impassable,2,Pathai,Yaui – Pathai – Karam,,
63,2024-09-06,Yuai,Motot,impassable,2,Pieri,Yaui – Pieri – Motot,,
64,2024-09-06,Yuai,Pajut,impassable,2,,Yaui – Pajut,,
65,2024-09-06,Wulu,Rumbek,passable,0,,Wulu – Rumbek,40MT,
66,2024-09-06,Pibor,Likuangole,impassable,2,,Pibor – Likuangole,,
67,2024-09-06,Mingkaman,Yirol,partially passable,1,,Mingkaman – Yirol,20MT,
68,2024-09-06,Yambio,Tambura,passable,0,,Yambio – Tambura,40MT,
69,2024-09-06,Juba,Mundri,passable,0,,Juba – Mundri,40MT,
70,2024-09-06,Kodok,Paloich,impassable,2,,Kodok – Paloich,,
71,2024-09-06,Malakal,Kodok,impassable,2,,Malakal – Kodok,,
72,2024-09-06,Thar Kueng,Kuajok,passable,0,,Thar Kueng - Kuajok,40MT,
73,2024-09-06,Bentiu,Guit,partially passable,1,,Bentiu – Guit,20MT,
74,2024-09-06,Duk Padiet,Ayod,impassable,2,,Duk Padiet – Ayod,,
75,2024-09-06,Guit,Mirmir,partially passable,1,,Guit – Mir mir,20MT,
76,2024-09-06,Raja,Chandoy/Dolo2,passable,0,,Raja – Chandoy/Dolo2,40MT,
77,2024-09-06,Mundri,Maridi,passable,0,,Mundri - Maridi,40MT,
78,2024-09-06,Torit,Kapoeta,partially passable,1,,Torit – Kapoeta,20MT,
79,2024-09-06,Mayendit,Mirmir,impassable,2,Rupkuai,Mayendit – Rupkuai – Mir mir,,
80,2024-09-06,Mirmir,Leer,partially passable,1,,Mirmir – Leer,20MT,
81,2024-09-06,Mankien,Mayom,partially passable,1,,Mankien - Mayom,Specialized Trucks,
82,2024-09-06,Ajak Kuac,Mankien,partially passable,1,,Ajak Kuac – Mankien,Specialized Trucks,
83,2024-09-06,Ayod,Pathai,impassable,2,,Ayod – Pathai,,
84,2024-09-06,Nyandit,Kiech Kon,impassable,2,,Nyandit - Kiech Kon,,
85,2024-09-06,Paloich,Jemaam,passable,0,Adar,Paloich – Adar – Jemaam,40MT,
86,2024-09-06,New Fangak,Kuernyang,impassable,2,,New Fangak – Kuernyang,,
87,2024-09-06,Paguir,Keew,impassable,2,,Paguir – Keew,,
88,2024-09-06,Baliet,Kiech Kon,impassable,2,Akwot,Baliet – Akwot – Kiech kon,,
89,2024-09-06,Wunrok,Gogrial,passable,0,,Wunrok – Gogrial,40MT,
90,2024-09-06,Deim Zubeir,Raja,passable,0,,Dim Zubeir – Raja,40MT,
91,2024-09-06,Aweil,Yith Pabol,passable,0,,Aweil – Yith Pabol,40MT,
92,2024-09-06,Kapoeta,Narus,passable,0,,Kapoeta – Narus,40MT,
93,2024-09-06,Melut,Paloich,passable,0,,Melut – Paloich,40MT,
94,2024-09-06,Wunrok,Abyei,partially passable,1,,Wunrok – Abyei,Specialized Trucks,
95,2024-09-06,Gogrial,Kuajok,passable,0,,Gogrial – Kuajok,40MT,
96,2024-09-06,Bentiu,Nhialdiu,impassable,2,,Bentiu – Nhialdiu,,
97,2024-09-06,Aluakluak,Mvolo,partially passable,1,,Aluakluak - Mvolo,20MT,
98,2024-09-06,Kilo 30,Manga Port,passable,0,,Kilo 30 – Manga Port,40MT,
99,2024-09-06,Gossinga,Raja,impassable,2,,Gossinga – Raja,,
100,2024-09-06,Gossinga,Raja,partially passable,1,Kapalala,Gossinga – Kapalala – Raja,20MT,
101,2024-09-06,Nyal,Ganyiel,impassable,2,,Nyal – Ganyiel,,
102,2024-09-06,Manyabol,Gadiang,impassable,2,,Manyabol – Gadiang,,
103,2024-09-06,Manyabol,Gumuruk,impassable,2,,Manyabol – Gumuruk,,
104,2024-09-06,Vertet,Labarab,impassable,2,,Vertet – Labarab,,
105,2024-09-06,Boma,Maruwa,impassable,2,,Boma – Maruwa,,
106,2024-09-06,Boma,Labarab,impassable,2,,Boma - Labarab,,
107,2024-09-06,Pibor,Vertet,impassable,2,,Pibor – Verthet,,
108,2024-09-06,Aduel,Amok Piny,partially passable,1,,Aduel – Amok Piny,Specialized Trucks,
109,2024-09-06,Lankien,Pading,impassable,2,Nyambor,Lankien – Nyambor – Pading,,
110,2024-09-06,Nyambor,Karam,impassable,2,Pading,Nyambor – Pading – Karam,,
111,2024-09-06,Pajut,Payuel,impassable,2,,Pajut – Payuel,,
112,2024-09-06,Aweil,Gogrial,partially passable,1,Akun,Aweil – Akun – Gogrial,20MT,
113,2024-09-06,Kapoeta,Chukudum,passable,0,,Kapoeta – Chukudum,40MT,
114,2024-09-06,Diabio,Ezo,passable,0,,Diabio – Ezo,40MT,
115,2024-09-06,Mvolo,Wulu,passable,0,,Mvolo – Wullu,40MT,
116,2024-09-06,Aluakluak,Mapuordit,partially passable,1,,Aluakluak - Mapuordit,20MT,
117,2024-09-06,Narus,Nadapal,passable,0,,Narus – Nadapal,40MT,
118,2024-09-06,Bentiu,Kilo 30,partially passable,1,,Bentiu – Kilo30,20MT,
119,2024-09-06,Gadiang,Yuai,impassable,2,,Gadiang – Yuai,,
120,2024-09-06,Pathai,Fatuet,impassable,2,,Pathai – Fatuet,,
121,2024-09-06,Walgak,Kaikuny,impassable,2,,Walgak – Kaikuny,,
122,2024-09-06,Yuai,Walgak,impassable,2,Motot; Waat,Yuai – Motot – Waat – Walgak,,
123,2024-09-06,Kuron,Boma,impassable,2,,Kuron – Boma,,
124,2024-09-06,Kapoeta,Kassangor,impassable,2,,Kapoeta – Kassangor,,
125,2024-09-06,Rumbek,Maper (Lakes),impassable,2,,Rumbek – Maper (Lakes),,
126,2024-09-06,Maruwa,Labarab,impassable,2,,Maruwa – Labarab,,
127,2024-09-06,Koch,Mirmir,impassable,2,,Koch – Mirmir,,
128,2024-09-06,Adok,Leer,impassable,2,Piling,Adok – Piling – Leer,,
129,2024-09-06,Lainya,Yei,passable,0,,Lainya – Yei,40MT,
130,2024-09-06,Mathiang,Udier,impassable,2,,Mathiang – Udier,,
131,2024-09-06,Gadiang,Payuel,impassable,2,,Gadiang – Payuel,,
132,2024-09-06,Ayod,Mogok,impassable,2,,Ayod – Mogok,,
133,2024-09-06,Kaikang,Kilo 30,impassable,2,Roriak; Mayom,(Kaikang – Roriak )(Mayom – Kilo 30),,alternative road listed as two separate stretches: Kaikang–Roriak and Mayom–Kilo 30
134,2024-09-06,Pariang,Ajuong Thok,passable,0,,Pariang – Ajuong Thok,40MT,
135,2024-09-06,Lafon,Imehejek,partially passable,1,,Lafon – Imehejek,20MT,
136,2024-09-06,Mabior,Gadiang,impassable,2,,Mabior – Gadiang,,
137,2024-09-06,Poktap,Payuel,impassable,2,,Poktap – Payuel,,
139,2024-09-06,Mabior,Kongor,impassable,2,,Mabior – Kongor,,ID printed as 138 on this map; renumbered 139 to match the 2025-12-24 map
1,2024-09-13,Kilo 30,Pariang,passable,0,,Kilo 30 – Pariang,40MT,
2,2024-09-13,Gemeiza,Bor,impassable,2,,Gemeiza – Bor,,
3,2024-09-13,Yida,Pariang,passable,0,,Yida - Pariang,40MT,
4,2024-09-13,Juba,Nimule,passable,0,,Juba – Nimule,40MT,
5,2024-09-13,Juba,Torit,partially passable,1,,Juba – Torit,20MT,
6,2024-09-13,Juba,Mangalla,passable,0,,Juba – Mangalla,40MT,
7,2024-09-13,Malakal,Baliet,impassable,2,,Malakal – Baliet,,
8,2024-09-13,Paloich,Renk,passable,0,,Paloich – Renk,40MT,
9,2024-09-13,Adar,Maban,partially passable,1,Jemaam,Adar – Jemaam – Maban,15MT,
10,2024-09-13,Abyei,Abiemnhom,impassable,2,,Abyei – Abienhom,,
11,2024-09-13,Aweil,Gossinga,partially passable,1,,Aweil – Gossinga,20MT,
12,2024-09-13,Pathai,Walgak,impassable,2,Motot,Pathai – Motot – Walgak,,
13,2024-09-13,Juba,Lainya,passable,0,,Juba – Lainya,40MT,
14,2024-09-13,Maridi,Yambio,passable,0,,Maridi – Yambio,40MT,
15,2024-09-13,Juba,Kajo Keji,passable,0,,Juba – Kajo Keji,40MT,
16,2024-09-13,Juba,Terakeka,impassable,2,,Juba – Terakeka,,
17,2024-09-13,Narus,Kuron,impassable,2,,Narus – Kuron,,
18,2024-09-13,Mundri,Mvolo,passable,0,,Mundri - Mvolo,40MT,
19,2024-09-13,Mangalla,Gemeiza,passable,0,,Mangalla – Gemeiza,40MT,
20,2024-09-13,Mathiang,Maiwut,impassable,2,,Mathiang – Maiwut,,
21,2024-09-13,Tonj,Langdit,passable,0,,Tonj – Langdit,40MT,
22,2024-09-13,Terakeka,Mundri,passable,0,Tali,Terakeka – Tali – Mundri,40MT,
23,2024-09-13,Terakeka,Mingkaman,partially passable,1,,Terakeka – Mingkaman,20MT,
24,2024-09-13,Torit,Magwi,passable,0,,Torit – Magwi,40MT,
25,2024-09-13,Hiyala,Ikotos,passable,0,,Hiyala – Ikotos,40MT,
26,2024-09-13,Torit,Lafon,partially passable,1,,Torit – Lafon,20MT,
27,2024-09-13,Wau,Thar Kueng,passable,0,,Wau – Thar Kueng,40MT,
28,2024-09-13,Wau,Tonj,passable,0,,Wau – Tonj,40MT,
29,2024-09-13,Wau,Akuem,passable,0,Aweil,Wau – Aweil – Akuem,40MT,
30,2024-09-13,Likuangole,Akobo,impassable,2,,Likuangole – Akobo,,
31,2024-09-13,Amok Piny,Madol,impassable,2,,Amok Piny – Madol,,
32,2024-09-13,Akwot,Nasser,impassable,2,,Akwot – Nasser,,
33,2024-09-13,Guit,Koch,impassable,2,,Guit – Koch,,
34,2024-09-13,Abiemnhom,Mayom,partially passable,1,,Abiemnhom – Mayom,Specialized Trucks,
35,2024-09-13,Kilo 30,Kaikang,impassable,2,Tumor; Mayom,Kilo30 –Tumor – Mayom – Kaikang,,
36,2024-09-13,Boma,Pochala,impassable,2,,Boma – Pochala,,
37,2024-09-13,Bor,Gadiang,impassable,2,,Bor – Gadiang,,
38,2024-09-13,Bor,Baidit,partially passable,1,,Bor – Baidit,20MT,
39,2024-09-13,Pengko,Manyabol,impassable,2,,Pengko – Manyabol,,
40,2024-09-13,Baidit,Duk Padiet,impassable,2,Mabior,Baidit – Mabior – Duk Padiet,,
41,2024-09-13,Gadiang,Akobo,impassable,2,,Gadiang – Akobo,,
42,2024-09-13,Juba,Lafon,impassable,2,,Juba – Lafon,,
43,2024-09-13,Adar,Mathiang,impassable,2,,Adar – Mathiang,,
44,2024-09-13,Maper (Lakes),Dablual,impassable,2,,Maper (Lakes) – Dablual,,
45,2024-09-13,Akobo,Kaikuny,partially passable,1,,Akobo – Kainuny,20MT,
46,2024-09-13,Motot,Lankien,impassable,2,,Motot – Lankein,,
47,2024-09-13,Wau,Deim Zubeir,partially passable,1,,Wau – Deim Zubeir,20MT,
48,2024-09-13,Wau,Tambura,partially passable,1,,Wau – Tambura,20MT,
49,2024-09-13,Yirol,Shambe,partially passable,1,,Yirol – Shambe,20MT,
50,2024-09-13,Aluakluak,Yirol,partially passable,1,,Aluakluak - Yirol,20MT,
51,2024-09-13,Rumbek,Langdit,passable,0,,Rumbek - Langdit,40MT,
52,2024-09-13,Aluakluak,Rumbek,partially passable,1,,Aluakluak – Rumbek,20MT,
53,2024-09-13,Wunrok,Abiemnhom,partially passable,1,Turalei,Wunrok – Turalei – Abiemnhom,20MT,
54,2024-09-13,Kilo 30,Panakuach,passable,0,Roriak,Kilo 30 – Roriak – Panakuach,40MT,
55,2024-09-13,Ding Ding,Koch,impassable,2,,Ding ding - Koch,,
56,2024-09-13,Bentiu,Dhorbor,impassable,2,,Bentiu – Dhorbor,,
57,2024-09-13,Dhorbor,Guit,impassable,2,,Dhorbor – Guit,,
58,2024-09-13,Guit,Ding Ding,impassable,2,,Guit – Ding Ding,,
59,2024-09-13,Gumuruk,Pibor,impassable,2,,Gumuruk – Pibor,,
60,2024-09-13,Bor,Pengko,impassable,2,,Bor – Pengko,,
61,2024-09-13,Duk Padiet,Pajut,impassable,2,,Duk Padiat – Pajut,,
62,2024-09-13,Yuai,Karam,impassable,2,Pathai,Yaui – Pathai – Karam,,
63,2024-09-13,Yuai,Motot,impassable,2,Pieri,Yaui – Pieri – Motot,,
64,2024-09-13,Yuai,Pajut,impassable,2,,Yaui – Pajut,,
65,2024-09-13,Wulu,Rumbek,passable,0,,Wulu – Rumbek,40MT,
66,2024-09-13,Pibor,Likuangole,impassable,2,,Pibor – Likuangole,,
67,2024-09-13,Mingkaman,Yirol,partially passable,1,,Mingkaman – Yirol,20MT,
68,2024-09-13,Yambio,Tambura,passable,0,,Yambio – Tambura,40MT,
69,2024-09-13,Juba,Mundri,passable,0,,Juba – Mundri,40MT,
70,2024-09-13,Kodok,Paloich,impassable,2,,Kodok – Paloich,,
71,2024-09-13,Malakal,Kodok,impassable,2,,Malakal – Kodok,,
72,2024-09-13,Thar Kueng,Kuajok,passable,0,,Thar Kueng - Kuajok,40MT,
73,2024-09-13,Bentiu,Guit,partially passable,1,,Bentiu – Guit,20MT,
74,2024-09-13,Duk Padiet,Ayod,impassable,2,,Duk Padiet – Ayod,,
75,2024-09-13,Guit,Mirmir,partially passable,1,,Guit – Mir mir,20MT,
76,2024-09-13,Raja,Chandoy/Dolo2,passable,0,,Raja – Chandoy/Dolo2,40MT,
77,2024-09-13,Mundri,Maridi,passable,0,,Mundri - Maridi,40MT,
78,2024-09-13,Torit,Kapoeta,partially passable,1,,Torit – Kapoeta,20MT,
79,2024-09-13,Mayendit,Mirmir,impassable,2,Rupkuai,Mayendit – Rupkuai – Mir mir,,
80,2024-09-13,Mirmir,Leer,partially passable,1,,Mirmir – Leer,20MT,
81,2024-09-13,Mankien,Mayom,partially passable,1,,Mankien - Mayom,Specialized Trucks,
82,2024-09-13,Ajak Kuac,Mankien,partially passable,1,,Ajak Kuac – Mankien,Specialized Trucks,
83,2024-09-13,Ayod,Pathai,impassable,2,,Ayod – Pathai,,
84,2024-09-13,Nyandit,Kiech Kon,impassable,2,,Nyandit - Kiech Kon,,
85,2024-09-13,Paloich,Jemaam,passable,0,Adar,Paloich – Adar – Jemaam,40MT,
86,2024-09-13,New Fangak,Kuernyang,impassable,2,,New Fangak – Kuernyang,,
87,2024-09-13,Paguir,Keew,impassable,2,,Paguir – Keew,,
88,2024-09-13,Baliet,Kiech Kon,impassable,2,Akwot,Baliet – Akwot – Kiech kon,,
89,2024-09-13,Wunrok,Gogrial,passable,0,,Wunrok – Gogrial,40MT,
90,2024-09-13,Deim Zubeir,Raja,partially passable,1,,Dim Zubeir – Raja,20MT,
91,2024-09-13,Aweil,Yith Pabol,passable,0,,Aweil – Yith Pabol,40MT,
92,2024-09-13,Kapoeta,Narus,passable,0,,Kapoeta – Narus,40MT,
93,2024-09-13,Melut,Paloich,passable,0,,Melut – Paloich,40MT,
94,2024-09-13,Wunrok,Abyei,partially passable,1,,Wunrok – Abyei,Specialized Trucks,
95,2024-09-13,Gogrial,Kuajok,passable,0,,Gogrial – Kuajok,40MT,
96,2024-09-13,Bentiu,Nhialdiu,impassable,2,,Bentiu – Nhialdiu,,
97,2024-09-13,Aluakluak,Mvolo,partially passable,1,,Aluakluak - Mvolo,20MT,
98,2024-09-13,Kilo 30,Manga Port,passable,0,,Kilo 30 – Manga Port,40MT,
99,2024-09-13,Gossinga,Raja,impassable,2,,Gossinga – Raja,,
100,2024-09-13,Gossinga,Raja,partially passable,1,Kapalala,Gossinga – Kapalala – Raja,20MT,
101,2024-09-13,Nyal,Ganyiel,impassable,2,,Nyal – Ganyiel,,
102,2024-09-13,Manyabol,Gadiang,impassable,2,,Manyabol – Gadiang,,
103,2024-09-13,Manyabol,Gumuruk,impassable,2,,Manyabol – Gumuruk,,
104,2024-09-13,Vertet,Labarab,impassable,2,,Vertet – Labarab,,
105,2024-09-13,Boma,Maruwa,impassable,2,,Boma – Maruwa,,
106,2024-09-13,Boma,Labarab,impassable,2,,Boma - Labarab,,
107,2024-09-13,Pibor,Vertet,impassable,2,,Pibor – Verthet,,
108,2024-09-13,Aduel,Amok Piny,partially passable,1,,Aduel – Amok Piny,Specialized Trucks,
109,2024-09-13,Lankien,Pading,impassable,2,Nyambor,Lankien – Nyambor – Pading,,
110,2024-09-13,Nyambor,Karam,impassable,2,Pading,Nyambor – Pading – Karam,,
111,2024-09-13,Pajut,Payuel,impassable,2,,Pajut – Payuel,,
112,2024-09-13,Aweil,Gogrial,partially passable,1,Akun,Aweil – Akun – Gogrial,20MT,
113,2024-09-13,Kapoeta,Chukudum,passable,0,,Kapoeta – Chukudum,40MT,
114,2024-09-13,Diabio,Ezo,passable,0,,Diabio – Ezo,40MT,
115,2024-09-13,Mvolo,Wulu,passable,0,,Mvolo – Wullu,40MT,
116,2024-09-13,Aluakluak,Mapuordit,partially passable,1,,Aluakluak - Mapuordit,20MT,
117,2024-09-13,Narus,Nadapal,passable,0,,Narus – Nadapal,40MT,
118,2024-09-13,Bentiu,Kilo 30,partially passable,1,,Bentiu – Kilo30,20MT,
119,2024-09-13,Gadiang,Yuai,impassable,2,,Gadiang – Yuai,,
120,2024-09-13,Pathai,Fatuet,impassable,2,,Pathai – Fatuet,,
121,2024-09-13,Walgak,Kaikuny,impassable,2,,Walgak – Kaikuny,,
122,2024-09-13,Yuai,Walgak,impassable,2,Motot; Waat,Yuai – Motot – Waat – Walgak,,
123,2024-09-13,Kuron,Boma,impassable,2,,Kuron – Boma,,
124,2024-09-13,Kapoeta,Kassangor,impassable,2,,Kapoeta – Kassangor,,
125,2024-09-13,Rumbek,Maper (Lakes),impassable,2,,Rumbek – Maper (Lakes),,
126,2024-09-13,Maruwa,Labarab,impassable,2,,Maruwa – Labarab,,
127,2024-09-13,Koch,Mirmir,impassable,2,,Koch – Mirmir,,
128,2024-09-13,Adok,Leer,impassable,2,Piling,Adok – Piling – Leer,,
129,2024-09-13,Lainya,Yei,passable,0,,Lainya – Yei,40MT,
130,2024-09-13,Mathiang,Udier,impassable,2,,Mathiang – Udier,,
131,2024-09-13,Gadiang,Payuel,impassable,2,,Gadiang – Payuel,,
132,2024-09-13,Ayod,Mogok,impassable,2,,Ayod – Mogok,,
133,2024-09-13,Kaikang,Kilo 30,impassable,2,Roriak; Mayom,(Kaikang – Roriak )(Mayom – Kilo 30),,alternative road listed as two separate stretches: Kaikang–Roriak and Mayom–Kilo 30
134,2024-09-13,Pariang,Ajuong Thok,passable,0,,Pariang – Ajuong Thok,40MT,
135,2024-09-13,Lafon,Imehejek,partially passable,1,,Lafon – Imehejek,20MT,
136,2024-09-13,Mabior,Gadiang,impassable,2,,Mabior – Gadiang,,
137,2024-09-13,Poktap,Payuel,impassable,2,,Poktap – Payuel,,
139,2024-09-13,Mabior,Kongor,impassable,2,,Mabior – Kongor,,ID printed as 138 on this map; renumbered 139 to match the 2025-12-24 map
1,2024-09-19,Kilo 30,Pariang,passable,0,,Kilo 30 – Pariang,40MT,
2,2024-09-19,Gemeiza,Bor,impassable,2,,Gemeiza – Bor,,
3,2024-09-19,Yida,Pariang,passable,0,,Yida - Pariang,40MT,
4,2024-09-19,Juba,Nimule,passable,0,,Juba – Nimule,40MT,
5,2024-09-19,Juba,Torit,partially passable,1,,Juba – Torit,20MT,
6,2024-09-19,Juba,Mangalla,passable,0,,Juba – Mangalla,40MT,
7,2024-09-19,Malakal,Baliet,impassable,2,,Malakal – Baliet,,
8,2024-09-19,Paloich,Renk,passable,0,,Paloich – Renk,40MT,
9,2024-09-19,Adar,Maban,partially passable,1,Jemaam,Adar – Jemaam – Maban,15MT,
10,2024-09-19,Abyei,Abiemnhom,impassable,2,,Abyei – Abienhom,,
11,2024-09-19,Aweil,Gossinga,partially passable,1,,Aweil – Gossinga,20MT,
12,2024-09-19,Pathai,Walgak,impassable,2,Motot,Pathai – Motot – Walgak,,
13,2024-09-19,Juba,Lainya,passable,0,,Juba – Lainya,40MT,
14,2024-09-19,Maridi,Yambio,passable,0,,Maridi – Yambio,40MT,
15,2024-09-19,Juba,Kajo Keji,passable,0,,Juba – Kajo Keji,40MT,
16,2024-09-19,Juba,Terakeka,impassable,2,,Juba – Terakeka,,
17,2024-09-19,Narus,Kuron,impassable,2,,Narus – Kuron,,
18,2024-09-19,Mundri,Mvolo,passable,0,,Mundri - Mvolo,40MT,
19,2024-09-19,Mangalla,Gemeiza,passable,0,,Mangalla – Gemeiza,40MT,
20,2024-09-19,Mathiang,Maiwut,impassable,2,,Mathiang – Maiwut,,
21,2024-09-19,Tonj,Langdit,passable,0,,Tonj – Langdit,40MT,
22,2024-09-19,Terakeka,Mundri,passable,0,Tali,Terakeka – Tali – Mundri,40MT,
23,2024-09-19,Terakeka,Mingkaman,partially passable,1,,Terakeka – Mingkaman,20MT,
24,2024-09-19,Torit,Magwi,passable,0,,Torit – Magwi,40MT,
25,2024-09-19,Hiyala,Ikotos,passable,0,,Hiyala – Ikotos,40MT,
26,2024-09-19,Torit,Lafon,partially passable,1,,Torit – Lafon,20MT,
27,2024-09-19,Wau,Thar Kueng,passable,0,,Wau – Thar Kueng,40MT,
28,2024-09-19,Wau,Tonj,passable,0,,Wau – Tonj,40MT,
29,2024-09-19,Wau,Akuem,passable,0,Aweil,Wau – Aweil – Akuem,40MT,
30,2024-09-19,Likuangole,Akobo,impassable,2,,Likuangole – Akobo,,
31,2024-09-19,Amok Piny,Madol,impassable,2,,Amok Piny – Madol,,
32,2024-09-19,Akwot,Nasser,impassable,2,,Akwot – Nasser,,
33,2024-09-19,Guit,Koch,impassable,2,,Guit – Koch,,
34,2024-09-19,Abiemnhom,Mayom,partially passable,1,,Abiemnhom – Mayom,Specialized Trucks,
35,2024-09-19,Kilo 30,Kaikang,impassable,2,Tumor; Mayom,Kilo30 –Tumor – Mayom – Kaikang,,
36,2024-09-19,Boma,Pochala,impassable,2,,Boma – Pochala,,
37,2024-09-19,Bor,Gadiang,impassable,2,,Bor – Gadiang,,
38,2024-09-19,Bor,Baidit,partially passable,1,,Bor – Baidit,20MT,
39,2024-09-19,Pengko,Manyabol,impassable,2,,Pengko – Manyabol,,
40,2024-09-19,Baidit,Duk Padiet,impassable,2,Mabior,Baidit – Mabior – Duk Padiet,,
41,2024-09-19,Gadiang,Akobo,impassable,2,,Gadiang – Akobo,,
42,2024-09-19,Juba,Lafon,impassable,2,,Juba – Lafon,,
43,2024-09-19,Adar,Mathiang,impassable,2,,Adar – Mathiang,,
44,2024-09-19,Maper (Lakes),Dablual,impassable,2,,Maper (Lakes) – Dablual,,
45,2024-09-19,Akobo,Kaikuny,partially passable,1,,Akobo – Kainuny,20MT,
46,2024-09-19,Motot,Lankien,impassable,2,,Motot – Lankein,,
47,2024-09-19,Wau,Deim Zubeir,partially passable,1,,Wau – Deim Zubeir,20MT,
48,2024-09-19,Wau,Tambura,partially passable,1,,Wau – Tambura,20MT,
49,2024-09-19,Yirol,Shambe,partially passable,1,,Yirol – Shambe,20MT,
50,2024-09-19,Aluakluak,Yirol,partially passable,1,,Aluakluak - Yirol,20MT,
51,2024-09-19,Rumbek,Langdit,passable,0,,Rumbek - Langdit,40MT,
52,2024-09-19,Aluakluak,Rumbek,partially passable,1,,Aluakluak – Rumbek,20MT,
53,2024-09-19,Wunrok,Abiemnhom,partially passable,1,Turalei,Wunrok – Turalei – Abiemnhom,20MT,
54,2024-09-19,Kilo 30,Panakuach,passable,0,Roriak,Kilo 30 – Roriak – Panakuach,40MT,
55,2024-09-19,Ding Ding,Koch,impassable,2,,Ding ding - Koch,,
56,2024-09-19,Bentiu,Dhorbor,impassable,2,,Bentiu – Dhorbor,,
57,2024-09-19,Dhorbor,Guit,impassable,2,,Dhorbor – Guit,,
58,2024-09-19,Guit,Ding Ding,impassable,2,,Guit – Ding Ding,,
59,2024-09-19,Gumuruk,Pibor,impassable,2,,Gumuruk – Pibor,,
60,2024-09-19,Bor,Pengko,impassable,2,,Bor – Pengko,,
61,2024-09-19,Duk Padiet,Pajut,impassable,2,,Duk Padiat – Pajut,,
62,2024-09-19,Yuai,Karam,impassable,2,Pathai,Yaui – Pathai – Karam,,
63,2024-09-19,Yuai,Motot,impassable,2,Pieri,Yaui – Pieri – Motot,,
64,2024-09-19,Yuai,Pajut,impassable,2,,Yaui – Pajut,,
65,2024-09-19,Wulu,Rumbek,passable,0,,Wulu – Rumbek,40MT,
66,2024-09-19,Pibor,Likuangole,impassable,2,,Pibor – Likuangole,,
67,2024-09-19,Mingkaman,Yirol,partially passable,1,,Mingkaman – Yirol,20MT,
68,2024-09-19,Yambio,Tambura,passable,0,,Yambio – Tambura,40MT,
69,2024-09-19,Juba,Mundri,passable,0,,Juba – Mundri,40MT,
70,2024-09-19,Kodok,Paloich,impassable,2,,Kodok – Paloich,,
71,2024-09-19,Malakal,Kodok,impassable,2,,Malakal – Kodok,,
72,2024-09-19,Thar Kueng,Kuajok,passable,0,,Thar Kueng - Kuajok,40MT,
73,2024-09-19,Bentiu,Guit,partially passable,1,,Bentiu – Guit,20MT,
74,2024-09-19,Duk Padiet,Ayod,impassable,2,,Duk Padiet – Ayod,,
75,2024-09-19,Guit,Mirmir,partially passable,1,,Guit – Mir mir,20MT,
76,2024-09-19,Raja,Chandoy/Dolo2,passable,0,,Raja – Chandoy/Dolo2,40MT,
77,2024-09-19,Mundri,Maridi,passable,0,,Mundri - Maridi,40MT,
78,2024-09-19,Torit,Kapoeta,partially passable,1,,Torit – Kapoeta,20MT,
79,2024-09-19,Mayendit,Mirmir,impassable,2,Rupkuai,Mayendit – Rupkuai – Mir mir,,
80,2024-09-19,Mirmir,Leer,partially passable,1,,Mirmir – Leer,20MT,
81,2024-09-19,Mankien,Mayom,partially passable,1,,Mankien - Mayom,Specialized Trucks,
82,2024-09-19,Ajak Kuac,Mankien,partially passable,1,,Ajak Kuac – Mankien,Specialized Trucks,
83,2024-09-19,Ayod,Pathai,impassable,2,,Ayod – Pathai,,
84,2024-09-19,Nyandit,Kiech Kon,impassable,2,,Nyandit - Kiech Kon,,
85,2024-09-19,Paloich,Jemaam,passable,0,Adar,Paloich – Adar – Jemaam,40MT,
86,2024-09-19,New Fangak,Kuernyang,impassable,2,,New Fangak – Kuernyang,,
87,2024-09-19,Paguir,Keew,impassable,2,,Paguir – Keew,,
88,2024-09-19,Baliet,Kiech Kon,impassable,2,Akwot,Baliet – Akwot – Kiech kon,,
89,2024-09-19,Wunrok,Gogrial,passable,0,,Wunrok – Gogrial,40MT,
90,2024-09-19,Deim Zubeir,Raja,partially passable,1,,Dim Zubeir – Raja,20MT,
91,2024-09-19,Aweil,Yith Pabol,passable,0,,Aweil – Yith Pabol,40MT,
92,2024-09-19,Kapoeta,Narus,passable,0,,Kapoeta – Narus,40MT,
93,2024-09-19,Melut,Paloich,passable,0,,Melut – Paloich,40MT,
94,2024-09-19,Wunrok,Abyei,partially passable,1,,Wunrok – Abyei,Specialized Trucks,
95,2024-09-19,Gogrial,Kuajok,passable,0,,Gogrial – Kuajok,40MT,
96,2024-09-19,Bentiu,Nhialdiu,impassable,2,,Bentiu – Nhialdiu,,
97,2024-09-19,Aluakluak,Mvolo,partially passable,1,,Aluakluak - Mvolo,20MT,
98,2024-09-19,Kilo 30,Manga Port,passable,0,,Kilo 30 – Manga Port,40MT,
99,2024-09-19,Gossinga,Raja,impassable,2,,Gossinga – Raja,,
100,2024-09-19,Gossinga,Raja,partially passable,1,Kapalala,Gossinga – Kapalala – Raja,20MT,
101,2024-09-19,Nyal,Ganyiel,impassable,2,,Nyal – Ganyiel,,
102,2024-09-19,Manyabol,Gadiang,impassable,2,,Manyabol – Gadiang,,
103,2024-09-19,Manyabol,Gumuruk,impassable,2,,Manyabol – Gumuruk,,
104,2024-09-19,Vertet,Labarab,impassable,2,,Vertet – Labarab,,
105,2024-09-19,Boma,Maruwa,impassable,2,,Boma – Maruwa,,
106,2024-09-19,Boma,Labarab,impassable,2,,Boma - Labarab,,
107,2024-09-19,Pibor,Vertet,impassable,2,,Pibor – Verthet,,
108,2024-09-19,Aduel,Amok Piny,partially passable,1,,Aduel – Amok Piny,Specialized Trucks,
109,2024-09-19,Lankien,Pading,impassable,2,Nyambor,Lankien – Nyambor – Pading,,
110,2024-09-19,Nyambor,Karam,impassable,2,Pading,Nyambor – Pading – Karam,,
111,2024-09-19,Pajut,Payuel,impassable,2,,Pajut – Payuel,,
112,2024-09-19,Aweil,Gogrial,partially passable,1,Akun,Aweil – Akun – Gogrial,20MT,
113,2024-09-19,Kapoeta,Chukudum,passable,0,,Kapoeta – Chukudum,40MT,
114,2024-09-19,Diabio,Ezo,passable,0,,Diabio – Ezo,40MT,
115,2024-09-19,Mvolo,Wulu,passable,0,,Mvolo – Wullu,40MT,
116,2024-09-19,Aluakluak,Mapuordit,partially passable,1,,Aluakluak - Mapuordit,20MT,
117,2024-09-19,Narus,Nadapal,passable,0,,Narus – Nadapal,40MT,
118,2024-09-19,Bentiu,Kilo 30,partially passable,1,,Bentiu – Kilo30,20MT,
119,2024-09-19,Gadiang,Yuai,impassable,2,,Gadiang – Yuai,,
120,2024-09-19,Pathai,Fatuet,impassable,2,,Pathai – Fatuet,,
121,2024-09-19,Walgak,Kaikuny,impassable,2,,Walgak – Kaikuny,,
122,2024-09-19,Yuai,Walgak,impassable,2,Motot; Waat,Yuai – Motot – Waat – Walgak,,
123,2024-09-19,Kuron,Boma,impassable,2,,Kuron – Boma,,
124,2024-09-19,Kapoeta,Kassangor,impassable,2,,Kapoeta – Kassangor,,
125,2024-09-19,Rumbek,Maper (Lakes),impassable,2,,Rumbek – Maper (Lakes),,
126,2024-09-19,Maruwa,Labarab,impassable,2,,Maruwa – Labarab,,
127,2024-09-19,Koch,Mirmir,impassable,2,,Koch – Mirmir,,
128,2024-09-19,Adok,Leer,impassable,2,Piling,Adok – Piling – Leer,,
129,2024-09-19,Lainya,Yei,passable,0,,Lainya – Yei,40MT,
130,2024-09-19,Mathiang,Udier,impassable,2,,Mathiang – Udier,,
131,2024-09-19,Gadiang,Payuel,impassable,2,,Gadiang – Payuel,,
132,2024-09-19,Ayod,Mogok,impassable,2,,Ayod – Mogok,,
133,2024-09-19,Kaikang,Kilo 30,impassable,2,Roriak; Mayom,(Kaikang – Roriak )(Mayom – Kilo 30),,alternative road listed as two separate stretches: Kaikang–Roriak and Mayom–Kilo 30
134,2024-09-19,Pariang,Ajuong Thok,passable,0,,Pariang – Ajuong Thok,40MT,
135,2024-09-19,Lafon,Imehejek,partially passable,1,,Lafon – Imehejek,20MT,
136,2024-09-19,Mabior,Gadiang,impassable,2,,Mabior – Gadiang,,
137,2024-09-19,Poktap,Payuel,impassable,2,,Poktap – Payuel,,
139,2024-09-19,Mabior,Kongor,impassable,2,,Mabior – Kongor,,ID printed as 138 on this map; renumbered 139 to match the 2025-12-24 map
1,2024-09-27,Kilo 30,Pariang,passable,0,,Kilo 30 – Pariang,40MT,
2,2024-09-27,Gemeiza,Bor,impassable,2,,Gemeiza – Bor,,
3,2024-09-27,Yida,Pariang,passable,0,,Yida - Pariang,40MT,
4,2024-09-27,Juba,Nimule,passable,0,,Juba – Nimule,40MT,
5,2024-09-27,Juba,Torit,partially passable,1,,Juba – Torit,20MT,
6,2024-09-27,Juba,Mangalla,passable,0,,Juba – Mangalla,40MT,
7,2024-09-27,Malakal,Baliet,impassable,2,,Malakal – Baliet,,
8,2024-09-27,Paloich,Renk,passable,0,,Paloich – Renk,40MT,
9,2024-09-27,Adar,Maban,partially passable,1,Jemaam,Adar – Jemaam – Maban,15MT,
10,2024-09-27,Abyei,Abiemnhom,impassable,2,,Abyei – Abienhom,,
11,2024-09-27,Aweil,Gossinga,partially passable,1,,Aweil – Gossinga,20MT,
12,2024-09-27,Pathai,Walgak,impassable,2,Motot,Pathai – Motot – Walgak,,
13,2024-09-27,Juba,Lainya,passable,0,,Juba – Lainya,40MT,
14,2024-09-27,Maridi,Yambio,passable,0,,Maridi – Yambio,40MT,
15,2024-09-27,Juba,Kajo Keji,passable,0,,Juba – Kajo Keji,40MT,
16,2024-09-27,Juba,Terakeka,impassable,2,,Juba – Terakeka,,
17,2024-09-27,Narus,Kuron,impassable,2,,Narus – Kuron,,
18,2024-09-27,Mundri,Mvolo,passable,0,,Mundri - Mvolo,40MT,
19,2024-09-27,Mangalla,Gemeiza,passable,0,,Mangalla – Gemeiza,40MT,
20,2024-09-27,Mathiang,Maiwut,impassable,2,,Mathiang – Maiwut,,
21,2024-09-27,Tonj,Langdit,passable,0,,Tonj – Langdit,40MT,
22,2024-09-27,Terakeka,Mundri,passable,0,Tali,Terakeka – Tali – Mundri,40MT,
23,2024-09-27,Terakeka,Mingkaman,partially passable,1,,Terakeka – Mingkaman,20MT,
24,2024-09-27,Torit,Magwi,passable,0,,Torit – Magwi,40MT,
25,2024-09-27,Hiyala,Ikotos,passable,0,,Hiyala – Ikotos,40MT,
26,2024-09-27,Torit,Lafon,partially passable,1,,Torit – Lafon,20MT,
27,2024-09-27,Wau,Thar Kueng,passable,0,,Wau – Thar Kueng,40MT,
28,2024-09-27,Wau,Tonj,passable,0,,Wau – Tonj,40MT,
29,2024-09-27,Wau,Akuem,passable,0,Aweil,Wau – Aweil – Akuem,40MT,
30,2024-09-27,Likuangole,Akobo,impassable,2,,Likuangole – Akobo,,
31,2024-09-27,Amok Piny,Madol,impassable,2,,Amok Piny – Madol,,
32,2024-09-27,Akwot,Nasser,impassable,2,,Akwot – Nasser,,
33,2024-09-27,Guit,Koch,impassable,2,,Guit – Koch,,
34,2024-09-27,Abiemnhom,Mayom,partially passable,1,,Abiemnhom – Mayom,Specialized Trucks,
35,2024-09-27,Kilo 30,Kaikang,impassable,2,Tumor; Mayom,Kilo30 –Tumor – Mayom – Kaikang,,
36,2024-09-27,Boma,Pochala,impassable,2,,Boma – Pochala,,
37,2024-09-27,Bor,Gadiang,impassable,2,,Bor – Gadiang,,
38,2024-09-27,Bor,Baidit,partially passable,1,,Bor – Baidit,20MT,
39,2024-09-27,Pengko,Manyabol,impassable,2,,Pengko – Manyabol,,
40,2024-09-27,Baidit,Duk Padiet,impassable,2,Mabior,Baidit – Mabior – Duk Padiet,,
41,2024-09-27,Gadiang,Akobo,impassable,2,,Gadiang – Akobo,,
42,2024-09-27,Juba,Lafon,impassable,2,,Juba – Lafon,,
43,2024-09-27,Adar,Mathiang,impassable,2,,Adar – Mathiang,,
44,2024-09-27,Maper (Lakes),Dablual,impassable,2,,Maper (Lakes) – Dablual,,
45,2024-09-27,Akobo,Kaikuny,partially passable,1,,Akobo – Kainuny,20MT,
46,2024-09-27,Motot,Lankien,impassable,2,,Motot – Lankein,,
47,2024-09-27,Wau,Deim Zubeir,partially passable,1,,Wau – Deim Zubeir,20MT,
48,2024-09-27,Wau,Tambura,partially passable,1,,Wau – Tambura,20MT,
49,2024-09-27,Yirol,Shambe,partially passable,1,,Yirol – Shambe,20MT,
50,2024-09-27,Aluakluak,Yirol,partially passable,1,,Aluakluak - Yirol,20MT,
51,2024-09-27,Rumbek,Langdit,passable,0,,Rumbek - Langdit,40MT,
52,2024-09-27,Aluakluak,Rumbek,partially passable,1,,Aluakluak – Rumbek,20MT,
53,2024-09-27,Wunrok,Abiemnhom,partially passable,1,Turalei,Wunrok – Turalei – Abiemnhom,20MT,
54,2024-09-27,Kilo 30,Panakuach,passable,0,Roriak,Kilo 30 – Roriak – Panakuach,40MT,
55,2024-09-27,Ding Ding,Koch,impassable,2,,Ding ding - Koch,,
56,2024-09-27,Bentiu,Dhorbor,impassable,2,,Bentiu – Dhorbor,,
57,2024-09-27,Dhorbor,Guit,impassable,2,,Dhorbor – Guit,,
58,2024-09-27,Guit,Ding Ding,impassable,2,,Guit – Ding Ding,,
59,2024-09-27,Gumuruk,Pibor,impassable,2,,Gumuruk – Pibor,,
60,2024-09-27,Bor,Pengko,impassable,2,,Bor – Pengko,,
61,2024-09-27,Duk Padiet,Pajut,impassable,2,,Duk Padiat – Pajut,,
62,2024-09-27,Yuai,Karam,impassable,2,Pathai,Yaui – Pathai – Karam,,
63,2024-09-27,Yuai,Motot,impassable,2,Pieri,Yaui – Pieri – Motot,,
64,2024-09-27,Yuai,Pajut,impassable,2,,Yaui – Pajut,,
65,2024-09-27,Wulu,Rumbek,passable,0,,Wulu – Rumbek,40MT,
66,2024-09-27,Pibor,Likuangole,impassable,2,,Pibor – Likuangole,,
67,2024-09-27,Mingkaman,Yirol,partially passable,1,,Mingkaman – Yirol,20MT,
68,2024-09-27,Yambio,Tambura,passable,0,,Yambio – Tambura,40MT,
69,2024-09-27,Juba,Mundri,passable,0,,Juba – Mundri,40MT,
70,2024-09-27,Kodok,Paloich,impassable,2,,Kodok – Paloich,,
71,2024-09-27,Malakal,Kodok,impassable,2,,Malakal – Kodok,,
72,2024-09-27,Thar Kueng,Kuajok,passable,0,,Thar Kueng - Kuajok,40MT,
73,2024-09-27,Bentiu,Guit,partially passable,1,,Bentiu – Guit,20MT,
74,2024-09-27,Duk Padiet,Ayod,impassable,2,,Duk Padiet – Ayod,,
75,2024-09-27,Guit,Mirmir,partially passable,1,,Guit – Mir mir,20MT,
76,2024-09-27,Raja,Chandoy/Dolo2,passable,0,,Raja – Chandoy/Dolo2,40MT,
77,2024-09-27,Mundri,Maridi,passable,0,,Mundri - Maridi,40MT,
78,2024-09-27,Torit,Kapoeta,partially passable,1,,Torit – Kapoeta,20MT,
79,2024-09-27,Mayendit,Mirmir,impassable,2,Rupkuai,Mayendit – Rupkuai – Mir mir,,
80,2024-09-27,Mirmir,Leer,partially passable,1,,Mirmir – Leer,20MT,
81,2024-09-27,Mankien,Mayom,partially passable,1,,Mankien - Mayom,Specialized Trucks,
82,2024-09-27,Ajak Kuac,Mankien,partially passable,1,,Ajak Kuac – Mankien,Specialized Trucks,
83,2024-09-27,Ayod,Pathai,impassable,2,,Ayod – Pathai,,
84,2024-09-27,Nyandit,Kiech Kon,impassable,2,,Nyandit - Kiech Kon,,
85,2024-09-27,Paloich,Jemaam,passable,0,Adar,Paloich – Adar – Jemaam,40MT,
86,2024-09-27,New Fangak,Kuernyang,impassable,2,,New Fangak – Kuernyang,,
87,2024-09-27,Paguir,Keew,impassable,2,,Paguir – Keew,,
88,2024-09-27,Baliet,Kiech Kon,impassable,2,Akwot,Baliet – Akwot – Kiech kon,,
89,2024-09-27,Wunrok,Gogrial,passable,0,,Wunrok – Gogrial,40MT,
90,2024-09-27,Deim Zubeir,Raja,partially passable,1,,Dim Zubeir – Raja,20MT,
91,2024-09-27,Aweil,Yith Pabol,passable,0,,Aweil – Yith Pabol,40MT,
92,2024-09-27,Kapoeta,Narus,passable,0,,Kapoeta – Narus,40MT,
93,2024-09-27,Melut,Paloich,passable,0,,Melut – Paloich,40MT,
94,2024-09-27,Wunrok,Abyei,partially passable,1,,Wunrok – Abyei,Specialized Trucks,
95,2024-09-27,Gogrial,Kuajok,passable,0,,Gogrial – Kuajok,40MT,
96,2024-09-27,Bentiu,Nhialdiu,impassable,2,,Bentiu – Nhialdiu,,
97,2024-09-27,Aluakluak,Mvolo,partially passable,1,,Aluakluak - Mvolo,20MT,
98,2024-09-27,Kilo 30,Manga Port,passable,0,,Kilo 30 – Manga Port,40MT,
99,2024-09-27,Gossinga,Raja,impassable,2,,Gossinga – Raja,,
100,2024-09-27,Gossinga,Raja,partially passable,1,Kapalala,Gossinga – Kapalala – Raja,20MT,
101,2024-09-27,Nyal,Ganyiel,impassable,2,,Nyal – Ganyiel,,
102,2024-09-27,Manyabol,Gadiang,impassable,2,,Manyabol – Gadiang,,
103,2024-09-27,Manyabol,Gumuruk,impassable,2,,Manyabol – Gumuruk,,
104,2024-09-27,Vertet,Labarab,impassable,2,,Vertet – Labarab,,
105,2024-09-27,Boma,Maruwa,impassable,2,,Boma – Maruwa,,
106,2024-09-27,Boma,Labarab,impassable,2,,Boma - Labarab,,
107,2024-09-27,Pibor,Vertet,impassable,2,,Pibor – Verthet,,
108,2024-09-27,Aduel,Amok Piny,partially passable,1,,Aduel – Amok Piny,Specialized Trucks,
109,2024-09-27,Lankien,Pading,impassable,2,Nyambor,Lankien – Nyambor – Pading,,
110,2024-09-27,Nyambor,Karam,impassable,2,Pading,Nyambor – Pading – Karam,,
111,2024-09-27,Pajut,Payuel,impassable,2,,Pajut – Payuel,,
112,2024-09-27,Aweil,Gogrial,partially passable,1,Akun,Aweil – Akun – Gogrial,20MT,
113,2024-09-27,Kapoeta,Chukudum,passable,0,,Kapoeta – Chukudum,40MT,
114,2024-09-27,Diabio,Ezo,passable,0,,Diabio – Ezo,40MT,
115,2024-09-27,Mvolo,Wulu,passable,0,,Mvolo – Wullu,40MT,
116,2024-09-27,Aluakluak,Mapuordit,partially passable,1,,Aluakluak - Mapuordit,20MT,
117,2024-09-27,Narus,Nadapal,passable,0,,Narus – Nadapal,40MT,
118,2024-09-27,Bentiu,Kilo 30,partially passable,1,,Bentiu – Kilo30,20MT,
119,2024-09-27,Gadiang,Yuai,impassable,2,,Gadiang – Yuai,,
120,2024-09-27,Pathai,Fatuet,impassable,2,,Pathai – Fatuet,,
121,2024-09-27,Walgak,Kaikuny,impassable,2,,Walgak – Kaikuny,,
122,2024-09-27,Yuai,Walgak,impassable,2,Motot; Waat,Yuai – Motot – Waat – Walgak,,
123,2024-09-27,Kuron,Boma,impassable,2,,Kuron – Boma,,
124,2024-09-27,Kapoeta,Kassangor,impassable,2,,Kapoeta – Kassangor,,
125,2024-09-27,Rumbek,Maper (Lakes),impassable,2,,Rumbek – Maper (Lakes),,
126,2024-09-27,Maruwa,Labarab,impassable,2,,Maruwa – Labarab,,
127,2024-09-27,Koch,Mirmir,impassable,2,,Koch – Mirmir,,
128,2024-09-27,Adok,Leer,impassable,2,Piling,Adok – Piling – Leer,,
129,2024-09-27,Lainya,Yei,passable,0,,Lainya – Yei,40MT,
130,2024-09-27,Mathiang,Udier,impassable,2,,Mathiang – Udier,,
131,2024-09-27,Gadiang,Payuel,impassable,2,,Gadiang – Payuel,,
132,2024-09-27,Ayod,Mogok,impassable,2,,Ayod – Mogok,,
133,2024-09-27,Kaikang,Kilo 30,impassable,2,Roriak; Mayom,(Kaikang – Roriak )(Mayom – Kilo 30),,alternative road listed as two separate stretches: Kaikang–Roriak and Mayom–Kilo 30
134,2024-09-27,Pariang,Ajuong Thok,passable,0,,Pariang – Ajuong Thok,40MT,
135,2024-09-27,Lafon,Imehejek,partially passable,1,,Lafon – Imehejek,20MT,
136,2024-09-27,Mabior,Gadiang,impassable,2,,Mabior – Gadiang,,
137,2024-09-27,Poktap,Payuel,impassable,2,,Poktap – Payuel,,
139,2024-09-27,Mabior,Kongor,impassable,2,,Mabior – Kongor,,ID printed as 138 on this map; renumbered 139 to match the 2025-12-24 map
1,2024-10-04,Kilo 30,Pariang,passable,0,,Kilo 30 – Pariang,40MT,
2,2024-10-04,Gemeiza,Bor,impassable,2,,Gemeiza – Bor,,
3,2024-10-04,Yida,Pariang,passable,0,,Yida - Pariang,40MT,
4,2024-10-04,Juba,Nimule,passable,0,,Juba – Nimule,40MT,
5,2024-10-04,Juba,Torit,partially passable,1,,Juba – Torit,20MT,
6,2024-10-04,Juba,Mangalla,passable,0,,Juba – Mangalla,40MT,
7,2024-10-04,Malakal,Baliet,impassable,2,,Malakal – Baliet,,
8,2024-10-04,Paloich,Renk,passable,0,,Paloich – Renk,40MT,
9,2024-10-04,Adar,Maban,partially passable,1,Jemaam,Adar – Jemaam – Maban,15MT,
10,2024-10-04,Abyei,Abiemnhom,impassable,2,,Abyei – Abienhom,,
11,2024-10-04,Aweil,Gossinga,partially passable,1,,Aweil – Gossinga,20MT,
12,2024-10-04,Pathai,Walgak,impassable,2,Motot,Pathai – Motot – Walgak,,
13,2024-10-04,Juba,Lainya,passable,0,,Juba – Lainya,40MT,
14,2024-10-04,Maridi,Yambio,passable,0,,Maridi – Yambio,40MT,
15,2024-10-04,Juba,Kajo Keji,passable,0,,Juba – Kajo Keji,40MT,
16,2024-10-04,Juba,Terakeka,impassable,2,,Juba – Terakeka,,
17,2024-10-04,Narus,Kuron,impassable,2,,Narus – Kuron,,
18,2024-10-04,Mundri,Mvolo,passable,0,,Mundri - Mvolo,40MT,
19,2024-10-04,Mangalla,Gemeiza,passable,0,,Mangalla – Gemeiza,40MT,
20,2024-10-04,Mathiang,Maiwut,impassable,2,,Mathiang – Maiwut,,
21,2024-10-04,Tonj,Langdit,passable,0,,Tonj – Langdit,40MT,
22,2024-10-04,Terakeka,Mundri,passable,0,Tali,Terakeka – Tali – Mundri,40MT,
23,2024-10-04,Terakeka,Mingkaman,partially passable,1,,Terakeka – Mingkaman,20MT,
24,2024-10-04,Torit,Magwi,passable,0,,Torit – Magwi,40MT,
25,2024-10-04,Hiyala,Ikotos,passable,0,,Hiyala – Ikotos,40MT,
26,2024-10-04,Torit,Lafon,partially passable,1,,Torit – Lafon,20MT,
27,2024-10-04,Wau,Thar Kueng,passable,0,,Wau – Thar Kueng,40MT,
28,2024-10-04,Wau,Tonj,passable,0,,Wau – Tonj,40MT,
29,2024-10-04,Wau,Akuem,passable,0,Aweil,Wau – Aweil – Akuem,40MT,
30,2024-10-04,Likuangole,Akobo,impassable,2,,Likuangole – Akobo,,
31,2024-10-04,Amok Piny,Madol,impassable,2,,Amok Piny – Madol,,
32,2024-10-04,Akwot,Nasser,impassable,2,,Akwot – Nasser,,
33,2024-10-04,Guit,Koch,impassable,2,,Guit – Koch,,
34,2024-10-04,Abiemnhom,Mayom,partially passable,1,,Abiemnhom – Mayom,Specialized Trucks,
35,2024-10-04,Kilo 30,Kaikang,impassable,2,Tumor; Mayom,Kilo30 –Tumor – Mayom – Kaikang,,
36,2024-10-04,Boma,Pochala,impassable,2,,Boma – Pochala,,
37,2024-10-04,Bor,Gadiang,impassable,2,,Bor – Gadiang,,
38,2024-10-04,Bor,Baidit,partially passable,1,,Bor – Baidit,20MT,
39,2024-10-04,Pengko,Manyabol,impassable,2,,Pengko – Manyabol,,
40,2024-10-04,Baidit,Duk Padiet,impassable,2,Mabior,Baidit – Mabior – Duk Padiet,,
41,2024-10-04,Gadiang,Akobo,impassable,2,,Gadiang – Akobo,,
42,2024-10-04,Juba,Lafon,impassable,2,,Juba – Lafon,,
43,2024-10-04,Adar,Mathiang,impassable,2,,Adar – Mathiang,,
44,2024-10-04,Maper (Lakes),Dablual,impassable,2,,Maper (Lakes) – Dablual,,
45,2024-10-04,Akobo,Kaikuny,partially passable,1,,Akobo – Kainuny,20MT,
46,2024-10-04,Motot,Lankien,impassable,2,,Motot – Lankein,,
47,2024-10-04,Wau,Deim Zubeir,partially passable,1,,Wau – Deim Zubeir,20MT,
48,2024-10-04,Wau,Tambura,partially passable,1,,Wau – Tambura,20MT,
49,2024-10-04,Yirol,Shambe,partially passable,1,,Yirol – Shambe,20MT,
50,2024-10-04,Aluakluak,Yirol,partially passable,1,,Aluakluak - Yirol,20MT,
51,2024-10-04,Rumbek,Langdit,passable,0,,Rumbek - Langdit,40MT,
52,2024-10-04,Aluakluak,Rumbek,partially passable,1,,Aluakluak – Rumbek,20MT,
53,2024-10-04,Wunrok,Abiemnhom,partially passable,1,Turalei,Wunrok – Turalei – Abiemnhom,20MT,
54,2024-10-04,Kilo 30,Panakuach,passable,0,Roriak,Kilo 30 – Roriak – Panakuach,40MT,
55,2024-10-04,Ding Ding,Koch,impassable,2,,Ding ding - Koch,,
56,2024-10-04,Bentiu,Dhorbor,impassable,2,,Bentiu – Dhorbor,,
57,2024-10-04,Dhorbor,Guit,impassable,2,,Dhorbor – Guit,,
58,2024-10-04,Guit,Ding Ding,impassable,2,,Guit – Ding Ding,,
59,2024-10-04,Gumuruk,Pibor,impassable,2,,Gumuruk – Pibor,,
60,2024-10-04,Bor,Pengko,impassable,2,,Bor – Pengko,,
61,2024-10-04,Duk Padiet,Pajut,impassable,2,,Duk Padiat – Pajut,,
62,2024-10-04,Yuai,Karam,impassable,2,Pathai,Yaui – Pathai – Karam,,
63,2024-10-04,Yuai,Motot,impassable,2,Pieri,Yaui – Pieri – Motot,,
64,2024-10-04,Yuai,Pajut,impassable,2,,Yaui – Pajut,,
65,2024-10-04,Wulu,Rumbek,passable,0,,Wulu – Rumbek,40MT,
66,2024-10-04,Pibor,Likuangole,impassable,2,,Pibor – Likuangole,,
67,2024-10-04,Mingkaman,Yirol,partially passable,1,,Mingkaman – Yirol,20MT,
68,2024-10-04,Yambio,Tambura,passable,0,,Yambio – Tambura,40MT,
69,2024-10-04,Juba,Mundri,passable,0,,Juba – Mundri,40MT,
70,2024-10-04,Kodok,Paloich,impassable,2,,Kodok – Paloich,,
71,2024-10-04,Malakal,Kodok,impassable,2,,Malakal – Kodok,,
72,2024-10-04,Thar Kueng,Kuajok,passable,0,,Thar Kueng - Kuajok,40MT,
73,2024-10-04,Bentiu,Guit,partially passable,1,,Bentiu – Guit,20MT,
74,2024-10-04,Duk Padiet,Ayod,impassable,2,,Duk Padiet – Ayod,,
75,2024-10-04,Guit,Mirmir,partially passable,1,,Guit – Mir mir,20MT,
76,2024-10-04,Raja,Chandoy/Dolo2,passable,0,,Raja – Chandoy/Dolo2,40MT,
77,2024-10-04,Mundri,Maridi,passable,0,,Mundri - Maridi,40MT,
78,2024-10-04,Torit,Kapoeta,partially passable,1,,Torit – Kapoeta,20MT,
79,2024-10-04,Mayendit,Mirmir,impassable,2,Rupkuai,Mayendit – Rupkuai – Mir mir,,
80,2024-10-04,Mirmir,Leer,partially passable,1,,Mirmir – Leer,20MT,
81,2024-10-04,Mankien,Mayom,partially passable,1,,Mankien - Mayom,Specialized Trucks,
82,2024-10-04,Ajak Kuac,Mankien,partially passable,1,,Ajak Kuac – Mankien,Specialized Trucks,
83,2024-10-04,Ayod,Pathai,impassable,2,,Ayod – Pathai,,
84,2024-10-04,Nyandit,Kiech Kon,impassable,2,,Nyandit - Kiech Kon,,
85,2024-10-04,Paloich,Jemaam,passable,0,Adar,Paloich – Adar – Jemaam,40MT,
86,2024-10-04,New Fangak,Kuernyang,impassable,2,,New Fangak – Kuernyang,,
87,2024-10-04,Paguir,Keew,impassable,2,,Paguir – Keew,,
88,2024-10-04,Baliet,Kiech Kon,impassable,2,Akwot,Baliet – Akwot – Kiech kon,,
89,2024-10-04,Wunrok,Gogrial,passable,0,,Wunrok – Gogrial,40MT,
90,2024-10-04,Deim Zubeir,Raja,partially passable,1,,Dim Zubeir – Raja,20MT,
91,2024-10-04,Aweil,Yith Pabol,passable,0,,Aweil – Yith Pabol,40MT,
92,2024-10-04,Kapoeta,Narus,passable,0,,Kapoeta – Narus,40MT,
93,2024-10-04,Melut,Paloich,passable,0,,Melut – Paloich,40MT,
94,2024-10-04,Wunrok,Abyei,partially passable,1,,Wunrok – Abyei,Specialized Trucks,
95,2024-10-04,Gogrial,Kuajok,passable,0,,Gogrial – Kuajok,40MT,
96,2024-10-04,Bentiu,Nhialdiu,impassable,2,,Bentiu – Nhialdiu,,
97,2024-10-04,Aluakluak,Mvolo,partially passable,1,,Aluakluak - Mvolo,20MT,
98,2024-10-04,Kilo 30,Manga Port,passable,0,,Kilo 30 – Manga Port,40MT,
99,2024-10-04,Gossinga,Raja,impassable,2,,Gossinga – Raja,,
100,2024-10-04,Gossinga,Raja,partially passable,1,Kapalala,Gossinga – Kapalala – Raja,20MT,
101,2024-10-04,Nyal,Ganyiel,impassable,2,,Nyal – Ganyiel,,
102,2024-10-04,Manyabol,Gadiang,impassable,2,,Manyabol – Gadiang,,
103,2024-10-04,Manyabol,Gumuruk,impassable,2,,Manyabol – Gumuruk,,
104,2024-10-04,Vertet,Labarab,impassable,2,,Vertet – Labarab,,
105,2024-10-04,Boma,Maruwa,impassable,2,,Boma – Maruwa,,
106,2024-10-04,Boma,Labarab,impassable,2,,Boma - Labarab,,
107,2024-10-04,Pibor,Vertet,impassable,2,,Pibor – Verthet,,
108,2024-10-04,Aduel,Amok Piny,partially passable,1,,Aduel – Amok Piny,Specialized Trucks,
109,2024-10-04,Lankien,Pading,impassable,2,Nyambor,Lankien – Nyambor – Pading,,
110,2024-10-04,Nyambor,Karam,impassable,2,Pading,Nyambor – Pading – Karam,,
111,2024-10-04,Pajut,Payuel,impassable,2,,Pajut – Payuel,,
112,2024-10-04,Aweil,Gogrial,partially passable,1,Akun,Aweil – Akun – Gogrial,20MT,
113,2024-10-04,Kapoeta,Chukudum,passable,0,,Kapoeta – Chukudum,40MT,
114,2024-10-04,Diabio,Ezo,passable,0,,Diabio – Ezo,40MT,
115,2024-10-04,Mvolo,Wulu,passable,0,,Mvolo – Wullu,40MT,
116,2024-10-04,Aluakluak,Mapuordit,partially passable,1,,Aluakluak - Mapuordit,20MT,
117,2024-10-04,Narus,Nadapal,passable,0,,Narus – Nadapal,40MT,
118,2024-10-04,Bentiu,Kilo 30,partially passable,1,,Bentiu – Kilo30,20MT,
119,2024-10-04,Gadiang,Yuai,impassable,2,,Gadiang – Yuai,,
120,2024-10-04,Pathai,Fatuet,impassable,2,,Pathai – Fatuet,,
121,2024-10-04,Walgak,Kaikuny,impassable,2,,Walgak – Kaikuny,,
122,2024-10-04,Yuai,Walgak,impassable,2,Motot; Waat,Yuai – Motot – Waat – Walgak,,
123,2024-10-04,Kuron,Boma,impassable,2,,Kuron – Boma,,
124,2024-10-04,Kapoeta,Kassangor,impassable,2,,Kapoeta – Kassangor,,
125,2024-10-04,Rumbek,Maper (Lakes),impassable,2,,Rumbek – Maper (Lakes),,
126,2024-10-04,Maruwa,Labarab,impassable,2,,Maruwa – Labarab,,
127,2024-10-04,Koch,Mirmir,impassable,2,,Koch – Mirmir,,
128,2024-10-04,Adok,Leer,impassable,2,Piling,Adok – Piling – Leer,,
129,2024-10-04,Lainya,Yei,passable,0,,Lainya – Yei,40MT,
130,2024-10-04,Mathiang,Udier,impassable,2,,Mathiang – Udier,,
131,2024-10-04,Gadiang,Payuel,impassable,2,,Gadiang – Payuel,,
132,2024-10-04,Ayod,Mogok,impassable,2,,Ayod – Mogok,,
133,2024-10-04,Kaikang,Kilo 30,impassable,2,Roriak; Mayom,(Kaikang – Roriak )(Mayom – Kilo 30),,alternative road listed as two separate stretches: Kaikang–Roriak and Mayom–Kilo 30
134,2024-10-04,Pariang,Ajuong Thok,passable,0,,Pariang – Ajuong Thok,40MT,
135,2024-10-04,Lafon,Imehejek,partially passable,1,,Lafon – Imehejek,20MT,
136,2024-10-04,Mabior,Gadiang,impassable,2,,Mabior – Gadiang,,
137,2024-10-04,Poktap,Payuel,impassable,2,,Poktap – Payuel,,
139,2024-10-04,Mabior,Kongor,impassable,2,,Mabior – Kongor,,ID printed as 138 on this map; renumbered 139 to match the 2025-12-24 map
1,2024-10-11,Kilo 30,Pariang,passable,0,,Kilo 30 – Pariang,40MT,
2,2024-10-11,Gemeiza,Bor,impassable,2,,Gemeiza – Bor,,
3,2024-10-11,Yida,Pariang,passable,0,,Yida - Pariang,40MT,
4,2024-10-11,Juba,Nimule,passable,0,,Juba – Nimule,40MT,
5,2024-10-11,Juba,Torit,partially passable,1,,Juba – Torit,20MT,
6,2024-10-11,Juba,Mangalla,passable,0,,Juba – Mangalla,40MT,
7,2024-10-11,Malakal,Baliet,impassable,2,,Malakal – Baliet,,
8,2024-10-11,Paloich,Renk,passable,0,,Paloich – Renk,40MT,
9,2024-10-11,Adar,Maban,partially passable,1,Jemaam,Adar – Jemaam – Maban,15MT,
10,2024-10-11,Abyei,Abiemnhom,impassable,2,,Abyei – Abienhom,,
11,2024-10-11,Aweil,Gossinga,partially passable,1,,Aweil – Gossinga,20MT,
12,2024-10-11,Pathai,Walgak,impassable,2,Motot,Pathai – Motot – Walgak,,
13,2024-10-11,Juba,Lainya,passable,0,,Juba – Lainya,40MT,
14,2024-10-11,Maridi,Yambio,passable,0,,Maridi – Yambio,40MT,
15,2024-10-11,Juba,Kajo Keji,passable,0,,Juba – Kajo Keji,40MT,
16,2024-10-11,Juba,Terakeka,impassable,2,,Juba – Terakeka,,
17,2024-10-11,Narus,Kuron,impassable,2,,Narus – Kuron,,
18,2024-10-11,Mundri,Mvolo,passable,0,,Mundri - Mvolo,40MT,
19,2024-10-11,Mangalla,Gemeiza,passable,0,,Mangalla – Gemeiza,40MT,
20,2024-10-11,Mathiang,Maiwut,impassable,2,,Mathiang – Maiwut,,
21,2024-10-11,Tonj,Langdit,passable,0,,Tonj – Langdit,40MT,
22,2024-10-11,Terakeka,Mundri,passable,0,Tali,Terakeka – Tali – Mundri,40MT,
23,2024-10-11,Terakeka,Mingkaman,partially passable,1,,Terakeka – Mingkaman,20MT,
24,2024-10-11,Torit,Magwi,passable,0,,Torit – Magwi,40MT,
25,2024-10-11,Hiyala,Ikotos,passable,0,,Hiyala – Ikotos,40MT,
26,2024-10-11,Torit,Lafon,partially passable,1,,Torit – Lafon,20MT,
27,2024-10-11,Wau,Thar Kueng,passable,0,,Wau – Thar Kueng,40MT,
28,2024-10-11,Wau,Tonj,passable,0,,Wau – Tonj,40MT,
29,2024-10-11,Wau,Akuem,passable,0,Aweil,Wau – Aweil – Akuem,40MT,
30,2024-10-11,Likuangole,Akobo,impassable,2,,Likuangole – Akobo,,
31,2024-10-11,Amok Piny,Madol,impassable,2,,Amok Piny – Madol,,
32,2024-10-11,Akwot,Nasser,impassable,2,,Akwot – Nasser,,
33,2024-10-11,Guit,Koch,impassable,2,,Guit – Koch,,
34,2024-10-11,Abiemnhom,Mayom,partially passable,1,,Abiemnhom – Mayom,Specialized Trucks,
35,2024-10-11,Kilo 30,Kaikang,impassable,2,Tumor; Mayom,Kilo30 –Tumor – Mayom – Kaikang,,
36,2024-10-11,Boma,Pochala,impassable,2,,Boma – Pochala,,
37,2024-10-11,Bor,Gadiang,impassable,2,,Bor – Gadiang,,
38,2024-10-11,Bor,Baidit,partially passable,1,,Bor – Baidit,20MT,
39,2024-10-11,Pengko,Manyabol,impassable,2,,Pengko – Manyabol,,
40,2024-10-11,Baidit,Duk Padiet,impassable,2,Mabior,Baidit – Mabior – Duk Padiet,,
41,2024-10-11,Gadiang,Akobo,impassable,2,,Gadiang – Akobo,,
42,2024-10-11,Juba,Lafon,impassable,2,,Juba – Lafon,,
43,2024-10-11,Adar,Mathiang,impassable,2,,Adar – Mathiang,,
44,2024-10-11,Maper (Lakes),Dablual,impassable,2,,Maper (Lakes) – Dablual,,
45,2024-10-11,Akobo,Kaikuny,partially passable,1,,Akobo – Kainuny,20MT,
46,2024-10-11,Motot,Lankien,impassable,2,,Motot – Lankein,,
47,2024-10-11,Wau,Deim Zubeir,partially passable,1,,Wau – Deim Zubeir,20MT,
48,2024-10-11,Wau,Tambura,partially passable,1,,Wau – Tambura,20MT,
49,2024-10-11,Yirol,Shambe,partially passable,1,,Yirol – Shambe,20MT,
50,2024-10-11,Aluakluak,Yirol,partially passable,1,,Aluakluak - Yirol,20MT,
51,2024-10-11,Rumbek,Langdit,passable,0,,Rumbek - Langdit,40MT,
52,2024-10-11,Aluakluak,Rumbek,partially passable,1,,Aluakluak – Rumbek,20MT,
53,2024-10-11,Wunrok,Abiemnhom,partially passable,1,Turalei,Wunrok – Turalei – Abiemnhom,20MT,
54,2024-10-11,Kilo 30,Panakuach,passable,0,Roriak,Kilo 30 – Roriak – Panakuach,40MT,
55,2024-10-11,Ding Ding,Koch,impassable,2,,Ding ding - Koch,,
56,2024-10-11,Bentiu,Dhorbor,impassable,2,,Bentiu – Dhorbor,,
57,2024-10-11,Dhorbor,Guit,impassable,2,,Dhorbor – Guit,,
58,2024-10-11,Guit,Ding Ding,impassable,2,,Guit – Ding Ding,,
59,2024-10-11,Gumuruk,Pibor,impassable,2,,Gumuruk – Pibor,,
60,2024-10-11,Bor,Pengko,impassable,2,,Bor – Pengko,,
61,2024-10-11,Duk Padiet,Pajut,impassable,2,,Duk Padiat – Pajut,,
62,2024-10-11,Yuai,Karam,impassable,2,Pathai,Yaui – Pathai – Karam,,
63,2024-10-11,Yuai,Motot,impassable,2,Pieri,Yaui – Pieri – Motot,,
64,2024-10-11,Yuai,Pajut,impassable,2,,Yaui – Pajut,,
65,2024-10-11,Wulu,Rumbek,passable,0,,Wulu – Rumbek,40MT,
66,2024-10-11,Pibor,Likuangole,impassable,2,,Pibor – Likuangole,,
67,2024-10-11,Mingkaman,Yirol,partially passable,1,,Mingkaman – Yirol,20MT,
68,2024-10-11,Yambio,Tambura,passable,0,,Yambio – Tambura,40MT,
69,2024-10-11,Juba,Mundri,passable,0,,Juba – Mundri,40MT,
70,2024-10-11,Kodok,Paloich,impassable,2,,Kodok – Paloich,,
71,2024-10-11,Malakal,Kodok,impassable,2,,Malakal – Kodok,,
72,2024-10-11,Thar Kueng,Kuajok,passable,0,,Thar Kueng - Kuajok,40MT,
73,2024-10-11,Bentiu,Guit,partially passable,1,,Bentiu – Guit,20MT,
74,2024-10-11,Duk Padiet,Ayod,impassable,2,,Duk Padiet – Ayod,,
75,2024-10-11,Guit,Mirmir,partially passable,1,,Guit – Mir mir,20MT,
76,2024-10-11,Raja,Chandoy/Dolo2,passable,0,,Raja – Chandoy/Dolo2,40MT,
77,2024-10-11,Mundri,Maridi,passable,0,,Mundri - Maridi,40MT,
78,2024-10-11,Torit,Kapoeta,partially passable,1,,Torit – Kapoeta,20MT,
79,2024-10-11,Mayendit,Mirmir,impassable,2,Rupkuai,Mayendit – Rupkuai – Mir mir,,
80,2024-10-11,Mirmir,Leer,partially passable,1,,Mirmir – Leer,20MT,
81,2024-10-11,Mankien,Mayom,partially passable,1,,Mankien - Mayom,Specialized Trucks,
82,2024-10-11,Ajak Kuac,Mankien,partially passable,1,,Ajak Kuac – Mankien,Specialized Trucks,
83,2024-10-11,Ayod,Pathai,impassable,2,,Ayod – Pathai,,
84,2024-10-11,Nyandit,Kiech Kon,impassable,2,,Nyandit - Kiech Kon,,
85,2024-10-11,Paloich,Jemaam,passable,0,Adar,Paloich – Adar – Jemaam,40MT,
86,2024-10-11,New Fangak,Kuernyang,impassable,2,,New Fangak – Kuernyang,,
87,2024-10-11,Paguir,Keew,impassable,2,,Paguir – Keew,,
88,2024-10-11,Baliet,Kiech Kon,impassable,2,Akwot,Baliet – Akwot – Kiech kon,,
89,2024-10-11,Wunrok,Gogrial,passable,0,,Wunrok – Gogrial,40MT,
90,2024-10-11,Deim Zubeir,Raja,partially passable,1,,Dim Zubeir – Raja,20MT,
91,2024-10-11,Aweil,Yith Pabol,passable,0,,Aweil – Yith Pabol,40MT,
92,2024-10-11,Kapoeta,Narus,passable,0,,Kapoeta – Narus,40MT,
93,2024-10-11,Melut,Paloich,passable,0,,Melut – Paloich,40MT,
94,2024-10-11,Wunrok,Abyei,partially passable,1,,Wunrok – Abyei,Specialized Trucks,
95,2024-10-11,Gogrial,Kuajok,passable,0,,Gogrial – Kuajok,40MT,
96,2024-10-11,Bentiu,Nhialdiu,impassable,2,,Bentiu – Nhialdiu,,
97,2024-10-11,Aluakluak,Mvolo,partially passable,1,,Aluakluak - Mvolo,20MT,
98,2024-10-11,Kilo 30,Manga Port,passable,0,,Kilo 30 – Manga Port,40MT,
99,2024-10-11,Gossinga,Raja,impassable,2,,Gossinga – Raja,,
100,2024-10-11,Gossinga,Raja,partially passable,1,Kapalala,Gossinga – Kapalala – Raja,20MT,
101,2024-10-11,Nyal,Ganyiel,impassable,2,,Nyal – Ganyiel,,
102,2024-10-11,Manyabol,Gadiang,impassable,2,,Manyabol – Gadiang,,
103,2024-10-11,Manyabol,Gumuruk,impassable,2,,Manyabol – Gumuruk,,
104,2024-10-11,Vertet,Labarab,impassable,2,,Vertet – Labarab,,
105,2024-10-11,Boma,Maruwa,impassable,2,,Boma – Maruwa,,
106,2024-10-11,Boma,Labarab,impassable,2,,Boma - Labarab,,
107,2024-10-11,Pibor,Vertet,impassable,2,,Pibor – Verthet,,
108,2024-10-11,Aduel,Amok Piny,partially passable,1,,Aduel – Amok Piny,Specialized Trucks,
109,2024-10-11,Lankien,Pading,impassable,2,Nyambor,Lankien – Nyambor – Pading,,
110,2024-10-11,Nyambor,Karam,impassable,2,Pading,Nyambor – Pading – Karam,,
111,2024-10-11,Pajut,Payuel,impassable,2,,Pajut – Payuel,,
112,2024-10-11,Aweil,Gogrial,partially passable,1,Akun,Aweil – Akun – Gogrial,20MT,
113,2024-10-11,Kapoeta,Chukudum,passable,0,,Kapoeta – Chukudum,40MT,
114,2024-10-11,Diabio,Ezo,passable,0,,Diabio – Ezo,40MT,
115,2024-10-11,Mvolo,Wulu,passable,0,,Mvolo – Wullu,40MT,
116,2024-10-11,Aluakluak,Mapuordit,partially passable,1,,Aluakluak - Mapuordit,20MT,
117,2024-10-11,Narus,Nadapal,passable,0,,Narus – Nadapal,40MT,
118,2024-10-11,Bentiu,Kilo 30,partially passable,1,,Bentiu – Kilo30,20MT,
119,2024-10-11,Gadiang,Yuai,impassable,2,,Gadiang – Yuai,,
120,2024-10-11,Pathai,Fatuet,impassable,2,,Pathai – Fatuet,,
121,2024-10-11,Walgak,Kaikuny,impassable,2,,Walgak – Kaikuny,,
122,2024-10-11,Yuai,Walgak,impassable,2,Motot; Waat,Yuai – Motot – Waat – Walgak,,
123,2024-10-11,Kuron,Boma,impassable,2,,Kuron – Boma,,
124,2024-10-11,Kapoeta,Kassangor,impassable,2,,Kapoeta – Kassangor,,
125,2024-10-11,Rumbek,Maper (Lakes),impassable,2,,Rumbek – Maper (Lakes),,
126,2024-10-11,Maruwa,Labarab,impassable,2,,Maruwa – Labarab,,
127,2024-10-11,Koch,Mirmir,impassable,2,,Koch – Mirmir,,
128,2024-10-11,Adok,Leer,impassable,2,Piling,Adok – Piling – Leer,,
129,2024-10-11,Lainya,Yei,passable,0,,Lainya – Yei,40MT,
130,2024-10-11,Mathiang,Udier,impassable,2,,Mathiang – Udier,,
131,2024-10-11,Gadiang,Payuel,impassable,2,,Gadiang – Payuel,,
132,2024-10-11,Ayod,Mogok,impassable,2,,Ayod – Mogok,,
133,2024-10-11,Kaikang,Kilo 30,impassable,2,Roriak; Mayom,(Kaikang – Roriak )(Mayom – Kilo 30),,alternative road listed as two separate stretches: Kaikang–Roriak and Mayom–Kilo 30
134,2024-10-11,Pariang,Ajuong Thok,passable,0,,Pariang – Ajuong Thok,40MT,
135,2024-10-11,Lafon,Imehejek,partially passable,1,,Lafon – Imehejek,20MT,
136,2024-10-11,Mabior,Gadiang,impassable,2,,Mabior – Gadiang,,
137,2024-10-11,Poktap,Payuel,impassable,2,,Poktap – Payuel,,
139,2024-10-11,Mabior,Kongor,impassable,2,,Mabior – Kongor,,ID printed as 138 on this map; renumbered 139 to match the 2025-12-24 map
1,2024-10-18,Kilo 30,Pariang,passable,0,,Kilo 30 – Pariang,40MT,
2,2024-10-18,Gemeiza,Bor,impassable,2,,Gemeiza – Bor,,
3,2024-10-18,Yida,Pariang,passable,0,,Yida - Pariang,40MT,
4,2024-10-18,Juba,Nimule,passable,0,,Juba – Nimule,40MT,
5,2024-10-18,Juba,Torit,partially passable,1,,Juba – Torit,20MT,
6,2024-10-18,Juba,Mangalla,passable,0,,Juba – Mangalla,40MT,
7,2024-10-18,Malakal,Baliet,impassable,2,,Malakal – Baliet,,
8,2024-10-18,Paloich,Renk,passable,0,,Paloich – Renk,40MT,
9,2024-10-18,Adar,Maban,partially passable,1,Jemaam,Adar – Jemaam – Maban,15MT,
10,2024-10-18,Abyei,Abiemnhom,impassable,2,,Abyei – Abienhom,,
11,2024-10-18,Aweil,Gossinga,partially passable,1,,Aweil – Gossinga,20MT,
12,2024-10-18,Pathai,Walgak,impassable,2,Motot,Pathai – Motot – Walgak,,
13,2024-10-18,Juba,Lainya,passable,0,,Juba – Lainya,40MT,
14,2024-10-18,Maridi,Yambio,passable,0,,Maridi – Yambio,40MT,
15,2024-10-18,Juba,Kajo Keji,passable,0,,Juba – Kajo Keji,40MT,
16,2024-10-18,Juba,Terakeka,impassable,2,,Juba – Terakeka,,
17,2024-10-18,Narus,Kuron,impassable,2,,Narus – Kuron,,
18,2024-10-18,Mundri,Mvolo,passable,0,,Mundri - Mvolo,40MT,
19,2024-10-18,Mangalla,Gemeiza,passable,0,,Mangalla – Gemeiza,40MT,
20,2024-10-18,Mathiang,Maiwut,impassable,2,,Mathiang – Maiwut,,
21,2024-10-18,Tonj,Langdit,passable,0,,Tonj – Langdit,40MT,
22,2024-10-18,Terakeka,Mundri,passable,0,Tali,Terakeka – Tali – Mundri,40MT,
23,2024-10-18,Terakeka,Mingkaman,partially passable,1,,Terakeka – Mingkaman,20MT,
24,2024-10-18,Torit,Magwi,passable,0,,Torit – Magwi,40MT,
25,2024-10-18,Hiyala,Ikotos,passable,0,,Hiyala – Ikotos,40MT,
26,2024-10-18,Torit,Lafon,partially passable,1,,Torit – Lafon,20MT,
27,2024-10-18,Wau,Thar Kueng,passable,0,,Wau – Thar Kueng,40MT,
28,2024-10-18,Wau,Tonj,passable,0,,Wau – Tonj,40MT,
29,2024-10-18,Wau,Akuem,passable,0,Aweil,Wau – Aweil – Akuem,40MT,
30,2024-10-18,Likuangole,Akobo,impassable,2,,Likuangole – Akobo,,
31,2024-10-18,Amok Piny,Madol,impassable,2,,Amok Piny – Madol,,
32,2024-10-18,Akwot,Nasser,impassable,2,,Akwot – Nasser,,
33,2024-10-18,Guit,Koch,impassable,2,,Guit – Koch,,
34,2024-10-18,Abiemnhom,Mayom,partially passable,1,,Abiemnhom – Mayom,Specialized Trucks,
35,2024-10-18,Kilo 30,Kaikang,impassable,2,Tumor; Mayom,Kilo30 –Tumor – Mayom – Kaikang,,
36,2024-10-18,Boma,Pochala,impassable,2,,Boma – Pochala,,
37,2024-10-18,Bor,Gadiang,impassable,2,,Bor – Gadiang,,
38,2024-10-18,Bor,Baidit,partially passable,1,,Bor – Baidit,20MT,
39,2024-10-18,Pengko,Manyabol,impassable,2,,Pengko – Manyabol,,
40,2024-10-18,Baidit,Duk Padiet,impassable,2,Mabior,Baidit – Mabior – Duk Padiet,,
41,2024-10-18,Gadiang,Akobo,impassable,2,,Gadiang – Akobo,,
42,2024-10-18,Juba,Lafon,impassable,2,,Juba – Lafon,,
43,2024-10-18,Adar,Mathiang,impassable,2,,Adar – Mathiang,,
44,2024-10-18,Maper (Lakes),Dablual,impassable,2,,Maper (Lakes) – Dablual,,
45,2024-10-18,Akobo,Kaikuny,partially passable,1,,Akobo – Kainuny,20MT,
46,2024-10-18,Motot,Lankien,impassable,2,,Motot – Lankein,,
47,2024-10-18,Wau,Deim Zubeir,partially passable,1,,Wau – Deim Zubeir,20MT,
48,2024-10-18,Wau,Tambura,partially passable,1,,Wau – Tambura,20MT,
49,2024-10-18,Yirol,Shambe,partially passable,1,,Yirol – Shambe,20MT,
50,2024-10-18,Aluakluak,Yirol,partially passable,1,,Aluakluak - Yirol,20MT,
51,2024-10-18,Rumbek,Langdit,passable,0,,Rumbek - Langdit,40MT,
52,2024-10-18,Aluakluak,Rumbek,partially passable,1,,Aluakluak – Rumbek,20MT,
53,2024-10-18,Wunrok,Abiemnhom,partially passable,1,Turalei,Wunrok – Turalei – Abiemnhom,20MT,
54,2024-10-18,Kilo 30,Panakuach,passable,0,Roriak,Kilo 30 – Roriak – Panakuach,40MT,
55,2024-10-18,Ding Ding,Koch,impassable,2,,Ding ding - Koch,,
56,2024-10-18,Bentiu,Dhorbor,impassable,2,,Bentiu – Dhorbor,,
57,2024-10-18,Dhorbor,Guit,impassable,2,,Dhorbor – Guit,,
58,2024-10-18,Guit,Ding Ding,impassable,2,,Guit – Ding Ding,,
59,2024-10-18,Gumuruk,Pibor,impassable,2,,Gumuruk – Pibor,,
60,2024-10-18,Bor,Pengko,impassable,2,,Bor – Pengko,,
61,2024-10-18,Duk Padiet,Pajut,impassable,2,,Duk Padiat – Pajut,,
62,2024-10-18,Yuai,Karam,impassable,2,Pathai,Yaui – Pathai – Karam,,
63,2024-10-18,Yuai,Motot,impassable,2,Pieri,Yaui – Pieri – Motot,,
64,2024-10-18,Yuai,Pajut,impassable,2,,Yaui – Pajut,,
65,2024-10-18,Wulu,Rumbek,passable,0,,Wulu – Rumbek,40MT,
66,2024-10-18,Pibor,Likuangole,impassable,2,,Pibor – Likuangole,,
67,2024-10-18,Mingkaman,Yirol,partially passable,1,,Mingkaman – Yirol,20MT,
68,2024-10-18,Yambio,Tambura,passable,0,,Yambio – Tambura,40MT,
69,2024-10-18,Juba,Mundri,passable,0,,Juba – Mundri,40MT,
70,2024-10-18,Kodok,Paloich,impassable,2,,Kodok – Paloich,,
71,2024-10-18,Malakal,Kodok,impassable,2,,Malakal – Kodok,,
72,2024-10-18,Thar Kueng,Kuajok,passable,0,,Thar Kueng - Kuajok,40MT,
73,2024-10-18,Bentiu,Guit,partially passable,1,,Bentiu – Guit,20MT,
74,2024-10-18,Duk Padiet,Ayod,impassable,2,,Duk Padiet – Ayod,,
75,2024-10-18,Guit,Mirmir,partially passable,1,,Guit – Mir mir,20MT,
76,2024-10-18,Raja,Chandoy/Dolo2,passable,0,,Raja – Chandoy/Dolo2,40MT,
77,2024-10-18,Mundri,Maridi,passable,0,,Mundri - Maridi,40MT,
78,2024-10-18,Torit,Kapoeta,partially passable,1,,Torit – Kapoeta,20MT,
79,2024-10-18,Mayendit,Mirmir,impassable,2,Rupkuai,Mayendit – Rupkuai – Mir mir,,
80,2024-10-18,Mirmir,Leer,partially passable,1,,Mirmir – Leer,20MT,
81,2024-10-18,Mankien,Mayom,partially passable,1,,Mankien - Mayom,Specialized Trucks,
82,2024-10-18,Ajak Kuac,Mankien,partially passable,1,,Ajak Kuac – Mankien,Specialized Trucks,
83,2024-10-18,Ayod,Pathai,impassable,2,,Ayod – Pathai,,
84,2024-10-18,Nyandit,Kiech Kon,impassable,2,,Nyandit - Kiech Kon,,
85,2024-10-18,Paloich,Jemaam,passable,0,Adar,Paloich – Adar – Jemaam,40MT,
86,2024-10-18,New Fangak,Kuernyang,impassable,2,,New Fangak – Kuernyang,,
87,2024-10-18,Paguir,Keew,impassable,2,,Paguir – Keew,,
88,2024-10-18,Baliet,Kiech Kon,impassable,2,Akwot,Baliet – Akwot – Kiech kon,,
89,2024-10-18,Wunrok,Gogrial,passable,0,,Wunrok – Gogrial,40MT,
90,2024-10-18,Deim Zubeir,Raja,partially passable,1,,Dim Zubeir – Raja,20MT,
91,2024-10-18,Aweil,Yith Pabol,passable,0,,Aweil – Yith Pabol,40MT,
92,2024-10-18,Kapoeta,Narus,passable,0,,Kapoeta – Narus,40MT,
93,2024-10-18,Melut,Paloich,passable,0,,Melut – Paloich,40MT,
94,2024-10-18,Wunrok,Abyei,partially passable,1,,Wunrok – Abyei,Specialized Trucks,
95,2024-10-18,Gogrial,Kuajok,passable,0,,Gogrial – Kuajok,40MT,
96,2024-10-18,Bentiu,Nhialdiu,impassable,2,,Bentiu – Nhialdiu,,
97,2024-10-18,Aluakluak,Mvolo,partially passable,1,,Aluakluak - Mvolo,20MT,
98,2024-10-18,Kilo 30,Manga Port,passable,0,,Kilo 30 – Manga Port,40MT,
99,2024-10-18,Gossinga,Raja,impassable,2,,Gossinga – Raja,,
100,2024-10-18,Gossinga,Raja,partially passable,1,Kapalala,Gossinga – Kapalala – Raja,20MT,
101,2024-10-18,Nyal,Ganyiel,impassable,2,,Nyal – Ganyiel,,
102,2024-10-18,Manyabol,Gadiang,impassable,2,,Manyabol – Gadiang,,
103,2024-10-18,Manyabol,Gumuruk,impassable,2,,Manyabol – Gumuruk,,
104,2024-10-18,Vertet,Labarab,impassable,2,,Vertet – Labarab,,
105,2024-10-18,Boma,Maruwa,impassable,2,,Boma – Maruwa,,
106,2024-10-18,Boma,Labarab,impassable,2,,Boma - Labarab,,
107,2024-10-18,Pibor,Vertet,impassable,2,,Pibor – Verthet,,
108,2024-10-18,Aduel,Amok Piny,partially passable,1,,Aduel – Amok Piny,Specialized Trucks,
109,2024-10-18,Lankien,Pading,impassable,2,Nyambor,Lankien – Nyambor – Pading,,
110,2024-10-18,Nyambor,Karam,impassable,2,Pading,Nyambor – Pading – Karam,,
111,2024-10-18,Pajut,Payuel,impassable,2,,Pajut – Payuel,,
112,2024-10-18,Aweil,Gogrial,partially passable,1,Akun,Aweil – Akun – Gogrial,20MT,
113,2024-10-18,Kapoeta,Chukudum,passable,0,,Kapoeta – Chukudum,40MT,
114,2024-10-18,Diabio,Ezo,passable,0,,Diabio – Ezo,40MT,
115,2024-10-18,Mvolo,Wulu,passable,0,,Mvolo – Wullu,40MT,
116,2024-10-18,Aluakluak,Mapuordit,partially passable,1,,Aluakluak - Mapuordit,20MT,
117,2024-10-18,Narus,Nadapal,passable,0,,Narus – Nadapal,40MT,
118,2024-10-18,Bentiu,Kilo 30,partially passable,1,,Bentiu – Kilo30,20MT,
119,2024-10-18,Gadiang,Yuai,impassable,2,,Gadiang – Yuai,,
120,2024-10-18,Pathai,Fatuet,impassable,2,,Pathai – Fatuet,,
121,2024-10-18,Walgak,Kaikuny,impassable,2,,Walgak – Kaikuny,,
122,2024-10-18,Yuai,Walgak,impassable,2,Motot; Waat,Yuai – Motot – Waat – Walgak,,
123,2024-10-18,Kuron,Boma,impassable,2,,Kuron – Boma,,
124,2024-10-18,Kapoeta,Kassangor,impassable,2,,Kapoeta – Kassangor,,
125,2024-10-18,Rumbek,Maper (Lakes),impassable,2,,Rumbek – Maper (Lakes),,
126,2024-10-18,Maruwa,Labarab,impassable,2,,Maruwa – Labarab,,
127,2024-10-18,Koch,Mirmir,impassable,2,,Koch – Mirmir,,
128,2024-10-18,Adok,Leer,impassable,2,Piling,Adok – Piling – Leer,,
129,2024-10-18,Lainya,Yei,passable,0,,Lainya – Yei,40MT,
130,2024-10-18,Mathiang,Udier,impassable,2,,Mathiang – Udier,,
131,2024-10-18,Gadiang,Payuel,impassable,2,,Gadiang – Payuel,,
132,2024-10-18,Ayod,Mogok,impassable,2,,Ayod – Mogok,,
133,2024-10-18,Kaikang,Kilo 30,impassable,2,Roriak; Mayom,(Kaikang – Roriak )(Mayom – Kilo 30),,alternative road listed as two separate stretches: Kaikang–Roriak and Mayom–Kilo 30
134,2024-10-18,Pariang,Ajuong Thok,passable,0,,Pariang – Ajuong Thok,40MT,
135,2024-10-18,Lafon,Imehejek,partially passable,1,,Lafon – Imehejek,20MT,
136,2024-10-18,Mabior,Gadiang,impassable,2,,Mabior – Gadiang,,
137,2024-10-18,Poktap,Payuel,impassable,2,,Poktap – Payuel,,
139,2024-10-18,Mabior,Kongor,impassable,2,,Mabior – Kongor,,ID printed as 138 on this map; renumbered 139 to match the 2025-12-24 map
1,2024-11-01,Kilo 30,Pariang,passable,0,,Kilo 30 – Pariang,40MT,
2,2024-11-01,Gemeiza,Bor,impassable,2,,Gemeiza – Bor,,
3,2024-11-01,Yida,Pariang,passable,0,,Yida - Pariang,40MT,
4,2024-11-01,Juba,Nimule,passable,0,,Juba – Nimule,40MT,
5,2024-11-01,Juba,Torit,partially passable,1,,Juba – Torit,20MT,
6,2024-11-01,Juba,Mangalla,passable,0,,Juba – Mangalla,40MT,
7,2024-11-01,Malakal,Baliet,impassable,2,,Malakal – Baliet,,
8,2024-11-01,Paloich,Renk,passable,0,,Paloich – Renk,40MT,
9,2024-11-01,Adar,Maban,partially passable,1,Jemaam,Adar – Jemaam – Maban,15MT,
10,2024-11-01,Abyei,Abiemnhom,impassable,2,,Abyei – Abienhom,,
11,2024-11-01,Aweil,Gossinga,partially passable,1,,Aweil – Gossinga,20MT,
12,2024-11-01,Pathai,Walgak,impassable,2,Motot,Pathai – Motot – Walgak,,
13,2024-11-01,Juba,Lainya,passable,0,,Juba – Lainya,40MT,
14,2024-11-01,Maridi,Yambio,passable,0,,Maridi – Yambio,40MT,
15,2024-11-01,Juba,Kajo Keji,passable,0,,Juba – Kajo Keji,40MT,
16,2024-11-01,Juba,Terakeka,impassable,2,,Juba – Terakeka,,
17,2024-11-01,Narus,Kuron,impassable,2,,Narus – Kuron,,
18,2024-11-01,Mundri,Mvolo,passable,0,,Mundri - Mvolo,40MT,
19,2024-11-01,Mangalla,Gemeiza,passable,0,,Mangalla – Gemeiza,40MT,
20,2024-11-01,Mathiang,Maiwut,impassable,2,,Mathiang – Maiwut,,
21,2024-11-01,Tonj,Langdit,passable,0,,Tonj – Langdit,40MT,
22,2024-11-01,Terakeka,Mundri,passable,0,Tali,Terakeka – Tali – Mundri,40MT,
23,2024-11-01,Terakeka,Mingkaman,partially passable,1,,Terakeka – Mingkaman,20MT,
24,2024-11-01,Torit,Magwi,passable,0,,Torit – Magwi,40MT,
25,2024-11-01,Hiyala,Ikotos,passable,0,,Hiyala – Ikotos,40MT,
26,2024-11-01,Torit,Lafon,partially passable,1,,Torit – Lafon,20MT,
27,2024-11-01,Wau,Thar Kueng,passable,0,,Wau – Thar Kueng,40MT,
28,2024-11-01,Wau,Tonj,passable,0,,Wau – Tonj,40MT,
29,2024-11-01,Wau,Akuem,passable,0,Aweil,Wau – Aweil – Akuem,40MT,
30,2024-11-01,Likuangole,Akobo,impassable,2,,Likuangole – Akobo,,
31,2024-11-01,Amok Piny,Madol,impassable,2,,Amok Piny – Madol,,
32,2024-11-01,Akwot,Nasser,impassable,2,,Akwot – Nasser,,
33,2024-11-01,Guit,Koch,impassable,2,,Guit – Koch,,
34,2024-11-01,Abiemnhom,Mayom,partially passable,1,,Abiemnhom – Mayom,Specialized Trucks,
35,2024-11-01,Kilo 30,Kaikang,impassable,2,Tumor; Mayom,Kilo30 –Tumor – Mayom – Kaikang,,
36,2024-11-01,Boma,Pochala,impassable,2,,Boma – Pochala,,
37,2024-11-01,Bor,Gadiang,impassable,2,,Bor – Gadiang,,
38,2024-11-01,Bor,Baidit,partially passable,1,,Bor – Baidit,20MT,
39,2024-11-01,Pengko,Manyabol,impassable,2,,Pengko – Manyabol,,
40,2024-11-01,Baidit,Duk Padiet,impassable,2,Mabior,Baidit – Mabior – Duk Padiet,,
41,2024-11-01,Gadiang,Akobo,impassable,2,,Gadiang – Akobo,,
42,2024-11-01,Juba,Lafon,impassable,2,,Juba – Lafon,,
43,2024-11-01,Adar,Mathiang,impassable,2,,Adar – Mathiang,,
44,2024-11-01,Maper (Lakes),Dablual,impassable,2,,Maper (Lakes) – Dablual,,
45,2024-11-01,Akobo,Kaikuny,impassable,2,,Akobo – Kainuny,,
46,2024-11-01,Motot,Lankien,impassable,2,,Motot – Lankein,,
47,2024-11-01,Wau,Deim Zubeir,partially passable,1,,Wau – Deim Zubeir,20MT,
48,2024-11-01,Wau,Tambura,partially passable,1,,Wau – Tambura,20MT,
49,2024-11-01,Yirol,Shambe,partially passable,1,,Yirol – Shambe,20MT,
50,2024-11-01,Aluakluak,Yirol,partially passable,1,,Aluakluak - Yirol,20MT,
51,2024-11-01,Rumbek,Langdit,passable,0,,Rumbek - Langdit,40MT,
52,2024-11-01,Aluakluak,Rumbek,partially passable,1,,Aluakluak – Rumbek,20MT,
53,2024-11-01,Wunrok,Abiemnhom,partially passable,1,Turalei,Wunrok – Turalei – Abiemnhom,20MT,
54,2024-11-01,Kilo 30,Panakuach,passable,0,Roriak,Kilo 30 – Roriak – Panakuach,40MT,
55,2024-11-01,Ding Ding,Koch,impassable,2,,Ding ding - Koch,,
56,2024-11-01,Bentiu,Dhorbor,impassable,2,,Bentiu – Dhorbor,,
57,2024-11-01,Dhorbor,Guit,impassable,2,,Dhorbor – Guit,,
58,2024-11-01,Guit,Ding Ding,impassable,2,,Guit – Ding Ding,,
59,2024-11-01,Gumuruk,Pibor,impassable,2,,Gumuruk – Pibor,,
60,2024-11-01,Bor,Pengko,impassable,2,,Bor – Pengko,,
61,2024-11-01,Duk Padiet,Pajut,impassable,2,,Duk Padiat – Pajut,,
62,2024-11-01,Yuai,Karam,impassable,2,Pathai,Yaui – Pathai – Karam,,
63,2024-11-01,Yuai,Motot,impassable,2,Pieri,Yaui – Pieri – Motot,,
64,2024-11-01,Yuai,Pajut,impassable,2,,Yaui – Pajut,,
65,2024-11-01,Wulu,Rumbek,passable,0,,Wulu – Rumbek,40MT,
66,2024-11-01,Pibor,Likuangole,impassable,2,,Pibor – Likuangole,,
67,2024-11-01,Mingkaman,Yirol,partially passable,1,,Mingkaman – Yirol,20MT,
68,2024-11-01,Yambio,Tambura,passable,0,,Yambio – Tambura,40MT,
69,2024-11-01,Juba,Mundri,passable,0,,Juba – Mundri,40MT,
70,2024-11-01,Kodok,Paloich,impassable,2,,Kodok – Paloich,,
71,2024-11-01,Malakal,Kodok,impassable,2,,Malakal – Kodok,,
72,2024-11-01,Thar Kueng,Kuajok,passable,0,,Thar Kueng - Kuajok,40MT,
73,2024-11-01,Bentiu,Guit,partially passable,1,,Bentiu – Guit,20MT,
74,2024-11-01,Duk Padiet,Ayod,impassable,2,,Duk Padiet – Ayod,,
75,2024-11-01,Guit,Mirmir,impassable,2,,Guit – Mir mir,,
76,2024-11-01,Raja,Chandoy/Dolo2,passable,0,,Raja – Chandoy/Dolo2,40MT,
77,2024-11-01,Mundri,Maridi,passable,0,,Mundri - Maridi,40MT,
78,2024-11-01,Torit,Kapoeta,partially passable,1,,Torit – Kapoeta,20MT,
79,2024-11-01,Mayendit,Mirmir,impassable,2,Rupkuai,Mayendit – Rupkuai – Mir mir,,
80,2024-11-01,Mirmir,Leer,impassable,2,,Mirmir – Leer,,
81,2024-11-01,Mankien,Mayom,impassable,2,,Mankien - Mayom,,
82,2024-11-01,Ajak Kuac,Mankien,impassable,2,,Ajak Kuac – Mankien,,
83,2024-11-01,Ayod,Pathai,impassable,2,,Ayod – Pathai,,
84,2024-11-01,Nyandit,Kiech Kon,impassable,2,,Nyandit - Kiech Kon,,
85,2024-11-01,Paloich,Jemaam,passable,0,Adar,Paloich – Adar – Jemaam,40MT,
86,2024-11-01,New Fangak,Kuernyang,impassable,2,,New Fangak – Kuernyang,,
87,2024-11-01,Paguir,Keew,impassable,2,,Paguir – Keew,,
88,2024-11-01,Baliet,Kiech Kon,impassable,2,Akwot,Baliet – Akwot – Kiech kon,,
89,2024-11-01,Wunrok,Gogrial,passable,0,,Wunrok – Gogrial,40MT,
90,2024-11-01,Deim Zubeir,Raja,partially passable,1,,Dim Zubeir – Raja,20MT,
91,2024-11-01,Aweil,Yith Pabol,impassable,2,,Aweil – Yith Pabol,,
92,2024-11-01,Kapoeta,Narus,passable,0,,Kapoeta – Narus,40MT,
93,2024-11-01,Melut,Paloich,passable,0,,Melut – Paloich,40MT,
94,2024-11-01,Wunrok,Abyei,partially passable,1,,Wunrok – Abyei,Specialized Trucks,
95,2024-11-01,Gogrial,Kuajok,passable,0,,Gogrial – Kuajok,40MT,
96,2024-11-01,Bentiu,Nhialdiu,impassable,2,,Bentiu – Nhialdiu,,
97,2024-11-01,Aluakluak,Mvolo,partially passable,1,,Aluakluak - Mvolo,20MT,
98,2024-11-01,Kilo 30,Manga Port,passable,0,,Kilo 30 – Manga Port,40MT,
99,2024-11-01,Gossinga,Raja,impassable,2,,Gossinga – Raja,,
100,2024-11-01,Gossinga,Raja,partially passable,1,Kapalala,Gossinga – Kapalala – Raja,20MT,
101,2024-11-01,Nyal,Ganyiel,impassable,2,,Nyal – Ganyiel,,
102,2024-11-01,Manyabol,Gadiang,impassable,2,,Manyabol – Gadiang,,
103,2024-11-01,Manyabol,Gumuruk,impassable,2,,Manyabol – Gumuruk,,
104,2024-11-01,Vertet,Labarab,impassable,2,,Vertet – Labarab,,
105,2024-11-01,Boma,Maruwa,impassable,2,,Boma – Maruwa,,
106,2024-11-01,Boma,Labarab,impassable,2,,Boma - Labarab,,
107,2024-11-01,Pibor,Vertet,impassable,2,,Pibor – Verthet,,
108,2024-11-01,Aduel,Amok Piny,partially passable,1,,Aduel – Amok Piny,Specialized Trucks,
109,2024-11-01,Lankien,Pading,impassable,2,Nyambor,Lankien – Nyambor – Pading,,
110,2024-11-01,Nyambor,Karam,impassable,2,Pading,Nyambor – Pading – Karam,,
111,2024-11-01,Pajut,Payuel,impassable,2,,Pajut – Payuel,,
112,2024-11-01,Aweil,Gogrial,partially passable,1,Akun,Aweil – Akun – Gogrial,20MT,
113,2024-11-01,Kapoeta,Chukudum,passable,0,,Kapoeta – Chukudum,40MT,
114,2024-11-01,Diabio,Ezo,passable,0,,Diabio – Ezo,40MT,
115,2024-11-01,Mvolo,Wulu,passable,0,,Mvolo – Wullu,40MT,
116,2024-11-01,Aluakluak,Mapuordit,partially passable,1,,Aluakluak - Mapuordit,20MT,
117,2024-11-01,Narus,Nadapal,passable,0,,Narus – Nadapal,40MT,
118,2024-11-01,Bentiu,Kilo 30,partially passable,1,,Bentiu – Kilo30,20MT,
119,2024-11-01,Gadiang,Yuai,impassable,2,,Gadiang – Yuai,,
120,2024-11-01,Pathai,Fatuet,impassable,2,,Pathai – Fatuet,,
121,2024-11-01,Walgak,Kaikuny,impassable,2,,Walgak – Kaikuny,,
122,2024-11-01,Yuai,Walgak,impassable,2,Motot; Waat,Yuai – Motot – Waat – Walgak,,
123,2024-11-01,Kuron,Boma,impassable,2,,Kuron – Boma,,
124,2024-11-01,Kapoeta,Kassangor,impassable,2,,Kapoeta – Kassangor,,
125,2024-11-01,Rumbek,Maper (Lakes),impassable,2,,Rumbek – Maper (Lakes),,
126,2024-11-01,Maruwa,Labarab,impassable,2,,Maruwa – Labarab,,
127,2024-11-01,Koch,Mirmir,impassable,2,,Koch – Mirmir,,
128,2024-11-01,Adok,Leer,impassable,2,Piling,Adok – Piling – Leer,,
129,2024-11-01,Lainya,Yei,passable,0,,Lainya – Yei,40MT,
130,2024-11-01,Mathiang,Udier,impassable,2,,Mathiang – Udier,,
131,2024-11-01,Gadiang,Payuel,impassable,2,,Gadiang – Payuel,,
132,2024-11-01,Ayod,Mogok,impassable,2,,Ayod – Mogok,,
133,2024-11-01,Kaikang,Kilo 30,impassable,2,Roriak; Mayom,(Kaikang – Roriak )(Mayom – Kilo 30),,alternative road listed as two separate stretches: Kaikang–Roriak and Mayom–Kilo 30
134,2024-11-01,Pariang,Ajuong Thok,passable,0,,Pariang – Ajuong Thok,40MT,
135,2024-11-01,Lafon,Imehejek,partially passable,1,,Lafon – Imehejek,20MT,
136,2024-11-01,Mabior,Gadiang,impassable,2,,Mabior – Gadiang,,
137,2024-11-01,Poktap,Payuel,impassable,2,,Poktap – Payuel,,
138,2024-11-01,Panakuach,Pariang,partially passable,1,,Panakuach – Pariang,20MT,new road; first appears 2024-11-01
139,2024-11-01,Mabior,Kongor,impassable,2,,Mabior – Kongor,,
1,2024-11-08,Kilo 30,Pariang,passable,0,,Kilo 30 – Pariang,40MT,
2,2024-11-08,Gemeiza,Bor,impassable,2,,Gemeiza – Bor,,
3,2024-11-08,Yida,Pariang,passable,0,,Yida - Pariang,40MT,
4,2024-11-08,Juba,Nimule,passable,0,,Juba – Nimule,40MT,
5,2024-11-08,Juba,Torit,partially passable,1,,Juba – Torit,20MT,
6,2024-11-08,Juba,Mangalla,passable,0,,Juba – Mangalla,40MT,
7,2024-11-08,Malakal,Baliet,impassable,2,,Malakal – Baliet,,
8,2024-11-08,Paloich,Renk,passable,0,,Paloich – Renk,40MT,
9,2024-11-08,Adar,Maban,partially passable,1,Jemaam,Adar – Jemaam – Maban,15MT,
10,2024-11-08,Abyei,Abiemnhom,impassable,2,,Abyei – Abienhom,,
11,2024-11-08,Aweil,Gossinga,partially passable,1,,Aweil – Gossinga,20MT,
12,2024-11-08,Pathai,Walgak,impassable,2,Motot,Pathai – Motot – Walgak,,
13,2024-11-08,Juba,Lainya,passable,0,,Juba – Lainya,40MT,
14,2024-11-08,Maridi,Yambio,passable,0,,Maridi – Yambio,40MT,
15,2024-11-08,Juba,Kajo Keji,passable,0,,Juba – Kajo Keji,40MT,
16,2024-11-08,Juba,Terakeka,impassable,2,,Juba – Terakeka,,
17,2024-11-08,Narus,Kuron,impassable,2,,Narus – Kuron,,
18,2024-11-08,Mundri,Mvolo,passable,0,,Mundri - Mvolo,40MT,
19,2024-11-08,Mangalla,Gemeiza,passable,0,,Mangalla – Gemeiza,40MT,
20,2024-11-08,Mathiang,Maiwut,impassable,2,,Mathiang – Maiwut,,
21,2024-11-08,Tonj,Langdit,passable,0,,Tonj – Langdit,40MT,
22,2024-11-08,Terakeka,Mundri,passable,0,Tali,Terakeka – Tali – Mundri,40MT,
23,2024-11-08,Terakeka,Mingkaman,partially passable,1,,Terakeka – Mingkaman,20MT,
24,2024-11-08,Torit,Magwi,passable,0,,Torit – Magwi,40MT,
25,2024-11-08,Hiyala,Ikotos,passable,0,,Hiyala – Ikotos,40MT,
26,2024-11-08,Torit,Lafon,partially passable,1,,Torit – Lafon,20MT,
27,2024-11-08,Wau,Thar Kueng,passable,0,,Wau – Thar Kueng,40MT,
28,2024-11-08,Wau,Tonj,passable,0,,Wau – Tonj,40MT,
29,2024-11-08,Wau,Akuem,passable,0,Aweil,Wau – Aweil – Akuem,40MT,
30,2024-11-08,Likuangole,Akobo,impassable,2,,Likuangole – Akobo,,
31,2024-11-08,Amok Piny,Madol,impassable,2,,Amok Piny – Madol,,
32,2024-11-08,Akwot,Nasser,impassable,2,,Akwot – Nasser,,
33,2024-11-08,Guit,Koch,impassable,2,,Guit – Koch,,
34,2024-11-08,Abiemnhom,Mayom,partially passable,1,,Abiemnhom – Mayom,Specialized Trucks,
35,2024-11-08,Kilo 30,Kaikang,impassable,2,Tumor; Mayom,Kilo30 –Tumor – Mayom – Kaikang,,
36,2024-11-08,Boma,Pochala,impassable,2,,Boma – Pochala,,
37,2024-11-08,Bor,Gadiang,impassable,2,,Bor – Gadiang,,
38,2024-11-08,Bor,Baidit,partially passable,1,,Bor – Baidit,20MT,
39,2024-11-08,Pengko,Manyabol,impassable,2,,Pengko – Manyabol,,
40,2024-11-08,Baidit,Duk Padiet,impassable,2,Mabior,Baidit – Mabior – Duk Padiet,,
41,2024-11-08,Gadiang,Akobo,impassable,2,,Gadiang – Akobo,,
42,2024-11-08,Juba,Lafon,impassable,2,,Juba – Lafon,,
43,2024-11-08,Adar,Mathiang,impassable,2,,Adar – Mathiang,,
44,2024-11-08,Maper (Lakes),Dablual,impassable,2,,Maper (Lakes) – Dablual,,
45,2024-11-08,Akobo,Kaikuny,impassable,2,,Akobo – Kainuny,,
46,2024-11-08,Motot,Lankien,impassable,2,,Motot – Lankein,,
47,2024-11-08,Wau,Deim Zubeir,partially passable,1,,Wau – Deim Zubeir,20MT,
48,2024-11-08,Wau,Tambura,partially passable,1,,Wau – Tambura,20MT,
49,2024-11-08,Yirol,Shambe,partially passable,1,,Yirol – Shambe,20MT,
50,2024-11-08,Aluakluak,Yirol,partially passable,1,,Aluakluak - Yirol,20MT,
51,2024-11-08,Rumbek,Langdit,passable,0,,Rumbek - Langdit,40MT,
52,2024-11-08,Aluakluak,Rumbek,partially passable,1,,Aluakluak – Rumbek,20MT,
53,2024-11-08,Wunrok,Abiemnhom,partially passable,1,Turalei,Wunrok – Turalei – Abiemnhom,20MT,
54,2024-11-08,Kilo 30,Panakuach,passable,0,Roriak,Kilo 30 – Roriak – Panakuach,40MT,
55,2024-11-08,Ding Ding,Koch,impassable,2,,Ding ding - Koch,,
56,2024-11-08,Bentiu,Dhorbor,impassable,2,,Bentiu – Dhorbor,,
57,2024-11-08,Dhorbor,Guit,impassable,2,,Dhorbor – Guit,,
58,2024-11-08,Guit,Ding Ding,impassable,2,,Guit – Ding Ding,,
59,2024-11-08,Gumuruk,Pibor,impassable,2,,Gumuruk – Pibor,,
60,2024-11-08,Bor,Pengko,impassable,2,,Bor – Pengko,,
61,2024-11-08,Duk Padiet,Pajut,impassable,2,,Duk Padiat – Pajut,,
62,2024-11-08,Yuai,Karam,impassable,2,Pathai,Yaui – Pathai – Karam,,
63,2024-11-08,Yuai,Motot,impassable,2,Pieri,Yaui – Pieri – Motot,,
64,2024-11-08,Yuai,Pajut,impassable,2,,Yaui – Pajut,,
65,2024-11-08,Wulu,Rumbek,passable,0,,Wulu – Rumbek,40MT,
66,2024-11-08,Pibor,Likuangole,impassable,2,,Pibor – Likuangole,,
67,2024-11-08,Mingkaman,Yirol,partially passable,1,,Mingkaman – Yirol,20MT,
68,2024-11-08,Yambio,Tambura,passable,0,,Yambio – Tambura,40MT,
69,2024-11-08,Juba,Mundri,passable,0,,Juba – Mundri,40MT,
70,2024-11-08,Kodok,Paloich,impassable,2,,Kodok – Paloich,,
71,2024-11-08,Malakal,Kodok,impassable,2,,Malakal – Kodok,,
72,2024-11-08,Thar Kueng,Kuajok,passable,0,,Thar Kueng - Kuajok,40MT,
73,2024-11-08,Bentiu,Guit,partially passable,1,,Bentiu – Guit,20MT,
74,2024-11-08,Duk Padiet,Ayod,impassable,2,,Duk Padiet – Ayod,,
75,2024-11-08,Guit,Mirmir,impassable,2,,Guit – Mir mir,,
76,2024-11-08,Raja,Chandoy/Dolo2,passable,0,,Raja – Chandoy/Dolo2,40MT,
77,2024-11-08,Mundri,Maridi,passable,0,,Mundri - Maridi,40MT,
78,2024-11-08,Torit,Kapoeta,partially passable,1,,Torit – Kapoeta,20MT,
79,2024-11-08,Mayendit,Mirmir,impassable,2,Rupkuai,Mayendit – Rupkuai – Mir mir,,
80,2024-11-08,Mirmir,Leer,impassable,2,,Mirmir – Leer,,
81,2024-11-08,Mankien,Mayom,impassable,2,,Mankien - Mayom,,
82,2024-11-08,Ajak Kuac,Mankien,impassable,2,,Ajak Kuac – Mankien,,
83,2024-11-08,Ayod,Pathai,impassable,2,,Ayod – Pathai,,
84,2024-11-08,Nyandit,Kiech Kon,impassable,2,,Nyandit - Kiech Kon,,
85,2024-11-08,Paloich,Jemaam,passable,0,Adar,Paloich – Adar – Jemaam,40MT,
86,2024-11-08,New Fangak,Kuernyang,impassable,2,,New Fangak – Kuernyang,,
87,2024-11-08,Paguir,Keew,impassable,2,,Paguir – Keew,,
88,2024-11-08,Baliet,Kiech Kon,impassable,2,Akwot,Baliet – Akwot – Kiech kon,,
89,2024-11-08,Wunrok,Gogrial,passable,0,,Wunrok – Gogrial,40MT,
90,2024-11-08,Deim Zubeir,Raja,partially passable,1,,Dim Zubeir – Raja,20MT,
91,2024-11-08,Aweil,Yith Pabol,impassable,2,,Aweil – Yith Pabol,,
92,2024-11-08,Kapoeta,Narus,passable,0,,Kapoeta – Narus,40MT,
93,2024-11-08,Melut,Paloich,passable,0,,Melut – Paloich,40MT,
94,2024-11-08,Wunrok,Abyei,partially passable,1,,Wunrok – Abyei,Specialized Trucks,
95,2024-11-08,Gogrial,Kuajok,passable,0,,Gogrial – Kuajok,40MT,
96,2024-11-08,Bentiu,Nhialdiu,impassable,2,,Bentiu – Nhialdiu,,
97,2024-11-08,Aluakluak,Mvolo,partially passable,1,,Aluakluak - Mvolo,20MT,
98,2024-11-08,Kilo 30,Manga Port,passable,0,,Kilo 30 – Manga Port,40MT,
99,2024-11-08,Gossinga,Raja,impassable,2,,Gossinga – Raja,,
100,2024-11-08,Gossinga,Raja,partially passable,1,Kapalala,Gossinga – Kapalala – Raja,20MT,
101,2024-11-08,Nyal,Ganyiel,impassable,2,,Nyal – Ganyiel,,
102,2024-11-08,Manyabol,Gadiang,impassable,2,,Manyabol – Gadiang,,
103,2024-11-08,Manyabol,Gumuruk,impassable,2,,Manyabol – Gumuruk,,
104,2024-11-08,Vertet,Labarab,impassable,2,,Vertet – Labarab,,
105,2024-11-08,Boma,Maruwa,impassable,2,,Boma – Maruwa,,
106,2024-11-08,Boma,Labarab,impassable,2,,Boma - Labarab,,
107,2024-11-08,Pibor,Vertet,impassable,2,,Pibor – Verthet,,
108,2024-11-08,Aduel,Amok Piny,partially passable,1,,Aduel – Amok Piny,Specialized Trucks,
109,2024-11-08,Lankien,Pading,impassable,2,Nyambor,Lankien – Nyambor – Pading,,
110,2024-11-08,Nyambor,Karam,impassable,2,Pading,Nyambor – Pading – Karam,,
111,2024-11-08,Pajut,Payuel,impassable,2,,Pajut – Payuel,,
112,2024-11-08,Aweil,Gogrial,partially passable,1,Akun,Aweil – Akun – Gogrial,20MT,
113,2024-11-08,Kapoeta,Chukudum,passable,0,,Kapoeta – Chukudum,40MT,
114,2024-11-08,Diabio,Ezo,passable,0,,Diabio – Ezo,40MT,
115,2024-11-08,Mvolo,Wulu,passable,0,,Mvolo – Wullu,40MT,
116,2024-11-08,Aluakluak,Mapuordit,partially passable,1,,Aluakluak - Mapuordit,20MT,
117,2024-11-08,Narus,Nadapal,passable,0,,Narus – Nadapal,40MT,
118,2024-11-08,Bentiu,Kilo 30,partially passable,1,,Bentiu – Kilo30,20MT,
119,2024-11-08,Gadiang,Yuai,impassable,2,,Gadiang – Yuai,,
120,2024-11-08,Pathai,Fatuet,impassable,2,,Pathai – Fatuet,,
121,2024-11-08,Walgak,Kaikuny,impassable,2,,Walgak – Kaikuny,,
122,2024-11-08,Yuai,Walgak,impassable,2,Motot; Waat,Yuai – Motot – Waat – Walgak,,
123,2024-11-08,Kuron,Boma,impassable,2,,Kuron – Boma,,
124,2024-11-08,Kapoeta,Kassangor,impassable,2,,Kapoeta – Kassangor,,
125,2024-11-08,Rumbek,Maper (Lakes),impassable,2,,Rumbek – Maper (Lakes),,
126,2024-11-08,Maruwa,Labarab,impassable,2,,Maruwa – Labarab,,
127,2024-11-08,Koch,Mirmir,impassable,2,,Koch – Mirmir,,
128,2024-11-08,Adok,Leer,impassable,2,Piling,Adok – Piling – Leer,,
129,2024-11-08,Lainya,Yei,passable,0,,Lainya – Yei,40MT,
130,2024-11-08,Mathiang,Udier,impassable,2,,Mathiang – Udier,,
131,2024-11-08,Gadiang,Payuel,impassable,2,,Gadiang – Payuel,,
132,2024-11-08,Ayod,Mogok,impassable,2,,Ayod – Mogok,,
133,2024-11-08,Kaikang,Kilo 30,impassable,2,Roriak; Mayom,(Kaikang – Roriak )(Mayom – Kilo 30),,alternative road listed as two separate stretches: Kaikang–Roriak and Mayom–Kilo 30
134,2024-11-08,Pariang,Ajuong Thok,passable,0,,Pariang – Ajuong Thok,40MT,
135,2024-11-08,Lafon,Imehejek,partially passable,1,,Lafon – Imehejek,20MT,
136,2024-11-08,Mabior,Gadiang,impassable,2,,Mabior – Gadiang,,
137,2024-11-08,Poktap,Payuel,impassable,2,,Poktap – Payuel,,
138,2024-11-08,Panakuach,Pariang,partially passable,1,,Panakuach – Pariang,20MT,new road; first appears 2024-11-01
139,2024-11-08,Mabior,Kongor,impassable,2,,Mabior – Kongor,,
1,2024-11-14,Kilo 30,Pariang,passable,0,,Kilo 30 – Pariang,40MT,
2,2024-11-14,Gemeiza,Bor,impassable,2,,Gemeiza – Bor,,
3,2024-11-14,Yida,Pariang,passable,0,,Yida - Pariang,40MT,
4,2024-11-14,Juba,Nimule,passable,0,,Juba – Nimule,40MT,
5,2024-11-14,Juba,Torit,partially passable,1,,Juba – Torit,20MT,
6,2024-11-14,Juba,Mangalla,passable,0,,Juba – Mangalla,40MT,
7,2024-11-14,Malakal,Baliet,impassable,2,,Malakal – Baliet,,
8,2024-11-14,Paloich,Renk,passable,0,,Paloich – Renk,40MT,
9,2024-11-14,Adar,Maban,partially passable,1,Jemaam,Adar – Jemaam – Maban,15MT,
10,2024-11-14,Abyei,Abiemnhom,impassable,2,,Abyei – Abienhom,,
11,2024-11-14,Aweil,Gossinga,partially passable,1,,Aweil – Gossinga,20MT,
12,2024-11-14,Pathai,Walgak,impassable,2,Motot,Pathai – Motot – Walgak,,
13,2024-11-14,Juba,Lainya,passable,0,,Juba – Lainya,40MT,
14,2024-11-14,Maridi,Yambio,passable,0,,Maridi – Yambio,40MT,
15,2024-11-14,Juba,Kajo Keji,passable,0,,Juba – Kajo Keji,40MT,
16,2024-11-14,Juba,Terakeka,impassable,2,,Juba – Terakeka,,
17,2024-11-14,Narus,Kuron,impassable,2,,Narus – Kuron,,
18,2024-11-14,Mundri,Mvolo,passable,0,,Mundri - Mvolo,40MT,
19,2024-11-14,Mangalla,Gemeiza,passable,0,,Mangalla – Gemeiza,40MT,
20,2024-11-14,Mathiang,Maiwut,impassable,2,,Mathiang – Maiwut,,
21,2024-11-14,Tonj,Langdit,passable,0,,Tonj – Langdit,40MT,
22,2024-11-14,Terakeka,Mundri,passable,0,Tali,Terakeka – Tali – Mundri,40MT,
23,2024-11-14,Terakeka,Mingkaman,partially passable,1,,Terakeka – Mingkaman,20MT,
24,2024-11-14,Torit,Magwi,passable,0,,Torit – Magwi,40MT,
25,2024-11-14,Hiyala,Ikotos,passable,0,,Hiyala – Ikotos,40MT,
26,2024-11-14,Torit,Lafon,partially passable,1,,Torit – Lafon,20MT,
27,2024-11-14,Wau,Thar Kueng,passable,0,,Wau – Thar Kueng,40MT,
28,2024-11-14,Wau,Tonj,passable,0,,Wau – Tonj,40MT,
29,2024-11-14,Wau,Akuem,passable,0,Aweil,Wau – Aweil – Akuem,40MT,
30,2024-11-14,Likuangole,Akobo,impassable,2,,Likuangole – Akobo,,
31,2024-11-14,Amok Piny,Madol,impassable,2,,Amok Piny – Madol,,
32,2024-11-14,Akwot,Nasser,impassable,2,,Akwot – Nasser,,
33,2024-11-14,Guit,Koch,impassable,2,,Guit – Koch,,
34,2024-11-14,Abiemnhom,Mayom,partially passable,1,,Abiemnhom – Mayom,Specialized Trucks,
35,2024-11-14,Kilo 30,Kaikang,impassable,2,Tumor; Mayom,Kilo30 –Tumor – Mayom – Kaikang,,
36,2024-11-14,Boma,Pochala,impassable,2,,Boma – Pochala,,
37,2024-11-14,Bor,Gadiang,impassable,2,,Bor – Gadiang,,
38,2024-11-14,Bor,Baidit,partially passable,1,,Bor – Baidit,20MT,
39,2024-11-14,Pengko,Manyabol,impassable,2,,Pengko – Manyabol,,
40,2024-11-14,Baidit,Duk Padiet,impassable,2,Mabior,Baidit – Mabior – Duk Padiet,,
41,2024-11-14,Gadiang,Akobo,impassable,2,,Gadiang – Akobo,,
42,2024-11-14,Juba,Lafon,impassable,2,,Juba – Lafon,,
43,2024-11-14,Adar,Mathiang,impassable,2,,Adar – Mathiang,,
44,2024-11-14,Maper (Lakes),Dablual,impassable,2,,Maper (Lakes) – Dablual,,
45,2024-11-14,Akobo,Kaikuny,impassable,2,,Akobo – Kainuny,,
46,2024-11-14,Motot,Lankien,impassable,2,,Motot – Lankein,,
47,2024-11-14,Wau,Deim Zubeir,partially passable,1,,Wau – Deim Zubeir,20MT,
48,2024-11-14,Wau,Tambura,partially passable,1,,Wau – Tambura,20MT,
49,2024-11-14,Yirol,Shambe,partially passable,1,,Yirol – Shambe,20MT,
50,2024-11-14,Aluakluak,Yirol,partially passable,1,,Aluakluak - Yirol,20MT,
51,2024-11-14,Rumbek,Langdit,passable,0,,Rumbek - Langdit,40MT,
52,2024-11-14,Aluakluak,Rumbek,partially passable,1,,Aluakluak – Rumbek,20MT,
53,2024-11-14,Wunrok,Abiemnhom,partially passable,1,Turalei,Wunrok – Turalei – Abiemnhom,20MT,
54,2024-11-14,Kilo 30,Panakuach,passable,0,Roriak,Kilo 30 – Roriak – Panakuach,40MT,
55,2024-11-14,Ding Ding,Koch,impassable,2,,Ding ding - Koch,,
56,2024-11-14,Bentiu,Dhorbor,impassable,2,,Bentiu – Dhorbor,,
57,2024-11-14,Dhorbor,Guit,impassable,2,,Dhorbor – Guit,,
58,2024-11-14,Guit,Ding Ding,impassable,2,,Guit – Ding Ding,,
59,2024-11-14,Gumuruk,Pibor,impassable,2,,Gumuruk – Pibor,,
60,2024-11-14,Bor,Pengko,impassable,2,,Bor – Pengko,,
61,2024-11-14,Duk Padiet,Pajut,impassable,2,,Duk Padiat – Pajut,,
62,2024-11-14,Yuai,Karam,impassable,2,Pathai,Yaui – Pathai – Karam,,
63,2024-11-14,Yuai,Motot,impassable,2,Pieri,Yaui – Pieri – Motot,,
64,2024-11-14,Yuai,Pajut,impassable,2,,Yaui – Pajut,,
65,2024-11-14,Wulu,Rumbek,passable,0,,Wulu – Rumbek,40MT,
66,2024-11-14,Pibor,Likuangole,impassable,2,,Pibor – Likuangole,,
67,2024-11-14,Mingkaman,Yirol,partially passable,1,,Mingkaman – Yirol,20MT,
68,2024-11-14,Yambio,Tambura,passable,0,,Yambio – Tambura,40MT,
69,2024-11-14,Juba,Mundri,passable,0,,Juba – Mundri,40MT,
70,2024-11-14,Kodok,Paloich,impassable,2,,Kodok – Paloich,,
71,2024-11-14,Malakal,Kodok,impassable,2,,Malakal – Kodok,,
72,2024-11-14,Thar Kueng,Kuajok,passable,0,,Thar Kueng - Kuajok,40MT,
73,2024-11-14,Bentiu,Guit,partially passable,1,,Bentiu – Guit,20MT,
74,2024-11-14,Duk Padiet,Ayod,impassable,2,,Duk Padiet – Ayod,,
75,2024-11-14,Guit,Mirmir,impassable,2,,Guit – Mir mir,,
76,2024-11-14,Raja,Chandoy/Dolo2,passable,0,,Raja – Chandoy/Dolo2,40MT,
77,2024-11-14,Mundri,Maridi,passable,0,,Mundri - Maridi,40MT,
78,2024-11-14,Torit,Kapoeta,partially passable,1,,Torit – Kapoeta,20MT,
79,2024-11-14,Mayendit,Mirmir,impassable,2,Rupkuai,Mayendit – Rupkuai – Mir mir,,
80,2024-11-14,Mirmir,Leer,impassable,2,,Mirmir – Leer,,
81,2024-11-14,Mankien,Mayom,impassable,2,,Mankien - Mayom,,
82,2024-11-14,Ajak Kuac,Mankien,impassable,2,,Ajak Kuac – Mankien,,
83,2024-11-14,Ayod,Pathai,impassable,2,,Ayod – Pathai,,
84,2024-11-14,Nyandit,Kiech Kon,impassable,2,,Nyandit - Kiech Kon,,
85,2024-11-14,Paloich,Jemaam,passable,0,Adar,Paloich – Adar – Jemaam,40MT,
86,2024-11-14,New Fangak,Kuernyang,impassable,2,,New Fangak – Kuernyang,,
87,2024-11-14,Paguir,Keew,impassable,2,,Paguir – Keew,,
88,2024-11-14,Baliet,Kiech Kon,impassable,2,Akwot,Baliet – Akwot – Kiech kon,,
89,2024-11-14,Wunrok,Gogrial,passable,0,,Wunrok – Gogrial,40MT,
90,2024-11-14,Deim Zubeir,Raja,partially passable,1,,Dim Zubeir – Raja,20MT,
91,2024-11-14,Aweil,Yith Pabol,impassable,2,,Aweil – Yith Pabol,,
92,2024-11-14,Kapoeta,Narus,passable,0,,Kapoeta – Narus,40MT,
93,2024-11-14,Melut,Paloich,passable,0,,Melut – Paloich,40MT,
94,2024-11-14,Wunrok,Abyei,partially passable,1,,Wunrok – Abyei,Specialized Trucks,
95,2024-11-14,Gogrial,Kuajok,passable,0,,Gogrial – Kuajok,40MT,
96,2024-11-14,Bentiu,Nhialdiu,impassable,2,,Bentiu – Nhialdiu,,
97,2024-11-14,Aluakluak,Mvolo,partially passable,1,,Aluakluak - Mvolo,20MT,
98,2024-11-14,Kilo 30,Manga Port,passable,0,,Kilo 30 – Manga Port,40MT,
99,2024-11-14,Gossinga,Raja,impassable,2,,Gossinga – Raja,,
100,2024-11-14,Gossinga,Raja,partially passable,1,Kapalala,Gossinga – Kapalala – Raja,20MT,
101,2024-11-14,Nyal,Ganyiel,impassable,2,,Nyal – Ganyiel,,
102,2024-11-14,Manyabol,Gadiang,impassable,2,,Manyabol – Gadiang,,
103,2024-11-14,Manyabol,Gumuruk,impassable,2,,Manyabol – Gumuruk,,
104,2024-11-14,Vertet,Labarab,impassable,2,,Vertet – Labarab,,
105,2024-11-14,Boma,Maruwa,impassable,2,,Boma – Maruwa,,
106,2024-11-14,Boma,Labarab,impassable,2,,Boma - Labarab,,
107,2024-11-14,Pibor,Vertet,impassable,2,,Pibor – Verthet,,
108,2024-11-14,Aduel,Amok Piny,partially passable,1,,Aduel – Amok Piny,Specialized Trucks,
109,2024-11-14,Lankien,Pading,impassable,2,Nyambor,Lankien – Nyambor – Pading,,
110,2024-11-14,Nyambor,Karam,impassable,2,Pading,Nyambor – Pading – Karam,,
111,2024-11-14,Pajut,Payuel,impassable,2,,Pajut – Payuel,,
112,2024-11-14,Aweil,Gogrial,partially passable,1,Akun,Aweil – Akun – Gogrial,20MT,
113,2024-11-14,Kapoeta,Chukudum,passable,0,,Kapoeta – Chukudum,40MT,
114,2024-11-14,Diabio,Ezo,passable,0,,Diabio – Ezo,40MT,
115,2024-11-14,Mvolo,Wulu,passable,0,,Mvolo – Wullu,40MT,
116,2024-11-14,Aluakluak,Mapuordit,partially passable,1,,Aluakluak - Mapuordit,20MT,
117,2024-11-14,Narus,Nadapal,passable,0,,Narus – Nadapal,40MT,
118,2024-11-14,Bentiu,Kilo 30,partially passable,1,,Bentiu – Kilo30,20MT,
119,2024-11-14,Gadiang,Yuai,impassable,2,,Gadiang – Yuai,,
120,2024-11-14,Pathai,Fatuet,impassable,2,,Pathai – Fatuet,,
121,2024-11-14,Walgak,Kaikuny,impassable,2,,Walgak – Kaikuny,,
122,2024-11-14,Yuai,Walgak,impassable,2,Motot; Waat,Yuai – Motot – Waat – Walgak,,
123,2024-11-14,Kuron,Boma,impassable,2,,Kuron – Boma,,
124,2024-11-14,Kapoeta,Kassangor,impassable,2,,Kapoeta – Kassangor,,
125,2024-11-14,Rumbek,Maper (Lakes),impassable,2,,Rumbek – Maper (Lakes),,
126,2024-11-14,Maruwa,Labarab,impassable,2,,Maruwa – Labarab,,
127,2024-11-14,Koch,Mirmir,impassable,2,,Koch – Mirmir,,
128,2024-11-14,Adok,Leer,impassable,2,Piling,Adok – Piling – Leer,,
129,2024-11-14,Lainya,Yei,passable,0,,Lainya – Yei,40MT,
130,2024-11-14,Mathiang,Udier,impassable,2,,Mathiang – Udier,,
131,2024-11-14,Gadiang,Payuel,impassable,2,,Gadiang – Payuel,,
132,2024-11-14,Ayod,Mogok,impassable,2,,Ayod – Mogok,,
133,2024-11-14,Kaikang,Kilo 30,impassable,2,Roriak; Mayom,(Kaikang – Roriak )(Mayom – Kilo 30),,alternative road listed as two separate stretches: Kaikang–Roriak and Mayom–Kilo 30
134,2024-11-14,Pariang,Ajuong Thok,passable,0,,Pariang – Ajuong Thok,40MT,
135,2024-11-14,Lafon,Imehejek,partially passable,1,,Lafon – Imehejek,20MT,
136,2024-11-14,Mabior,Gadiang,impassable,2,,Mabior – Gadiang,,
137,2024-11-14,Poktap,Payuel,impassable,2,,Poktap – Payuel,,
138,2024-11-14,Panakuach,Pariang,partially passable,1,,Panakuach – Pariang,20MT,new road; first appears 2024-11-01
139,2024-11-14,Mabior,Kongor,impassable,2,,Mabior – Kongor,,
1,2024-11-23,Kilo 30,Pariang,passable,0,,Kilo 30 – Pariang,40MT,
2,2024-11-23,Gemeiza,Bor,impassable,2,,Gemeiza – Bor,,
3,2024-11-23,Yida,Pariang,passable,0,,Yida - Pariang,40MT,
4,2024-11-23,Juba,Nimule,passable,0,,Juba – Nimule,40MT,
5,2024-11-23,Juba,Torit,partially passable,1,,Juba – Torit,20MT,
6,2024-11-23,Juba,Mangalla,passable,0,,Juba – Mangalla,40MT,
7,2024-11-23,Malakal,Baliet,impassable,2,,Malakal – Baliet,,
8,2024-11-23,Paloich,Renk,passable,0,,Paloich – Renk,40MT,
9,2024-11-23,Adar,Maban,partially passable,1,Jemaam,Adar – Jemaam – Maban,15MT,
10,2024-11-23,Abyei,Abiemnhom,impassable,2,,Abyei – Abienhom,,
11,2024-11-23,Aweil,Gossinga,partially passable,1,,Aweil – Gossinga,20MT,
12,2024-11-23,Pathai,Walgak,impassable,2,Motot,Pathai – Motot – Walgak,,
13,2024-11-23,Juba,Lainya,passable,0,,Juba – Lainya,40MT,
14,2024-11-23,Maridi,Yambio,passable,0,,Maridi – Yambio,40MT,
15,2024-11-23,Juba,Kajo Keji,passable,0,,Juba – Kajo Keji,40MT,
16,2024-11-23,Juba,Terakeka,impassable,2,,Juba – Terakeka,,
17,2024-11-23,Narus,Kuron,impassable,2,,Narus – Kuron,,
18,2024-11-23,Mundri,Mvolo,passable,0,,Mundri - Mvolo,40MT,
19,2024-11-23,Mangalla,Gemeiza,passable,0,,Mangalla – Gemeiza,40MT,
20,2024-11-23,Mathiang,Maiwut,impassable,2,,Mathiang – Maiwut,,
21,2024-11-23,Tonj,Langdit,passable,0,,Tonj – Langdit,40MT,
22,2024-11-23,Terakeka,Mundri,passable,0,Tali,Terakeka – Tali – Mundri,40MT,
23,2024-11-23,Terakeka,Mingkaman,partially passable,1,,Terakeka – Mingkaman,20MT,
24,2024-11-23,Torit,Magwi,passable,0,,Torit – Magwi,40MT,
25,2024-11-23,Hiyala,Ikotos,passable,0,,Hiyala – Ikotos,40MT,
26,2024-11-23,Torit,Lafon,partially passable,1,,Torit – Lafon,20MT,
27,2024-11-23,Wau,Thar Kueng,passable,0,,Wau – Thar Kueng,40MT,
28,2024-11-23,Wau,Tonj,passable,0,,Wau – Tonj,40MT,
29,2024-11-23,Wau,Akuem,passable,0,Aweil,Wau – Aweil – Akuem,40MT,
30,2024-11-23,Likuangole,Akobo,impassable,2,,Likuangole – Akobo,,
31,2024-11-23,Amok Piny,Madol,impassable,2,,Amok Piny – Madol,,
32,2024-11-23,Akwot,Nasser,impassable,2,,Akwot – Nasser,,
33,2024-11-23,Guit,Koch,impassable,2,,Guit – Koch,,
34,2024-11-23,Abiemnhom,Mayom,partially passable,1,,Abiemnhom – Mayom,Specialized Trucks,
35,2024-11-23,Kilo 30,Kaikang,impassable,2,Tumor; Mayom,Kilo30 –Tumor – Mayom – Kaikang,,
36,2024-11-23,Boma,Pochala,impassable,2,,Boma – Pochala,,
37,2024-11-23,Bor,Gadiang,impassable,2,,Bor – Gadiang,,
38,2024-11-23,Bor,Baidit,partially passable,1,,Bor – Baidit,20MT,
39,2024-11-23,Pengko,Manyabol,impassable,2,,Pengko – Manyabol,,
40,2024-11-23,Baidit,Duk Padiet,impassable,2,Mabior,Baidit – Mabior – Duk Padiet,,
41,2024-11-23,Gadiang,Akobo,impassable,2,,Gadiang – Akobo,,
42,2024-11-23,Juba,Lafon,impassable,2,,Juba – Lafon,,
43,2024-11-23,Adar,Mathiang,impassable,2,,Adar – Mathiang,,
44,2024-11-23,Maper (Lakes),Dablual,impassable,2,,Maper (Lakes) – Dablual,,
45,2024-11-23,Akobo,Kaikuny,impassable,2,,Akobo – Kainuny,,
46,2024-11-23,Motot,Lankien,impassable,2,,Motot – Lankein,,
47,2024-11-23,Wau,Deim Zubeir,partially passable,1,,Wau – Deim Zubeir,20MT,
48,2024-11-23,Wau,Tambura,partially passable,1,,Wau – Tambura,20MT,
49,2024-11-23,Yirol,Shambe,partially passable,1,,Yirol – Shambe,20MT,
50,2024-11-23,Aluakluak,Yirol,partially passable,1,,Aluakluak - Yirol,20MT,
51,2024-11-23,Rumbek,Langdit,passable,0,,Rumbek - Langdit,40MT,
52,2024-11-23,Aluakluak,Rumbek,partially passable,1,,Aluakluak – Rumbek,20MT,
53,2024-11-23,Wunrok,Abiemnhom,partially passable,1,Turalei,Wunrok – Turalei – Abiemnhom,20MT,
54,2024-11-23,Kilo 30,Panakuach,passable,0,Roriak,Kilo 30 – Roriak – Panakuach,40MT,
55,2024-11-23,Ding Ding,Koch,impassable,2,,Ding ding - Koch,,
56,2024-11-23,Bentiu,Dhorbor,impassable,2,,Bentiu – Dhorbor,,
57,2024-11-23,Dhorbor,Guit,impassable,2,,Dhorbor – Guit,,
58,2024-11-23,Guit,Ding Ding,impassable,2,,Guit – Ding Ding,,
59,2024-11-23,Gumuruk,Pibor,impassable,2,,Gumuruk – Pibor,,
60,2024-11-23,Bor,Pengko,impassable,2,,Bor – Pengko,,
61,2024-11-23,Duk Padiet,Pajut,impassable,2,,Duk Padiat – Pajut,,
62,2024-11-23,Yuai,Karam,impassable,2,Pathai,Yaui – Pathai – Karam,,
63,2024-11-23,Yuai,Motot,impassable,2,Pieri,Yaui – Pieri – Motot,,
64,2024-11-23,Yuai,Pajut,impassable,2,,Yaui – Pajut,,
65,2024-11-23,Wulu,Rumbek,passable,0,,Wulu – Rumbek,40MT,
66,2024-11-23,Pibor,Likuangole,impassable,2,,Pibor – Likuangole,,
67,2024-11-23,Mingkaman,Yirol,partially passable,1,,Mingkaman – Yirol,20MT,
68,2024-11-23,Yambio,Tambura,passable,0,,Yambio – Tambura,40MT,
69,2024-11-23,Juba,Mundri,passable,0,,Juba – Mundri,40MT,
70,2024-11-23,Kodok,Paloich,impassable,2,,Kodok – Paloich,,
71,2024-11-23,Malakal,Kodok,impassable,2,,Malakal – Kodok,,
72,2024-11-23,Thar Kueng,Kuajok,passable,0,,Thar Kueng - Kuajok,40MT,
73,2024-11-23,Bentiu,Guit,partially passable,1,,Bentiu – Guit,20MT,
74,2024-11-23,Duk Padiet,Ayod,impassable,2,,Duk Padiet – Ayod,,
75,2024-11-23,Guit,Mirmir,impassable,2,,Guit – Mir mir,,
76,2024-11-23,Raja,Chandoy/Dolo2,passable,0,,Raja – Chandoy/Dolo2,40MT,
77,2024-11-23,Mundri,Maridi,passable,0,,Mundri - Maridi,40MT,
78,2024-11-23,Torit,Kapoeta,partially passable,1,,Torit – Kapoeta,20MT,
79,2024-11-23,Mayendit,Mirmir,impassable,2,Rupkuai,Mayendit – Rupkuai – Mir mir,,
80,2024-11-23,Mirmir,Leer,impassable,2,,Mirmir – Leer,,
81,2024-11-23,Mankien,Mayom,impassable,2,,Mankien - Mayom,,
82,2024-11-23,Ajak Kuac,Mankien,impassable,2,,Ajak Kuac – Mankien,,
83,2024-11-23,Ayod,Pathai,impassable,2,,Ayod – Pathai,,
84,2024-11-23,Nyandit,Kiech Kon,impassable,2,,Nyandit - Kiech Kon,,
85,2024-11-23,Paloich,Jemaam,passable,0,Adar,Paloich – Adar – Jemaam,40MT,
86,2024-11-23,New Fangak,Kuernyang,impassable,2,,New Fangak – Kuernyang,,
87,2024-11-23,Paguir,Keew,impassable,2,,Paguir – Keew,,
88,2024-11-23,Baliet,Kiech Kon,impassable,2,Akwot,Baliet – Akwot – Kiech kon,,
89,2024-11-23,Wunrok,Gogrial,passable,0,,Wunrok – Gogrial,40MT,
90,2024-11-23,Deim Zubeir,Raja,partially passable,1,,Dim Zubeir – Raja,20MT,
91,2024-11-23,Aweil,Yith Pabol,impassable,2,,Aweil – Yith Pabol,,
92,2024-11-23,Kapoeta,Narus,passable,0,,Kapoeta – Narus,40MT,
93,2024-11-23,Melut,Paloich,passable,0,,Melut – Paloich,40MT,
94,2024-11-23,Wunrok,Abyei,partially passable,1,,Wunrok – Abyei,Specialized Trucks,
95,2024-11-23,Gogrial,Kuajok,passable,0,,Gogrial – Kuajok,40MT,
96,2024-11-23,Bentiu,Nhialdiu,impassable,2,,Bentiu – Nhialdiu,,
97,2024-11-23,Aluakluak,Mvolo,partially passable,1,,Aluakluak - Mvolo,20MT,
98,2024-11-23,Kilo 30,Manga Port,passable,0,,Kilo 30 – Manga Port,40MT,
99,2024-11-23,Gossinga,Raja,impassable,2,,Gossinga – Raja,,
100,2024-11-23,Gossinga,Raja,partially passable,1,Kapalala,Gossinga – Kapalala – Raja,20MT,
101,2024-11-23,Nyal,Ganyiel,impassable,2,,Nyal – Ganyiel,,
102,2024-11-23,Manyabol,Gadiang,impassable,2,,Manyabol – Gadiang,,
103,2024-11-23,Manyabol,Gumuruk,impassable,2,,Manyabol – Gumuruk,,
104,2024-11-23,Vertet,Labarab,impassable,2,,Vertet – Labarab,,
105,2024-11-23,Boma,Maruwa,impassable,2,,Boma – Maruwa,,
106,2024-11-23,Boma,Labarab,impassable,2,,Boma - Labarab,,
107,2024-11-23,Pibor,Vertet,impassable,2,,Pibor – Verthet,,
108,2024-11-23,Aduel,Amok Piny,partially passable,1,,Aduel – Amok Piny,Specialized Trucks,
109,2024-11-23,Lankien,Pading,impassable,2,Nyambor,Lankien – Nyambor – Pading,,
110,2024-11-23,Nyambor,Karam,impassable,2,Pading,Nyambor – Pading – Karam,,
111,2024-11-23,Pajut,Payuel,impassable,2,,Pajut – Payuel,,
112,2024-11-23,Aweil,Gogrial,partially passable,1,Akun,Aweil – Akun – Gogrial,20MT,
113,2024-11-23,Kapoeta,Chukudum,passable,0,,Kapoeta – Chukudum,40MT,
114,2024-11-23,Diabio,Ezo,passable,0,,Diabio – Ezo,40MT,
115,2024-11-23,Mvolo,Wulu,passable,0,,Mvolo – Wullu,40MT,
116,2024-11-23,Aluakluak,Mapuordit,partially passable,1,,Aluakluak - Mapuordit,20MT,
117,2024-11-23,Narus,Nadapal,passable,0,,Narus – Nadapal,40MT,
118,2024-11-23,Bentiu,Kilo 30,partially passable,1,,Bentiu – Kilo30,20MT,
119,2024-11-23,Gadiang,Yuai,impassable,2,,Gadiang – Yuai,,
120,2024-11-23,Pathai,Fatuet,impassable,2,,Pathai – Fatuet,,
121,2024-11-23,Walgak,Kaikuny,impassable,2,,Walgak – Kaikuny,,
122,2024-11-23,Yuai,Walgak,impassable,2,Motot; Waat,Yuai – Motot – Waat – Walgak,,
123,2024-11-23,Kuron,Boma,impassable,2,,Kuron – Boma,,
124,2024-11-23,Kapoeta,Kassangor,impassable,2,,Kapoeta – Kassangor,,
125,2024-11-23,Rumbek,Maper (Lakes),impassable,2,,Rumbek – Maper (Lakes),,
126,2024-11-23,Maruwa,Labarab,impassable,2,,Maruwa – Labarab,,
127,2024-11-23,Koch,Mirmir,impassable,2,,Koch – Mirmir,,
128,2024-11-23,Adok,Leer,impassable,2,Piling,Adok – Piling – Leer,,
129,2024-11-23,Lainya,Yei,passable,0,,Lainya – Yei,40MT,
130,2024-11-23,Mathiang,Udier,impassable,2,,Mathiang – Udier,,
131,2024-11-23,Gadiang,Payuel,impassable,2,,Gadiang – Payuel,,
132,2024-11-23,Ayod,Mogok,impassable,2,,Ayod – Mogok,,
133,2024-11-23,Kaikang,Kilo 30,impassable,2,Roriak; Mayom,(Kaikang – Roriak )(Mayom – Kilo 30),,alternative road listed as two separate stretches: Kaikang–Roriak and Mayom–Kilo 30
134,2024-11-23,Pariang,Ajuong Thok,passable,0,,Pariang – Ajuong Thok,40MT,
135,2024-11-23,Lafon,Imehejek,partially passable,1,,Lafon – Imehejek,20MT,
136,2024-11-23,Mabior,Gadiang,impassable,2,,Mabior – Gadiang,,
137,2024-11-23,Poktap,Payuel,impassable,2,,Poktap – Payuel,,
138,2024-11-23,Panakuach,Pariang,partially passable,1,,Panakuach – Pariang,20MT,new road; first appears 2024-11-01
139,2024-11-23,Mabior,Kongor,impassable,2,,Mabior – Kongor,,
1,2024-11-29,Kilo 30,Pariang,passable,0,,Kilo 30 – Pariang,40MT,
2,2024-11-29,Gemeiza,Bor,impassable,2,,Gemeiza – Bor,,
3,2024-11-29,Yida,Pariang,passable,0,,Yida - Pariang,40MT,
4,2024-11-29,Juba,Nimule,passable,0,,Juba – Nimule,40MT,
5,2024-11-29,Juba,Torit,partially passable,1,,Juba – Torit,20MT,
6,2024-11-29,Juba,Mangalla,passable,0,,Juba – Mangalla,40MT,
7,2024-11-29,Malakal,Baliet,impassable,2,,Malakal – Baliet,,
8,2024-11-29,Paloich,Renk,passable,0,,Paloich – Renk,40MT,
9,2024-11-29,Adar,Maban,partially passable,1,Jemaam,Adar – Jemaam – Maban,15MT,
10,2024-11-29,Abyei,Abiemnhom,impassable,2,,Abyei – Abienhom,,
11,2024-11-29,Aweil,Gossinga,partially passable,1,,Aweil – Gossinga,20MT,
12,2024-11-29,Pathai,Walgak,impassable,2,Motot,Pathai – Motot – Walgak,,
13,2024-11-29,Juba,Lainya,passable,0,,Juba – Lainya,40MT,
14,2024-11-29,Maridi,Yambio,passable,0,,Maridi – Yambio,40MT,
15,2024-11-29,Juba,Kajo Keji,passable,0,,Juba – Kajo Keji,40MT,
16,2024-11-29,Juba,Terakeka,impassable,2,,Juba – Terakeka,,
17,2024-11-29,Narus,Kuron,impassable,2,,Narus – Kuron,,
18,2024-11-29,Mundri,Mvolo,passable,0,,Mundri - Mvolo,40MT,
19,2024-11-29,Mangalla,Gemeiza,passable,0,,Mangalla – Gemeiza,40MT,
20,2024-11-29,Mathiang,Maiwut,impassable,2,,Mathiang – Maiwut,,
21,2024-11-29,Tonj,Langdit,passable,0,,Tonj – Langdit,40MT,
22,2024-11-29,Terakeka,Mundri,passable,0,Tali,Terakeka – Tali – Mundri,40MT,
23,2024-11-29,Terakeka,Mingkaman,partially passable,1,,Terakeka – Mingkaman,20MT,
24,2024-11-29,Torit,Magwi,passable,0,,Torit – Magwi,40MT,
25,2024-11-29,Hiyala,Ikotos,passable,0,,Hiyala – Ikotos,40MT,
26,2024-11-29,Torit,Lafon,partially passable,1,,Torit – Lafon,20MT,
27,2024-11-29,Wau,Thar Kueng,passable,0,,Wau – Thar Kueng,40MT,
28,2024-11-29,Wau,Tonj,passable,0,,Wau – Tonj,40MT,
29,2024-11-29,Wau,Akuem,passable,0,Aweil,Wau – Aweil – Akuem,40MT,
30,2024-11-29,Likuangole,Akobo,impassable,2,,Likuangole – Akobo,,
31,2024-11-29,Amok Piny,Madol,impassable,2,,Amok Piny – Madol,,
32,2024-11-29,Akwot,Nasser,impassable,2,,Akwot – Nasser,,
33,2024-11-29,Guit,Koch,impassable,2,,Guit – Koch,,
34,2024-11-29,Abiemnhom,Mayom,partially passable,1,,Abiemnhom – Mayom,Specialized Trucks,
35,2024-11-29,Kilo 30,Kaikang,impassable,2,Tumor; Mayom,Kilo30 –Tumor – Mayom – Kaikang,,
36,2024-11-29,Boma,Pochala,impassable,2,,Boma – Pochala,,
37,2024-11-29,Bor,Gadiang,impassable,2,,Bor – Gadiang,,
38,2024-11-29,Bor,Baidit,partially passable,1,,Bor – Baidit,20MT,
39,2024-11-29,Pengko,Manyabol,impassable,2,,Pengko – Manyabol,,
40,2024-11-29,Baidit,Duk Padiet,impassable,2,Mabior,Baidit – Mabior – Duk Padiet,,
41,2024-11-29,Gadiang,Akobo,impassable,2,,Gadiang – Akobo,,
42,2024-11-29,Juba,Lafon,impassable,2,,Juba – Lafon,,
43,2024-11-29,Adar,Mathiang,impassable,2,,Adar – Mathiang,,
44,2024-11-29,Maper (Lakes),Dablual,impassable,2,,Maper (Lakes) – Dablual,,
45,2024-11-29,Akobo,Kaikuny,impassable,2,,Akobo – Kainuny,,
46,2024-11-29,Motot,Lankien,impassable,2,,Motot – Lankein,,
47,2024-11-29,Wau,Deim Zubeir,partially passable,1,,Wau – Deim Zubeir,20MT,
48,2024-11-29,Wau,Tambura,partially passable,1,,Wau – Tambura,20MT,
49,2024-11-29,Yirol,Shambe,partially passable,1,,Yirol – Shambe,20MT,
50,2024-11-29,Aluakluak,Yirol,partially passable,1,,Aluakluak - Yirol,20MT,
51,2024-11-29,Rumbek,Langdit,passable,0,,Rumbek - Langdit,40MT,
52,2024-11-29,Aluakluak,Rumbek,partially passable,1,,Aluakluak – Rumbek,20MT,
53,2024-11-29,Wunrok,Abiemnhom,partially passable,1,Turalei,Wunrok – Turalei – Abiemnhom,20MT,
54,2024-11-29,Kilo 30,Panakuach,passable,0,Roriak,Kilo 30 – Roriak – Panakuach,40MT,
55,2024-11-29,Ding Ding,Koch,impassable,2,,Ding ding - Koch,,
56,2024-11-29,Bentiu,Dhorbor,impassable,2,,Bentiu – Dhorbor,,
57,2024-11-29,Dhorbor,Guit,impassable,2,,Dhorbor – Guit,,
58,2024-11-29,Guit,Ding Ding,impassable,2,,Guit – Ding Ding,,
59,2024-11-29,Gumuruk,Pibor,impassable,2,,Gumuruk – Pibor,,
60,2024-11-29,Bor,Pengko,impassable,2,,Bor – Pengko,,
61,2024-11-29,Duk Padiet,Pajut,impassable,2,,Duk Padiat – Pajut,,
62,2024-11-29,Yuai,Karam,impassable,2,Pathai,Yaui – Pathai – Karam,,
63,2024-11-29,Yuai,Motot,impassable,2,Pieri,Yaui – Pieri – Motot,,
64,2024-11-29,Yuai,Pajut,impassable,2,,Yaui – Pajut,,
65,2024-11-29,Wulu,Rumbek,passable,0,,Wulu – Rumbek,40MT,
66,2024-11-29,Pibor,Likuangole,impassable,2,,Pibor – Likuangole,,
67,2024-11-29,Mingkaman,Yirol,partially passable,1,,Mingkaman – Yirol,20MT,
68,2024-11-29,Yambio,Tambura,passable,0,,Yambio – Tambura,40MT,
69,2024-11-29,Juba,Mundri,passable,0,,Juba – Mundri,40MT,
70,2024-11-29,Kodok,Paloich,impassable,2,,Kodok – Paloich,,
71,2024-11-29,Malakal,Kodok,impassable,2,,Malakal – Kodok,,
72,2024-11-29,Thar Kueng,Kuajok,passable,0,,Thar Kueng - Kuajok,40MT,
73,2024-11-29,Bentiu,Guit,passable,0,,Bentiu – Guit,40MT,
74,2024-11-29,Duk Padiet,Ayod,impassable,2,,Duk Padiet – Ayod,,
75,2024-11-29,Guit,Mirmir,impassable,2,,Guit – Mir mir,,
76,2024-11-29,Raja,Chandoy/Dolo2,passable,0,,Raja – Chandoy/Dolo2,40MT,
77,2024-11-29,Mundri,Maridi,passable,0,,Mundri - Maridi,40MT,
78,2024-11-29,Torit,Kapoeta,partially passable,1,,Torit – Kapoeta,20MT,
79,2024-11-29,Mayendit,Mirmir,impassable,2,Rupkuai,Mayendit – Rupkuai – Mir mir,,
80,2024-11-29,Mirmir,Leer,impassable,2,,Mirmir – Leer,,
81,2024-11-29,Mankien,Mayom,impassable,2,,Mankien - Mayom,,
82,2024-11-29,Ajak Kuac,Mankien,impassable,2,,Ajak Kuac – Mankien,,
83,2024-11-29,Ayod,Pathai,impassable,2,,Ayod – Pathai,,
84,2024-11-29,Nyandit,Kiech Kon,impassable,2,,Nyandit - Kiech Kon,,
85,2024-11-29,Paloich,Jemaam,passable,0,Adar,Paloich – Adar – Jemaam,40MT,
86,2024-11-29,New Fangak,Kuernyang,impassable,2,,New Fangak – Kuernyang,,
87,2024-11-29,Paguir,Keew,impassable,2,,Paguir – Keew,,
88,2024-11-29,Baliet,Kiech Kon,impassable,2,Akwot,Baliet – Akwot – Kiech kon,,
89,2024-11-29,Wunrok,Gogrial,passable,0,,Wunrok – Gogrial,40MT,
90,2024-11-29,Deim Zubeir,Raja,partially passable,1,,Dim Zubeir – Raja,20MT,
91,2024-11-29,Aweil,Yith Pabol,impassable,2,,Aweil – Yith Pabol,,
92,2024-11-29,Kapoeta,Narus,passable,0,,Kapoeta – Narus,40MT,
93,2024-11-29,Melut,Paloich,passable,0,,Melut – Paloich,40MT,
94,2024-11-29,Wunrok,Abyei,partially passable,1,,Wunrok – Abyei,Specialized Trucks,
95,2024-11-29,Gogrial,Kuajok,passable,0,,Gogrial – Kuajok,40MT,
96,2024-11-29,Bentiu,Nhialdiu,impassable,2,,Bentiu – Nhialdiu,,
97,2024-11-29,Aluakluak,Mvolo,partially passable,1,,Aluakluak - Mvolo,20MT,
98,2024-11-29,Kilo 30,Manga Port,passable,0,,Kilo 30 – Manga Port,40MT,
99,2024-11-29,Gossinga,Raja,impassable,2,,Gossinga – Raja,,
100,2024-11-29,Gossinga,Raja,partially passable,1,Kapalala,Gossinga – Kapalala – Raja,20MT,
101,2024-11-29,Nyal,Ganyiel,impassable,2,,Nyal – Ganyiel,,
102,2024-11-29,Manyabol,Gadiang,impassable,2,,Manyabol – Gadiang,,
103,2024-11-29,Manyabol,Gumuruk,impassable,2,,Manyabol – Gumuruk,,
104,2024-11-29,Vertet,Labarab,impassable,2,,Vertet – Labarab,,
105,2024-11-29,Boma,Maruwa,impassable,2,,Boma – Maruwa,,
106,2024-11-29,Boma,Labarab,impassable,2,,Boma - Labarab,,
107,2024-11-29,Pibor,Vertet,impassable,2,,Pibor – Verthet,,
108,2024-11-29,Aduel,Amok Piny,partially passable,1,,Aduel – Amok Piny,Specialized Trucks,
109,2024-11-29,Lankien,Pading,impassable,2,Nyambor,Lankien – Nyambor – Pading,,
110,2024-11-29,Nyambor,Karam,impassable,2,Pading,Nyambor – Pading – Karam,,
111,2024-11-29,Pajut,Payuel,impassable,2,,Pajut – Payuel,,
112,2024-11-29,Aweil,Gogrial,partially passable,1,Akun,Aweil – Akun – Gogrial,20MT,
113,2024-11-29,Kapoeta,Chukudum,passable,0,,Kapoeta – Chukudum,40MT,
114,2024-11-29,Diabio,Ezo,passable,0,,Diabio – Ezo,40MT,
115,2024-11-29,Mvolo,Wulu,passable,0,,Mvolo – Wullu,40MT,
116,2024-11-29,Aluakluak,Mapuordit,partially passable,1,,Aluakluak - Mapuordit,20MT,
117,2024-11-29,Narus,Nadapal,passable,0,,Narus – Nadapal,40MT,
118,2024-11-29,Bentiu,Kilo 30,passable,0,,Bentiu – Kilo30,40MT,
119,2024-11-29,Gadiang,Yuai,impassable,2,,Gadiang – Yuai,,
120,2024-11-29,Pathai,Fatuet,impassable,2,,Pathai – Fatuet,,
121,2024-11-29,Walgak,Kaikuny,impassable,2,,Walgak – Kaikuny,,
122,2024-11-29,Yuai,Walgak,impassable,2,Motot; Waat,Yuai – Motot – Waat – Walgak,,
123,2024-11-29,Kuron,Boma,impassable,2,,Kuron – Boma,,
124,2024-11-29,Kapoeta,Kassangor,impassable,2,,Kapoeta – Kassangor,,
125,2024-11-29,Rumbek,Maper (Lakes),impassable,2,,Rumbek – Maper (Lakes),,
126,2024-11-29,Maruwa,Labarab,impassable,2,,Maruwa – Labarab,,
127,2024-11-29,Koch,Mirmir,impassable,2,,Koch – Mirmir,,
128,2024-11-29,Adok,Leer,impassable,2,Piling,Adok – Piling – Leer,,
129,2024-11-29,Lainya,Yei,passable,0,,Lainya – Yei,40MT,
130,2024-11-29,Mathiang,Udier,impassable,2,,Mathiang – Udier,,
131,2024-11-29,Gadiang,Payuel,impassable,2,,Gadiang – Payuel,,
132,2024-11-29,Ayod,Mogok,impassable,2,,Ayod – Mogok,,
133,2024-11-29,Kaikang,Kilo 30,impassable,2,Roriak; Mayom,(Kaikang – Roriak )(Mayom – Kilo 30),,alternative road listed as two separate stretches: Kaikang–Roriak and Mayom–Kilo 30
134,2024-11-29,Pariang,Ajuong Thok,passable,0,,Pariang – Ajuong Thok,40MT,
135,2024-11-29,Lafon,Imehejek,partially passable,1,,Lafon – Imehejek,20MT,
136,2024-11-29,Mabior,Gadiang,impassable,2,,Mabior – Gadiang,,
137,2024-11-29,Poktap,Payuel,impassable,2,,Poktap – Payuel,,
138,2024-11-29,Panakuach,Pariang,partially passable,1,,Panakuach – Pariang,20MT,new road; first appears 2024-11-01
139,2024-11-29,Mabior,Kongor,impassable,2,,Mabior – Kongor,,
1,2024-12-05,Kilo 30,Pariang,passable,0,,Kilo 30 – Pariang,40MT,
2,2024-12-05,Gemeiza,Bor,impassable,2,,Gemeiza – Bor,,
3,2024-12-05,Yida,Pariang,passable,0,,Yida - Pariang,40MT,
4,2024-12-05,Juba,Nimule,passable,0,,Juba – Nimule,40MT,
5,2024-12-05,Juba,Torit,partially passable,1,,Juba – Torit,20MT,
6,2024-12-05,Juba,Mangalla,passable,0,,Juba – Mangalla,40MT,
7,2024-12-05,Malakal,Baliet,impassable,2,,Malakal – Baliet,,
8,2024-12-05,Paloich,Renk,passable,0,,Paloich – Renk,40MT,
9,2024-12-05,Adar,Maban,partially passable,1,Jemaam,Adar – Jemaam – Maban,15MT,
10,2024-12-05,Abyei,Abiemnhom,impassable,2,,Abyei – Abienhom,,
11,2024-12-05,Aweil,Gossinga,partially passable,1,,Aweil – Gossinga,20MT,
12,2024-12-05,Pathai,Walgak,impassable,2,Motot,Pathai – Motot – Walgak,,
13,2024-12-05,Juba,Lainya,passable,0,,Juba – Lainya,40MT,
14,2024-12-05,Maridi,Yambio,passable,0,,Maridi – Yambio,40MT,
15,2024-12-05,Juba,Kajo Keji,passable,0,,Juba – Kajo Keji,40MT,
16,2024-12-05,Juba,Terakeka,impassable,2,,Juba – Terakeka,,
17,2024-12-05,Narus,Kuron,impassable,2,,Narus – Kuron,,
18,2024-12-05,Mundri,Mvolo,passable,0,,Mundri - Mvolo,40MT,
19,2024-12-05,Mangalla,Gemeiza,passable,0,,Mangalla – Gemeiza,40MT,
20,2024-12-05,Mathiang,Maiwut,impassable,2,,Mathiang – Maiwut,,
21,2024-12-05,Tonj,Langdit,passable,0,,Tonj – Langdit,40MT,
22,2024-12-05,Terakeka,Mundri,passable,0,Tali,Terakeka – Tali – Mundri,40MT,
23,2024-12-05,Terakeka,Mingkaman,partially passable,1,,Terakeka – Mingkaman,20MT,
24,2024-12-05,Torit,Magwi,passable,0,,Torit – Magwi,40MT,
25,2024-12-05,Hiyala,Ikotos,passable,0,,Hiyala – Ikotos,40MT,
26,2024-12-05,Torit,Lafon,partially passable,1,,Torit – Lafon,20MT,
27,2024-12-05,Wau,Thar Kueng,passable,0,,Wau – Thar Kueng,40MT,
28,2024-12-05,Wau,Tonj,passable,0,,Wau – Tonj,40MT,
29,2024-12-05,Wau,Akuem,passable,0,Aweil,Wau – Aweil – Akuem,40MT,
30,2024-12-05,Likuangole,Akobo,impassable,2,,Likuangole – Akobo,,
31,2024-12-05,Amok Piny,Madol,impassable,2,,Amok Piny – Madol,,
32,2024-12-05,Akwot,Nasser,impassable,2,,Akwot – Nasser,,
33,2024-12-05,Guit,Koch,impassable,2,,Guit – Koch,,
34,2024-12-05,Abiemnhom,Mayom,partially passable,1,,Abiemnhom – Mayom,Specialized Trucks,
35,2024-12-05,Kilo 30,Kaikang,impassable,2,Tumor; Mayom,Kilo30 –Tumor – Mayom – Kaikang,,
36,2024-12-05,Boma,Pochala,impassable,2,,Boma – Pochala,,
37,2024-12-05,Bor,Gadiang,impassable,2,,Bor – Gadiang,,
38,2024-12-05,Bor,Baidit,partially passable,1,,Bor – Baidit,20MT,
39,2024-12-05,Pengko,Manyabol,impassable,2,,Pengko – Manyabol,,
40,2024-12-05,Baidit,Duk Padiet,impassable,2,Mabior,Baidit – Mabior – Duk Padiet,,
41,2024-12-05,Gadiang,Akobo,impassable,2,,Gadiang – Akobo,,
42,2024-12-05,Juba,Lafon,impassable,2,,Juba – Lafon,,
43,2024-12-05,Adar,Mathiang,impassable,2,,Adar – Mathiang,,
44,2024-12-05,Maper (Lakes),Dablual,impassable,2,,Maper (Lakes) – Dablual,,
45,2024-12-05,Akobo,Kaikuny,impassable,2,,Akobo – Kainuny,,
46,2024-12-05,Motot,Lankien,impassable,2,,Motot – Lankein,,
47,2024-12-05,Wau,Deim Zubeir,partially passable,1,,Wau – Deim Zubeir,20MT,
48,2024-12-05,Wau,Tambura,partially passable,1,,Wau – Tambura,20MT,
49,2024-12-05,Yirol,Shambe,partially passable,1,,Yirol – Shambe,20MT,
50,2024-12-05,Aluakluak,Yirol,partially passable,1,,Aluakluak - Yirol,20MT,
51,2024-12-05,Rumbek,Langdit,passable,0,,Rumbek - Langdit,40MT,
52,2024-12-05,Aluakluak,Rumbek,partially passable,1,,Aluakluak – Rumbek,20MT,
53,2024-12-05,Wunrok,Abiemnhom,partially passable,1,Turalei,Wunrok – Turalei – Abiemnhom,20MT,
54,2024-12-05,Kilo 30,Panakuach,passable,0,Roriak,Kilo 30 – Roriak – Panakuach,40MT,
55,2024-12-05,Ding Ding,Koch,impassable,2,,Ding ding - Koch,,
56,2024-12-05,Bentiu,Dhorbor,impassable,2,,Bentiu – Dhorbor,,
57,2024-12-05,Dhorbor,Guit,impassable,2,,Dhorbor – Guit,,
58,2024-12-05,Guit,Ding Ding,impassable,2,,Guit – Ding Ding,,
59,2024-12-05,Gumuruk,Pibor,impassable,2,,Gumuruk – Pibor,,
60,2024-12-05,Bor,Pengko,impassable,2,,Bor – Pengko,,
61,2024-12-05,Duk Padiet,Pajut,impassable,2,,Duk Padiat – Pajut,,
62,2024-12-05,Yuai,Karam,impassable,2,Pathai,Yaui – Pathai – Karam,,
63,2024-12-05,Yuai,Motot,impassable,2,Pieri,Yaui – Pieri – Motot,,
64,2024-12-05,Yuai,Pajut,impassable,2,,Yaui – Pajut,,
65,2024-12-05,Wulu,Rumbek,passable,0,,Wulu – Rumbek,40MT,
66,2024-12-05,Pibor,Likuangole,impassable,2,,Pibor – Likuangole,,
67,2024-12-05,Mingkaman,Yirol,partially passable,1,,Mingkaman – Yirol,20MT,
68,2024-12-05,Yambio,Tambura,passable,0,,Yambio – Tambura,40MT,
69,2024-12-05,Juba,Mundri,passable,0,,Juba – Mundri,40MT,
70,2024-12-05,Kodok,Paloich,impassable,2,,Kodok – Paloich,,
71,2024-12-05,Malakal,Kodok,impassable,2,,Malakal – Kodok,,
72,2024-12-05,Thar Kueng,Kuajok,passable,0,,Thar Kueng - Kuajok,40MT,
73,2024-12-05,Bentiu,Guit,passable,0,,Bentiu – Guit,40MT,
74,2024-12-05,Duk Padiet,Ayod,impassable,2,,Duk Padiet – Ayod,,
75,2024-12-05,Guit,Mirmir,impassable,2,,Guit – Mir mir,,
76,2024-12-05,Raja,Chandoy/Dolo2,passable,0,,Raja – Chandoy/Dolo2,40MT,
77,2024-12-05,Mundri,Maridi,passable,0,,Mundri - Maridi,40MT,
78,2024-12-05,Torit,Kapoeta,partially passable,1,,Torit – Kapoeta,20MT,
79,2024-12-05,Mayendit,Mirmir,impassable,2,Rupkuai,Mayendit – Rupkuai – Mir mir,,
80,2024-12-05,Mirmir,Leer,impassable,2,,Mirmir – Leer,,
81,2024-12-05,Mankien,Mayom,impassable,2,,Mankien - Mayom,,
82,2024-12-05,Ajak Kuac,Mankien,impassable,2,,Ajak Kuac – Mankien,,
83,2024-12-05,Ayod,Pathai,impassable,2,,Ayod – Pathai,,
84,2024-12-05,Nyandit,Kiech Kon,impassable,2,,Nyandit - Kiech Kon,,
85,2024-12-05,Paloich,Jemaam,passable,0,Adar,Paloich – Adar – Jemaam,40MT,
86,2024-12-05,New Fangak,Kuernyang,impassable,2,,New Fangak – Kuernyang,,
87,2024-12-05,Paguir,Keew,impassable,2,,Paguir – Keew,,
88,2024-12-05,Baliet,Kiech Kon,impassable,2,Akwot,Baliet – Akwot – Kiech kon,,
89,2024-12-05,Wunrok,Gogrial,passable,0,,Wunrok – Gogrial,40MT,
90,2024-12-05,Deim Zubeir,Raja,partially passable,1,,Dim Zubeir – Raja,20MT,
91,2024-12-05,Aweil,Yith Pabol,impassable,2,,Aweil – Yith Pabol,,
92,2024-12-05,Kapoeta,Narus,passable,0,,Kapoeta – Narus,40MT,
93,2024-12-05,Melut,Paloich,passable,0,,Melut – Paloich,40MT,
94,2024-12-05,Wunrok,Abyei,partially passable,1,,Wunrok – Abyei,Specialized Trucks,
95,2024-12-05,Gogrial,Kuajok,passable,0,,Gogrial – Kuajok,40MT,
96,2024-12-05,Bentiu,Nhialdiu,impassable,2,,Bentiu – Nhialdiu,,
97,2024-12-05,Aluakluak,Mvolo,partially passable,1,,Aluakluak - Mvolo,20MT,
98,2024-12-05,Kilo 30,Manga Port,passable,0,,Kilo 30 – Manga Port,40MT,
99,2024-12-05,Gossinga,Raja,impassable,2,,Gossinga – Raja,,
100,2024-12-05,Gossinga,Raja,partially passable,1,Kapalala,Gossinga – Kapalala – Raja,20MT,
101,2024-12-05,Nyal,Ganyiel,impassable,2,,Nyal – Ganyiel,,
102,2024-12-05,Manyabol,Gadiang,impassable,2,,Manyabol – Gadiang,,
103,2024-12-05,Manyabol,Gumuruk,impassable,2,,Manyabol – Gumuruk,,
104,2024-12-05,Vertet,Labarab,impassable,2,,Vertet – Labarab,,
105,2024-12-05,Boma,Maruwa,impassable,2,,Boma – Maruwa,,
106,2024-12-05,Boma,Labarab,impassable,2,,Boma - Labarab,,
107,2024-12-05,Pibor,Vertet,impassable,2,,Pibor – Verthet,,
108,2024-12-05,Aduel,Amok Piny,partially passable,1,,Aduel – Amok Piny,Specialized Trucks,
109,2024-12-05,Lankien,Pading,impassable,2,Nyambor,Lankien – Nyambor – Pading,,
110,2024-12-05,Nyambor,Karam,impassable,2,Pading,Nyambor – Pading – Karam,,
111,2024-12-05,Pajut,Payuel,impassable,2,,Pajut – Payuel,,
112,2024-12-05,Aweil,Gogrial,partially passable,1,Akun,Aweil – Akun – Gogrial,20MT,
113,2024-12-05,Kapoeta,Chukudum,passable,0,,Kapoeta – Chukudum,40MT,
114,2024-12-05,Diabio,Ezo,passable,0,,Diabio – Ezo,40MT,
115,2024-12-05,Mvolo,Wulu,passable,0,,Mvolo – Wullu,40MT,
116,2024-12-05,Aluakluak,Mapuordit,partially passable,1,,Aluakluak - Mapuordit,20MT,
117,2024-12-05,Narus,Nadapal,passable,0,,Narus – Nadapal,40MT,
118,2024-12-05,Bentiu,Kilo 30,passable,0,,Bentiu – Kilo30,40MT,
119,2024-12-05,Gadiang,Yuai,impassable,2,,Gadiang – Yuai,,
120,2024-12-05,Pathai,Fatuet,impassable,2,,Pathai – Fatuet,,
121,2024-12-05,Walgak,Kaikuny,impassable,2,,Walgak – Kaikuny,,
122,2024-12-05,Yuai,Walgak,impassable,2,Motot; Waat,Yuai – Motot – Waat – Walgak,,
123,2024-12-05,Kuron,Boma,impassable,2,,Kuron – Boma,,
124,2024-12-05,Kapoeta,Kassangor,impassable,2,,Kapoeta – Kassangor,,
125,2024-12-05,Rumbek,Maper (Lakes),impassable,2,,Rumbek – Maper (Lakes),,
126,2024-12-05,Maruwa,Labarab,impassable,2,,Maruwa – Labarab,,
127,2024-12-05,Koch,Mirmir,impassable,2,,Koch – Mirmir,,
128,2024-12-05,Adok,Leer,impassable,2,Piling,Adok – Piling – Leer,,
129,2024-12-05,Lainya,Yei,passable,0,,Lainya – Yei,40MT,
130,2024-12-05,Mathiang,Udier,impassable,2,,Mathiang – Udier,,
131,2024-12-05,Gadiang,Payuel,impassable,2,,Gadiang – Payuel,,
132,2024-12-05,Ayod,Mogok,impassable,2,,Ayod – Mogok,,
133,2024-12-05,Kaikang,Kilo 30,partially passable,1,Roriak; Mayom,(Kaikang – Roriak )(Mayom – Kilo 30),20MT,alternative road listed as two separate stretches: Kaikang–Roriak and Mayom–Kilo 30
134,2024-12-05,Pariang,Ajuong Thok,passable,0,,Pariang – Ajuong Thok,40MT,
135,2024-12-05,Lafon,Imehejek,partially passable,1,,Lafon – Imehejek,20MT,
136,2024-12-05,Mabior,Gadiang,impassable,2,,Mabior – Gadiang,,
137,2024-12-05,Poktap,Payuel,impassable,2,,Poktap – Payuel,,
138,2024-12-05,Panakuach,Pariang,partially passable,1,,Panakuach – Pariang,20MT,new road; first appears 2024-11-01
139,2024-12-05,Mabior,Kongor,impassable,2,,Mabior – Kongor,,
1,2024-12-12,Kilo 30,Pariang,passable,0,,Kilo 30 – Pariang,40MT,
2,2024-12-12,Gemeiza,Bor,impassable,2,,Gemeiza – Bor,,
3,2024-12-12,Yida,Pariang,passable,0,,Yida - Pariang,40MT,
4,2024-12-12,Juba,Nimule,passable,0,,Juba – Nimule,40MT,
5,2024-12-12,Juba,Torit,partially passable,1,,Juba – Torit,20MT,
6,2024-12-12,Juba,Mangalla,passable,0,,Juba – Mangalla,40MT,
7,2024-12-12,Malakal,Baliet,impassable,2,,Malakal – Baliet,,
8,2024-12-12,Paloich,Renk,passable,0,,Paloich – Renk,40MT,
9,2024-12-12,Adar,Maban,impassable,2,Jemaam,Adar – Jemaam – Maban,,
10,2024-12-12,Abyei,Abiemnhom,impassable,2,,Abyei – Abienhom,,
11,2024-12-12,Aweil,Gossinga,partially passable,1,,Aweil – Gossinga,20MT,
12,2024-12-12,Pathai,Walgak,impassable,2,Motot,Pathai – Motot – Walgak,,
13,2024-12-12,Juba,Lainya,passable,0,,Juba – Lainya,40MT,
14,2024-12-12,Maridi,Yambio,passable,0,,Maridi – Yambio,40MT,
15,2024-12-12,Juba,Kajo Keji,passable,0,,Juba – Kajo Keji,40MT,
16,2024-12-12,Juba,Terakeka,impassable,2,,Juba – Terakeka,,
17,2024-12-12,Narus,Kuron,impassable,2,,Narus – Kuron,,
18,2024-12-12,Mundri,Mvolo,passable,0,,Mundri - Mvolo,40MT,
19,2024-12-12,Mangalla,Gemeiza,passable,0,,Mangalla – Gemeiza,40MT,
20,2024-12-12,Mathiang,Maiwut,impassable,2,,Mathiang – Maiwut,,
21,2024-12-12,Tonj,Langdit,passable,0,,Tonj – Langdit,40MT,
22,2024-12-12,Terakeka,Mundri,passable,0,Tali,Terakeka – Tali – Mundri,40MT,
23,2024-12-12,Terakeka,Mingkaman,partially passable,1,,Terakeka – Mingkaman,20MT,
24,2024-12-12,Torit,Magwi,passable,0,,Torit – Magwi,40MT,
25,2024-12-12,Hiyala,Ikotos,passable,0,,Hiyala – Ikotos,40MT,
26,2024-12-12,Torit,Lafon,partially passable,1,,Torit – Lafon,20MT,
27,2024-12-12,Wau,Thar Kueng,passable,0,,Wau – Thar Kueng,40MT,
28,2024-12-12,Wau,Tonj,passable,0,,Wau – Tonj,40MT,
29,2024-12-12,Wau,Akuem,passable,0,Aweil,Wau – Aweil – Akuem,40MT,
30,2024-12-12,Likuangole,Akobo,impassable,2,,Likuangole – Akobo,,
31,2024-12-12,Amok Piny,Madol,impassable,2,,Amok Piny – Madol,,
32,2024-12-12,Akwot,Nasser,impassable,2,,Akwot – Nasser,,
33,2024-12-12,Guit,Koch,impassable,2,,Guit – Koch,,
34,2024-12-12,Abiemnhom,Mayom,partially passable,1,,Abiemnhom – Mayom,Specialized Trucks,
35,2024-12-12,Kilo 30,Kaikang,impassable,2,Tumor; Mayom,Kilo30 –Tumor – Mayom – Kaikang,,
36,2024-12-12,Boma,Pochala,impassable,2,,Boma – Pochala,,
37,2024-12-12,Bor,Gadiang,impassable,2,,Bor – Gadiang,,
38,2024-12-12,Bor,Baidit,partially passable,1,,Bor – Baidit,20MT,
39,2024-12-12,Pengko,Manyabol,impassable,2,,Pengko – Manyabol,,
40,2024-12-12,Baidit,Duk Padiet,impassable,2,Mabior,Baidit – Mabior – Duk Padiet,,
41,2024-12-12,Gadiang,Akobo,impassable,2,,Gadiang – Akobo,,
42,2024-12-12,Juba,Lafon,impassable,2,,Juba – Lafon,,
43,2024-12-12,Adar,Mathiang,impassable,2,,Adar – Mathiang,,
44,2024-12-12,Maper (Lakes),Dablual,impassable,2,,Maper (Lakes) – Dablual,,
45,2024-12-12,Akobo,Kaikuny,impassable,2,,Akobo – Kainuny,,
46,2024-12-12,Motot,Lankien,impassable,2,,Motot – Lankein,,
47,2024-12-12,Wau,Deim Zubeir,partially passable,1,,Wau – Deim Zubeir,20MT,
48,2024-12-12,Wau,Tambura,partially passable,1,,Wau – Tambura,20MT,
49,2024-12-12,Yirol,Shambe,partially passable,1,,Yirol – Shambe,20MT,
50,2024-12-12,Aluakluak,Yirol,partially passable,1,,Aluakluak - Yirol,20MT,
51,2024-12-12,Rumbek,Langdit,passable,0,,Rumbek - Langdit,40MT,
52,2024-12-12,Aluakluak,Rumbek,partially passable,1,,Aluakluak – Rumbek,20MT,
53,2024-12-12,Wunrok,Abiemnhom,partially passable,1,Turalei,Wunrok – Turalei – Abiemnhom,20MT,
54,2024-12-12,Kilo 30,Panakuach,passable,0,Roriak,Kilo 30 – Roriak – Panakuach,40MT,
55,2024-12-12,Ding Ding,Koch,impassable,2,,Ding ding - Koch,,
56,2024-12-12,Bentiu,Dhorbor,impassable,2,,Bentiu – Dhorbor,,
57,2024-12-12,Dhorbor,Guit,impassable,2,,Dhorbor – Guit,,
58,2024-12-12,Guit,Ding Ding,impassable,2,,Guit – Ding Ding,,
59,2024-12-12,Gumuruk,Pibor,impassable,2,,Gumuruk – Pibor,,
60,2024-12-12,Bor,Pengko,impassable,2,,Bor – Pengko,,
61,2024-12-12,Duk Padiet,Pajut,impassable,2,,Duk Padiat – Pajut,,
62,2024-12-12,Yuai,Karam,impassable,2,Pathai,Yaui – Pathai – Karam,,
63,2024-12-12,Yuai,Motot,impassable,2,Pieri,Yaui – Pieri – Motot,,
64,2024-12-12,Yuai,Pajut,impassable,2,,Yaui – Pajut,,
65,2024-12-12,Wulu,Rumbek,passable,0,,Wulu – Rumbek,40MT,
66,2024-12-12,Pibor,Likuangole,impassable,2,,Pibor – Likuangole,,
67,2024-12-12,Mingkaman,Yirol,partially passable,1,,Mingkaman – Yirol,20MT,
68,2024-12-12,Yambio,Tambura,passable,0,,Yambio – Tambura,40MT,
69,2024-12-12,Juba,Mundri,passable,0,,Juba – Mundri,40MT,
70,2024-12-12,Kodok,Paloich,impassable,2,,Kodok – Paloich,,
71,2024-12-12,Malakal,Kodok,impassable,2,,Malakal – Kodok,,
72,2024-12-12,Thar Kueng,Kuajok,passable,0,,Thar Kueng - Kuajok,40MT,
73,2024-12-12,Bentiu,Guit,passable,0,,Bentiu – Guit,40MT,
74,2024-12-12,Duk Padiet,Ayod,impassable,2,,Duk Padiet – Ayod,,
75,2024-12-12,Guit,Mirmir,impassable,2,,Guit – Mir mir,,
76,2024-12-12,Raja,Chandoy/Dolo2,passable,0,,Raja – Chandoy/Dolo2,40MT,
77,2024-12-12,Mundri,Maridi,passable,0,,Mundri - Maridi,40MT,
78,2024-12-12,Torit,Kapoeta,partially passable,1,,Torit – Kapoeta,20MT,
79,2024-12-12,Mayendit,Mirmir,impassable,2,Rupkuai,Mayendit – Rupkuai – Mir mir,,
80,2024-12-12,Mirmir,Leer,impassable,2,,Mirmir – Leer,,
81,2024-12-12,Mankien,Mayom,impassable,2,,Mankien - Mayom,,
82,2024-12-12,Ajak Kuac,Mankien,impassable,2,,Ajak Kuac – Mankien,,
83,2024-12-12,Ayod,Pathai,impassable,2,,Ayod – Pathai,,
84,2024-12-12,Nyandit,Kiech Kon,impassable,2,,Nyandit - Kiech Kon,,
85,2024-12-12,Paloich,Jemaam,passable,0,Adar,Paloich – Adar – Jemaam,40MT,
86,2024-12-12,New Fangak,Kuernyang,impassable,2,,New Fangak – Kuernyang,,
87,2024-12-12,Paguir,Keew,impassable,2,,Paguir – Keew,,
88,2024-12-12,Baliet,Kiech Kon,impassable,2,Akwot,Baliet – Akwot – Kiech kon,,
89,2024-12-12,Wunrok,Gogrial,passable,0,,Wunrok – Gogrial,40MT,
90,2024-12-12,Deim Zubeir,Raja,partially passable,1,,Dim Zubeir – Raja,20MT,
91,2024-12-12,Aweil,Yith Pabol,impassable,2,,Aweil – Yith Pabol,,
92,2024-12-12,Kapoeta,Narus,passable,0,,Kapoeta – Narus,40MT,
93,2024-12-12,Melut,Paloich,passable,0,,Melut – Paloich,40MT,
94,2024-12-12,Wunrok,Abyei,partially passable,1,,Wunrok – Abyei,Specialized Trucks,
95,2024-12-12,Gogrial,Kuajok,passable,0,,Gogrial – Kuajok,40MT,
96,2024-12-12,Bentiu,Nhialdiu,impassable,2,,Bentiu – Nhialdiu,,
97,2024-12-12,Aluakluak,Mvolo,partially passable,1,,Aluakluak - Mvolo,20MT,
98,2024-12-12,Kilo 30,Manga Port,passable,0,,Kilo 30 – Manga Port,40MT,
99,2024-12-12,Gossinga,Raja,impassable,2,,Gossinga – Raja,,
100,2024-12-12,Gossinga,Raja,partially passable,1,Kapalala,Gossinga – Kapalala – Raja,20MT,
101,2024-12-12,Nyal,Ganyiel,impassable,2,,Nyal – Ganyiel,,
102,2024-12-12,Manyabol,Gadiang,impassable,2,,Manyabol – Gadiang,,
103,2024-12-12,Manyabol,Gumuruk,impassable,2,,Manyabol – Gumuruk,,
104,2024-12-12,Vertet,Labarab,impassable,2,,Vertet – Labarab,,
105,2024-12-12,Boma,Maruwa,impassable,2,,Boma – Maruwa,,
106,2024-12-12,Boma,Labarab,impassable,2,,Boma - Labarab,,
107,2024-12-12,Pibor,Vertet,impassable,2,,Pibor – Verthet,,
108,2024-12-12,Aduel,Amok Piny,partially passable,1,,Aduel – Amok Piny,Specialized Trucks,
109,2024-12-12,Lankien,Pading,impassable,2,Nyambor,Lankien – Nyambor – Pading,,
110,2024-12-12,Nyambor,Karam,impassable,2,Pading,Nyambor – Pading – Karam,,
111,2024-12-12,Pajut,Payuel,impassable,2,,Pajut – Payuel,,
112,2024-12-12,Aweil,Gogrial,partially passable,1,Akun,Aweil – Akun – Gogrial,20MT,
113,2024-12-12,Kapoeta,Chukudum,passable,0,,Kapoeta – Chukudum,40MT,
114,2024-12-12,Diabio,Ezo,passable,0,,Diabio – Ezo,40MT,
115,2024-12-12,Mvolo,Wulu,passable,0,,Mvolo – Wullu,40MT,
116,2024-12-12,Aluakluak,Mapuordit,partially passable,1,,Aluakluak - Mapuordit,20MT,
117,2024-12-12,Narus,Nadapal,passable,0,,Narus – Nadapal,40MT,
118,2024-12-12,Bentiu,Kilo 30,passable,0,,Bentiu – Kilo30,40MT,
119,2024-12-12,Gadiang,Yuai,impassable,2,,Gadiang – Yuai,,
120,2024-12-12,Pathai,Fatuet,impassable,2,,Pathai – Fatuet,,
121,2024-12-12,Walgak,Kaikuny,impassable,2,,Walgak – Kaikuny,,
122,2024-12-12,Yuai,Walgak,impassable,2,Motot; Waat,Yuai – Motot – Waat – Walgak,,
123,2024-12-12,Kuron,Boma,impassable,2,,Kuron – Boma,,
124,2024-12-12,Kapoeta,Kassangor,impassable,2,,Kapoeta – Kassangor,,
125,2024-12-12,Rumbek,Maper (Lakes),impassable,2,,Rumbek – Maper (Lakes),,
126,2024-12-12,Maruwa,Labarab,impassable,2,,Maruwa – Labarab,,
127,2024-12-12,Koch,Mirmir,impassable,2,,Koch – Mirmir,,
128,2024-12-12,Adok,Leer,impassable,2,Piling,Adok – Piling – Leer,,
129,2024-12-12,Lainya,Yei,passable,0,,Lainya – Yei,40MT,
130,2024-12-12,Mathiang,Udier,impassable,2,,Mathiang – Udier,,
131,2024-12-12,Gadiang,Payuel,impassable,2,,Gadiang – Payuel,,
132,2024-12-12,Ayod,Mogok,impassable,2,,Ayod – Mogok,,
133,2024-12-12,Kaikang,Kilo 30,partially passable,1,Roriak; Mayom,(Kaikang – Roriak )(Mayom – Kilo 30),20MT,alternative road listed as two separate stretches: Kaikang–Roriak and Mayom–Kilo 30
134,2024-12-12,Pariang,Ajuong Thok,passable,0,,Pariang – Ajuong Thok,40MT,
135,2024-12-12,Lafon,Imehejek,partially passable,1,,Lafon – Imehejek,20MT,
136,2024-12-12,Mabior,Gadiang,impassable,2,,Mabior – Gadiang,,
137,2024-12-12,Poktap,Payuel,impassable,2,,Poktap – Payuel,,
138,2024-12-12,Panakuach,Pariang,partially passable,1,,Panakuach – Pariang,20MT,new road; first appears 2024-11-01
139,2024-12-12,Mabior,Kongor,impassable,2,,Mabior – Kongor,,
1,2024-12-19,Kilo 30,Pariang,passable,0,,Kilo 30 – Pariang,40MT,
2,2024-12-19,Gemeiza,Bor,impassable,2,,Gemeiza – Bor,,
3,2024-12-19,Yida,Pariang,passable,0,,Yida - Pariang,40MT,
4,2024-12-19,Juba,Nimule,passable,0,,Juba – Nimule,40MT,
5,2024-12-19,Juba,Torit,partially passable,1,,Juba – Torit,20MT,
6,2024-12-19,Juba,Mangalla,passable,0,,Juba – Mangalla,40MT,
7,2024-12-19,Malakal,Baliet,impassable,2,,Malakal – Baliet,,
8,2024-12-19,Paloich,Renk,passable,0,,Paloich – Renk,40MT,
9,2024-12-19,Adar,Maban,passable,0,Jemaam,Adar – Jemaam – Maban,40MT,
10,2024-12-19,Abyei,Abiemnhom,impassable,2,,Abyei – Abienhom,,
11,2024-12-19,Aweil,Gossinga,partially passable,1,,Aweil – Gossinga,20MT,
12,2024-12-19,Pathai,Walgak,impassable,2,Motot,Pathai – Motot – Walgak,,
13,2024-12-19,Juba,Lainya,passable,0,,Juba – Lainya,40MT,
14,2024-12-19,Maridi,Yambio,passable,0,,Maridi – Yambio,40MT,
15,2024-12-19,Juba,Kajo Keji,passable,0,,Juba – Kajo Keji,40MT,
16,2024-12-19,Juba,Terakeka,impassable,2,,Juba – Terakeka,,
17,2024-12-19,Narus,Kuron,impassable,2,,Narus – Kuron,,
18,2024-12-19,Mundri,Mvolo,passable,0,,Mundri - Mvolo,40MT,
19,2024-12-19,Mangalla,Gemeiza,passable,0,,Mangalla – Gemeiza,40MT,
20,2024-12-19,Mathiang,Maiwut,impassable,2,,Mathiang – Maiwut,,
21,2024-12-19,Tonj,Langdit,passable,0,,Tonj – Langdit,40MT,
22,2024-12-19,Terakeka,Mundri,passable,0,Tali,Terakeka – Tali – Mundri,40MT,
23,2024-12-19,Terakeka,Mingkaman,partially passable,1,,Terakeka – Mingkaman,20MT,
24,2024-12-19,Torit,Magwi,passable,0,,Torit – Magwi,40MT,
25,2024-12-19,Hiyala,Ikotos,passable,0,,Hiyala – Ikotos,40MT,
26,2024-12-19,Torit,Lafon,partially passable,1,,Torit – Lafon,20MT,
27,2024-12-19,Wau,Thar Kueng,passable,0,,Wau – Thar Kueng,40MT,
28,2024-12-19,Wau,Tonj,passable,0,,Wau – Tonj,40MT,
29,2024-12-19,Wau,Akuem,passable,0,Aweil,Wau – Aweil – Akuem,40MT,
30,2024-12-19,Likuangole,Akobo,impassable,2,,Likuangole – Akobo,,
31,2024-12-19,Amok Piny,Madol,impassable,2,,Amok Piny – Madol,,
32,2024-12-19,Akwot,Nasser,impassable,2,,Akwot – Nasser,,
33,2024-12-19,Guit,Koch,impassable,2,,Guit – Koch,,
34,2024-12-19,Abiemnhom,Mayom,partially passable,1,,Abiemnhom – Mayom,Specialized Trucks,
35,2024-12-19,Kilo 30,Kaikang,impassable,2,Tumor; Mayom,Kilo30 –Tumor – Mayom – Kaikang,,
36,2024-12-19,Boma,Pochala,impassable,2,,Boma – Pochala,,
37,2024-12-19,Bor,Gadiang,impassable,2,,Bor – Gadiang,,
38,2024-12-19,Bor,Baidit,partially passable,1,,Bor – Baidit,20MT,
39,2024-12-19,Pengko,Manyabol,impassable,2,,Pengko – Manyabol,,
40,2024-12-19,Baidit,Duk Padiet,impassable,2,Mabior,Baidit – Mabior – Duk Padiet,,
41,2024-12-19,Gadiang,Akobo,impassable,2,,Gadiang – Akobo,,
42,2024-12-19,Juba,Lafon,impassable,2,,Juba – Lafon,,
43,2024-12-19,Adar,Mathiang,impassable,2,,Adar – Mathiang,,
44,2024-12-19,Maper (Lakes),Dablual,impassable,2,,Maper (Lakes) – Dablual,,
45,2024-12-19,Akobo,Kaikuny,impassable,2,,Akobo – Kainuny,,
46,2024-12-19,Motot,Lankien,impassable,2,,Motot – Lankein,,
47,2024-12-19,Wau,Deim Zubeir,partially passable,1,,Wau – Deim Zubeir,20MT,
48,2024-12-19,Wau,Tambura,partially passable,1,,Wau – Tambura,20MT,
49,2024-12-19,Yirol,Shambe,partially passable,1,,Yirol – Shambe,20MT,
50,2024-12-19,Aluakluak,Yirol,partially passable,1,,Aluakluak - Yirol,20MT,
51,2024-12-19,Rumbek,Langdit,passable,0,,Rumbek - Langdit,40MT,
52,2024-12-19,Aluakluak,Rumbek,partially passable,1,,Aluakluak – Rumbek,20MT,
53,2024-12-19,Wunrok,Abiemnhom,partially passable,1,Turalei,Wunrok – Turalei – Abiemnhom,20MT,
54,2024-12-19,Kilo 30,Panakuach,passable,0,Roriak,Kilo 30 – Roriak – Panakuach,40MT,
55,2024-12-19,Ding Ding,Koch,impassable,2,,Ding ding - Koch,,
56,2024-12-19,Bentiu,Dhorbor,impassable,2,,Bentiu – Dhorbor,,
57,2024-12-19,Dhorbor,Guit,impassable,2,,Dhorbor – Guit,,
58,2024-12-19,Guit,Ding Ding,impassable,2,,Guit – Ding Ding,,
59,2024-12-19,Gumuruk,Pibor,impassable,2,,Gumuruk – Pibor,,
60,2024-12-19,Bor,Pengko,impassable,2,,Bor – Pengko,,
61,2024-12-19,Duk Padiet,Pajut,impassable,2,,Duk Padiat – Pajut,,
62,2024-12-19,Yuai,Karam,impassable,2,Pathai,Yaui – Pathai – Karam,,
63,2024-12-19,Yuai,Motot,impassable,2,Pieri,Yaui – Pieri – Motot,,
64,2024-12-19,Yuai,Pajut,impassable,2,,Yaui – Pajut,,
65,2024-12-19,Wulu,Rumbek,passable,0,,Wulu – Rumbek,40MT,
66,2024-12-19,Pibor,Likuangole,impassable,2,,Pibor – Likuangole,,
67,2024-12-19,Mingkaman,Yirol,partially passable,1,,Mingkaman – Yirol,20MT,
68,2024-12-19,Yambio,Tambura,passable,0,,Yambio – Tambura,40MT,
69,2024-12-19,Juba,Mundri,passable,0,,Juba – Mundri,40MT,
70,2024-12-19,Kodok,Paloich,impassable,2,,Kodok – Paloich,,
71,2024-12-19,Malakal,Kodok,impassable,2,,Malakal – Kodok,,
72,2024-12-19,Thar Kueng,Kuajok,passable,0,,Thar Kueng - Kuajok,40MT,
73,2024-12-19,Bentiu,Guit,passable,0,,Bentiu – Guit,40MT,
74,2024-12-19,Duk Padiet,Ayod,impassable,2,,Duk Padiet – Ayod,,
75,2024-12-19,Guit,Mirmir,impassable,2,,Guit – Mir mir,,
76,2024-12-19,Raja,Chandoy/Dolo2,passable,0,,Raja – Chandoy/Dolo2,40MT,
77,2024-12-19,Mundri,Maridi,passable,0,,Mundri - Maridi,40MT,
78,2024-12-19,Torit,Kapoeta,partially passable,1,,Torit – Kapoeta,20MT,
79,2024-12-19,Mayendit,Mirmir,impassable,2,Rupkuai,Mayendit – Rupkuai – Mir mir,,
80,2024-12-19,Mirmir,Leer,impassable,2,,Mirmir – Leer,,
81,2024-12-19,Mankien,Mayom,impassable,2,,Mankien - Mayom,,
82,2024-12-19,Ajak Kuac,Mankien,impassable,2,,Ajak Kuac – Mankien,,
83,2024-12-19,Ayod,Pathai,impassable,2,,Ayod – Pathai,,
84,2024-12-19,Nyandit,Kiech Kon,impassable,2,,Nyandit - Kiech Kon,,
85,2024-12-19,Paloich,Jemaam,passable,0,Adar,Paloich – Adar – Jemaam,40MT,
86,2024-12-19,New Fangak,Kuernyang,impassable,2,,New Fangak – Kuernyang,,
87,2024-12-19,Paguir,Keew,impassable,2,,Paguir – Keew,,
88,2024-12-19,Baliet,Kiech Kon,impassable,2,Akwot,Baliet – Akwot – Kiech kon,,
89,2024-12-19,Wunrok,Gogrial,passable,0,,Wunrok – Gogrial,40MT,
90,2024-12-19,Deim Zubeir,Raja,partially passable,1,,Dim Zubeir – Raja,20MT,
91,2024-12-19,Aweil,Yith Pabol,impassable,2,,Aweil – Yith Pabol,,
92,2024-12-19,Kapoeta,Narus,passable,0,,Kapoeta – Narus,40MT,
93,2024-12-19,Melut,Paloich,passable,0,,Melut – Paloich,40MT,
94,2024-12-19,Wunrok,Abyei,partially passable,1,,Wunrok – Abyei,Specialized Trucks,
95,2024-12-19,Gogrial,Kuajok,passable,0,,Gogrial – Kuajok,40MT,
96,2024-12-19,Bentiu,Nhialdiu,impassable,2,,Bentiu – Nhialdiu,,
97,2024-12-19,Aluakluak,Mvolo,partially passable,1,,Aluakluak - Mvolo,20MT,
98,2024-12-19,Kilo 30,Manga Port,passable,0,,Kilo 30 – Manga Port,40MT,
99,2024-12-19,Gossinga,Raja,impassable,2,,Gossinga – Raja,,
100,2024-12-19,Gossinga,Raja,partially passable,1,Kapalala,Gossinga – Kapalala – Raja,20MT,
101,2024-12-19,Nyal,Ganyiel,impassable,2,,Nyal – Ganyiel,,
102,2024-12-19,Manyabol,Gadiang,impassable,2,,Manyabol – Gadiang,,
103,2024-12-19,Manyabol,Gumuruk,impassable,2,,Manyabol – Gumuruk,,
104,2024-12-19,Vertet,Labarab,impassable,2,,Vertet – Labarab,,
105,2024-12-19,Boma,Maruwa,impassable,2,,Boma – Maruwa,,
106,2024-12-19,Boma,Labarab,impassable,2,,Boma - Labarab,,
107,2024-12-19,Pibor,Vertet,impassable,2,,Pibor – Verthet,,
108,2024-12-19,Aduel,Amok Piny,partially passable,1,,Aduel – Amok Piny,Specialized Trucks,
109,2024-12-19,Lankien,Pading,impassable,2,Nyambor,Lankien – Nyambor – Pading,,
110,2024-12-19,Nyambor,Karam,impassable,2,Pading,Nyambor – Pading – Karam,,
111,2024-12-19,Pajut,Payuel,impassable,2,,Pajut – Payuel,,
112,2024-12-19,Aweil,Gogrial,partially passable,1,Akun,Aweil – Akun – Gogrial,20MT,
113,2024-12-19,Kapoeta,Chukudum,passable,0,,Kapoeta – Chukudum,40MT,
114,2024-12-19,Diabio,Ezo,passable,0,,Diabio – Ezo,40MT,
115,2024-12-19,Mvolo,Wulu,passable,0,,Mvolo – Wullu,40MT,
116,2024-12-19,Aluakluak,Mapuordit,partially passable,1,,Aluakluak - Mapuordit,20MT,
117,2024-12-19,Narus,Nadapal,passable,0,,Narus – Nadapal,40MT,
118,2024-12-19,Bentiu,Kilo 30,passable,0,,Bentiu – Kilo30,40MT,
119,2024-12-19,Gadiang,Yuai,impassable,2,,Gadiang – Yuai,,
120,2024-12-19,Pathai,Fatuet,impassable,2,,Pathai – Fatuet,,
121,2024-12-19,Walgak,Kaikuny,impassable,2,,Walgak – Kaikuny,,
122,2024-12-19,Yuai,Walgak,impassable,2,Motot; Waat,Yuai – Motot – Waat – Walgak,,
123,2024-12-19,Kuron,Boma,impassable,2,,Kuron – Boma,,
124,2024-12-19,Kapoeta,Kassangor,impassable,2,,Kapoeta – Kassangor,,
125,2024-12-19,Rumbek,Maper (Lakes),impassable,2,,Rumbek – Maper (Lakes),,
126,2024-12-19,Maruwa,Labarab,impassable,2,,Maruwa – Labarab,,
127,2024-12-19,Koch,Mirmir,impassable,2,,Koch – Mirmir,,
128,2024-12-19,Adok,Leer,impassable,2,Piling,Adok – Piling – Leer,,
129,2024-12-19,Lainya,Yei,passable,0,,Lainya – Yei,40MT,
130,2024-12-19,Mathiang,Udier,impassable,2,,Mathiang – Udier,,
131,2024-12-19,Gadiang,Payuel,impassable,2,,Gadiang – Payuel,,
132,2024-12-19,Ayod,Mogok,impassable,2,,Ayod – Mogok,,
133,2024-12-19,Kaikang,Kilo 30,partially passable,1,Roriak; Mayom,(Kaikang – Roriak )(Mayom – Kilo 30),20MT,alternative road listed as two separate stretches: Kaikang–Roriak and Mayom–Kilo 30
134,2024-12-19,Pariang,Ajuong Thok,passable,0,,Pariang – Ajuong Thok,40MT,
135,2024-12-19,Lafon,Imehejek,partially passable,1,,Lafon – Imehejek,20MT,
136,2024-12-19,Mabior,Gadiang,impassable,2,,Mabior – Gadiang,,
137,2024-12-19,Poktap,Payuel,impassable,2,,Poktap – Payuel,,
138,2024-12-19,Panakuach,Pariang,partially passable,1,,Panakuach – Pariang,20MT,new road; first appears 2024-11-01
139,2024-12-19,Mabior,Kongor,impassable,2,,Mabior – Kongor,,
1,2024-12-26,Kilo 30,Pariang,passable,0,,Kilo 30 – Pariang,40MT,
2,2024-12-26,Gemeiza,Bor,impassable,2,,Gemeiza – Bor,,
3,2024-12-26,Yida,Pariang,passable,0,,Yida - Pariang,40MT,
4,2024-12-26,Juba,Nimule,passable,0,,Juba – Nimule,40MT,
5,2024-12-26,Juba,Torit,partially passable,1,,Juba – Torit,20MT,
6,2024-12-26,Juba,Mangalla,passable,0,,Juba – Mangalla,40MT,
7,2024-12-26,Malakal,Baliet,impassable,2,,Malakal – Baliet,,
8,2024-12-26,Paloich,Renk,passable,0,,Paloich – Renk,40MT,
9,2024-12-26,Adar,Maban,passable,0,Jemaam,Adar – Jemaam – Maban,40MT,
10,2024-12-26,Abyei,Abiemnhom,impassable,2,,Abyei – Abienhom,,
11,2024-12-26,Aweil,Gossinga,partially passable,1,,Aweil – Gossinga,20MT,
12,2024-12-26,Pathai,Walgak,impassable,2,Motot,Pathai – Motot – Walgak,,
13,2024-12-26,Juba,Lainya,passable,0,,Juba – Lainya,40MT,
14,2024-12-26,Maridi,Yambio,passable,0,,Maridi – Yambio,40MT,
15,2024-12-26,Juba,Kajo Keji,passable,0,,Juba – Kajo Keji,40MT,
16,2024-12-26,Juba,Terakeka,impassable,2,,Juba – Terakeka,,
17,2024-12-26,Narus,Kuron,impassable,2,,Narus – Kuron,,
18,2024-12-26,Mundri,Mvolo,passable,0,,Mundri - Mvolo,40MT,
19,2024-12-26,Mangalla,Gemeiza,passable,0,,Mangalla – Gemeiza,40MT,
20,2024-12-26,Mathiang,Maiwut,impassable,2,,Mathiang – Maiwut,,
21,2024-12-26,Tonj,Langdit,passable,0,,Tonj – Langdit,40MT,
22,2024-12-26,Terakeka,Mundri,passable,0,Tali,Terakeka – Tali – Mundri,40MT,
23,2024-12-26,Terakeka,Mingkaman,partially passable,1,,Terakeka – Mingkaman,20MT,
24,2024-12-26,Torit,Magwi,passable,0,,Torit – Magwi,40MT,
25,2024-12-26,Hiyala,Ikotos,passable,0,,Hiyala – Ikotos,40MT,
26,2024-12-26,Torit,Lafon,partially passable,1,,Torit – Lafon,20MT,
27,2024-12-26,Wau,Thar Kueng,passable,0,,Wau – Thar Kueng,40MT,
28,2024-12-26,Wau,Tonj,passable,0,,Wau – Tonj,40MT,
29,2024-12-26,Wau,Akuem,passable,0,Aweil,Wau – Aweil – Akuem,40MT,
30,2024-12-26,Likuangole,Akobo,impassable,2,,Likuangole – Akobo,,
31,2024-12-26,Amok Piny,Madol,impassable,2,,Amok Piny – Madol,,
32,2024-12-26,Akwot,Nasser,impassable,2,,Akwot – Nasser,,
33,2024-12-26,Guit,Koch,impassable,2,,Guit – Koch,,
34,2024-12-26,Abiemnhom,Mayom,partially passable,1,,Abiemnhom – Mayom,Specialized Trucks,
35,2024-12-26,Kilo 30,Kaikang,impassable,2,Tumor; Mayom,Kilo30 –Tumor – Mayom – Kaikang,,
36,2024-12-26,Boma,Pochala,impassable,2,,Boma – Pochala,,
37,2024-12-26,Bor,Gadiang,impassable,2,,Bor – Gadiang,,
38,2024-12-26,Bor,Baidit,partially passable,1,,Bor – Baidit,20MT,
39,2024-12-26,Pengko,Manyabol,impassable,2,,Pengko – Manyabol,,
40,2024-12-26,Baidit,Duk Padiet,impassable,2,Mabior,Baidit – Mabior – Duk Padiet,,
41,2024-12-26,Gadiang,Akobo,impassable,2,,Gadiang – Akobo,,
42,2024-12-26,Juba,Lafon,impassable,2,,Juba – Lafon,,
43,2024-12-26,Adar,Mathiang,impassable,2,,Adar – Mathiang,,
44,2024-12-26,Maper (Lakes),Dablual,impassable,2,,Maper (Lakes) – Dablual,,
45,2024-12-26,Akobo,Kaikuny,impassable,2,,Akobo – Kainuny,,
46,2024-12-26,Motot,Lankien,impassable,2,,Motot – Lankein,,
47,2024-12-26,Wau,Deim Zubeir,partially passable,1,,Wau – Deim Zubeir,20MT,
48,2024-12-26,Wau,Tambura,partially passable,1,,Wau – Tambura,20MT,
49,2024-12-26,Yirol,Shambe,partially passable,1,,Yirol – Shambe,20MT,
50,2024-12-26,Aluakluak,Yirol,partially passable,1,,Aluakluak - Yirol,20MT,
51,2024-12-26,Rumbek,Langdit,passable,0,,Rumbek - Langdit,40MT,
52,2024-12-26,Aluakluak,Rumbek,partially passable,1,,Aluakluak – Rumbek,20MT,
53,2024-12-26,Wunrok,Abiemnhom,partially passable,1,Turalei,Wunrok – Turalei – Abiemnhom,20MT,
54,2024-12-26,Kilo 30,Panakuach,passable,0,Roriak,Kilo 30 – Roriak – Panakuach,40MT,
55,2024-12-26,Ding Ding,Koch,impassable,2,,Ding ding - Koch,,
56,2024-12-26,Bentiu,Dhorbor,impassable,2,,Bentiu – Dhorbor,,
57,2024-12-26,Dhorbor,Guit,impassable,2,,Dhorbor – Guit,,
58,2024-12-26,Guit,Ding Ding,impassable,2,,Guit – Ding Ding,,
59,2024-12-26,Gumuruk,Pibor,impassable,2,,Gumuruk – Pibor,,
60,2024-12-26,Bor,Pengko,impassable,2,,Bor – Pengko,,
61,2024-12-26,Duk Padiet,Pajut,impassable,2,,Duk Padiat – Pajut,,
62,2024-12-26,Yuai,Karam,impassable,2,Pathai,Yaui – Pathai – Karam,,
63,2024-12-26,Yuai,Motot,impassable,2,Pieri,Yaui – Pieri – Motot,,
64,2024-12-26,Yuai,Pajut,impassable,2,,Yaui – Pajut,,
65,2024-12-26,Wulu,Rumbek,passable,0,,Wulu – Rumbek,40MT,
66,2024-12-26,Pibor,Likuangole,impassable,2,,Pibor – Likuangole,,
67,2024-12-26,Mingkaman,Yirol,partially passable,1,,Mingkaman – Yirol,20MT,
68,2024-12-26,Yambio,Tambura,passable,0,,Yambio – Tambura,40MT,
69,2024-12-26,Juba,Mundri,passable,0,,Juba – Mundri,40MT,
70,2024-12-26,Kodok,Paloich,impassable,2,,Kodok – Paloich,,
71,2024-12-26,Malakal,Kodok,impassable,2,,Malakal – Kodok,,
72,2024-12-26,Thar Kueng,Kuajok,passable,0,,Thar Kueng - Kuajok,40MT,
73,2024-12-26,Bentiu,Guit,passable,0,,Bentiu – Guit,40MT,
74,2024-12-26,Duk Padiet,Ayod,impassable,2,,Duk Padiet – Ayod,,
75,2024-12-26,Guit,Mirmir,impassable,2,,Guit – Mir mir,,
76,2024-12-26,Raja,Chandoy/Dolo2,passable,0,,Raja – Chandoy/Dolo2,40MT,
77,2024-12-26,Mundri,Maridi,passable,0,,Mundri - Maridi,40MT,
78,2024-12-26,Torit,Kapoeta,partially passable,1,,Torit – Kapoeta,20MT,
79,2024-12-26,Mayendit,Mirmir,impassable,2,Rupkuai,Mayendit – Rupkuai – Mir mir,,
80,2024-12-26,Mirmir,Leer,impassable,2,,Mirmir – Leer,,
81,2024-12-26,Mankien,Mayom,impassable,2,,Mankien - Mayom,,
82,2024-12-26,Ajak Kuac,Mankien,impassable,2,,Ajak Kuac – Mankien,,
83,2024-12-26,Ayod,Pathai,impassable,2,,Ayod – Pathai,,
84,2024-12-26,Nyandit,Kiech Kon,impassable,2,,Nyandit - Kiech Kon,,
85,2024-12-26,Paloich,Jemaam,passable,0,Adar,Paloich – Adar – Jemaam,40MT,
86,2024-12-26,New Fangak,Kuernyang,impassable,2,,New Fangak – Kuernyang,,
87,2024-12-26,Paguir,Keew,impassable,2,,Paguir – Keew,,
88,2024-12-26,Baliet,Kiech Kon,impassable,2,Akwot,Baliet – Akwot – Kiech kon,,
89,2024-12-26,Wunrok,Gogrial,passable,0,,Wunrok – Gogrial,40MT,
90,2024-12-26,Deim Zubeir,Raja,partially passable,1,,Dim Zubeir – Raja,20MT,
91,2024-12-26,Aweil,Yith Pabol,impassable,2,,Aweil – Yith Pabol,,
92,2024-12-26,Kapoeta,Narus,passable,0,,Kapoeta – Narus,40MT,
93,2024-12-26,Melut,Paloich,passable,0,,Melut – Paloich,40MT,
94,2024-12-26,Wunrok,Abyei,partially passable,1,,Wunrok – Abyei,Specialized Trucks,
95,2024-12-26,Gogrial,Kuajok,passable,0,,Gogrial – Kuajok,40MT,
96,2024-12-26,Bentiu,Nhialdiu,impassable,2,,Bentiu – Nhialdiu,,
97,2024-12-26,Aluakluak,Mvolo,partially passable,1,,Aluakluak - Mvolo,20MT,
98,2024-12-26,Kilo 30,Manga Port,passable,0,,Kilo 30 – Manga Port,40MT,
99,2024-12-26,Gossinga,Raja,impassable,2,,Gossinga – Raja,,
100,2024-12-26,Gossinga,Raja,partially passable,1,Kapalala,Gossinga – Kapalala – Raja,20MT,
101,2024-12-26,Nyal,Ganyiel,impassable,2,,Nyal – Ganyiel,,
102,2024-12-26,Manyabol,Gadiang,impassable,2,,Manyabol – Gadiang,,
103,2024-12-26,Manyabol,Gumuruk,impassable,2,,Manyabol – Gumuruk,,
104,2024-12-26,Vertet,Labarab,impassable,2,,Vertet – Labarab,,
105,2024-12-26,Boma,Maruwa,impassable,2,,Boma – Maruwa,,
106,2024-12-26,Boma,Labarab,impassable,2,,Boma - Labarab,,
107,2024-12-26,Pibor,Vertet,impassable,2,,Pibor – Verthet,,
108,2024-12-26,Aduel,Amok Piny,partially passable,1,,Aduel – Amok Piny,Specialized Trucks,
109,2024-12-26,Lankien,Pading,impassable,2,Nyambor,Lankien – Nyambor – Pading,,
110,2024-12-26,Nyambor,Karam,impassable,2,Pading,Nyambor – Pading – Karam,,
111,2024-12-26,Pajut,Payuel,impassable,2,,Pajut – Payuel,,
112,2024-12-26,Aweil,Gogrial,partially passable,1,Akun,Aweil – Akun – Gogrial,20MT,
113,2024-12-26,Kapoeta,Chukudum,passable,0,,Kapoeta – Chukudum,40MT,
114,2024-12-26,Diabio,Ezo,passable,0,,Diabio – Ezo,40MT,
115,2024-12-26,Mvolo,Wulu,passable,0,,Mvolo – Wullu,40MT,
116,2024-12-26,Aluakluak,Mapuordit,partially passable,1,,Aluakluak - Mapuordit,20MT,
117,2024-12-26,Narus,Nadapal,passable,0,,Narus – Nadapal,40MT,
118,2024-12-26,Bentiu,Kilo 30,passable,0,,Bentiu – Kilo30,40MT,
119,2024-12-26,Gadiang,Yuai,impassable,2,,Gadiang – Yuai,,
120,2024-12-26,Pathai,Fatuet,impassable,2,,Pathai – Fatuet,,
121,2024-12-26,Walgak,Kaikuny,impassable,2,,Walgak – Kaikuny,,
122,2024-12-26,Yuai,Walgak,impassable,2,Motot; Waat,Yuai – Motot – Waat – Walgak,,
123,2024-12-26,Kuron,Boma,impassable,2,,Kuron – Boma,,
124,2024-12-26,Kapoeta,Kassangor,impassable,2,,Kapoeta – Kassangor,,
125,2024-12-26,Rumbek,Maper (Lakes),impassable,2,,Rumbek – Maper (Lakes),,
126,2024-12-26,Maruwa,Labarab,impassable,2,,Maruwa – Labarab,,
127,2024-12-26,Koch,Mirmir,impassable,2,,Koch – Mirmir,,
128,2024-12-26,Adok,Leer,impassable,2,Piling,Adok – Piling – Leer,,
129,2024-12-26,Lainya,Yei,passable,0,,Lainya – Yei,40MT,
130,2024-12-26,Mathiang,Udier,impassable,2,,Mathiang – Udier,,
131,2024-12-26,Gadiang,Payuel,impassable,2,,Gadiang – Payuel,,
132,2024-12-26,Ayod,Mogok,impassable,2,,Ayod – Mogok,,
133,2024-12-26,Kaikang,Kilo 30,partially passable,1,Roriak; Mayom,(Kaikang – Roriak )(Mayom – Kilo 30),20MT,alternative road listed as two separate stretches: Kaikang–Roriak and Mayom–Kilo 30
134,2024-12-26,Pariang,Ajuong Thok,passable,0,,Pariang – Ajuong Thok,40MT,
135,2024-12-26,Lafon,Imehejek,partially passable,1,,Lafon – Imehejek,20MT,
136,2024-12-26,Mabior,Gadiang,impassable,2,,Mabior – Gadiang,,
137,2024-12-26,Poktap,Payuel,impassable,2,,Poktap – Payuel,,
138,2024-12-26,Panakuach,Pariang,partially passable,1,,Panakuach – Pariang,20MT,new road; first appears 2024-11-01
139,2024-12-26,Mabior,Kongor,impassable,2,,Mabior – Kongor,,
1,2025-01-02,Kilo 30,Pariang,passable,0,,Kilo 30 – Pariang,40MT,
2,2025-01-02,Gemeiza,Bor,impassable,2,,Gemeiza – Bor,,
3,2025-01-02,Yida,Pariang,passable,0,,Yida - Pariang,40MT,
4,2025-01-02,Juba,Nimule,passable,0,,Juba – Nimule,40MT,
5,2025-01-02,Juba,Torit,partially passable,1,,Juba – Torit,20MT,
6,2025-01-02,Juba,Mangalla,passable,0,,Juba – Mangalla,40MT,
7,2025-01-02,Malakal,Baliet,impassable,2,,Malakal – Baliet,,
8,2025-01-02,Paloich,Renk,passable,0,,Paloich – Renk,40MT,
9,2025-01-02,Adar,Maban,passable,0,Jemaam,Adar – Jemaam – Maban,40MT,
10,2025-01-02,Abyei,Abiemnhom,impassable,2,,Abyei – Abienhom,,
11,2025-01-02,Aweil,Gossinga,partially passable,1,,Aweil – Gossinga,20MT,
12,2025-01-02,Pathai,Walgak,impassable,2,Motot,Pathai – Motot – Walgak,,
13,2025-01-02,Juba,Lainya,passable,0,,Juba – Lainya,40MT,
14,2025-01-02,Maridi,Yambio,passable,0,,Maridi – Yambio,40MT,
15,2025-01-02,Juba,Kajo Keji,passable,0,,Juba – Kajo Keji,40MT,
16,2025-01-02,Juba,Terakeka,impassable,2,,Juba – Terakeka,,
17,2025-01-02,Narus,Kuron,impassable,2,,Narus – Kuron,,
18,2025-01-02,Mundri,Mvolo,passable,0,,Mundri - Mvolo,40MT,
19,2025-01-02,Mangalla,Gemeiza,passable,0,,Mangalla – Gemeiza,40MT,
20,2025-01-02,Mathiang,Maiwut,impassable,2,,Mathiang – Maiwut,,
21,2025-01-02,Tonj,Langdit,passable,0,,Tonj – Langdit,40MT,
22,2025-01-02,Terakeka,Mundri,passable,0,Tali,Terakeka – Tali – Mundri,40MT,
23,2025-01-02,Terakeka,Mingkaman,partially passable,1,,Terakeka – Mingkaman,20MT,
24,2025-01-02,Torit,Magwi,passable,0,,Torit – Magwi,40MT,
25,2025-01-02,Hiyala,Ikotos,passable,0,,Hiyala – Ikotos,40MT,
26,2025-01-02,Torit,Lafon,partially passable,1,,Torit – Lafon,20MT,
27,2025-01-02,Wau,Thar Kueng,passable,0,,Wau – Thar Kueng,40MT,
28,2025-01-02,Wau,Tonj,passable,0,,Wau – Tonj,40MT,
29,2025-01-02,Wau,Akuem,passable,0,Aweil,Wau – Aweil – Akuem,40MT,
30,2025-01-02,Likuangole,Akobo,impassable,2,,Likuangole – Akobo,,
31,2025-01-02,Amok Piny,Madol,impassable,2,,Amok Piny – Madol,,
32,2025-01-02,Akwot,Nasser,impassable,2,,Akwot – Nasser,,
33,2025-01-02,Guit,Koch,impassable,2,,Guit – Koch,,
34,2025-01-02,Abiemnhom,Mayom,partially passable,1,,Abiemnhom – Mayom,Specialized Trucks,
35,2025-01-02,Kilo 30,Kaikang,impassable,2,Tumor; Mayom,Kilo30 –Tumor – Mayom – Kaikang,,
36,2025-01-02,Boma,Pochala,impassable,2,,Boma – Pochala,,
37,2025-01-02,Bor,Gadiang,impassable,2,,Bor – Gadiang,,
38,2025-01-02,Bor,Baidit,partially passable,1,,Bor – Baidit,20MT,
39,2025-01-02,Pengko,Manyabol,impassable,2,,Pengko – Manyabol,,
40,2025-01-02,Baidit,Duk Padiet,impassable,2,Mabior,Baidit – Mabior – Duk Padiet,,
41,2025-01-02,Gadiang,Akobo,impassable,2,,Gadiang – Akobo,,
42,2025-01-02,Juba,Lafon,impassable,2,,Juba – Lafon,,
43,2025-01-02,Adar,Mathiang,impassable,2,,Adar – Mathiang,,
44,2025-01-02,Maper (Lakes),Dablual,impassable,2,,Maper (Lakes) – Dablual,,
45,2025-01-02,Akobo,Kaikuny,impassable,2,,Akobo – Kainuny,,
46,2025-01-02,Motot,Lankien,impassable,2,,Motot – Lankein,,
47,2025-01-02,Wau,Deim Zubeir,partially passable,1,,Wau – Deim Zubeir,20MT,
48,2025-01-02,Wau,Tambura,partially passable,1,,Wau – Tambura,20MT,
49,2025-01-02,Yirol,Shambe,partially passable,1,,Yirol – Shambe,20MT,
50,2025-01-02,Aluakluak,Yirol,partially passable,1,,Aluakluak - Yirol,20MT,
51,2025-01-02,Rumbek,Langdit,passable,0,,Rumbek - Langdit,40MT,
52,2025-01-02,Aluakluak,Rumbek,partially passable,1,,Aluakluak – Rumbek,20MT,
53,2025-01-02,Wunrok,Abiemnhom,partially passable,1,Turalei,Wunrok – Turalei – Abiemnhom,20MT,
54,2025-01-02,Kilo 30,Panakuach,passable,0,Roriak,Kilo 30 – Roriak – Panakuach,40MT,
55,2025-01-02,Ding Ding,Koch,impassable,2,,Ding ding - Koch,,
56,2025-01-02,Bentiu,Dhorbor,impassable,2,,Bentiu – Dhorbor,,
57,2025-01-02,Dhorbor,Guit,impassable,2,,Dhorbor – Guit,,
58,2025-01-02,Guit,Ding Ding,impassable,2,,Guit – Ding Ding,,
59,2025-01-02,Gumuruk,Pibor,impassable,2,,Gumuruk – Pibor,,
60,2025-01-02,Bor,Pengko,impassable,2,,Bor – Pengko,,
61,2025-01-02,Duk Padiet,Pajut,impassable,2,,Duk Padiat – Pajut,,
62,2025-01-02,Yuai,Karam,impassable,2,Pathai,Yaui – Pathai – Karam,,
63,2025-01-02,Yuai,Motot,impassable,2,Pieri,Yaui – Pieri – Motot,,
64,2025-01-02,Yuai,Pajut,impassable,2,,Yaui – Pajut,,
65,2025-01-02,Wulu,Rumbek,passable,0,,Wulu – Rumbek,40MT,
66,2025-01-02,Pibor,Likuangole,impassable,2,,Pibor – Likuangole,,
67,2025-01-02,Mingkaman,Yirol,partially passable,1,,Mingkaman – Yirol,20MT,
68,2025-01-02,Yambio,Tambura,passable,0,,Yambio – Tambura,40MT,
69,2025-01-02,Juba,Mundri,passable,0,,Juba – Mundri,40MT,
70,2025-01-02,Kodok,Paloich,impassable,2,,Kodok – Paloich,,
71,2025-01-02,Malakal,Kodok,impassable,2,,Malakal – Kodok,,
72,2025-01-02,Thar Kueng,Kuajok,passable,0,,Thar Kueng - Kuajok,40MT,
73,2025-01-02,Bentiu,Guit,passable,0,,Bentiu – Guit,40MT,
74,2025-01-02,Duk Padiet,Ayod,impassable,2,,Duk Padiet – Ayod,,
75,2025-01-02,Guit,Mirmir,impassable,2,,Guit – Mir mir,,
76,2025-01-02,Raja,Chandoy/Dolo2,passable,0,,Raja – Chandoy/Dolo2,40MT,
77,2025-01-02,Mundri,Maridi,passable,0,,Mundri - Maridi,40MT,
78,2025-01-02,Torit,Kapoeta,partially passable,1,,Torit – Kapoeta,20MT,
79,2025-01-02,Mayendit,Mirmir,impassable,2,Rupkuai,Mayendit – Rupkuai – Mir mir,,
80,2025-01-02,Mirmir,Leer,impassable,2,,Mirmir – Leer,,
81,2025-01-02,Mankien,Mayom,impassable,2,,Mankien - Mayom,,
82,2025-01-02,Ajak Kuac,Mankien,impassable,2,,Ajak Kuac – Mankien,,
83,2025-01-02,Ayod,Pathai,impassable,2,,Ayod – Pathai,,
84,2025-01-02,Nyandit,Kiech Kon,impassable,2,,Nyandit - Kiech Kon,,
85,2025-01-02,Paloich,Jemaam,passable,0,Adar,Paloich – Adar – Jemaam,40MT,
86,2025-01-02,New Fangak,Kuernyang,impassable,2,,New Fangak – Kuernyang,,
87,2025-01-02,Paguir,Keew,impassable,2,,Paguir – Keew,,
88,2025-01-02,Baliet,Kiech Kon,impassable,2,Akwot,Baliet – Akwot – Kiech kon,,
89,2025-01-02,Wunrok,Gogrial,passable,0,,Wunrok – Gogrial,40MT,
90,2025-01-02,Deim Zubeir,Raja,partially passable,1,,Dim Zubeir – Raja,20MT,
91,2025-01-02,Aweil,Yith Pabol,impassable,2,,Aweil – Yith Pabol,,
92,2025-01-02,Kapoeta,Narus,passable,0,,Kapoeta – Narus,40MT,
93,2025-01-02,Melut,Paloich,passable,0,,Melut – Paloich,40MT,
94,2025-01-02,Wunrok,Abyei,partially passable,1,,Wunrok – Abyei,Specialized Trucks,
95,2025-01-02,Gogrial,Kuajok,passable,0,,Gogrial – Kuajok,40MT,
96,2025-01-02,Bentiu,Nhialdiu,impassable,2,,Bentiu – Nhialdiu,,
97,2025-01-02,Aluakluak,Mvolo,partially passable,1,,Aluakluak - Mvolo,20MT,
98,2025-01-02,Kilo 30,Manga Port,passable,0,,Kilo 30 – Manga Port,40MT,
99,2025-01-02,Gossinga,Raja,impassable,2,,Gossinga – Raja,,
100,2025-01-02,Gossinga,Raja,partially passable,1,Kapalala,Gossinga – Kapalala – Raja,20MT,
101,2025-01-02,Nyal,Ganyiel,impassable,2,,Nyal – Ganyiel,,
102,2025-01-02,Manyabol,Gadiang,impassable,2,,Manyabol – Gadiang,,
103,2025-01-02,Manyabol,Gumuruk,impassable,2,,Manyabol – Gumuruk,,
104,2025-01-02,Vertet,Labarab,impassable,2,,Vertet – Labarab,,
105,2025-01-02,Boma,Maruwa,impassable,2,,Boma – Maruwa,,
106,2025-01-02,Boma,Labarab,impassable,2,,Boma - Labarab,,
107,2025-01-02,Pibor,Vertet,impassable,2,,Pibor – Verthet,,
108,2025-01-02,Aduel,Amok Piny,partially passable,1,,Aduel – Amok Piny,Specialized Trucks,
109,2025-01-02,Lankien,Pading,impassable,2,Nyambor,Lankien – Nyambor – Pading,,
110,2025-01-02,Nyambor,Karam,impassable,2,Pading,Nyambor – Pading – Karam,,
111,2025-01-02,Pajut,Payuel,impassable,2,,Pajut – Payuel,,
112,2025-01-02,Aweil,Gogrial,partially passable,1,Akun,Aweil – Akun – Gogrial,20MT,
113,2025-01-02,Kapoeta,Chukudum,passable,0,,Kapoeta – Chukudum,40MT,
114,2025-01-02,Diabio,Ezo,passable,0,,Diabio – Ezo,40MT,
115,2025-01-02,Mvolo,Wulu,passable,0,,Mvolo – Wullu,40MT,
116,2025-01-02,Aluakluak,Mapuordit,partially passable,1,,Aluakluak - Mapuordit,20MT,
117,2025-01-02,Narus,Nadapal,passable,0,,Narus – Nadapal,40MT,
118,2025-01-02,Bentiu,Kilo 30,passable,0,,Bentiu – Kilo30,40MT,
119,2025-01-02,Gadiang,Yuai,impassable,2,,Gadiang – Yuai,,
120,2025-01-02,Pathai,Fatuet,impassable,2,,Pathai – Fatuet,,
121,2025-01-02,Walgak,Kaikuny,impassable,2,,Walgak – Kaikuny,,
122,2025-01-02,Yuai,Walgak,impassable,2,Motot; Waat,Yuai – Motot – Waat – Walgak,,
123,2025-01-02,Kuron,Boma,impassable,2,,Kuron – Boma,,
124,2025-01-02,Kapoeta,Kassangor,impassable,2,,Kapoeta – Kassangor,,
125,2025-01-02,Rumbek,Maper (Lakes),impassable,2,,Rumbek – Maper (Lakes),,
126,2025-01-02,Maruwa,Labarab,impassable,2,,Maruwa – Labarab,,
127,2025-01-02,Koch,Mirmir,impassable,2,,Koch – Mirmir,,
128,2025-01-02,Adok,Leer,impassable,2,Piling,Adok – Piling – Leer,,
129,2025-01-02,Lainya,Yei,passable,0,,Lainya – Yei,40MT,
130,2025-01-02,Mathiang,Udier,impassable,2,,Mathiang – Udier,,
131,2025-01-02,Gadiang,Payuel,impassable,2,,Gadiang – Payuel,,
132,2025-01-02,Ayod,Mogok,impassable,2,,Ayod – Mogok,,
133,2025-01-02,Kaikang,Kilo 30,partially passable,1,Roriak; Mayom,(Kaikang – Roriak )(Mayom – Kilo 30),20MT,alternative road listed as two separate stretches: Kaikang–Roriak and Mayom–Kilo 30
134,2025-01-02,Pariang,Ajuong Thok,passable,0,,Pariang – Ajuong Thok,40MT,
135,2025-01-02,Lafon,Imehejek,partially passable,1,,Lafon – Imehejek,20MT,
136,2025-01-02,Mabior,Gadiang,impassable,2,,Mabior – Gadiang,,
137,2025-01-02,Poktap,Payuel,impassable,2,,Poktap – Payuel,,
138,2025-01-02,Panakuach,Pariang,partially passable,1,,Panakuach – Pariang,20MT,new road; first appears 2024-11-01
139,2025-01-02,Mabior,Kongor,impassable,2,,Mabior – Kongor,,
1,2025-01-10,Kilo 30,Pariang,passable,0,,Kilo 30 – Pariang,40MT,
2,2025-01-10,Gemeiza,Bor,impassable,2,,Gemeiza – Bor,,
3,2025-01-10,Yida,Pariang,passable,0,,Yida - Pariang,40MT,
4,2025-01-10,Juba,Nimule,passable,0,,Juba – Nimule,40MT,
5,2025-01-10,Juba,Torit,partially passable,1,,Juba – Torit,20MT,
6,2025-01-10,Juba,Mangalla,passable,0,,Juba – Mangalla,40MT,
7,2025-01-10,Malakal,Baliet,impassable,2,,Malakal – Baliet,,
8,2025-01-10,Paloich,Renk,passable,0,,Paloich – Renk,40MT,
9,2025-01-10,Adar,Maban,passable,0,Jemaam,Adar – Jemaam – Maban,40MT,
10,2025-01-10,Abyei,Abiemnhom,impassable,2,,Abyei – Abienhom,,
11,2025-01-10,Aweil,Gossinga,partially passable,1,,Aweil – Gossinga,20MT,
12,2025-01-10,Pathai,Walgak,impassable,2,Motot,Pathai – Motot – Walgak,,
13,2025-01-10,Juba,Lainya,passable,0,,Juba – Lainya,40MT,
14,2025-01-10,Maridi,Yambio,passable,0,,Maridi – Yambio,40MT,
15,2025-01-10,Juba,Kajo Keji,passable,0,,Juba – Kajo Keji,40MT,
16,2025-01-10,Juba,Terakeka,impassable,2,,Juba – Terakeka,,
17,2025-01-10,Narus,Kuron,impassable,2,,Narus – Kuron,,
18,2025-01-10,Mundri,Mvolo,passable,0,,Mundri - Mvolo,40MT,
19,2025-01-10,Mangalla,Gemeiza,passable,0,,Mangalla – Gemeiza,40MT,
20,2025-01-10,Mathiang,Maiwut,impassable,2,,Mathiang – Maiwut,,
21,2025-01-10,Tonj,Langdit,passable,0,,Tonj – Langdit,40MT,
22,2025-01-10,Terakeka,Mundri,passable,0,Tali,Terakeka – Tali – Mundri,40MT,
23,2025-01-10,Terakeka,Mingkaman,partially passable,1,,Terakeka – Mingkaman,20MT,
24,2025-01-10,Torit,Magwi,passable,0,,Torit – Magwi,40MT,
25,2025-01-10,Hiyala,Ikotos,passable,0,,Hiyala – Ikotos,40MT,
26,2025-01-10,Torit,Lafon,partially passable,1,,Torit – Lafon,20MT,
27,2025-01-10,Wau,Thar Kueng,passable,0,,Wau – Thar Kueng,40MT,
28,2025-01-10,Wau,Tonj,passable,0,,Wau – Tonj,40MT,
29,2025-01-10,Wau,Akuem,passable,0,Aweil,Wau – Aweil – Akuem,40MT,
30,2025-01-10,Likuangole,Akobo,impassable,2,,Likuangole – Akobo,,
31,2025-01-10,Amok Piny,Madol,impassable,2,,Amok Piny – Madol,,
32,2025-01-10,Akwot,Nasser,impassable,2,,Akwot – Nasser,,
33,2025-01-10,Guit,Koch,impassable,2,,Guit – Koch,,
34,2025-01-10,Abiemnhom,Mayom,partially passable,1,,Abiemnhom – Mayom,Specialized Trucks,
35,2025-01-10,Kilo 30,Kaikang,impassable,2,Tumor; Mayom,Kilo30 –Tumor – Mayom – Kaikang,,
36,2025-01-10,Boma,Pochala,impassable,2,,Boma – Pochala,,
37,2025-01-10,Bor,Gadiang,impassable,2,,Bor – Gadiang,,
38,2025-01-10,Bor,Baidit,partially passable,1,,Bor – Baidit,20MT,
39,2025-01-10,Pengko,Manyabol,impassable,2,,Pengko – Manyabol,,
40,2025-01-10,Baidit,Duk Padiet,impassable,2,Mabior,Baidit – Mabior – Duk Padiet,,
41,2025-01-10,Gadiang,Akobo,impassable,2,,Gadiang – Akobo,,
42,2025-01-10,Juba,Lafon,impassable,2,,Juba – Lafon,,
43,2025-01-10,Adar,Mathiang,impassable,2,,Adar – Mathiang,,
44,2025-01-10,Maper (Lakes),Dablual,impassable,2,,Maper (Lakes) – Dablual,,
45,2025-01-10,Akobo,Kaikuny,impassable,2,,Akobo – Kainuny,,
46,2025-01-10,Motot,Lankien,impassable,2,,Motot – Lankein,,
47,2025-01-10,Wau,Deim Zubeir,partially passable,1,,Wau – Deim Zubeir,20MT,
48,2025-01-10,Wau,Tambura,partially passable,1,,Wau – Tambura,20MT,
49,2025-01-10,Yirol,Shambe,partially passable,1,,Yirol – Shambe,20MT,
50,2025-01-10,Aluakluak,Yirol,partially passable,1,,Aluakluak - Yirol,20MT,
51,2025-01-10,Rumbek,Langdit,passable,0,,Rumbek - Langdit,40MT,
52,2025-01-10,Aluakluak,Rumbek,partially passable,1,,Aluakluak – Rumbek,20MT,
53,2025-01-10,Wunrok,Abiemnhom,partially passable,1,Turalei,Wunrok – Turalei – Abiemnhom,20MT,
54,2025-01-10,Kilo 30,Panakuach,passable,0,Roriak,Kilo 30 – Roriak – Panakuach,40MT,
55,2025-01-10,Ding Ding,Koch,impassable,2,,Ding ding - Koch,,
56,2025-01-10,Bentiu,Dhorbor,impassable,2,,Bentiu – Dhorbor,,
57,2025-01-10,Dhorbor,Guit,impassable,2,,Dhorbor – Guit,,
58,2025-01-10,Guit,Ding Ding,impassable,2,,Guit – Ding Ding,,
59,2025-01-10,Gumuruk,Pibor,impassable,2,,Gumuruk – Pibor,,
60,2025-01-10,Bor,Pengko,impassable,2,,Bor – Pengko,,
61,2025-01-10,Duk Padiet,Pajut,impassable,2,,Duk Padiat – Pajut,,
62,2025-01-10,Yuai,Karam,impassable,2,Pathai,Yaui – Pathai – Karam,,
63,2025-01-10,Yuai,Motot,impassable,2,Pieri,Yaui – Pieri – Motot,,
64,2025-01-10,Yuai,Pajut,impassable,2,,Yaui – Pajut,,
65,2025-01-10,Wulu,Rumbek,passable,0,,Wulu – Rumbek,40MT,
66,2025-01-10,Pibor,Likuangole,impassable,2,,Pibor – Likuangole,,
67,2025-01-10,Mingkaman,Yirol,partially passable,1,,Mingkaman – Yirol,20MT,
68,2025-01-10,Yambio,Tambura,passable,0,,Yambio – Tambura,40MT,
69,2025-01-10,Juba,Mundri,passable,0,,Juba – Mundri,40MT,
70,2025-01-10,Kodok,Paloich,impassable,2,,Kodok – Paloich,,
71,2025-01-10,Malakal,Kodok,impassable,2,,Malakal – Kodok,,
72,2025-01-10,Thar Kueng,Kuajok,passable,0,,Thar Kueng - Kuajok,40MT,
73,2025-01-10,Bentiu,Guit,passable,0,,Bentiu – Guit,40MT,
74,2025-01-10,Duk Padiet,Ayod,impassable,2,,Duk Padiet – Ayod,,
75,2025-01-10,Guit,Mirmir,passable,0,,Guit – Mir mir,40MT,
76,2025-01-10,Raja,Chandoy/Dolo2,passable,0,,Raja – Chandoy/Dolo2,40MT,
77,2025-01-10,Mundri,Maridi,passable,0,,Mundri - Maridi,40MT,
78,2025-01-10,Torit,Kapoeta,partially passable,1,,Torit – Kapoeta,20MT,
79,2025-01-10,Mayendit,Mirmir,impassable,2,Rupkuai,Mayendit – Rupkuai – Mir mir,,
80,2025-01-10,Mirmir,Leer,impassable,2,,Mirmir – Leer,,
81,2025-01-10,Mankien,Mayom,impassable,2,,Mankien - Mayom,,
82,2025-01-10,Ajak Kuac,Mankien,impassable,2,,Ajak Kuac – Mankien,,
83,2025-01-10,Ayod,Pathai,impassable,2,,Ayod – Pathai,,
84,2025-01-10,Nyandit,Kiech Kon,impassable,2,,Nyandit - Kiech Kon,,
85,2025-01-10,Paloich,Jemaam,passable,0,Adar,Paloich – Adar – Jemaam,40MT,
86,2025-01-10,New Fangak,Kuernyang,impassable,2,,New Fangak – Kuernyang,,
87,2025-01-10,Paguir,Keew,impassable,2,,Paguir – Keew,,
88,2025-01-10,Baliet,Kiech Kon,impassable,2,Akwot,Baliet – Akwot – Kiech kon,,
89,2025-01-10,Wunrok,Gogrial,passable,0,,Wunrok – Gogrial,40MT,
90,2025-01-10,Deim Zubeir,Raja,partially passable,1,,Dim Zubeir – Raja,20MT,
91,2025-01-10,Aweil,Yith Pabol,impassable,2,,Aweil – Yith Pabol,,
92,2025-01-10,Kapoeta,Narus,passable,0,,Kapoeta – Narus,40MT,
93,2025-01-10,Melut,Paloich,passable,0,,Melut – Paloich,40MT,
94,2025-01-10,Wunrok,Abyei,partially passable,1,,Wunrok – Abyei,Specialized Trucks,
95,2025-01-10,Gogrial,Kuajok,passable,0,,Gogrial – Kuajok,40MT,
96,2025-01-10,Bentiu,Nhialdiu,impassable,2,,Bentiu – Nhialdiu,,
97,2025-01-10,Aluakluak,Mvolo,partially passable,1,,Aluakluak - Mvolo,20MT,
98,2025-01-10,Kilo 30,Manga Port,passable,0,,Kilo 30 – Manga Port,40MT,
99,2025-01-10,Gossinga,Raja,impassable,2,,Gossinga – Raja,,
100,2025-01-10,Gossinga,Raja,partially passable,1,Kapalala,Gossinga – Kapalala – Raja,20MT,
101,2025-01-10,Nyal,Ganyiel,impassable,2,,Nyal – Ganyiel,,
102,2025-01-10,Manyabol,Gadiang,impassable,2,,Manyabol – Gadiang,,
103,2025-01-10,Manyabol,Gumuruk,impassable,2,,Manyabol – Gumuruk,,
104,2025-01-10,Vertet,Labarab,impassable,2,,Vertet – Labarab,,
105,2025-01-10,Boma,Maruwa,impassable,2,,Boma – Maruwa,,
106,2025-01-10,Boma,Labarab,impassable,2,,Boma - Labarab,,
107,2025-01-10,Pibor,Vertet,impassable,2,,Pibor – Verthet,,
108,2025-01-10,Aduel,Amok Piny,partially passable,1,,Aduel – Amok Piny,Specialized Trucks,
109,2025-01-10,Lankien,Pading,impassable,2,Nyambor,Lankien – Nyambor – Pading,,
110,2025-01-10,Nyambor,Karam,impassable,2,Pading,Nyambor – Pading – Karam,,
111,2025-01-10,Pajut,Payuel,impassable,2,,Pajut – Payuel,,
112,2025-01-10,Aweil,Gogrial,partially passable,1,Akun,Aweil – Akun – Gogrial,20MT,
113,2025-01-10,Kapoeta,Chukudum,passable,0,,Kapoeta – Chukudum,40MT,
114,2025-01-10,Diabio,Ezo,passable,0,,Diabio – Ezo,40MT,
115,2025-01-10,Mvolo,Wulu,passable,0,,Mvolo – Wullu,40MT,
116,2025-01-10,Aluakluak,Mapuordit,partially passable,1,,Aluakluak - Mapuordit,20MT,
117,2025-01-10,Narus,Nadapal,passable,0,,Narus – Nadapal,40MT,
118,2025-01-10,Bentiu,Kilo 30,passable,0,,Bentiu – Kilo30,40MT,
119,2025-01-10,Gadiang,Yuai,impassable,2,,Gadiang – Yuai,,
120,2025-01-10,Pathai,Fatuet,impassable,2,,Pathai – Fatuet,,
121,2025-01-10,Walgak,Kaikuny,impassable,2,,Walgak – Kaikuny,,
122,2025-01-10,Yuai,Walgak,impassable,2,Motot; Waat,Yuai – Motot – Waat – Walgak,,
123,2025-01-10,Kuron,Boma,impassable,2,,Kuron – Boma,,
124,2025-01-10,Kapoeta,Kassangor,impassable,2,,Kapoeta – Kassangor,,
125,2025-01-10,Rumbek,Maper (Lakes),impassable,2,,Rumbek – Maper (Lakes),,
126,2025-01-10,Maruwa,Labarab,impassable,2,,Maruwa – Labarab,,
127,2025-01-10,Koch,Mirmir,impassable,2,,Koch – Mirmir,,
128,2025-01-10,Adok,Leer,impassable,2,Piling,Adok – Piling – Leer,,
129,2025-01-10,Lainya,Yei,passable,0,,Lainya – Yei,40MT,
130,2025-01-10,Mathiang,Udier,impassable,2,,Mathiang – Udier,,
131,2025-01-10,Gadiang,Payuel,impassable,2,,Gadiang – Payuel,,
132,2025-01-10,Ayod,Mogok,impassable,2,,Ayod – Mogok,,
133,2025-01-10,Kaikang,Kilo 30,passable,0,Roriak; Mayom,(Kaikang – Roriak )(Mayom – Kilo 30),20MT,alternative road listed as two separate stretches: Kaikang–Roriak and Mayom–Kilo 30
134,2025-01-10,Pariang,Ajuong Thok,passable,0,,Pariang – Ajuong Thok,40MT,
135,2025-01-10,Lafon,Imehejek,partially passable,1,,Lafon – Imehejek,20MT,
136,2025-01-10,Mabior,Gadiang,impassable,2,,Mabior – Gadiang,,
137,2025-01-10,Poktap,Payuel,impassable,2,,Poktap – Payuel,,
138,2025-01-10,Panakuach,Pariang,partially passable,1,,Panakuach – Pariang,20MT,new road; first appears 2024-11-01
139,2025-01-10,Mabior,Kongor,impassable,2,,Mabior – Kongor,,
1,2025-01-16,Kilo 30,Pariang,passable,0,,Kilo 30 – Pariang,40MT,
2,2025-01-16,Gemeiza,Bor,impassable,2,,Gemeiza – Bor,,
3,2025-01-16,Yida,Pariang,passable,0,,Yida - Pariang,40MT,
4,2025-01-16,Juba,Nimule,passable,0,,Juba – Nimule,40MT,
5,2025-01-16,Juba,Torit,partially passable,1,,Juba – Torit,20MT,
6,2025-01-16,Juba,Mangalla,passable,0,,Juba – Mangalla,40MT,
7,2025-01-16,Malakal,Baliet,impassable,2,,Malakal – Baliet,,
8,2025-01-16,Paloich,Renk,passable,0,,Paloich – Renk,40MT,
9,2025-01-16,Adar,Maban,passable,0,Jemaam,Adar – Jemaam – Maban,40MT,
10,2025-01-16,Abyei,Abiemnhom,impassable,2,,Abyei – Abienhom,,
11,2025-01-16,Aweil,Gossinga,partially passable,1,,Aweil – Gossinga,20MT,
12,2025-01-16,Pathai,Walgak,impassable,2,Motot,Pathai – Motot – Walgak,,
13,2025-01-16,Juba,Lainya,passable,0,,Juba – Lainya,40MT,
14,2025-01-16,Maridi,Yambio,passable,0,,Maridi – Yambio,40MT,
15,2025-01-16,Juba,Kajo Keji,passable,0,,Juba – Kajo Keji,40MT,
16,2025-01-16,Juba,Terakeka,impassable,2,,Juba – Terakeka,,
17,2025-01-16,Narus,Kuron,impassable,2,,Narus – Kuron,,
18,2025-01-16,Mundri,Mvolo,passable,0,,Mundri - Mvolo,40MT,
19,2025-01-16,Mangalla,Gemeiza,passable,0,,Mangalla – Gemeiza,40MT,
20,2025-01-16,Mathiang,Maiwut,impassable,2,,Mathiang – Maiwut,,
21,2025-01-16,Tonj,Langdit,passable,0,,Tonj – Langdit,40MT,
22,2025-01-16,Terakeka,Mundri,passable,0,Tali,Terakeka – Tali – Mundri,40MT,
23,2025-01-16,Terakeka,Mingkaman,partially passable,1,,Terakeka – Mingkaman,20MT,
24,2025-01-16,Torit,Magwi,passable,0,,Torit – Magwi,40MT,
25,2025-01-16,Hiyala,Ikotos,passable,0,,Hiyala – Ikotos,40MT,
26,2025-01-16,Torit,Lafon,partially passable,1,,Torit – Lafon,20MT,
27,2025-01-16,Wau,Thar Kueng,passable,0,,Wau – Thar Kueng,40MT,
28,2025-01-16,Wau,Tonj,passable,0,,Wau – Tonj,40MT,
29,2025-01-16,Wau,Akuem,passable,0,Aweil,Wau – Aweil – Akuem,40MT,
30,2025-01-16,Likuangole,Akobo,impassable,2,,Likuangole – Akobo,,
31,2025-01-16,Amok Piny,Madol,impassable,2,,Amok Piny – Madol,,
32,2025-01-16,Akwot,Nasser,impassable,2,,Akwot – Nasser,,
33,2025-01-16,Guit,Koch,impassable,2,,Guit – Koch,,
34,2025-01-16,Abiemnhom,Mayom,partially passable,1,,Abiemnhom – Mayom,Specialized Trucks,
35,2025-01-16,Kilo 30,Kaikang,impassable,2,Tumor; Mayom,Kilo30 –Tumor – Mayom – Kaikang,,
36,2025-01-16,Boma,Pochala,impassable,2,,Boma – Pochala,,
37,2025-01-16,Bor,Gadiang,impassable,2,,Bor – Gadiang,,
38,2025-01-16,Bor,Baidit,partially passable,1,,Bor – Baidit,20MT,
39,2025-01-16,Pengko,Manyabol,impassable,2,,Pengko – Manyabol,,
40,2025-01-16,Baidit,Duk Padiet,impassable,2,Mabior,Baidit – Mabior – Duk Padiet,,
41,2025-01-16,Gadiang,Akobo,impassable,2,,Gadiang – Akobo,,
42,2025-01-16,Juba,Lafon,impassable,2,,Juba – Lafon,,
43,2025-01-16,Adar,Mathiang,impassable,2,,Adar – Mathiang,,
44,2025-01-16,Maper (Lakes),Dablual,impassable,2,,Maper (Lakes) – Dablual,,
45,2025-01-16,Akobo,Kaikuny,impassable,2,,Akobo – Kainuny,,
46,2025-01-16,Motot,Lankien,impassable,2,,Motot – Lankein,,
47,2025-01-16,Wau,Deim Zubeir,partially passable,1,,Wau – Deim Zubeir,20MT,
48,2025-01-16,Wau,Tambura,partially passable,1,,Wau – Tambura,20MT,
49,2025-01-16,Yirol,Shambe,partially passable,1,,Yirol – Shambe,20MT,
50,2025-01-16,Aluakluak,Yirol,partially passable,1,,Aluakluak - Yirol,20MT,
51,2025-01-16,Rumbek,Langdit,passable,0,,Rumbek - Langdit,40MT,
52,2025-01-16,Aluakluak,Rumbek,partially passable,1,,Aluakluak – Rumbek,20MT,
53,2025-01-16,Wunrok,Abiemnhom,partially passable,1,Turalei,Wunrok – Turalei – Abiemnhom,20MT,
54,2025-01-16,Kilo 30,Panakuach,passable,0,Roriak,Kilo 30 – Roriak – Panakuach,40MT,
55,2025-01-16,Ding Ding,Koch,impassable,2,,Ding ding - Koch,,
56,2025-01-16,Bentiu,Dhorbor,impassable,2,,Bentiu – Dhorbor,,
57,2025-01-16,Dhorbor,Guit,impassable,2,,Dhorbor – Guit,,
58,2025-01-16,Guit,Ding Ding,impassable,2,,Guit – Ding Ding,,
59,2025-01-16,Gumuruk,Pibor,impassable,2,,Gumuruk – Pibor,,
60,2025-01-16,Bor,Pengko,impassable,2,,Bor – Pengko,,
61,2025-01-16,Duk Padiet,Pajut,impassable,2,,Duk Padiat – Pajut,,
62,2025-01-16,Yuai,Karam,impassable,2,Pathai,Yaui – Pathai – Karam,,
63,2025-01-16,Yuai,Motot,impassable,2,Pieri,Yaui – Pieri – Motot,,
64,2025-01-16,Yuai,Pajut,impassable,2,,Yaui – Pajut,,
65,2025-01-16,Wulu,Rumbek,passable,0,,Wulu – Rumbek,40MT,
66,2025-01-16,Pibor,Likuangole,impassable,2,,Pibor – Likuangole,,
67,2025-01-16,Mingkaman,Yirol,partially passable,1,,Mingkaman – Yirol,20MT,
68,2025-01-16,Yambio,Tambura,passable,0,,Yambio – Tambura,40MT,
69,2025-01-16,Juba,Mundri,passable,0,,Juba – Mundri,40MT,
70,2025-01-16,Kodok,Paloich,impassable,2,,Kodok – Paloich,,
71,2025-01-16,Malakal,Kodok,impassable,2,,Malakal – Kodok,,
72,2025-01-16,Thar Kueng,Kuajok,passable,0,,Thar Kueng - Kuajok,40MT,
73,2025-01-16,Bentiu,Guit,partially passable,1,,Bentiu – Guit,20MT,
74,2025-01-16,Duk Padiet,Ayod,impassable,2,,Duk Padiet – Ayod,,
75,2025-01-16,Guit,Mirmir,partially passable,1,,Guit – Mir mir,20MT,
76,2025-01-16,Raja,Chandoy/Dolo2,passable,0,,Raja – Chandoy/Dolo2,40MT,
77,2025-01-16,Mundri,Maridi,passable,0,,Mundri - Maridi,40MT,
78,2025-01-16,Torit,Kapoeta,partially passable,1,,Torit – Kapoeta,20MT,
79,2025-01-16,Mayendit,Mirmir,impassable,2,Rupkuai,Mayendit – Rupkuai – Mir mir,,
80,2025-01-16,Mirmir,Leer,partially passable,1,,Mirmir – Leer,20MT,
81,2025-01-16,Mankien,Mayom,impassable,2,,Mankien - Mayom,,
82,2025-01-16,Ajak Kuac,Mankien,impassable,2,,Ajak Kuac – Mankien,,
83,2025-01-16,Ayod,Pathai,impassable,2,,Ayod – Pathai,,
84,2025-01-16,Nyandit,Kiech Kon,impassable,2,,Nyandit - Kiech Kon,,
85,2025-01-16,Paloich,Jemaam,passable,0,Adar,Paloich – Adar – Jemaam,40MT,
86,2025-01-16,New Fangak,Kuernyang,impassable,2,,New Fangak – Kuernyang,,
87,2025-01-16,Paguir,Keew,impassable,2,,Paguir – Keew,,
88,2025-01-16,Baliet,Kiech Kon,impassable,2,Akwot,Baliet – Akwot – Kiech kon,,
89,2025-01-16,Wunrok,Gogrial,passable,0,,Wunrok – Gogrial,40MT,
90,2025-01-16,Deim Zubeir,Raja,partially passable,1,,Dim Zubeir – Raja,20MT,
91,2025-01-16,Aweil,Yith Pabol,impassable,2,,Aweil – Yith Pabol,,
92,2025-01-16,Kapoeta,Narus,passable,0,,Kapoeta – Narus,40MT,
93,2025-01-16,Melut,Paloich,passable,0,,Melut – Paloich,40MT,
94,2025-01-16,Wunrok,Abyei,partially passable,1,,Wunrok – Abyei,Specialized Trucks,
95,2025-01-16,Gogrial,Kuajok,passable,0,,Gogrial – Kuajok,40MT,
96,2025-01-16,Bentiu,Nhialdiu,impassable,2,,Bentiu – Nhialdiu,,
97,2025-01-16,Aluakluak,Mvolo,partially passable,1,,Aluakluak - Mvolo,20MT,
98,2025-01-16,Kilo 30,Manga Port,passable,0,,Kilo 30 – Manga Port,40MT,
99,2025-01-16,Gossinga,Raja,impassable,2,,Gossinga – Raja,,
100,2025-01-16,Gossinga,Raja,partially passable,1,Kapalala,Gossinga – Kapalala – Raja,20MT,
101,2025-01-16,Nyal,Ganyiel,impassable,2,,Nyal – Ganyiel,,
102,2025-01-16,Manyabol,Gadiang,impassable,2,,Manyabol – Gadiang,,
103,2025-01-16,Manyabol,Gumuruk,impassable,2,,Manyabol – Gumuruk,,
104,2025-01-16,Vertet,Labarab,impassable,2,,Vertet – Labarab,,
105,2025-01-16,Boma,Maruwa,impassable,2,,Boma – Maruwa,,
106,2025-01-16,Boma,Labarab,impassable,2,,Boma - Labarab,,
107,2025-01-16,Pibor,Vertet,impassable,2,,Pibor – Verthet,,
108,2025-01-16,Aduel,Amok Piny,partially passable,1,,Aduel – Amok Piny,Specialized Trucks,
109,2025-01-16,Lankien,Pading,impassable,2,Nyambor,Lankien – Nyambor – Pading,,
110,2025-01-16,Nyambor,Karam,impassable,2,Pading,Nyambor – Pading – Karam,,
111,2025-01-16,Pajut,Payuel,impassable,2,,Pajut – Payuel,,
112,2025-01-16,Aweil,Gogrial,partially passable,1,Akun,Aweil – Akun – Gogrial,20MT,
113,2025-01-16,Kapoeta,Chukudum,passable,0,,Kapoeta – Chukudum,40MT,
114,2025-01-16,Diabio,Ezo,passable,0,,Diabio – Ezo,40MT,
115,2025-01-16,Mvolo,Wulu,passable,0,,Mvolo – Wullu,40MT,
116,2025-01-16,Aluakluak,Mapuordit,partially passable,1,,Aluakluak - Mapuordit,20MT,
117,2025-01-16,Narus,Nadapal,passable,0,,Narus – Nadapal,40MT,
118,2025-01-16,Bentiu,Kilo 30,passable,0,,Bentiu – Kilo30,40MT,
119,2025-01-16,Gadiang,Yuai,impassable,2,,Gadiang – Yuai,,
120,2025-01-16,Pathai,Fatuet,impassable,2,,Pathai – Fatuet,,
121,2025-01-16,Walgak,Kaikuny,impassable,2,,Walgak – Kaikuny,,
122,2025-01-16,Yuai,Walgak,impassable,2,Motot; Waat,Yuai – Motot – Waat – Walgak,,
123,2025-01-16,Kuron,Boma,impassable,2,,Kuron – Boma,,
124,2025-01-16,Kapoeta,Kassangor,impassable,2,,Kapoeta – Kassangor,,
125,2025-01-16,Rumbek,Maper (Lakes),impassable,2,,Rumbek – Maper (Lakes),,
126,2025-01-16,Maruwa,Labarab,impassable,2,,Maruwa – Labarab,,
127,2025-01-16,Koch,Mirmir,impassable,2,,Koch – Mirmir,,
128,2025-01-16,Adok,Leer,impassable,2,Piling,Adok – Piling – Leer,,
129,2025-01-16,Lainya,Yei,passable,0,,Lainya – Yei,40MT,
130,2025-01-16,Mathiang,Udier,impassable,2,,Mathiang – Udier,,
131,2025-01-16,Gadiang,Payuel,impassable,2,,Gadiang – Payuel,,
132,2025-01-16,Ayod,Mogok,impassable,2,,Ayod – Mogok,,
133,2025-01-16,Kaikang,Kilo 30,passable,0,Roriak; Mayom,(Kaikang – Roriak )(Mayom – Kilo 30),40MT,alternative road listed as two separate stretches: Kaikang–Roriak and Mayom–Kilo 30
134,2025-01-16,Pariang,Ajuong Thok,passable,0,,Pariang – Ajuong Thok,40MT,
135,2025-01-16,Lafon,Imehejek,partially passable,1,,Lafon – Imehejek,20MT,
136,2025-01-16,Mabior,Gadiang,impassable,2,,Mabior – Gadiang,,
137,2025-01-16,Poktap,Payuel,impassable,2,,Poktap – Payuel,,
138,2025-01-16,Panakuach,Pariang,partially passable,1,,Panakuach – Pariang,20MT,new road; first appears 2024-11-01
139,2025-01-16,Mabior,Kongor,impassable,2,,Mabior – Kongor,,
1,2025-01-23,Kilo 30,Pariang,passable,0,,Kilo 30 – Pariang,40MT,
2,2025-01-23,Gemeiza,Bor,impassable,2,,Gemeiza – Bor,,
3,2025-01-23,Yida,Pariang,passable,0,,Yida - Pariang,40MT,
4,2025-01-23,Juba,Nimule,passable,0,,Juba – Nimule,40MT,
5,2025-01-23,Juba,Torit,partially passable,1,,Juba – Torit,20MT,
6,2025-01-23,Juba,Mangalla,passable,0,,Juba – Mangalla,40MT,
7,2025-01-23,Malakal,Baliet,impassable,2,,Malakal – Baliet,,
8,2025-01-23,Paloich,Renk,passable,0,,Paloich – Renk,40MT,
9,2025-01-23,Adar,Maban,passable,0,Jemaam,Adar – Jemaam – Maban,40MT,
10,2025-01-23,Abyei,Abiemnhom,impassable,2,,Abyei – Abienhom,,
11,2025-01-23,Aweil,Gossinga,partially passable,1,,Aweil – Gossinga,20MT,
12,2025-01-23,Pathai,Walgak,impassable,2,Motot,Pathai – Motot – Walgak,,
13,2025-01-23,Juba,Lainya,passable,0,,Juba – Lainya,40MT,
14,2025-01-23,Maridi,Yambio,passable,0,,Maridi – Yambio,40MT,
15,2025-01-23,Juba,Kajo Keji,passable,0,,Juba – Kajo Keji,40MT,
16,2025-01-23,Juba,Terakeka,impassable,2,,Juba – Terakeka,,
17,2025-01-23,Narus,Kuron,impassable,2,,Narus – Kuron,,
18,2025-01-23,Mundri,Mvolo,passable,0,,Mundri - Mvolo,40MT,
19,2025-01-23,Mangalla,Gemeiza,passable,0,,Mangalla – Gemeiza,40MT,
20,2025-01-23,Mathiang,Maiwut,impassable,2,,Mathiang – Maiwut,,
21,2025-01-23,Tonj,Langdit,passable,0,,Tonj – Langdit,40MT,
22,2025-01-23,Terakeka,Mundri,passable,0,Tali,Terakeka – Tali – Mundri,40MT,
23,2025-01-23,Terakeka,Mingkaman,partially passable,1,,Terakeka – Mingkaman,20MT,
24,2025-01-23,Torit,Magwi,passable,0,,Torit – Magwi,40MT,
25,2025-01-23,Hiyala,Ikotos,passable,0,,Hiyala – Ikotos,40MT,
26,2025-01-23,Torit,Lafon,partially passable,1,,Torit – Lafon,20MT,
27,2025-01-23,Wau,Thar Kueng,passable,0,,Wau – Thar Kueng,40MT,
28,2025-01-23,Wau,Tonj,passable,0,,Wau – Tonj,40MT,
29,2025-01-23,Wau,Akuem,passable,0,Aweil,Wau – Aweil – Akuem,40MT,
30,2025-01-23,Likuangole,Akobo,impassable,2,,Likuangole – Akobo,,
31,2025-01-23,Amok Piny,Madol,impassable,2,,Amok Piny – Madol,,
32,2025-01-23,Akwot,Nasser,impassable,2,,Akwot – Nasser,,
33,2025-01-23,Guit,Koch,impassable,2,,Guit – Koch,,
34,2025-01-23,Abiemnhom,Mayom,passable,0,,Abiemnhom – Mayom,40MT,
35,2025-01-23,Kilo 30,Kaikang,impassable,2,Tumor; Mayom,Kilo30 –Tumor – Mayom – Kaikang,,
36,2025-01-23,Boma,Pochala,impassable,2,,Boma – Pochala,,
37,2025-01-23,Bor,Gadiang,impassable,2,,Bor – Gadiang,,
38,2025-01-23,Bor,Baidit,partially passable,1,,Bor – Baidit,20MT,
39,2025-01-23,Pengko,Manyabol,impassable,2,,Pengko – Manyabol,,
40,2025-01-23,Baidit,Duk Padiet,impassable,2,Mabior,Baidit – Mabior – Duk Padiet,,
41,2025-01-23,Gadiang,Akobo,impassable,2,,Gadiang – Akobo,,
42,2025-01-23,Juba,Lafon,impassable,2,,Juba – Lafon,,
43,2025-01-23,Adar,Mathiang,impassable,2,,Adar – Mathiang,,
44,2025-01-23,Maper (Lakes),Dablual,impassable,2,,Maper (Lakes) – Dablual,,
45,2025-01-23,Akobo,Kaikuny,impassable,2,,Akobo – Kainuny,,
46,2025-01-23,Motot,Lankien,impassable,2,,Motot – Lankein,,
47,2025-01-23,Wau,Deim Zubeir,partially passable,1,,Wau – Deim Zubeir,20MT,
48,2025-01-23,Wau,Tambura,partially passable,1,,Wau – Tambura,20MT,
49,2025-01-23,Yirol,Shambe,partially passable,1,,Yirol – Shambe,20MT,
50,2025-01-23,Aluakluak,Yirol,partially passable,1,,Aluakluak - Yirol,20MT,
51,2025-01-23,Rumbek,Langdit,passable,0,,Rumbek - Langdit,40MT,
52,2025-01-23,Aluakluak,Rumbek,partially passable,1,,Aluakluak – Rumbek,20MT,
53,2025-01-23,Wunrok,Abiemnhom,partially passable,1,Turalei,Wunrok – Turalei – Abiemnhom,20MT,
54,2025-01-23,Kilo 30,Panakuach,passable,0,Roriak,Kilo 30 – Roriak – Panakuach,40MT,
55,2025-01-23,Ding Ding,Koch,impassable,2,,Ding ding - Koch,,
56,2025-01-23,Bentiu,Dhorbor,impassable,2,,Bentiu – Dhorbor,,
57,2025-01-23,Dhorbor,Guit,impassable,2,,Dhorbor – Guit,,
58,2025-01-23,Guit,Ding Ding,impassable,2,,Guit – Ding Ding,,
59,2025-01-23,Gumuruk,Pibor,impassable,2,,Gumuruk – Pibor,,
60,2025-01-23,Bor,Pengko,impassable,2,,Bor – Pengko,,
61,2025-01-23,Duk Padiet,Pajut,impassable,2,,Duk Padiat – Pajut,,
62,2025-01-23,Yuai,Karam,impassable,2,Pathai,Yaui – Pathai – Karam,,
63,2025-01-23,Yuai,Motot,impassable,2,Pieri,Yaui – Pieri – Motot,,
64,2025-01-23,Yuai,Pajut,impassable,2,,Yaui – Pajut,,
65,2025-01-23,Wulu,Rumbek,passable,0,,Wulu – Rumbek,40MT,
66,2025-01-23,Pibor,Likuangole,impassable,2,,Pibor – Likuangole,,
67,2025-01-23,Mingkaman,Yirol,partially passable,1,,Mingkaman – Yirol,20MT,
68,2025-01-23,Yambio,Tambura,passable,0,,Yambio – Tambura,40MT,
69,2025-01-23,Juba,Mundri,passable,0,,Juba – Mundri,40MT,
70,2025-01-23,Kodok,Paloich,impassable,2,,Kodok – Paloich,,
71,2025-01-23,Malakal,Kodok,impassable,2,,Malakal – Kodok,,
72,2025-01-23,Thar Kueng,Kuajok,passable,0,,Thar Kueng - Kuajok,40MT,
73,2025-01-23,Bentiu,Guit,passable,0,,Bentiu – Guit,40MT,
74,2025-01-23,Duk Padiet,Ayod,impassable,2,,Duk Padiet – Ayod,,
75,2025-01-23,Guit,Mirmir,partially passable,1,,Guit – Mir mir,20MT,
76,2025-01-23,Raja,Chandoy/Dolo2,passable,0,,Raja – Chandoy/Dolo2,40MT,
77,2025-01-23,Mundri,Maridi,passable,0,,Mundri - Maridi,40MT,
78,2025-01-23,Torit,Kapoeta,partially passable,1,,Torit – Kapoeta,20MT,
79,2025-01-23,Mayendit,Mirmir,impassable,2,Rupkuai,Mayendit – Rupkuai – Mir mir,,
80,2025-01-23,Mirmir,Leer,partially passable,1,,Mirmir – Leer,20MT,
81,2025-01-23,Mankien,Mayom,impassable,2,,Mankien - Mayom,,
82,2025-01-23,Ajak Kuac,Mankien,impassable,2,,Ajak Kuac – Mankien,,
83,2025-01-23,Ayod,Pathai,impassable,2,,Ayod – Pathai,,
84,2025-01-23,Nyandit,Kiech Kon,impassable,2,,Nyandit - Kiech Kon,,
85,2025-01-23,Paloich,Jemaam,passable,0,Adar,Paloich – Adar – Jemaam,40MT,
86,2025-01-23,New Fangak,Kuernyang,impassable,2,,New Fangak – Kuernyang,,
87,2025-01-23,Paguir,Keew,impassable,2,,Paguir – Keew,,
88,2025-01-23,Baliet,Kiech Kon,impassable,2,Akwot,Baliet – Akwot – Kiech kon,,
89,2025-01-23,Wunrok,Gogrial,passable,0,,Wunrok – Gogrial,40MT,
90,2025-01-23,Deim Zubeir,Raja,partially passable,1,,Dim Zubeir – Raja,20MT,
91,2025-01-23,Aweil,Yith Pabol,impassable,2,,Aweil – Yith Pabol,,
92,2025-01-23,Kapoeta,Narus,passable,0,,Kapoeta – Narus,40MT,
93,2025-01-23,Melut,Paloich,passable,0,,Melut – Paloich,40MT,
94,2025-01-23,Wunrok,Abyei,passable,0,,Wunrok – Abyei,40MT,
95,2025-01-23,Gogrial,Kuajok,passable,0,,Gogrial – Kuajok,40MT,
96,2025-01-23,Bentiu,Nhialdiu,impassable,2,,Bentiu – Nhialdiu,,
97,2025-01-23,Aluakluak,Mvolo,partially passable,1,,Aluakluak - Mvolo,20MT,
98,2025-01-23,Kilo 30,Manga Port,passable,0,,Kilo 30 – Manga Port,40MT,
99,2025-01-23,Gossinga,Raja,impassable,2,,Gossinga – Raja,,
100,2025-01-23,Gossinga,Raja,partially passable,1,Kapalala,Gossinga – Kapalala – Raja,20MT,
101,2025-01-23,Nyal,Ganyiel,impassable,2,,Nyal – Ganyiel,,
102,2025-01-23,Manyabol,Gadiang,impassable,2,,Manyabol – Gadiang,,
103,2025-01-23,Manyabol,Gumuruk,impassable,2,,Manyabol – Gumuruk,,
104,2025-01-23,Vertet,Labarab,impassable,2,,Vertet – Labarab,,
105,2025-01-23,Boma,Maruwa,impassable,2,,Boma – Maruwa,,
106,2025-01-23,Boma,Labarab,impassable,2,,Boma - Labarab,,
107,2025-01-23,Pibor,Vertet,impassable,2,,Pibor – Verthet,,
108,2025-01-23,Aduel,Amok Piny,partially passable,1,,Aduel – Amok Piny,Specialized Trucks,
109,2025-01-23,Lankien,Pading,impassable,2,Nyambor,Lankien – Nyambor – Pading,,
110,2025-01-23,Nyambor,Karam,impassable,2,Pading,Nyambor – Pading – Karam,,
111,2025-01-23,Pajut,Payuel,impassable,2,,Pajut – Payuel,,
112,2025-01-23,Aweil,Gogrial,partially passable,1,Akun,Aweil – Akun – Gogrial,20MT,
113,2025-01-23,Kapoeta,Chukudum,passable,0,,Kapoeta – Chukudum,40MT,
114,2025-01-23,Diabio,Ezo,passable,0,,Diabio – Ezo,40MT,
115,2025-01-23,Mvolo,Wulu,passable,0,,Mvolo – Wullu,40MT,
116,2025-01-23,Aluakluak,Mapuordit,partially passable,1,,Aluakluak - Mapuordit,20MT,
117,2025-01-23,Narus,Nadapal,passable,0,,Narus – Nadapal,40MT,
118,2025-01-23,Bentiu,Kilo 30,passable,0,,Bentiu – Kilo30,40MT,
119,2025-01-23,Gadiang,Yuai,impassable,2,,Gadiang – Yuai,,
120,2025-01-23,Pathai,Fatuet,impassable,2,,Pathai – Fatuet,,
121,2025-01-23,Walgak,Kaikuny,impassable,2,,Walgak – Kaikuny,,
122,2025-01-23,Yuai,Walgak,impassable,2,Motot; Waat,Yuai – Motot – Waat – Walgak,,
123,2025-01-23,Kuron,Boma,impassable,2,,Kuron – Boma,,
124,2025-01-23,Kapoeta,Kassangor,impassable,2,,Kapoeta – Kassangor,,
125,2025-01-23,Rumbek,Maper (Lakes),impassable,2,,Rumbek – Maper (Lakes),,
126,2025-01-23,Maruwa,Labarab,impassable,2,,Maruwa – Labarab,,
127,2025-01-23,Koch,Mirmir,impassable,2,,Koch – Mirmir,,
128,2025-01-23,Adok,Leer,impassable,2,Piling,Adok – Piling – Leer,,
129,2025-01-23,Lainya,Yei,passable,0,,Lainya – Yei,40MT,
130,2025-01-23,Mathiang,Udier,impassable,2,,Mathiang – Udier,,
131,2025-01-23,Gadiang,Payuel,impassable,2,,Gadiang – Payuel,,
132,2025-01-23,Ayod,Mogok,impassable,2,,Ayod – Mogok,,
133,2025-01-23,Kaikang,Kilo 30,passable,0,Roriak; Mayom,(Kaikang – Roriak )(Mayom – Kilo 30),40MT,alternative road listed as two separate stretches: Kaikang–Roriak and Mayom–Kilo 30
134,2025-01-23,Pariang,Ajuong Thok,passable,0,,Pariang – Ajuong Thok,40MT,
135,2025-01-23,Lafon,Imehejek,partially passable,1,,Lafon – Imehejek,20MT,
136,2025-01-23,Mabior,Gadiang,impassable,2,,Mabior – Gadiang,,
137,2025-01-23,Poktap,Payuel,impassable,2,,Poktap – Payuel,,
138,2025-01-23,Panakuach,Pariang,partially passable,1,,Panakuach – Pariang,20MT,new road; first appears 2024-11-01
139,2025-01-23,Mabior,Kongor,impassable,2,,Mabior – Kongor,,
1,2025-01-30,Kilo 30,Pariang,passable,0,,Kilo 30 – Pariang,40MT,
2,2025-01-30,Gemeiza,Bor,impassable,2,,Gemeiza – Bor,,
3,2025-01-30,Yida,Pariang,passable,0,,Yida - Pariang,40MT,
4,2025-01-30,Juba,Nimule,passable,0,,Juba – Nimule,40MT,
5,2025-01-30,Juba,Torit,partially passable,1,,Juba – Torit,20MT,
6,2025-01-30,Juba,Mangalla,passable,0,,Juba – Mangalla,40MT,
7,2025-01-30,Malakal,Baliet,impassable,2,,Malakal – Baliet,,
8,2025-01-30,Paloich,Renk,passable,0,,Paloich – Renk,40MT,
9,2025-01-30,Adar,Maban,passable,0,Jemaam,Adar – Jemaam – Maban,40MT,
10,2025-01-30,Abyei,Abiemnhom,impassable,2,,Abyei – Abienhom,,
11,2025-01-30,Aweil,Gossinga,partially passable,1,,Aweil – Gossinga,20MT,
12,2025-01-30,Pathai,Walgak,impassable,2,Motot,Pathai – Motot – Walgak,,
13,2025-01-30,Juba,Lainya,passable,0,,Juba – Lainya,40MT,
14,2025-01-30,Maridi,Yambio,passable,0,,Maridi – Yambio,40MT,
15,2025-01-30,Juba,Kajo Keji,passable,0,,Juba – Kajo Keji,40MT,
16,2025-01-30,Juba,Terakeka,impassable,2,,Juba – Terakeka,,
17,2025-01-30,Narus,Kuron,impassable,2,,Narus – Kuron,,
18,2025-01-30,Mundri,Mvolo,passable,0,,Mundri - Mvolo,40MT,
19,2025-01-30,Mangalla,Gemeiza,passable,0,,Mangalla – Gemeiza,40MT,
20,2025-01-30,Mathiang,Maiwut,impassable,2,,Mathiang – Maiwut,,
21,2025-01-30,Tonj,Langdit,passable,0,,Tonj – Langdit,40MT,
22,2025-01-30,Terakeka,Mundri,passable,0,Tali,Terakeka – Tali – Mundri,40MT,
23,2025-01-30,Terakeka,Mingkaman,partially passable,1,,Terakeka – Mingkaman,20MT,
24,2025-01-30,Torit,Magwi,passable,0,,Torit – Magwi,40MT,
25,2025-01-30,Hiyala,Ikotos,passable,0,,Hiyala – Ikotos,40MT,
26,2025-01-30,Torit,Lafon,partially passable,1,,Torit – Lafon,20MT,
27,2025-01-30,Wau,Thar Kueng,passable,0,,Wau – Thar Kueng,40MT,
28,2025-01-30,Wau,Tonj,passable,0,,Wau – Tonj,40MT,
29,2025-01-30,Wau,Akuem,passable,0,Aweil,Wau – Aweil – Akuem,40MT,
30,2025-01-30,Likuangole,Akobo,impassable,2,,Likuangole – Akobo,,
31,2025-01-30,Amok Piny,Madol,impassable,2,,Amok Piny – Madol,,
32,2025-01-30,Akwot,Nasser,impassable,2,,Akwot – Nasser,,
33,2025-01-30,Guit,Koch,impassable,2,,Guit – Koch,,
34,2025-01-30,Abiemnhom,Mayom,passable,0,,Abiemnhom – Mayom,40MT,
35,2025-01-30,Kilo 30,Kaikang,impassable,2,Tumor; Mayom,Kilo30 –Tumor – Mayom – Kaikang,,
36,2025-01-30,Boma,Pochala,impassable,2,,Boma – Pochala,,
37,2025-01-30,Bor,Gadiang,impassable,2,,Bor – Gadiang,,
38,2025-01-30,Bor,Baidit,partially passable,1,,Bor – Baidit,20MT,
39,2025-01-30,Pengko,Manyabol,impassable,2,,Pengko – Manyabol,,
40,2025-01-30,Baidit,Duk Padiet,impassable,2,Mabior,Baidit – Mabior – Duk Padiet,,
41,2025-01-30,Gadiang,Akobo,impassable,2,,Gadiang – Akobo,,
42,2025-01-30,Juba,Lafon,impassable,2,,Juba – Lafon,,
43,2025-01-30,Adar,Mathiang,impassable,2,,Adar – Mathiang,,
44,2025-01-30,Maper (Lakes),Dablual,impassable,2,,Maper (Lakes) – Dablual,,
45,2025-01-30,Akobo,Kaikuny,impassable,2,,Akobo – Kainuny,,
46,2025-01-30,Motot,Lankien,impassable,2,,Motot – Lankein,,
47,2025-01-30,Wau,Deim Zubeir,partially passable,1,,Wau – Deim Zubeir,20MT,
48,2025-01-30,Wau,Tambura,partially passable,1,,Wau – Tambura,20MT,
49,2025-01-30,Yirol,Shambe,partially passable,1,,Yirol – Shambe,20MT,
50,2025-01-30,Aluakluak,Yirol,partially passable,1,,Aluakluak - Yirol,20MT,
51,2025-01-30,Rumbek,Langdit,passable,0,,Rumbek - Langdit,40MT,
52,2025-01-30,Aluakluak,Rumbek,partially passable,1,,Aluakluak – Rumbek,20MT,
53,2025-01-30,Wunrok,Abiemnhom,passable,0,Turalei,Wunrok – Turalei – Abiemnhom,40MT,
54,2025-01-30,Kilo 30,Panakuach,passable,0,Roriak,Kilo 30 – Roriak – Panakuach,40MT,
55,2025-01-30,Ding Ding,Koch,impassable,2,,Ding ding - Koch,,
56,2025-01-30,Bentiu,Dhorbor,impassable,2,,Bentiu – Dhorbor,,
57,2025-01-30,Dhorbor,Guit,impassable,2,,Dhorbor – Guit,,
58,2025-01-30,Guit,Ding Ding,impassable,2,,Guit – Ding Ding,,
59,2025-01-30,Gumuruk,Pibor,impassable,2,,Gumuruk – Pibor,,
60,2025-01-30,Bor,Pengko,impassable,2,,Bor – Pengko,,
61,2025-01-30,Duk Padiet,Pajut,impassable,2,,Duk Padiat – Pajut,,
62,2025-01-30,Yuai,Karam,impassable,2,Pathai,Yaui – Pathai – Karam,,
63,2025-01-30,Yuai,Motot,impassable,2,Pieri,Yaui – Pieri – Motot,,
64,2025-01-30,Yuai,Pajut,impassable,2,,Yaui – Pajut,,
65,2025-01-30,Wulu,Rumbek,passable,0,,Wulu – Rumbek,40MT,
66,2025-01-30,Pibor,Likuangole,impassable,2,,Pibor – Likuangole,,
67,2025-01-30,Mingkaman,Yirol,partially passable,1,,Mingkaman – Yirol,20MT,
68,2025-01-30,Yambio,Tambura,passable,0,,Yambio – Tambura,40MT,
69,2025-01-30,Juba,Mundri,passable,0,,Juba – Mundri,40MT,
70,2025-01-30,Kodok,Paloich,impassable,2,,Kodok – Paloich,,
71,2025-01-30,Malakal,Kodok,impassable,2,,Malakal – Kodok,,
72,2025-01-30,Thar Kueng,Kuajok,passable,0,,Thar Kueng - Kuajok,40MT,
73,2025-01-30,Bentiu,Guit,passable,0,,Bentiu – Guit,40MT,
74,2025-01-30,Duk Padiet,Ayod,impassable,2,,Duk Padiet – Ayod,,
75,2025-01-30,Guit,Mirmir,partially passable,1,,Guit – Mir mir,20MT,
76,2025-01-30,Raja,Chandoy/Dolo2,passable,0,,Raja – Chandoy/Dolo2,40MT,
77,2025-01-30,Mundri,Maridi,passable,0,,Mundri - Maridi,40MT,
78,2025-01-30,Torit,Kapoeta,partially passable,1,,Torit – Kapoeta,20MT,
79,2025-01-30,Mayendit,Mirmir,impassable,2,Rupkuai,Mayendit – Rupkuai – Mir mir,,
80,2025-01-30,Mirmir,Leer,partially passable,1,,Mirmir – Leer,20MT,
81,2025-01-30,Mankien,Mayom,impassable,2,,Mankien - Mayom,,
82,2025-01-30,Ajak Kuac,Mankien,impassable,2,,Ajak Kuac – Mankien,,
83,2025-01-30,Ayod,Pathai,impassable,2,,Ayod – Pathai,,
84,2025-01-30,Nyandit,Kiech Kon,impassable,2,,Nyandit - Kiech Kon,,
85,2025-01-30,Paloich,Jemaam,passable,0,Adar,Paloich – Adar – Jemaam,40MT,
86,2025-01-30,New Fangak,Kuernyang,impassable,2,,New Fangak – Kuernyang,,
87,2025-01-30,Paguir,Keew,impassable,2,,Paguir – Keew,,
88,2025-01-30,Baliet,Kiech Kon,impassable,2,Akwot,Baliet – Akwot – Kiech kon,,
89,2025-01-30,Wunrok,Gogrial,passable,0,,Wunrok – Gogrial,40MT,
90,2025-01-30,Deim Zubeir,Raja,partially passable,1,,Dim Zubeir – Raja,20MT,
91,2025-01-30,Aweil,Yith Pabol,impassable,2,,Aweil – Yith Pabol,,
92,2025-01-30,Kapoeta,Narus,passable,0,,Kapoeta – Narus,40MT,
93,2025-01-30,Melut,Paloich,passable,0,,Melut – Paloich,40MT,
94,2025-01-30,Wunrok,Abyei,partially passable,1,,Wunrok – Abyei,20MT,
95,2025-01-30,Gogrial,Kuajok,passable,0,,Gogrial – Kuajok,40MT,
96,2025-01-30,Bentiu,Nhialdiu,impassable,2,,Bentiu – Nhialdiu,,
97,2025-01-30,Aluakluak,Mvolo,partially passable,1,,Aluakluak - Mvolo,20MT,
98,2025-01-30,Kilo 30,Manga Port,passable,0,,Kilo 30 – Manga Port,40MT,
99,2025-01-30,Gossinga,Raja,impassable,2,,Gossinga – Raja,,
100,2025-01-30,Gossinga,Raja,partially passable,1,Kapalala,Gossinga – Kapalala – Raja,20MT,
101,2025-01-30,Nyal,Ganyiel,impassable,2,,Nyal – Ganyiel,,
102,2025-01-30,Manyabol,Gadiang,impassable,2,,Manyabol – Gadiang,,
103,2025-01-30,Manyabol,Gumuruk,impassable,2,,Manyabol – Gumuruk,,
104,2025-01-30,Vertet,Labarab,impassable,2,,Vertet – Labarab,,
105,2025-01-30,Boma,Maruwa,impassable,2,,Boma – Maruwa,,
106,2025-01-30,Boma,Labarab,impassable,2,,Boma - Labarab,,
107,2025-01-30,Pibor,Vertet,impassable,2,,Pibor – Verthet,,
108,2025-01-30,Aduel,Amok Piny,partially passable,1,,Aduel – Amok Piny,Specialized Trucks,
109,2025-01-30,Lankien,Pading,impassable,2,Nyambor,Lankien – Nyambor – Pading,,
110,2025-01-30,Nyambor,Karam,impassable,2,Pading,Nyambor – Pading – Karam,,
111,2025-01-30,Pajut,Payuel,impassable,2,,Pajut – Payuel,,
112,2025-01-30,Aweil,Gogrial,partially passable,1,Akun,Aweil – Akun – Gogrial,20MT,
113,2025-01-30,Kapoeta,Chukudum,passable,0,,Kapoeta – Chukudum,40MT,
114,2025-01-30,Diabio,Ezo,passable,0,,Diabio – Ezo,40MT,
115,2025-01-30,Mvolo,Wulu,passable,0,,Mvolo – Wullu,40MT,
116,2025-01-30,Aluakluak,Mapuordit,partially passable,1,,Aluakluak - Mapuordit,20MT,
117,2025-01-30,Narus,Nadapal,passable,0,,Narus – Nadapal,40MT,
118,2025-01-30,Bentiu,Kilo 30,passable,0,,Bentiu – Kilo30,40MT,
119,2025-01-30,Gadiang,Yuai,impassable,2,,Gadiang – Yuai,,
120,2025-01-30,Pathai,Fatuet,impassable,2,,Pathai – Fatuet,,
121,2025-01-30,Walgak,Kaikuny,impassable,2,,Walgak – Kaikuny,,
122,2025-01-30,Yuai,Walgak,impassable,2,Motot; Waat,Yuai – Motot – Waat – Walgak,,
123,2025-01-30,Kuron,Boma,impassable,2,,Kuron – Boma,,
124,2025-01-30,Kapoeta,Kassangor,impassable,2,,Kapoeta – Kassangor,,
125,2025-01-30,Rumbek,Maper (Lakes),impassable,2,,Rumbek – Maper (Lakes),,
126,2025-01-30,Maruwa,Labarab,impassable,2,,Maruwa – Labarab,,
127,2025-01-30,Koch,Mirmir,impassable,2,,Koch – Mirmir,,
128,2025-01-30,Adok,Leer,impassable,2,Piling,Adok – Piling – Leer,,
129,2025-01-30,Lainya,Yei,passable,0,,Lainya – Yei,40MT,
130,2025-01-30,Mathiang,Udier,impassable,2,,Mathiang – Udier,,
131,2025-01-30,Gadiang,Payuel,impassable,2,,Gadiang – Payuel,,
132,2025-01-30,Ayod,Mogok,impassable,2,,Ayod – Mogok,,
133,2025-01-30,Kaikang,Kilo 30,passable,0,Roriak; Mayom,(Kaikang – Roriak )(Mayom – Kilo 30),40MT,alternative road listed as two separate stretches: Kaikang–Roriak and Mayom–Kilo 30
134,2025-01-30,Pariang,Ajuong Thok,passable,0,,Pariang – Ajuong Thok,40MT,
135,2025-01-30,Lafon,Imehejek,partially passable,1,,Lafon – Imehejek,20MT,
136,2025-01-30,Mabior,Gadiang,impassable,2,,Mabior – Gadiang,,
137,2025-01-30,Poktap,Payuel,impassable,2,,Poktap – Payuel,,
138,2025-01-30,Panakuach,Pariang,partially passable,1,,Panakuach – Pariang,20MT,new road; first appears 2024-11-01
139,2025-01-30,Mabior,Kongor,impassable,2,,Mabior – Kongor,,
1,2025-02-06,Kilo 30,Pariang,passable,0,,Kilo 30 – Pariang,40MT,
2,2025-02-06,Gemeiza,Bor,impassable,2,,Gemeiza – Bor,,
3,2025-02-06,Yida,Pariang,passable,0,,Yida - Pariang,40MT,
4,2025-02-06,Juba,Nimule,passable,0,,Juba – Nimule,40MT,
5,2025-02-06,Juba,Torit,partially passable,1,,Juba – Torit,20MT,
6,2025-02-06,Juba,Mangalla,passable,0,,Juba – Mangalla,40MT,
7,2025-02-06,Malakal,Baliet,impassable,2,,Malakal – Baliet,,
8,2025-02-06,Paloich,Renk,passable,0,,Paloich – Renk,40MT,
9,2025-02-06,Adar,Maban,passable,0,Jemaam,Adar – Jemaam – Maban,40MT,
10,2025-02-06,Abyei,Abiemnhom,impassable,2,,Abyei – Abienhom,,
11,2025-02-06,Aweil,Gossinga,partially passable,1,,Aweil – Gossinga,20MT,
12,2025-02-06,Pathai,Walgak,impassable,2,Motot,Pathai – Motot – Walgak,,
13,2025-02-06,Juba,Lainya,passable,0,,Juba – Lainya,40MT,
14,2025-02-06,Maridi,Yambio,passable,0,,Maridi – Yambio,40MT,
15,2025-02-06,Juba,Kajo Keji,passable,0,,Juba – Kajo Keji,40MT,
16,2025-02-06,Juba,Terakeka,impassable,2,,Juba – Terakeka,,
17,2025-02-06,Narus,Kuron,impassable,2,,Narus – Kuron,,
18,2025-02-06,Mundri,Mvolo,passable,0,,Mundri - Mvolo,40MT,
19,2025-02-06,Mangalla,Gemeiza,passable,0,,Mangalla – Gemeiza,40MT,
20,2025-02-06,Mathiang,Maiwut,impassable,2,,Mathiang – Maiwut,,
21,2025-02-06,Tonj,Langdit,passable,0,,Tonj – Langdit,40MT,
22,2025-02-06,Terakeka,Mundri,passable,0,Tali,Terakeka – Tali – Mundri,40MT,
23,2025-02-06,Terakeka,Mingkaman,partially passable,1,,Terakeka – Mingkaman,20MT,
24,2025-02-06,Torit,Magwi,passable,0,,Torit – Magwi,40MT,
25,2025-02-06,Hiyala,Ikotos,passable,0,,Hiyala – Ikotos,40MT,
26,2025-02-06,Torit,Lafon,partially passable,1,,Torit – Lafon,20MT,
27,2025-02-06,Wau,Thar Kueng,passable,0,,Wau – Thar Kueng,40MT,
28,2025-02-06,Wau,Tonj,passable,0,,Wau – Tonj,40MT,
29,2025-02-06,Wau,Akuem,passable,0,Aweil,Wau – Aweil – Akuem,40MT,
30,2025-02-06,Likuangole,Akobo,impassable,2,,Likuangole – Akobo,,
31,2025-02-06,Amok Piny,Madol,impassable,2,,Amok Piny – Madol,,
32,2025-02-06,Akwot,Nasser,impassable,2,,Akwot – Nasser,,
33,2025-02-06,Guit,Koch,impassable,2,,Guit – Koch,,
34,2025-02-06,Abiemnhom,Mayom,passable,0,,Abiemnhom – Mayom,40MT,
35,2025-02-06,Kilo 30,Kaikang,impassable,2,Tumor; Mayom,Kilo30 –Tumor – Mayom – Kaikang,,
36,2025-02-06,Boma,Pochala,impassable,2,,Boma – Pochala,,
37,2025-02-06,Bor,Gadiang,impassable,2,,Bor – Gadiang,,
38,2025-02-06,Bor,Baidit,partially passable,1,,Bor – Baidit,20MT,
39,2025-02-06,Pengko,Manyabol,impassable,2,,Pengko – Manyabol,,
40,2025-02-06,Baidit,Duk Padiet,impassable,2,Mabior,Baidit – Mabior – Duk Padiet,,
41,2025-02-06,Gadiang,Akobo,impassable,2,,Gadiang – Akobo,,
42,2025-02-06,Juba,Lafon,impassable,2,,Juba – Lafon,,
43,2025-02-06,Adar,Mathiang,impassable,2,,Adar – Mathiang,,
44,2025-02-06,Maper (Lakes),Dablual,impassable,2,,Maper (Lakes) – Dablual,,
45,2025-02-06,Akobo,Kaikuny,impassable,2,,Akobo – Kainuny,,
46,2025-02-06,Motot,Lankien,impassable,2,,Motot – Lankein,,
47,2025-02-06,Wau,Deim Zubeir,partially passable,1,,Wau – Deim Zubeir,20MT,
48,2025-02-06,Wau,Tambura,partially passable,1,,Wau – Tambura,20MT,
49,2025-02-06,Yirol,Shambe,partially passable,1,,Yirol – Shambe,20MT,
50,2025-02-06,Aluakluak,Yirol,partially passable,1,,Aluakluak - Yirol,20MT,
51,2025-02-06,Rumbek,Langdit,passable,0,,Rumbek - Langdit,40MT,
52,2025-02-06,Aluakluak,Rumbek,partially passable,1,,Aluakluak – Rumbek,20MT,
53,2025-02-06,Wunrok,Abiemnhom,passable,0,Turalei,Wunrok – Turalei – Abiemnhom,40MT,
54,2025-02-06,Kilo 30,Panakuach,passable,0,Roriak,Kilo 30 – Roriak – Panakuach,40MT,
55,2025-02-06,Ding Ding,Koch,impassable,2,,Ding ding - Koch,,
56,2025-02-06,Bentiu,Dhorbor,impassable,2,,Bentiu – Dhorbor,,
57,2025-02-06,Dhorbor,Guit,impassable,2,,Dhorbor – Guit,,
58,2025-02-06,Guit,Ding Ding,impassable,2,,Guit – Ding Ding,,
59,2025-02-06,Gumuruk,Pibor,impassable,2,,Gumuruk – Pibor,,
60,2025-02-06,Bor,Pengko,impassable,2,,Bor – Pengko,,
61,2025-02-06,Duk Padiet,Pajut,impassable,2,,Duk Padiat – Pajut,,
62,2025-02-06,Yuai,Karam,impassable,2,Pathai,Yaui – Pathai – Karam,,
63,2025-02-06,Yuai,Motot,impassable,2,Pieri,Yaui – Pieri – Motot,,
64,2025-02-06,Yuai,Pajut,impassable,2,,Yaui – Pajut,,
65,2025-02-06,Wulu,Rumbek,passable,0,,Wulu – Rumbek,40MT,
66,2025-02-06,Pibor,Likuangole,impassable,2,,Pibor – Likuangole,,
67,2025-02-06,Mingkaman,Yirol,partially passable,1,,Mingkaman – Yirol,20MT,
68,2025-02-06,Yambio,Tambura,passable,0,,Yambio – Tambura,40MT,
69,2025-02-06,Juba,Mundri,passable,0,,Juba – Mundri,40MT,
70,2025-02-06,Kodok,Paloich,impassable,2,,Kodok – Paloich,,
71,2025-02-06,Malakal,Kodok,impassable,2,,Malakal – Kodok,,
72,2025-02-06,Thar Kueng,Kuajok,passable,0,,Thar Kueng - Kuajok,40MT,
73,2025-02-06,Bentiu,Guit,passable,0,,Bentiu – Guit,40MT,
74,2025-02-06,Duk Padiet,Ayod,impassable,2,,Duk Padiet – Ayod,,
75,2025-02-06,Guit,Mirmir,partially passable,1,,Guit – Mir mir,20MT,
76,2025-02-06,Raja,Chandoy/Dolo2,passable,0,,Raja – Chandoy/Dolo2,40MT,
77,2025-02-06,Mundri,Maridi,passable,0,,Mundri - Maridi,40MT,
78,2025-02-06,Torit,Kapoeta,partially passable,1,,Torit – Kapoeta,20MT,
79,2025-02-06,Mayendit,Mirmir,impassable,2,Rupkuai,Mayendit – Rupkuai – Mir mir,,
80,2025-02-06,Mirmir,Leer,partially passable,1,,Mirmir – Leer,20MT,
81,2025-02-06,Mankien,Mayom,impassable,2,,Mankien - Mayom,,
82,2025-02-06,Ajak Kuac,Mankien,impassable,2,,Ajak Kuac – Mankien,,
83,2025-02-06,Ayod,Pathai,impassable,2,,Ayod – Pathai,,
84,2025-02-06,Nyandit,Kiech Kon,impassable,2,,Nyandit - Kiech Kon,,
85,2025-02-06,Paloich,Jemaam,passable,0,Adar,Paloich – Adar – Jemaam,40MT,
86,2025-02-06,New Fangak,Kuernyang,impassable,2,,New Fangak – Kuernyang,,
87,2025-02-06,Paguir,Keew,impassable,2,,Paguir – Keew,,
88,2025-02-06,Baliet,Kiech Kon,impassable,2,Akwot,Baliet – Akwot – Kiech kon,,
89,2025-02-06,Wunrok,Gogrial,passable,0,,Wunrok – Gogrial,40MT,
90,2025-02-06,Deim Zubeir,Raja,partially passable,1,,Dim Zubeir – Raja,20MT,
91,2025-02-06,Aweil,Yith Pabol,impassable,2,,Aweil – Yith Pabol,,
92,2025-02-06,Kapoeta,Narus,passable,0,,Kapoeta – Narus,40MT,
93,2025-02-06,Melut,Paloich,passable,0,,Melut – Paloich,40MT,
94,2025-02-06,Wunrok,Abyei,partially passable,1,,Wunrok – Abyei,20MT,
95,2025-02-06,Gogrial,Kuajok,passable,0,,Gogrial – Kuajok,40MT,
96,2025-02-06,Bentiu,Nhialdiu,impassable,2,,Bentiu – Nhialdiu,,
97,2025-02-06,Aluakluak,Mvolo,partially passable,1,,Aluakluak - Mvolo,20MT,
98,2025-02-06,Kilo 30,Manga Port,passable,0,,Kilo 30 – Manga Port,40MT,
99,2025-02-06,Gossinga,Raja,impassable,2,,Gossinga – Raja,,
100,2025-02-06,Gossinga,Raja,partially passable,1,Kapalala,Gossinga – Kapalala – Raja,20MT,
101,2025-02-06,Nyal,Ganyiel,impassable,2,,Nyal – Ganyiel,,
102,2025-02-06,Manyabol,Gadiang,impassable,2,,Manyabol – Gadiang,,
103,2025-02-06,Manyabol,Gumuruk,impassable,2,,Manyabol – Gumuruk,,
104,2025-02-06,Vertet,Labarab,impassable,2,,Vertet – Labarab,,
105,2025-02-06,Boma,Maruwa,impassable,2,,Boma – Maruwa,,
106,2025-02-06,Boma,Labarab,impassable,2,,Boma - Labarab,,
107,2025-02-06,Pibor,Vertet,impassable,2,,Pibor – Verthet,,
108,2025-02-06,Aduel,Amok Piny,partially passable,1,,Aduel – Amok Piny,Specialized Trucks,
109,2025-02-06,Lankien,Pading,impassable,2,Nyambor,Lankien – Nyambor – Pading,,
110,2025-02-06,Nyambor,Karam,impassable,2,Pading,Nyambor – Pading – Karam,,
111,2025-02-06,Pajut,Payuel,impassable,2,,Pajut – Payuel,,
112,2025-02-06,Aweil,Gogrial,partially passable,1,Akun,Aweil – Akun – Gogrial,20MT,
113,2025-02-06,Kapoeta,Chukudum,passable,0,,Kapoeta – Chukudum,40MT,
114,2025-02-06,Diabio,Ezo,passable,0,,Diabio – Ezo,40MT,
115,2025-02-06,Mvolo,Wulu,passable,0,,Mvolo – Wullu,40MT,
116,2025-02-06,Aluakluak,Mapuordit,partially passable,1,,Aluakluak - Mapuordit,20MT,
117,2025-02-06,Narus,Nadapal,passable,0,,Narus – Nadapal,40MT,
118,2025-02-06,Bentiu,Kilo 30,passable,0,,Bentiu – Kilo30,40MT,
119,2025-02-06,Gadiang,Yuai,impassable,2,,Gadiang – Yuai,,
120,2025-02-06,Pathai,Fatuet,impassable,2,,Pathai – Fatuet,,
121,2025-02-06,Walgak,Kaikuny,impassable,2,,Walgak – Kaikuny,,
122,2025-02-06,Yuai,Walgak,impassable,2,Motot; Waat,Yuai – Motot – Waat – Walgak,,
123,2025-02-06,Kuron,Boma,impassable,2,,Kuron – Boma,,
124,2025-02-06,Kapoeta,Kassangor,impassable,2,,Kapoeta – Kassangor,,
125,2025-02-06,Rumbek,Maper (Lakes),impassable,2,,Rumbek – Maper (Lakes),,
126,2025-02-06,Maruwa,Labarab,impassable,2,,Maruwa – Labarab,,
127,2025-02-06,Koch,Mirmir,impassable,2,,Koch – Mirmir,,
128,2025-02-06,Adok,Leer,impassable,2,Piling,Adok – Piling – Leer,,
129,2025-02-06,Lainya,Yei,passable,0,,Lainya – Yei,40MT,
130,2025-02-06,Mathiang,Udier,impassable,2,,Mathiang – Udier,,
131,2025-02-06,Gadiang,Payuel,impassable,2,,Gadiang – Payuel,,
132,2025-02-06,Ayod,Mogok,impassable,2,,Ayod – Mogok,,
133,2025-02-06,Kaikang,Kilo 30,passable,0,Roriak; Mayom,(Kaikang – Roriak )(Mayom – Kilo 30),40MT,alternative road listed as two separate stretches: Kaikang–Roriak and Mayom–Kilo 30
134,2025-02-06,Pariang,Ajuong Thok,passable,0,,Pariang – Ajuong Thok,40MT,
135,2025-02-06,Lafon,Imehejek,partially passable,1,,Lafon – Imehejek,20MT,
136,2025-02-06,Mabior,Gadiang,impassable,2,,Mabior – Gadiang,,
137,2025-02-06,Poktap,Payuel,impassable,2,,Poktap – Payuel,,
138,2025-02-06,Panakuach,Pariang,partially passable,1,,Panakuach – Pariang,20MT,new road; first appears 2024-11-01
139,2025-02-06,Mabior,Kongor,impassable,2,,Mabior – Kongor,,
1,2025-02-14,Kilo 30,Pariang,passable,0,,Kilo 30 – Pariang,40MT,
2,2025-02-14,Gemeiza,Bor,impassable,2,,Gemeiza – Bor,,
3,2025-02-14,Yida,Pariang,passable,0,,Yida - Pariang,40MT,
4,2025-02-14,Juba,Nimule,passable,0,,Juba – Nimule,40MT,
5,2025-02-14,Juba,Torit,partially passable,1,,Juba – Torit,20MT,
6,2025-02-14,Juba,Mangalla,passable,0,,Juba – Mangalla,40MT,
7,2025-02-14,Malakal,Baliet,impassable,2,,Malakal – Baliet,,
8,2025-02-14,Paloich,Renk,passable,0,,Paloich – Renk,40MT,
9,2025-02-14,Adar,Maban,passable,0,Jemaam,Adar – Jemaam – Maban,40MT,
10,2025-02-14,Abyei,Abiemnhom,impassable,2,,Abyei – Abienhom,,
11,2025-02-14,Aweil,Gossinga,partially passable,1,,Aweil – Gossinga,20MT,
12,2025-02-14,Pathai,Walgak,impassable,2,Motot,Pathai – Motot – Walgak,,
13,2025-02-14,Juba,Lainya,passable,0,,Juba – Lainya,40MT,
14,2025-02-14,Maridi,Yambio,passable,0,,Maridi – Yambio,40MT,
15,2025-02-14,Juba,Kajo Keji,passable,0,,Juba – Kajo Keji,40MT,
16,2025-02-14,Juba,Terakeka,impassable,2,,Juba – Terakeka,,
17,2025-02-14,Narus,Kuron,impassable,2,,Narus – Kuron,,
18,2025-02-14,Mundri,Mvolo,passable,0,,Mundri - Mvolo,40MT,
19,2025-02-14,Mangalla,Gemeiza,passable,0,,Mangalla – Gemeiza,40MT,
20,2025-02-14,Mathiang,Maiwut,impassable,2,,Mathiang – Maiwut,,
21,2025-02-14,Tonj,Langdit,passable,0,,Tonj – Langdit,40MT,
22,2025-02-14,Terakeka,Mundri,passable,0,Tali,Terakeka – Tali – Mundri,40MT,
23,2025-02-14,Terakeka,Mingkaman,partially passable,1,,Terakeka – Mingkaman,20MT,
24,2025-02-14,Torit,Magwi,passable,0,,Torit – Magwi,40MT,
25,2025-02-14,Hiyala,Ikotos,passable,0,,Hiyala – Ikotos,40MT,
26,2025-02-14,Torit,Lafon,partially passable,1,,Torit – Lafon,20MT,
27,2025-02-14,Wau,Thar Kueng,passable,0,,Wau – Thar Kueng,40MT,
28,2025-02-14,Wau,Tonj,passable,0,,Wau – Tonj,40MT,
29,2025-02-14,Wau,Akuem,passable,0,Aweil,Wau – Aweil – Akuem,40MT,
30,2025-02-14,Likuangole,Akobo,impassable,2,,Likuangole – Akobo,,
31,2025-02-14,Amok Piny,Madol,impassable,2,,Amok Piny – Madol,,
32,2025-02-14,Akwot,Nasser,impassable,2,,Akwot – Nasser,,
33,2025-02-14,Guit,Koch,impassable,2,,Guit – Koch,,
34,2025-02-14,Abiemnhom,Mayom,passable,0,,Abiemnhom – Mayom,40MT,
35,2025-02-14,Kilo 30,Kaikang,impassable,2,Tumor; Mayom,Kilo30 –Tumor – Mayom – Kaikang,,
36,2025-02-14,Boma,Pochala,impassable,2,,Boma – Pochala,,
37,2025-02-14,Bor,Gadiang,partially passable,1,,Bor – Gadiang,20MT,
38,2025-02-14,Bor,Baidit,partially passable,1,,Bor – Baidit,20MT,
39,2025-02-14,Pengko,Manyabol,partially passable,1,,Pengko – Manyabol,20MT,
40,2025-02-14,Baidit,Duk Padiet,impassable,2,Mabior,Baidit – Mabior – Duk Padiet,,
41,2025-02-14,Gadiang,Akobo,impassable,2,,Gadiang – Akobo,,
42,2025-02-14,Juba,Lafon,impassable,2,,Juba – Lafon,,
43,2025-02-14,Adar,Mathiang,impassable,2,,Adar – Mathiang,,
44,2025-02-14,Maper (Lakes),Dablual,impassable,2,,Maper (Lakes) – Dablual,,
45,2025-02-14,Akobo,Kaikuny,impassable,2,,Akobo – Kainuny,,
46,2025-02-14,Motot,Lankien,partially passable,1,,Motot – Lankein,20MT,
47,2025-02-14,Wau,Deim Zubeir,partially passable,1,,Wau – Deim Zubeir,20MT,
48,2025-02-14,Wau,Tambura,partially passable,1,,Wau – Tambura,20MT,
49,2025-02-14,Yirol,Shambe,partially passable,1,,Yirol – Shambe,20MT,
50,2025-02-14,Aluakluak,Yirol,partially passable,1,,Aluakluak - Yirol,20MT,
51,2025-02-14,Rumbek,Langdit,passable,0,,Rumbek - Langdit,40MT,
52,2025-02-14,Aluakluak,Rumbek,partially passable,1,,Aluakluak – Rumbek,20MT,
53,2025-02-14,Wunrok,Abiemnhom,passable,0,Turalei,Wunrok – Turalei – Abiemnhom,40MT,
54,2025-02-14,Kilo 30,Panakuach,passable,0,Roriak,Kilo 30 – Roriak – Panakuach,40MT,
55,2025-02-14,Ding Ding,Koch,impassable,2,,Ding ding - Koch,,
56,2025-02-14,Bentiu,Dhorbor,impassable,2,,Bentiu – Dhorbor,,
57,2025-02-14,Dhorbor,Guit,impassable,2,,Dhorbor – Guit,,
58,2025-02-14,Guit,Ding Ding,impassable,2,,Guit – Ding Ding,,
59,2025-02-14,Gumuruk,Pibor,partially passable,1,,Gumuruk – Pibor,20MT,
60,2025-02-14,Bor,Pengko,partially passable,1,,Bor – Pengko,20MT,
61,2025-02-14,Duk Padiet,Pajut,impassable,2,,Duk Padiat – Pajut,,
62,2025-02-14,Yuai,Karam,impassable,2,Pathai,Yaui – Pathai – Karam,,
63,2025-02-14,Yuai,Motot,partially passable,1,Pieri,Yaui – Pieri – Motot,20MT,
64,2025-02-14,Yuai,Pajut,impassable,2,,Yaui – Pajut,,
65,2025-02-14,Wulu,Rumbek,passable,0,,Wulu – Rumbek,40MT,
66,2025-02-14,Pibor,Likuangole,impassable,2,,Pibor – Likuangole,,
67,2025-02-14,Mingkaman,Yirol,partially passable,1,,Mingkaman – Yirol,20MT,
68,2025-02-14,Yambio,Tambura,passable,0,,Yambio – Tambura,40MT,
69,2025-02-14,Juba,Mundri,passable,0,,Juba – Mundri,40MT,
70,2025-02-14,Kodok,Paloich,impassable,2,,Kodok – Paloich,,
71,2025-02-14,Malakal,Kodok,impassable,2,,Malakal – Kodok,,
72,2025-02-14,Thar Kueng,Kuajok,passable,0,,Thar Kueng - Kuajok,40MT,
73,2025-02-14,Bentiu,Guit,passable,0,,Bentiu – Guit,40MT,
74,2025-02-14,Duk Padiet,Ayod,impassable,2,,Duk Padiet – Ayod,,
75,2025-02-14,Guit,Mirmir,partially passable,1,,Guit – Mir mir,20MT,
76,2025-02-14,Raja,Chandoy/Dolo2,passable,0,,Raja – Chandoy/Dolo2,40MT,
77,2025-02-14,Mundri,Maridi,passable,0,,Mundri - Maridi,40MT,
78,2025-02-14,Torit,Kapoeta,partially passable,1,,Torit – Kapoeta,20MT,
79,2025-02-14,Mayendit,Mirmir,impassable,2,Rupkuai,Mayendit – Rupkuai – Mir mir,,
80,2025-02-14,Mirmir,Leer,partially passable,1,,Mirmir – Leer,20MT,
81,2025-02-14,Mankien,Mayom,impassable,2,,Mankien - Mayom,,
82,2025-02-14,Ajak Kuac,Mankien,impassable,2,,Ajak Kuac – Mankien,,
83,2025-02-14,Ayod,Pathai,impassable,2,,Ayod – Pathai,,
84,2025-02-14,Nyandit,Kiech Kon,impassable,2,,Nyandit - Kiech Kon,,
85,2025-02-14,Paloich,Jemaam,passable,0,Adar,Paloich – Adar – Jemaam,40MT,
86,2025-02-14,New Fangak,Kuernyang,impassable,2,,New Fangak – Kuernyang,,
87,2025-02-14,Paguir,Keew,impassable,2,,Paguir – Keew,,
88,2025-02-14,Baliet,Kiech Kon,impassable,2,Akwot,Baliet – Akwot – Kiech kon,,
89,2025-02-14,Wunrok,Gogrial,passable,0,,Wunrok – Gogrial,40MT,
90,2025-02-14,Deim Zubeir,Raja,partially passable,1,,Dim Zubeir – Raja,20MT,
91,2025-02-14,Aweil,Yith Pabol,impassable,2,,Aweil – Yith Pabol,,
92,2025-02-14,Kapoeta,Narus,passable,0,,Kapoeta – Narus,40MT,
93,2025-02-14,Melut,Paloich,passable,0,,Melut – Paloich,40MT,
94,2025-02-14,Wunrok,Abyei,partially passable,1,,Wunrok – Abyei,20MT,
95,2025-02-14,Gogrial,Kuajok,passable,0,,Gogrial – Kuajok,40MT,
96,2025-02-14,Bentiu,Nhialdiu,impassable,2,,Bentiu – Nhialdiu,,
97,2025-02-14,Aluakluak,Mvolo,partially passable,1,,Aluakluak - Mvolo,20MT,
98,2025-02-14,Kilo 30,Manga Port,passable,0,,Kilo 30 – Manga Port,40MT,
99,2025-02-14,Gossinga,Raja,impassable,2,,Gossinga – Raja,,
100,2025-02-14,Gossinga,Raja,partially passable,1,Kapalala,Gossinga – Kapalala – Raja,20MT,
101,2025-02-14,Nyal,Ganyiel,impassable,2,,Nyal – Ganyiel,,
102,2025-02-14,Manyabol,Gadiang,impassable,2,,Manyabol – Gadiang,,
103,2025-02-14,Manyabol,Gumuruk,partially passable,1,,Manyabol – Gumuruk,20MT,
104,2025-02-14,Vertet,Labarab,impassable,2,,Vertet – Labarab,,
105,2025-02-14,Boma,Maruwa,impassable,2,,Boma – Maruwa,,
106,2025-02-14,Boma,Labarab,impassable,2,,Boma - Labarab,,
107,2025-02-14,Pibor,Vertet,impassable,2,,Pibor – Verthet,,
108,2025-02-14,Aduel,Amok Piny,partially passable,1,,Aduel – Amok Piny,Specialized Trucks,
109,2025-02-14,Lankien,Pading,impassable,2,Nyambor,Lankien – Nyambor – Pading,,
110,2025-02-14,Nyambor,Karam,impassable,2,Pading,Nyambor – Pading – Karam,,
111,2025-02-14,Pajut,Payuel,impassable,2,,Pajut – Payuel,,
112,2025-02-14,Aweil,Gogrial,partially passable,1,Akun,Aweil – Akun – Gogrial,20MT,
113,2025-02-14,Kapoeta,Chukudum,passable,0,,Kapoeta – Chukudum,40MT,
114,2025-02-14,Diabio,Ezo,passable,0,,Diabio – Ezo,40MT,
115,2025-02-14,Mvolo,Wulu,passable,0,,Mvolo – Wullu,40MT,
116,2025-02-14,Aluakluak,Mapuordit,partially passable,1,,Aluakluak - Mapuordit,20MT,
117,2025-02-14,Narus,Nadapal,passable,0,,Narus – Nadapal,40MT,
118,2025-02-14,Bentiu,Kilo 30,passable,0,,Bentiu – Kilo30,40MT,
119,2025-02-14,Gadiang,Yuai,partially passable,1,,Gadiang – Yuai,20MT,
120,2025-02-14,Pathai,Fatuet,impassable,2,,Pathai – Fatuet,,
121,2025-02-14,Walgak,Kaikuny,impassable,2,,Walgak – Kaikuny,,
122,2025-02-14,Yuai,Walgak,impassable,2,Motot; Waat,Yuai – Motot – Waat – Walgak,,
123,2025-02-14,Kuron,Boma,impassable,2,,Kuron – Boma,,
124,2025-02-14,Kapoeta,Kassangor,impassable,2,,Kapoeta – Kassangor,,
125,2025-02-14,Rumbek,Maper (Lakes),impassable,2,,Rumbek – Maper (Lakes),,
126,2025-02-14,Maruwa,Labarab,impassable,2,,Maruwa – Labarab,,
127,2025-02-14,Koch,Mirmir,impassable,2,,Koch – Mirmir,,
128,2025-02-14,Adok,Leer,partially passable,1,Piling,Adok – Piling – Leer,20MT,
129,2025-02-14,Lainya,Yei,passable,0,,Lainya – Yei,40MT,
130,2025-02-14,Mathiang,Udier,impassable,2,,Mathiang – Udier,,
131,2025-02-14,Gadiang,Payuel,impassable,2,,Gadiang – Payuel,,
132,2025-02-14,Ayod,Mogok,impassable,2,,Ayod – Mogok,,
133,2025-02-14,Kaikang,Kilo 30,passable,0,Roriak; Mayom,(Kaikang – Roriak )(Mayom – Kilo 30),40MT,alternative road listed as two separate stretches: Kaikang–Roriak and Mayom–Kilo 30
134,2025-02-14,Pariang,Ajuong Thok,passable,0,,Pariang – Ajuong Thok,40MT,
135,2025-02-14,Lafon,Imehejek,partially passable,1,,Lafon – Imehejek,20MT,
136,2025-02-14,Mabior,Gadiang,impassable,2,,Mabior – Gadiang,,
137,2025-02-14,Poktap,Payuel,impassable,2,,Poktap – Payuel,,
138,2025-02-14,Panakuach,Pariang,partially passable,1,,Panakuach – Pariang,20MT,new road; first appears 2024-11-01
139,2025-02-14,Mabior,Kongor,impassable,2,,Mabior – Kongor,,
1,2025-02-20,Kilo 30,Pariang,passable,0,,Kilo 30 – Pariang,40MT,
2,2025-02-20,Gemeiza,Bor,impassable,2,,Gemeiza – Bor,,
3,2025-02-20,Yida,Pariang,passable,0,,Yida - Pariang,40MT,
4,2025-02-20,Juba,Nimule,passable,0,,Juba – Nimule,40MT,
5,2025-02-20,Juba,Torit,partially passable,1,,Juba – Torit,20MT,
6,2025-02-20,Juba,Mangalla,passable,0,,Juba – Mangalla,40MT,
7,2025-02-20,Malakal,Baliet,impassable,2,,Malakal – Baliet,,
8,2025-02-20,Paloich,Renk,passable,0,,Paloich – Renk,40MT,
9,2025-02-20,Adar,Maban,passable,0,Jemaam,Adar – Jemaam – Maban,40MT,
10,2025-02-20,Abyei,Abiemnhom,impassable,2,,Abyei – Abienhom,,
11,2025-02-20,Aweil,Gossinga,partially passable,1,,Aweil – Gossinga,20MT,
12,2025-02-20,Pathai,Walgak,impassable,2,Motot,Pathai – Motot – Walgak,,
13,2025-02-20,Juba,Lainya,passable,0,,Juba – Lainya,40MT,
14,2025-02-20,Maridi,Yambio,passable,0,,Maridi – Yambio,40MT,
15,2025-02-20,Juba,Kajo Keji,passable,0,,Juba – Kajo Keji,40MT,
16,2025-02-20,Juba,Terakeka,impassable,2,,Juba – Terakeka,,
17,2025-02-20,Narus,Kuron,impassable,2,,Narus – Kuron,,
18,2025-02-20,Mundri,Mvolo,passable,0,,Mundri - Mvolo,40MT,
19,2025-02-20,Mangalla,Gemeiza,passable,0,,Mangalla – Gemeiza,40MT,
20,2025-02-20,Mathiang,Maiwut,impassable,2,,Mathiang – Maiwut,,
21,2025-02-20,Tonj,Langdit,passable,0,,Tonj – Langdit,40MT,
22,2025-02-20,Terakeka,Mundri,passable,0,Tali,Terakeka – Tali – Mundri,40MT,
23,2025-02-20,Terakeka,Mingkaman,partially passable,1,,Terakeka – Mingkaman,20MT,
24,2025-02-20,Torit,Magwi,passable,0,,Torit – Magwi,40MT,
25,2025-02-20,Hiyala,Ikotos,passable,0,,Hiyala – Ikotos,40MT,
26,2025-02-20,Torit,Lafon,partially passable,1,,Torit – Lafon,20MT,
27,2025-02-20,Wau,Thar Kueng,passable,0,,Wau – Thar Kueng,40MT,
28,2025-02-20,Wau,Tonj,passable,0,,Wau – Tonj,40MT,
29,2025-02-20,Wau,Akuem,passable,0,Aweil,Wau – Aweil – Akuem,40MT,
30,2025-02-20,Likuangole,Akobo,impassable,2,,Likuangole – Akobo,,
31,2025-02-20,Amok Piny,Madol,impassable,2,,Amok Piny – Madol,,
32,2025-02-20,Akwot,Nasser,impassable,2,,Akwot – Nasser,,
33,2025-02-20,Guit,Koch,impassable,2,,Guit – Koch,,
34,2025-02-20,Abiemnhom,Mayom,passable,0,,Abiemnhom – Mayom,40MT,
35,2025-02-20,Kilo 30,Kaikang,impassable,2,Tumor; Mayom,Kilo30 –Tumor – Mayom – Kaikang,,
36,2025-02-20,Boma,Pochala,impassable,2,,Boma – Pochala,,
37,2025-02-20,Bor,Gadiang,partially passable,1,,Bor – Gadiang,20MT,
38,2025-02-20,Bor,Baidit,partially passable,1,,Bor – Baidit,20MT,
39,2025-02-20,Pengko,Manyabol,partially passable,1,,Pengko – Manyabol,20MT,
40,2025-02-20,Baidit,Duk Padiet,impassable,2,Mabior,Baidit – Mabior – Duk Padiet,,
41,2025-02-20,Gadiang,Akobo,impassable,2,,Gadiang – Akobo,,
42,2025-02-20,Juba,Lafon,impassable,2,,Juba – Lafon,,
43,2025-02-20,Adar,Mathiang,impassable,2,,Adar – Mathiang,,
44,2025-02-20,Maper (Lakes),Dablual,impassable,2,,Maper (Lakes) – Dablual,,
45,2025-02-20,Akobo,Kaikuny,impassable,2,,Akobo – Kainuny,,
46,2025-02-20,Motot,Lankien,partially passable,1,,Motot – Lankein,20MT,
47,2025-02-20,Wau,Deim Zubeir,partially passable,1,,Wau – Deim Zubeir,20MT,
48,2025-02-20,Wau,Tambura,partially passable,1,,Wau – Tambura,20MT,
49,2025-02-20,Yirol,Shambe,partially passable,1,,Yirol – Shambe,20MT,
50,2025-02-20,Aluakluak,Yirol,partially passable,1,,Aluakluak - Yirol,20MT,
51,2025-02-20,Rumbek,Langdit,passable,0,,Rumbek - Langdit,40MT,
52,2025-02-20,Aluakluak,Rumbek,partially passable,1,,Aluakluak – Rumbek,20MT,
53,2025-02-20,Wunrok,Abiemnhom,passable,0,Turalei,Wunrok – Turalei – Abiemnhom,40MT,
54,2025-02-20,Kilo 30,Panakuach,passable,0,Roriak,Kilo 30 – Roriak – Panakuach,40MT,
55,2025-02-20,Ding Ding,Koch,impassable,2,,Ding ding - Koch,,
56,2025-02-20,Bentiu,Dhorbor,impassable,2,,Bentiu – Dhorbor,,
57,2025-02-20,Dhorbor,Guit,impassable,2,,Dhorbor – Guit,,
58,2025-02-20,Guit,Ding Ding,impassable,2,,Guit – Ding Ding,,
59,2025-02-20,Gumuruk,Pibor,partially passable,1,,Gumuruk – Pibor,20MT,
60,2025-02-20,Bor,Pengko,partially passable,1,,Bor – Pengko,20MT,
61,2025-02-20,Duk Padiet,Pajut,impassable,2,,Duk Padiat – Pajut,,
62,2025-02-20,Yuai,Karam,impassable,2,Pathai,Yaui – Pathai – Karam,,
63,2025-02-20,Yuai,Motot,partially passable,1,Pieri,Yaui – Pieri – Motot,20MT,
64,2025-02-20,Yuai,Pajut,impassable,2,,Yaui – Pajut,,
65,2025-02-20,Wulu,Rumbek,passable,0,,Wulu – Rumbek,40MT,
66,2025-02-20,Pibor,Likuangole,impassable,2,,Pibor – Likuangole,,
67,2025-02-20,Mingkaman,Yirol,partially passable,1,,Mingkaman – Yirol,20MT,
68,2025-02-20,Yambio,Tambura,passable,0,,Yambio – Tambura,40MT,
69,2025-02-20,Juba,Mundri,passable,0,,Juba – Mundri,40MT,
70,2025-02-20,Kodok,Paloich,impassable,2,,Kodok – Paloich,,
71,2025-02-20,Malakal,Kodok,impassable,2,,Malakal – Kodok,,
72,2025-02-20,Thar Kueng,Kuajok,passable,0,,Thar Kueng - Kuajok,40MT,
73,2025-02-20,Bentiu,Guit,passable,0,,Bentiu – Guit,40MT,
74,2025-02-20,Duk Padiet,Ayod,impassable,2,,Duk Padiet – Ayod,,
75,2025-02-20,Guit,Mirmir,passable,0,,Guit – Mir mir,40MT,
76,2025-02-20,Raja,Chandoy/Dolo2,passable,0,,Raja – Chandoy/Dolo2,40MT,
77,2025-02-20,Mundri,Maridi,passable,0,,Mundri - Maridi,40MT,
78,2025-02-20,Torit,Kapoeta,partially passable,1,,Torit – Kapoeta,20MT,
79,2025-02-20,Mayendit,Mirmir,impassable,2,Rupkuai,Mayendit – Rupkuai – Mir mir,,
80,2025-02-20,Mirmir,Leer,passable,0,,Mirmir – Leer,40MT,
81,2025-02-20,Mankien,Mayom,impassable,2,,Mankien - Mayom,,
82,2025-02-20,Ajak Kuac,Mankien,impassable,2,,Ajak Kuac – Mankien,,
83,2025-02-20,Ayod,Pathai,impassable,2,,Ayod – Pathai,,
84,2025-02-20,Nyandit,Kiech Kon,impassable,2,,Nyandit - Kiech Kon,,
85,2025-02-20,Paloich,Jemaam,passable,0,Adar,Paloich – Adar – Jemaam,40MT,
86,2025-02-20,New Fangak,Kuernyang,impassable,2,,New Fangak – Kuernyang,,
87,2025-02-20,Paguir,Keew,impassable,2,,Paguir – Keew,,
88,2025-02-20,Baliet,Kiech Kon,impassable,2,Akwot,Baliet – Akwot – Kiech kon,,
89,2025-02-20,Wunrok,Gogrial,passable,0,,Wunrok – Gogrial,40MT,
90,2025-02-20,Deim Zubeir,Raja,partially passable,1,,Dim Zubeir – Raja,20MT,
91,2025-02-20,Aweil,Yith Pabol,impassable,2,,Aweil – Yith Pabol,,
92,2025-02-20,Kapoeta,Narus,passable,0,,Kapoeta – Narus,40MT,
93,2025-02-20,Melut,Paloich,passable,0,,Melut – Paloich,40MT,
94,2025-02-20,Wunrok,Abyei,partially passable,1,,Wunrok – Abyei,20MT,
95,2025-02-20,Gogrial,Kuajok,passable,0,,Gogrial – Kuajok,40MT,
96,2025-02-20,Bentiu,Nhialdiu,impassable,2,,Bentiu – Nhialdiu,,
97,2025-02-20,Aluakluak,Mvolo,partially passable,1,,Aluakluak - Mvolo,20MT,
98,2025-02-20,Kilo 30,Manga Port,passable,0,,Kilo 30 – Manga Port,40MT,
99,2025-02-20,Gossinga,Raja,impassable,2,,Gossinga – Raja,,
100,2025-02-20,Gossinga,Raja,partially passable,1,Kapalala,Gossinga – Kapalala – Raja,20MT,
101,2025-02-20,Nyal,Ganyiel,impassable,2,,Nyal – Ganyiel,,
102,2025-02-20,Manyabol,Gadiang,impassable,2,,Manyabol – Gadiang,,
103,2025-02-20,Manyabol,Gumuruk,partially passable,1,,Manyabol – Gumuruk,20MT,
104,2025-02-20,Vertet,Labarab,impassable,2,,Vertet – Labarab,,
105,2025-02-20,Boma,Maruwa,impassable,2,,Boma – Maruwa,,
106,2025-02-20,Boma,Labarab,impassable,2,,Boma - Labarab,,
107,2025-02-20,Pibor,Vertet,impassable,2,,Pibor – Verthet,,
108,2025-02-20,Aduel,Amok Piny,partially passable,1,,Aduel – Amok Piny,Specialized Trucks,
109,2025-02-20,Lankien,Pading,impassable,2,Nyambor,Lankien – Nyambor – Pading,,
110,2025-02-20,Nyambor,Karam,impassable,2,Pading,Nyambor – Pading – Karam,,
111,2025-02-20,Pajut,Payuel,impassable,2,,Pajut – Payuel,,
112,2025-02-20,Aweil,Gogrial,partially passable,1,Akun,Aweil – Akun – Gogrial,20MT,
113,2025-02-20,Kapoeta,Chukudum,passable,0,,Kapoeta – Chukudum,40MT,
114,2025-02-20,Diabio,Ezo,passable,0,,Diabio – Ezo,40MT,
115,2025-02-20,Mvolo,Wulu,passable,0,,Mvolo – Wullu,40MT,
116,2025-02-20,Aluakluak,Mapuordit,partially passable,1,,Aluakluak - Mapuordit,20MT,
117,2025-02-20,Narus,Nadapal,passable,0,,Narus – Nadapal,40MT,
118,2025-02-20,Bentiu,Kilo 30,passable,0,,Bentiu – Kilo30,40MT,
119,2025-02-20,Gadiang,Yuai,partially passable,1,,Gadiang – Yuai,20MT,
120,2025-02-20,Pathai,Fatuet,impassable,2,,Pathai – Fatuet,,
121,2025-02-20,Walgak,Kaikuny,impassable,2,,Walgak – Kaikuny,,
122,2025-02-20,Yuai,Walgak,impassable,2,Motot; Waat,Yuai – Motot – Waat – Walgak,,
123,2025-02-20,Kuron,Boma,impassable,2,,Kuron – Boma,,
124,2025-02-20,Kapoeta,Kassangor,impassable,2,,Kapoeta – Kassangor,,
125,2025-02-20,Rumbek,Maper (Lakes),impassable,2,,Rumbek – Maper (Lakes),,
126,2025-02-20,Maruwa,Labarab,impassable,2,,Maruwa – Labarab,,
127,2025-02-20,Koch,Mirmir,impassable,2,,Koch – Mirmir,,
128,2025-02-20,Adok,Leer,impassable,2,Piling,Adok – Piling – Leer,,
129,2025-02-20,Lainya,Yei,passable,0,,Lainya – Yei,40MT,
130,2025-02-20,Mathiang,Udier,impassable,2,,Mathiang – Udier,,
131,2025-02-20,Gadiang,Payuel,impassable,2,,Gadiang – Payuel,,
132,2025-02-20,Ayod,Mogok,impassable,2,,Ayod – Mogok,,
133,2025-02-20,Kaikang,Kilo 30,passable,0,Roriak; Mayom,(Kaikang – Roriak )(Mayom – Kilo 30),40MT,alternative road listed as two separate stretches: Kaikang–Roriak and Mayom–Kilo 30
134,2025-02-20,Pariang,Ajuong Thok,passable,0,,Pariang – Ajuong Thok,40MT,
135,2025-02-20,Lafon,Imehejek,partially passable,1,,Lafon – Imehejek,20MT,
136,2025-02-20,Mabior,Gadiang,impassable,2,,Mabior – Gadiang,,
137,2025-02-20,Poktap,Payuel,impassable,2,,Poktap – Payuel,,
138,2025-02-20,Panakuach,Pariang,partially passable,1,,Panakuach – Pariang,20MT,new road; first appears 2024-11-01
139,2025-02-20,Mabior,Kongor,impassable,2,,Mabior – Kongor,,
1,2025-02-27,Kilo 30,Pariang,passable,0,,Kilo 30 – Pariang,40MT,
2,2025-02-27,Gemeiza,Bor,impassable,2,,Gemeiza – Bor,,
3,2025-02-27,Yida,Pariang,passable,0,,Yida - Pariang,40MT,
4,2025-02-27,Juba,Nimule,passable,0,,Juba – Nimule,40MT,
5,2025-02-27,Juba,Torit,partially passable,1,,Juba – Torit,20MT,
6,2025-02-27,Juba,Mangalla,passable,0,,Juba – Mangalla,40MT,
7,2025-02-27,Malakal,Baliet,impassable,2,,Malakal – Baliet,,
8,2025-02-27,Paloich,Renk,passable,0,,Paloich – Renk,40MT,
9,2025-02-27,Adar,Maban,passable,0,Jemaam,Adar – Jemaam – Maban,40MT,
10,2025-02-27,Abyei,Abiemnhom,impassable,2,,Abyei – Abienhom,,
11,2025-02-27,Aweil,Gossinga,partially passable,1,,Aweil – Gossinga,20MT,
12,2025-02-27,Pathai,Walgak,impassable,2,Motot,Pathai – Motot – Walgak,,
13,2025-02-27,Juba,Lainya,passable,0,,Juba – Lainya,40MT,
14,2025-02-27,Maridi,Yambio,passable,0,,Maridi – Yambio,40MT,
15,2025-02-27,Juba,Kajo Keji,passable,0,,Juba – Kajo Keji,40MT,
16,2025-02-27,Juba,Terakeka,impassable,2,,Juba – Terakeka,,
17,2025-02-27,Narus,Kuron,impassable,2,,Narus – Kuron,,
18,2025-02-27,Mundri,Mvolo,passable,0,,Mundri - Mvolo,40MT,
19,2025-02-27,Mangalla,Gemeiza,passable,0,,Mangalla – Gemeiza,40MT,
20,2025-02-27,Mathiang,Maiwut,impassable,2,,Mathiang – Maiwut,,
21,2025-02-27,Tonj,Langdit,passable,0,,Tonj – Langdit,40MT,
22,2025-02-27,Terakeka,Mundri,passable,0,Tali,Terakeka – Tali – Mundri,40MT,
23,2025-02-27,Terakeka,Mingkaman,partially passable,1,,Terakeka – Mingkaman,20MT,
24,2025-02-27,Torit,Magwi,passable,0,,Torit – Magwi,40MT,
25,2025-02-27,Hiyala,Ikotos,passable,0,,Hiyala – Ikotos,40MT,
26,2025-02-27,Torit,Lafon,partially passable,1,,Torit – Lafon,20MT,
27,2025-02-27,Wau,Thar Kueng,passable,0,,Wau – Thar Kueng,40MT,
28,2025-02-27,Wau,Tonj,passable,0,,Wau – Tonj,40MT,
29,2025-02-27,Wau,Akuem,passable,0,Aweil,Wau – Aweil – Akuem,40MT,
30,2025-02-27,Likuangole,Akobo,impassable,2,,Likuangole – Akobo,,
31,2025-02-27,Amok Piny,Madol,impassable,2,,Amok Piny – Madol,,
32,2025-02-27,Akwot,Nasser,impassable,2,,Akwot – Nasser,,
33,2025-02-27,Guit,Koch,impassable,2,,Guit – Koch,,
34,2025-02-27,Abiemnhom,Mayom,passable,0,,Abiemnhom – Mayom,40MT,
35,2025-02-27,Kilo 30,Kaikang,impassable,2,Tumor; Mayom,Kilo30 –Tumor – Mayom – Kaikang,,
36,2025-02-27,Boma,Pochala,impassable,2,,Boma – Pochala,,
37,2025-02-27,Bor,Gadiang,partially passable,1,,Bor – Gadiang,20MT,
38,2025-02-27,Bor,Baidit,partially passable,1,,Bor – Baidit,20MT,
39,2025-02-27,Pengko,Manyabol,partially passable,1,,Pengko – Manyabol,20MT,
40,2025-02-27,Baidit,Duk Padiet,impassable,2,Mabior,Baidit – Mabior – Duk Padiet,,
41,2025-02-27,Gadiang,Akobo,impassable,2,,Gadiang – Akobo,,
42,2025-02-27,Juba,Lafon,impassable,2,,Juba – Lafon,,
43,2025-02-27,Adar,Mathiang,impassable,2,,Adar – Mathiang,,
44,2025-02-27,Maper (Lakes),Dablual,impassable,2,,Maper (Lakes) – Dablual,,
45,2025-02-27,Akobo,Kaikuny,impassable,2,,Akobo – Kainuny,,
46,2025-02-27,Motot,Lankien,partially passable,1,,Motot – Lankein,20MT,
47,2025-02-27,Wau,Deim Zubeir,partially passable,1,,Wau – Deim Zubeir,20MT,
48,2025-02-27,Wau,Tambura,partially passable,1,,Wau – Tambura,20MT,
49,2025-02-27,Yirol,Shambe,partially passable,1,,Yirol – Shambe,20MT,
50,2025-02-27,Aluakluak,Yirol,partially passable,1,,Aluakluak - Yirol,20MT,
51,2025-02-27,Rumbek,Langdit,passable,0,,Rumbek - Langdit,40MT,
52,2025-02-27,Aluakluak,Rumbek,partially passable,1,,Aluakluak – Rumbek,20MT,
53,2025-02-27,Wunrok,Abiemnhom,passable,0,Turalei,Wunrok – Turalei – Abiemnhom,40MT,
54,2025-02-27,Kilo 30,Panakuach,passable,0,Roriak,Kilo 30 – Roriak – Panakuach,40MT,
55,2025-02-27,Ding Ding,Koch,impassable,2,,Ding ding - Koch,,
56,2025-02-27,Bentiu,Dhorbor,impassable,2,,Bentiu – Dhorbor,,
57,2025-02-27,Dhorbor,Guit,impassable,2,,Dhorbor – Guit,,
58,2025-02-27,Guit,Ding Ding,impassable,2,,Guit – Ding Ding,,
59,2025-02-27,Gumuruk,Pibor,partially passable,1,,Gumuruk – Pibor,20MT,
60,2025-02-27,Bor,Pengko,partially passable,1,,Bor – Pengko,20MT,
61,2025-02-27,Duk Padiet,Pajut,impassable,2,,Duk Padiat – Pajut,,
62,2025-02-27,Yuai,Karam,impassable,2,Pathai,Yaui – Pathai – Karam,,
63,2025-02-27,Yuai,Motot,partially passable,1,Pieri,Yaui – Pieri – Motot,20MT,
64,2025-02-27,Yuai,Pajut,impassable,2,,Yaui – Pajut,,
65,2025-02-27,Wulu,Rumbek,passable,0,,Wulu – Rumbek,40MT,
66,2025-02-27,Pibor,Likuangole,impassable,2,,Pibor – Likuangole,,
67,2025-02-27,Mingkaman,Yirol,partially passable,1,,Mingkaman – Yirol,20MT,
68,2025-02-27,Yambio,Tambura,passable,0,,Yambio – Tambura,40MT,
69,2025-02-27,Juba,Mundri,passable,0,,Juba – Mundri,40MT,
70,2025-02-27,Kodok,Paloich,impassable,2,,Kodok – Paloich,,
71,2025-02-27,Malakal,Kodok,impassable,2,,Malakal – Kodok,,
72,2025-02-27,Thar Kueng,Kuajok,passable,0,,Thar Kueng - Kuajok,40MT,
73,2025-02-27,Bentiu,Guit,passable,0,,Bentiu – Guit,40MT,
74,2025-02-27,Duk Padiet,Ayod,impassable,2,,Duk Padiet – Ayod,,
75,2025-02-27,Guit,Mirmir,passable,0,,Guit – Mir mir,40MT,
76,2025-02-27,Raja,Chandoy/Dolo2,passable,0,,Raja – Chandoy/Dolo2,40MT,
77,2025-02-27,Mundri,Maridi,passable,0,,Mundri - Maridi,40MT,
78,2025-02-27,Torit,Kapoeta,partially passable,1,,Torit – Kapoeta,20MT,
79,2025-02-27,Mayendit,Mirmir,impassable,2,Rupkuai,Mayendit – Rupkuai – Mir mir,,
80,2025-02-27,Mirmir,Leer,passable,0,,Mirmir – Leer,40MT,
81,2025-02-27,Mankien,Mayom,impassable,2,,Mankien - Mayom,,
82,2025-02-27,Ajak Kuac,Mankien,impassable,2,,Ajak Kuac – Mankien,,
83,2025-02-27,Ayod,Pathai,impassable,2,,Ayod – Pathai,,
84,2025-02-27,Nyandit,Kiech Kon,impassable,2,,Nyandit - Kiech Kon,,
85,2025-02-27,Paloich,Jemaam,passable,0,Adar,Paloich – Adar – Jemaam,40MT,
86,2025-02-27,New Fangak,Kuernyang,impassable,2,,New Fangak – Kuernyang,,
87,2025-02-27,Paguir,Keew,impassable,2,,Paguir – Keew,,
88,2025-02-27,Baliet,Kiech Kon,impassable,2,Akwot,Baliet – Akwot – Kiech kon,,
89,2025-02-27,Wunrok,Gogrial,passable,0,,Wunrok – Gogrial,40MT,
90,2025-02-27,Deim Zubeir,Raja,partially passable,1,,Dim Zubeir – Raja,20MT,
91,2025-02-27,Aweil,Yith Pabol,impassable,2,,Aweil – Yith Pabol,,
92,2025-02-27,Kapoeta,Narus,passable,0,,Kapoeta – Narus,40MT,
93,2025-02-27,Melut,Paloich,passable,0,,Melut – Paloich,40MT,
94,2025-02-27,Wunrok,Abyei,passable,0,,Wunrok – Abyei,40MT,
95,2025-02-27,Gogrial,Kuajok,passable,0,,Gogrial – Kuajok,40MT,
96,2025-02-27,Bentiu,Nhialdiu,impassable,2,,Bentiu – Nhialdiu,,
97,2025-02-27,Aluakluak,Mvolo,partially passable,1,,Aluakluak - Mvolo,20MT,
98,2025-02-27,Kilo 30,Manga Port,passable,0,,Kilo 30 – Manga Port,40MT,
99,2025-02-27,Gossinga,Raja,impassable,2,,Gossinga – Raja,,
100,2025-02-27,Gossinga,Raja,partially passable,1,Kapalala,Gossinga – Kapalala – Raja,20MT,
101,2025-02-27,Nyal,Ganyiel,impassable,2,,Nyal – Ganyiel,,
102,2025-02-27,Manyabol,Gadiang,impassable,2,,Manyabol – Gadiang,,
103,2025-02-27,Manyabol,Gumuruk,partially passable,1,,Manyabol – Gumuruk,20MT,
104,2025-02-27,Vertet,Labarab,impassable,2,,Vertet – Labarab,,
105,2025-02-27,Boma,Maruwa,impassable,2,,Boma – Maruwa,,
106,2025-02-27,Boma,Labarab,impassable,2,,Boma - Labarab,,
107,2025-02-27,Pibor,Vertet,impassable,2,,Pibor – Verthet,,
108,2025-02-27,Aduel,Amok Piny,partially passable,1,,Aduel – Amok Piny,Specialized Trucks,
109,2025-02-27,Lankien,Pading,impassable,2,Nyambor,Lankien – Nyambor – Pading,,
110,2025-02-27,Nyambor,Karam,impassable,2,Pading,Nyambor – Pading – Karam,,
111,2025-02-27,Pajut,Payuel,impassable,2,,Pajut – Payuel,,
112,2025-02-27,Aweil,Gogrial,partially passable,1,Akun,Aweil – Akun – Gogrial,20MT,
113,2025-02-27,Kapoeta,Chukudum,passable,0,,Kapoeta – Chukudum,40MT,
114,2025-02-27,Diabio,Ezo,passable,0,,Diabio – Ezo,40MT,
115,2025-02-27,Mvolo,Wulu,passable,0,,Mvolo – Wullu,40MT,
116,2025-02-27,Aluakluak,Mapuordit,partially passable,1,,Aluakluak - Mapuordit,20MT,
117,2025-02-27,Narus,Nadapal,passable,0,,Narus – Nadapal,40MT,
118,2025-02-27,Bentiu,Kilo 30,passable,0,,Bentiu – Kilo30,40MT,
119,2025-02-27,Gadiang,Yuai,partially passable,1,,Gadiang – Yuai,20MT,
120,2025-02-27,Pathai,Fatuet,impassable,2,,Pathai – Fatuet,,
121,2025-02-27,Walgak,Kaikuny,impassable,2,,Walgak – Kaikuny,,
122,2025-02-27,Yuai,Walgak,impassable,2,Motot; Waat,Yuai – Motot – Waat – Walgak,,
123,2025-02-27,Kuron,Boma,impassable,2,,Kuron – Boma,,
124,2025-02-27,Kapoeta,Kassangor,impassable,2,,Kapoeta – Kassangor,,
125,2025-02-27,Rumbek,Maper (Lakes),impassable,2,,Rumbek – Maper (Lakes),,
126,2025-02-27,Maruwa,Labarab,impassable,2,,Maruwa – Labarab,,
127,2025-02-27,Koch,Mirmir,impassable,2,,Koch – Mirmir,,
128,2025-02-27,Adok,Leer,impassable,2,Piling,Adok – Piling – Leer,,
129,2025-02-27,Lainya,Yei,passable,0,,Lainya – Yei,40MT,
130,2025-02-27,Mathiang,Udier,impassable,2,,Mathiang – Udier,,
131,2025-02-27,Gadiang,Payuel,impassable,2,,Gadiang – Payuel,,
132,2025-02-27,Ayod,Mogok,impassable,2,,Ayod – Mogok,,
133,2025-02-27,Kaikang,Kilo 30,passable,0,Roriak; Mayom,(Kaikang – Roriak )(Mayom – Kilo 30),40MT,alternative road listed as two separate stretches: Kaikang–Roriak and Mayom–Kilo 30
134,2025-02-27,Pariang,Ajuong Thok,passable,0,,Pariang – Ajuong Thok,40MT,
135,2025-02-27,Lafon,Imehejek,partially passable,1,,Lafon – Imehejek,20MT,
136,2025-02-27,Mabior,Gadiang,impassable,2,,Mabior – Gadiang,,
137,2025-02-27,Poktap,Payuel,impassable,2,,Poktap – Payuel,,
138,2025-02-27,Panakuach,Pariang,partially passable,1,,Panakuach – Pariang,20MT,new road; first appears 2024-11-01
139,2025-02-27,Mabior,Kongor,impassable,2,,Mabior – Kongor,,
1,2025-03-06,Kilo 30,Pariang,passable,0,,Kilo 30 – Pariang,40MT,
2,2025-03-06,Gemeiza,Bor,impassable,2,,Gemeiza – Bor,,
3,2025-03-06,Yida,Pariang,passable,0,,Yida - Pariang,40MT,
4,2025-03-06,Juba,Nimule,passable,0,,Juba – Nimule,40MT,
5,2025-03-06,Juba,Torit,partially passable,1,,Juba – Torit,20MT,
6,2025-03-06,Juba,Mangalla,passable,0,,Juba – Mangalla,40MT,
7,2025-03-06,Malakal,Baliet,impassable,2,,Malakal – Baliet,,
8,2025-03-06,Paloich,Renk,passable,0,,Paloich – Renk,40MT,
9,2025-03-06,Adar,Maban,passable,0,Jemaam,Adar – Jemaam – Maban,40MT,
10,2025-03-06,Abyei,Abiemnhom,impassable,2,,Abyei – Abienhom,,
11,2025-03-06,Aweil,Gossinga,partially passable,1,,Aweil – Gossinga,20MT,
12,2025-03-06,Pathai,Walgak,impassable,2,Motot,Pathai – Motot – Walgak,,
13,2025-03-06,Juba,Lainya,passable,0,,Juba – Lainya,40MT,
14,2025-03-06,Maridi,Yambio,passable,0,,Maridi – Yambio,40MT,
15,2025-03-06,Juba,Kajo Keji,passable,0,,Juba – Kajo Keji,40MT,
16,2025-03-06,Juba,Terakeka,impassable,2,,Juba – Terakeka,,
17,2025-03-06,Narus,Kuron,impassable,2,,Narus – Kuron,,
18,2025-03-06,Mundri,Mvolo,passable,0,,Mundri - Mvolo,40MT,
19,2025-03-06,Mangalla,Gemeiza,passable,0,,Mangalla – Gemeiza,40MT,
20,2025-03-06,Mathiang,Maiwut,impassable,2,,Mathiang – Maiwut,,
21,2025-03-06,Tonj,Langdit,passable,0,,Tonj – Langdit,40MT,
22,2025-03-06,Terakeka,Mundri,passable,0,Tali,Terakeka – Tali – Mundri,40MT,
23,2025-03-06,Terakeka,Mingkaman,partially passable,1,,Terakeka – Mingkaman,20MT,
24,2025-03-06,Torit,Magwi,passable,0,,Torit – Magwi,40MT,
25,2025-03-06,Hiyala,Ikotos,passable,0,,Hiyala – Ikotos,40MT,
26,2025-03-06,Torit,Lafon,partially passable,1,,Torit – Lafon,20MT,
27,2025-03-06,Wau,Thar Kueng,passable,0,,Wau – Thar Kueng,40MT,
28,2025-03-06,Wau,Tonj,passable,0,,Wau – Tonj,40MT,
29,2025-03-06,Wau,Akuem,passable,0,Aweil,Wau – Aweil – Akuem,40MT,
30,2025-03-06,Likuangole,Akobo,impassable,2,,Likuangole – Akobo,,
31,2025-03-06,Amok Piny,Madol,impassable,2,,Amok Piny – Madol,,
32,2025-03-06,Akwot,Nasser,impassable,2,,Akwot – Nasser,,
33,2025-03-06,Guit,Koch,impassable,2,,Guit – Koch,,
34,2025-03-06,Abiemnhom,Mayom,passable,0,,Abiemnhom – Mayom,40MT,
35,2025-03-06,Kilo 30,Kaikang,impassable,2,Tumor; Mayom,Kilo30 –Tumor – Mayom – Kaikang,,
36,2025-03-06,Boma,Pochala,impassable,2,,Boma – Pochala,,
37,2025-03-06,Bor,Gadiang,partially passable,1,,Bor – Gadiang,20MT,
38,2025-03-06,Bor,Baidit,partially passable,1,,Bor – Baidit,20MT,
39,2025-03-06,Pengko,Manyabol,partially passable,1,,Pengko – Manyabol,20MT,
40,2025-03-06,Baidit,Duk Padiet,impassable,2,Mabior,Baidit – Mabior – Duk Padiet,,
41,2025-03-06,Gadiang,Akobo,impassable,2,,Gadiang – Akobo,,
42,2025-03-06,Juba,Lafon,impassable,2,,Juba – Lafon,,
43,2025-03-06,Adar,Mathiang,impassable,2,,Adar – Mathiang,,
44,2025-03-06,Maper (Lakes),Dablual,impassable,2,,Maper (Lakes) – Dablual,,
45,2025-03-06,Akobo,Kaikuny,impassable,2,,Akobo – Kainuny,,
46,2025-03-06,Motot,Lankien,partially passable,1,,Motot – Lankein,20MT,
47,2025-03-06,Wau,Deim Zubeir,partially passable,1,,Wau – Deim Zubeir,20MT,
48,2025-03-06,Wau,Tambura,partially passable,1,,Wau – Tambura,20MT,
49,2025-03-06,Yirol,Shambe,partially passable,1,,Yirol – Shambe,20MT,
50,2025-03-06,Aluakluak,Yirol,partially passable,1,,Aluakluak - Yirol,20MT,
51,2025-03-06,Rumbek,Langdit,passable,0,,Rumbek - Langdit,40MT,
52,2025-03-06,Aluakluak,Rumbek,partially passable,1,,Aluakluak – Rumbek,20MT,
53,2025-03-06,Wunrok,Abiemnhom,passable,0,Turalei,Wunrok – Turalei – Abiemnhom,40MT,
54,2025-03-06,Kilo 30,Panakuach,passable,0,Roriak,Kilo 30 – Roriak – Panakuach,40MT,
55,2025-03-06,Ding Ding,Koch,impassable,2,,Ding ding - Koch,,
56,2025-03-06,Bentiu,Dhorbor,impassable,2,,Bentiu – Dhorbor,,
57,2025-03-06,Dhorbor,Guit,impassable,2,,Dhorbor – Guit,,
58,2025-03-06,Guit,Ding Ding,impassable,2,,Guit – Ding Ding,,
59,2025-03-06,Gumuruk,Pibor,partially passable,1,,Gumuruk – Pibor,20MT,
60,2025-03-06,Bor,Pengko,partially passable,1,,Bor – Pengko,20MT,
61,2025-03-06,Duk Padiet,Pajut,impassable,2,,Duk Padiat – Pajut,,
62,2025-03-06,Yuai,Karam,impassable,2,Pathai,Yaui – Pathai – Karam,,
63,2025-03-06,Yuai,Motot,partially passable,1,Pieri,Yaui – Pieri – Motot,20MT,
64,2025-03-06,Yuai,Pajut,impassable,2,,Yaui – Pajut,,
65,2025-03-06,Wulu,Rumbek,passable,0,,Wulu – Rumbek,40MT,
66,2025-03-06,Pibor,Likuangole,impassable,2,,Pibor – Likuangole,,
67,2025-03-06,Mingkaman,Yirol,partially passable,1,,Mingkaman – Yirol,20MT,
68,2025-03-06,Yambio,Tambura,passable,0,,Yambio – Tambura,40MT,
69,2025-03-06,Juba,Mundri,passable,0,,Juba – Mundri,40MT,
70,2025-03-06,Kodok,Paloich,impassable,2,,Kodok – Paloich,,
71,2025-03-06,Malakal,Kodok,impassable,2,,Malakal – Kodok,,
72,2025-03-06,Thar Kueng,Kuajok,passable,0,,Thar Kueng - Kuajok,40MT,
73,2025-03-06,Bentiu,Guit,passable,0,,Bentiu – Guit,40MT,
74,2025-03-06,Duk Padiet,Ayod,impassable,2,,Duk Padiet – Ayod,,
75,2025-03-06,Guit,Mirmir,passable,0,,Guit – Mir mir,40MT,
76,2025-03-06,Raja,Chandoy/Dolo2,passable,0,,Raja – Chandoy/Dolo2,40MT,
77,2025-03-06,Mundri,Maridi,passable,0,,Mundri - Maridi,40MT,
78,2025-03-06,Torit,Kapoeta,partially passable,1,,Torit – Kapoeta,20MT,
79,2025-03-06,Mayendit,Mirmir,impassable,2,Rupkuai,Mayendit – Rupkuai – Mir mir,,
80,2025-03-06,Mirmir,Leer,passable,0,,Mirmir – Leer,40MT,
81,2025-03-06,Mankien,Mayom,impassable,2,,Mankien - Mayom,,
82,2025-03-06,Ajak Kuac,Mankien,impassable,2,,Ajak Kuac – Mankien,,
83,2025-03-06,Ayod,Pathai,impassable,2,,Ayod – Pathai,,
84,2025-03-06,Nyandit,Kiech Kon,impassable,2,,Nyandit - Kiech Kon,,
85,2025-03-06,Paloich,Jemaam,passable,0,Adar,Paloich – Adar – Jemaam,40MT,
86,2025-03-06,New Fangak,Kuernyang,impassable,2,,New Fangak – Kuernyang,,
87,2025-03-06,Paguir,Keew,impassable,2,,Paguir – Keew,,
88,2025-03-06,Baliet,Kiech Kon,impassable,2,Akwot,Baliet – Akwot – Kiech kon,,
89,2025-03-06,Wunrok,Gogrial,passable,0,,Wunrok – Gogrial,40MT,
90,2025-03-06,Deim Zubeir,Raja,partially passable,1,,Dim Zubeir – Raja,20MT,
91,2025-03-06,Aweil,Yith Pabol,impassable,2,,Aweil – Yith Pabol,,
92,2025-03-06,Kapoeta,Narus,passable,0,,Kapoeta – Narus,40MT,
93,2025-03-06,Melut,Paloich,passable,0,,Melut – Paloich,40MT,
94,2025-03-06,Wunrok,Abyei,passable,0,,Wunrok – Abyei,40MT,
95,2025-03-06,Gogrial,Kuajok,passable,0,,Gogrial – Kuajok,40MT,
96,2025-03-06,Bentiu,Nhialdiu,impassable,2,,Bentiu – Nhialdiu,,
97,2025-03-06,Aluakluak,Mvolo,partially passable,1,,Aluakluak - Mvolo,20MT,
98,2025-03-06,Kilo 30,Manga Port,passable,0,,Kilo 30 – Manga Port,40MT,
99,2025-03-06,Gossinga,Raja,impassable,2,,Gossinga – Raja,,
100,2025-03-06,Gossinga,Raja,partially passable,1,Kapalala,Gossinga – Kapalala – Raja,20MT,
101,2025-03-06,Nyal,Ganyiel,impassable,2,,Nyal – Ganyiel,,
102,2025-03-06,Manyabol,Gadiang,impassable,2,,Manyabol – Gadiang,,
103,2025-03-06,Manyabol,Gumuruk,partially passable,1,,Manyabol – Gumuruk,20MT,
104,2025-03-06,Vertet,Labarab,impassable,2,,Vertet – Labarab,,
105,2025-03-06,Boma,Maruwa,impassable,2,,Boma – Maruwa,,
106,2025-03-06,Boma,Labarab,impassable,2,,Boma - Labarab,,
107,2025-03-06,Pibor,Vertet,impassable,2,,Pibor – Verthet,,
108,2025-03-06,Aduel,Amok Piny,partially passable,1,,Aduel – Amok Piny,Specialized Trucks,
109,2025-03-06,Lankien,Pading,impassable,2,Nyambor,Lankien – Nyambor – Pading,,
110,2025-03-06,Nyambor,Karam,impassable,2,Pading,Nyambor – Pading – Karam,,
111,2025-03-06,Pajut,Payuel,impassable,2,,Pajut – Payuel,,
112,2025-03-06,Aweil,Gogrial,partially passable,1,Akun,Aweil – Akun – Gogrial,20MT,
113,2025-03-06,Kapoeta,Chukudum,passable,0,,Kapoeta – Chukudum,40MT,
114,2025-03-06,Diabio,Ezo,passable,0,,Diabio – Ezo,40MT,
115,2025-03-06,Mvolo,Wulu,passable,0,,Mvolo – Wullu,40MT,
116,2025-03-06,Aluakluak,Mapuordit,partially passable,1,,Aluakluak - Mapuordit,20MT,
117,2025-03-06,Narus,Nadapal,passable,0,,Narus – Nadapal,40MT,
118,2025-03-06,Bentiu,Kilo 30,passable,0,,Bentiu – Kilo30,40MT,
119,2025-03-06,Gadiang,Yuai,partially passable,1,,Gadiang – Yuai,20MT,
120,2025-03-06,Pathai,Fatuet,impassable,2,,Pathai – Fatuet,,
121,2025-03-06,Walgak,Kaikuny,impassable,2,,Walgak – Kaikuny,,
122,2025-03-06,Yuai,Walgak,impassable,2,Motot; Waat,Yuai – Motot – Waat – Walgak,,
123,2025-03-06,Kuron,Boma,impassable,2,,Kuron – Boma,,
124,2025-03-06,Kapoeta,Kassangor,impassable,2,,Kapoeta – Kassangor,,
125,2025-03-06,Rumbek,Maper (Lakes),impassable,2,,Rumbek – Maper (Lakes),,
126,2025-03-06,Maruwa,Labarab,impassable,2,,Maruwa – Labarab,,
127,2025-03-06,Koch,Mirmir,impassable,2,,Koch – Mirmir,,
128,2025-03-06,Adok,Leer,impassable,2,Piling,Adok – Piling – Leer,,
129,2025-03-06,Lainya,Yei,passable,0,,Lainya – Yei,40MT,
130,2025-03-06,Mathiang,Udier,impassable,2,,Mathiang – Udier,,
131,2025-03-06,Gadiang,Payuel,impassable,2,,Gadiang – Payuel,,
132,2025-03-06,Ayod,Mogok,impassable,2,,Ayod – Mogok,,
133,2025-03-06,Kaikang,Kilo 30,passable,0,Roriak; Mayom,(Kaikang – Roriak )(Mayom – Kilo 30),40MT,alternative road listed as two separate stretches: Kaikang–Roriak and Mayom–Kilo 30
134,2025-03-06,Pariang,Ajuong Thok,passable,0,,Pariang – Ajuong Thok,40MT,
135,2025-03-06,Lafon,Imehejek,partially passable,1,,Lafon – Imehejek,20MT,
136,2025-03-06,Mabior,Gadiang,impassable,2,,Mabior – Gadiang,,
137,2025-03-06,Poktap,Payuel,impassable,2,,Poktap – Payuel,,
138,2025-03-06,Panakuach,Pariang,partially passable,1,,Panakuach – Pariang,20MT,new road; first appears 2024-11-01
139,2025-03-06,Mabior,Kongor,impassable,2,,Mabior – Kongor,,
1,2025-03-13,Kilo 30,Pariang,passable,0,,Kilo 30 – Pariang,40MT,
2,2025-03-13,Gemeiza,Bor,impassable,2,,Gemeiza – Bor,,
3,2025-03-13,Yida,Pariang,passable,0,,Yida - Pariang,40MT,
4,2025-03-13,Juba,Nimule,passable,0,,Juba – Nimule,40MT,
5,2025-03-13,Juba,Torit,partially passable,1,,Juba – Torit,20MT,
6,2025-03-13,Juba,Mangalla,passable,0,,Juba – Mangalla,40MT,
7,2025-03-13,Malakal,Baliet,impassable,2,,Malakal – Baliet,,
8,2025-03-13,Paloich,Renk,passable,0,,Paloich – Renk,40MT,
9,2025-03-13,Adar,Maban,passable,0,Jemaam,Adar – Jemaam – Maban,40MT,
10,2025-03-13,Abyei,Abiemnhom,impassable,2,,Abyei – Abienhom,,
11,2025-03-13,Aweil,Gossinga,partially passable,1,,Aweil – Gossinga,20MT,
12,2025-03-13,Pathai,Walgak,impassable,2,Motot,Pathai – Motot – Walgak,,
13,2025-03-13,Juba,Lainya,passable,0,,Juba – Lainya,40MT,
14,2025-03-13,Maridi,Yambio,passable,0,,Maridi – Yambio,40MT,
15,2025-03-13,Juba,Kajo Keji,passable,0,,Juba – Kajo Keji,40MT,
16,2025-03-13,Juba,Terakeka,impassable,2,,Juba – Terakeka,,
17,2025-03-13,Narus,Kuron,impassable,2,,Narus – Kuron,,
18,2025-03-13,Mundri,Mvolo,passable,0,,Mundri - Mvolo,40MT,
19,2025-03-13,Mangalla,Gemeiza,passable,0,,Mangalla – Gemeiza,40MT,
20,2025-03-13,Mathiang,Maiwut,passable,0,,Mathiang – Maiwut,40MT,
21,2025-03-13,Tonj,Langdit,passable,0,,Tonj – Langdit,40MT,
22,2025-03-13,Terakeka,Mundri,passable,0,Tali,Terakeka – Tali – Mundri,40MT,
23,2025-03-13,Terakeka,Mingkaman,partially passable,1,,Terakeka – Mingkaman,20MT,
24,2025-03-13,Torit,Magwi,passable,0,,Torit – Magwi,40MT,
25,2025-03-13,Hiyala,Ikotos,passable,0,,Hiyala – Ikotos,40MT,
26,2025-03-13,Torit,Lafon,partially passable,1,,Torit – Lafon,20MT,
27,2025-03-13,Wau,Thar Kueng,passable,0,,Wau – Thar Kueng,40MT,
28,2025-03-13,Wau,Tonj,passable,0,,Wau – Tonj,40MT,
29,2025-03-13,Wau,Akuem,passable,0,Aweil,Wau – Aweil – Akuem,40MT,
30,2025-03-13,Likuangole,Akobo,partially passable,1,,Likuangole – Akobo,20MT,
31,2025-03-13,Amok Piny,Madol,impassable,2,,Amok Piny – Madol,,
32,2025-03-13,Akwot,Nasser,impassable,2,,Akwot – Nasser,,
33,2025-03-13,Guit,Koch,impassable,2,,Guit – Koch,,
34,2025-03-13,Abiemnhom,Mayom,passable,0,,Abiemnhom – Mayom,40MT,
35,2025-03-13,Kilo 30,Kaikang,impassable,2,Tumor; Mayom,Kilo30 –Tumor – Mayom – Kaikang,,
36,2025-03-13,Boma,Pochala,impassable,2,,Boma – Pochala,,
37,2025-03-13,Bor,Gadiang,partially passable,1,,Bor – Gadiang,20MT,
38,2025-03-13,Bor,Baidit,partially passable,1,,Bor – Baidit,20MT,
39,2025-03-13,Pengko,Manyabol,partially passable,1,,Pengko – Manyabol,20MT,
40,2025-03-13,Baidit,Duk Padiet,impassable,2,Mabior,Baidit – Mabior – Duk Padiet,,
41,2025-03-13,Gadiang,Akobo,impassable,2,,Gadiang – Akobo,,
42,2025-03-13,Juba,Lafon,impassable,2,,Juba – Lafon,,
43,2025-03-13,Adar,Mathiang,passable,0,,Adar – Mathiang,40MT,
44,2025-03-13,Maper (Lakes),Dablual,impassable,2,,Maper (Lakes) – Dablual,,
45,2025-03-13,Akobo,Kaikuny,impassable,2,,Akobo – Kainuny,,
46,2025-03-13,Motot,Lankien,partially passable,1,,Motot – Lankein,20MT,
47,2025-03-13,Wau,Deim Zubeir,partially passable,1,,Wau – Deim Zubeir,20MT,
48,2025-03-13,Wau,Tambura,partially passable,1,,Wau – Tambura,20MT,
49,2025-03-13,Yirol,Shambe,partially passable,1,,Yirol – Shambe,20MT,
50,2025-03-13,Aluakluak,Yirol,partially passable,1,,Aluakluak - Yirol,20MT,
51,2025-03-13,Rumbek,Langdit,passable,0,,Rumbek - Langdit,40MT,
52,2025-03-13,Aluakluak,Rumbek,partially passable,1,,Aluakluak – Rumbek,20MT,
53,2025-03-13,Wunrok,Abiemnhom,passable,0,Turalei,Wunrok – Turalei – Abiemnhom,40MT,
54,2025-03-13,Kilo 30,Panakuach,passable,0,Roriak,Kilo 30 – Roriak – Panakuach,40MT,
55,2025-03-13,Ding Ding,Koch,impassable,2,,Ding ding - Koch,,
56,2025-03-13,Bentiu,Dhorbor,impassable,2,,Bentiu – Dhorbor,,
57,2025-03-13,Dhorbor,Guit,impassable,2,,Dhorbor – Guit,,
58,2025-03-13,Guit,Ding Ding,impassable,2,,Guit – Ding Ding,,
59,2025-03-13,Gumuruk,Pibor,partially passable,1,,Gumuruk – Pibor,20MT,
60,2025-03-13,Bor,Pengko,partially passable,1,,Bor – Pengko,20MT,
61,2025-03-13,Duk Padiet,Pajut,impassable,2,,Duk Padiat – Pajut,,
62,2025-03-13,Yuai,Karam,impassable,2,Pathai,Yaui – Pathai – Karam,,
63,2025-03-13,Yuai,Motot,partially passable,1,Pieri,Yaui – Pieri – Motot,20MT,
64,2025-03-13,Yuai,Pajut,impassable,2,,Yaui – Pajut,,
65,2025-03-13,Wulu,Rumbek,passable,0,,Wulu – Rumbek,40MT,
66,2025-03-13,Pibor,Likuangole,partially passable,1,,Pibor – Likuangole,20MT,
67,2025-03-13,Mingkaman,Yirol,partially passable,1,,Mingkaman – Yirol,20MT,
68,2025-03-13,Yambio,Tambura,passable,0,,Yambio – Tambura,40MT,
69,2025-03-13,Juba,Mundri,passable,0,,Juba – Mundri,40MT,
70,2025-03-13,Kodok,Paloich,impassable,2,,Kodok – Paloich,,
71,2025-03-13,Malakal,Kodok,impassable,2,,Malakal – Kodok,,
72,2025-03-13,Thar Kueng,Kuajok,passable,0,,Thar Kueng - Kuajok,40MT,
73,2025-03-13,Bentiu,Guit,passable,0,,Bentiu – Guit,40MT,
74,2025-03-13,Duk Padiet,Ayod,impassable,2,,Duk Padiet – Ayod,,
75,2025-03-13,Guit,Mirmir,passable,0,,Guit – Mir mir,40MT,
76,2025-03-13,Raja,Chandoy/Dolo2,passable,0,,Raja – Chandoy/Dolo2,40MT,
77,2025-03-13,Mundri,Maridi,passable,0,,Mundri - Maridi,40MT,
78,2025-03-13,Torit,Kapoeta,partially passable,1,,Torit – Kapoeta,20MT,
79,2025-03-13,Mayendit,Mirmir,passable,0,Rupkuai,Mayendit – Rupkuai – Mir mir,40MT,
80,2025-03-13,Mirmir,Leer,passable,0,,Mirmir – Leer,40MT,
81,2025-03-13,Mankien,Mayom,passable,0,,Mankien - Mayom,40MT,
82,2025-03-13,Ajak Kuac,Mankien,impassable,2,,Ajak Kuac – Mankien,,
83,2025-03-13,Ayod,Pathai,impassable,2,,Ayod – Pathai,,
84,2025-03-13,Nyandit,Kiech Kon,impassable,2,,Nyandit - Kiech Kon,,
85,2025-03-13,Paloich,Jemaam,passable,0,Adar,Paloich – Adar – Jemaam,40MT,
86,2025-03-13,New Fangak,Kuernyang,impassable,2,,New Fangak – Kuernyang,,
87,2025-03-13,Paguir,Keew,impassable,2,,Paguir – Keew,,
88,2025-03-13,Baliet,Kiech Kon,impassable,2,Akwot,Baliet – Akwot – Kiech kon,,
89,2025-03-13,Wunrok,Gogrial,passable,0,,Wunrok – Gogrial,40MT,
90,2025-03-13,Deim Zubeir,Raja,partially passable,1,,Dim Zubeir – Raja,20MT,
91,2025-03-13,Aweil,Yith Pabol,impassable,2,,Aweil – Yith Pabol,,
92,2025-03-13,Kapoeta,Narus,passable,0,,Kapoeta – Narus,40MT,
93,2025-03-13,Melut,Paloich,passable,0,,Melut – Paloich,40MT,
94,2025-03-13,Wunrok,Abyei,passable,0,,Wunrok – Abyei,40MT,
95,2025-03-13,Gogrial,Kuajok,passable,0,,Gogrial – Kuajok,40MT,
96,2025-03-13,Bentiu,Nhialdiu,impassable,2,,Bentiu – Nhialdiu,,
97,2025-03-13,Aluakluak,Mvolo,partially passable,1,,Aluakluak - Mvolo,20MT,
98,2025-03-13,Kilo 30,Manga Port,passable,0,,Kilo 30 – Manga Port,40MT,
99,2025-03-13,Gossinga,Raja,impassable,2,,Gossinga – Raja,,
100,2025-03-13,Gossinga,Raja,partially passable,1,Kapalala,Gossinga – Kapalala – Raja,20MT,
101,2025-03-13,Nyal,Ganyiel,impassable,2,,Nyal – Ganyiel,,
102,2025-03-13,Manyabol,Gadiang,impassable,2,,Manyabol – Gadiang,,
103,2025-03-13,Manyabol,Gumuruk,partially passable,1,,Manyabol – Gumuruk,20MT,
104,2025-03-13,Vertet,Labarab,impassable,2,,Vertet – Labarab,,
105,2025-03-13,Boma,Maruwa,impassable,2,,Boma – Maruwa,,
106,2025-03-13,Boma,Labarab,impassable,2,,Boma - Labarab,,
107,2025-03-13,Pibor,Vertet,impassable,2,,Pibor – Verthet,,
108,2025-03-13,Aduel,Amok Piny,partially passable,1,,Aduel – Amok Piny,Specialized Trucks,
109,2025-03-13,Lankien,Pading,impassable,2,Nyambor,Lankien – Nyambor – Pading,,
110,2025-03-13,Nyambor,Karam,impassable,2,Pading,Nyambor – Pading – Karam,,
111,2025-03-13,Pajut,Payuel,impassable,2,,Pajut – Payuel,,
112,2025-03-13,Aweil,Gogrial,partially passable,1,Akun,Aweil – Akun – Gogrial,20MT,
113,2025-03-13,Kapoeta,Chukudum,passable,0,,Kapoeta – Chukudum,40MT,
114,2025-03-13,Diabio,Ezo,passable,0,,Diabio – Ezo,40MT,
115,2025-03-13,Mvolo,Wulu,passable,0,,Mvolo – Wullu,40MT,
116,2025-03-13,Aluakluak,Mapuordit,partially passable,1,,Aluakluak - Mapuordit,20MT,
117,2025-03-13,Narus,Nadapal,passable,0,,Narus – Nadapal,40MT,
118,2025-03-13,Bentiu,Kilo 30,passable,0,,Bentiu – Kilo30,40MT,
119,2025-03-13,Gadiang,Yuai,partially passable,1,,Gadiang – Yuai,20MT,
120,2025-03-13,Pathai,Fatuet,impassable,2,,Pathai – Fatuet,,
121,2025-03-13,Walgak,Kaikuny,impassable,2,,Walgak – Kaikuny,,
122,2025-03-13,Yuai,Walgak,impassable,2,Motot; Waat,Yuai – Motot – Waat – Walgak,,
123,2025-03-13,Kuron,Boma,impassable,2,,Kuron – Boma,,
124,2025-03-13,Kapoeta,Kassangor,impassable,2,,Kapoeta – Kassangor,,
125,2025-03-13,Rumbek,Maper (Lakes),impassable,2,,Rumbek – Maper (Lakes),,
126,2025-03-13,Maruwa,Labarab,impassable,2,,Maruwa – Labarab,,
127,2025-03-13,Koch,Mirmir,passable,0,,Koch – Mirmir,40MT,
128,2025-03-13,Adok,Leer,passable,0,Piling,Adok – Piling – Leer,40MT,
129,2025-03-13,Lainya,Yei,passable,0,,Lainya – Yei,40MT,
130,2025-03-13,Mathiang,Udier,impassable,2,,Mathiang – Udier,,
131,2025-03-13,Gadiang,Payuel,impassable,2,,Gadiang – Payuel,,
132,2025-03-13,Ayod,Mogok,impassable,2,,Ayod – Mogok,,
133,2025-03-13,Kaikang,Kilo 30,passable,0,Roriak; Mayom,(Kaikang – Roriak )(Mayom – Kilo 30),40MT,alternative road listed as two separate stretches: Kaikang–Roriak and Mayom–Kilo 30
134,2025-03-13,Pariang,Ajuong Thok,passable,0,,Pariang – Ajuong Thok,40MT,
135,2025-03-13,Lafon,Imehejek,partially passable,1,,Lafon – Imehejek,20MT,
136,2025-03-13,Mabior,Gadiang,impassable,2,,Mabior – Gadiang,,
137,2025-03-13,Poktap,Payuel,impassable,2,,Poktap – Payuel,,
138,2025-03-13,Panakuach,Pariang,partially passable,1,,Panakuach – Pariang,20MT,new road; first appears 2024-11-01
139,2025-03-13,Mabior,Kongor,impassable,2,,Mabior – Kongor,,
1,2025-03-21,Kilo 30,Pariang,passable,0,,Kilo 30 – Pariang,40MT,
2,2025-03-21,Gemeiza,Bor,impassable,2,,Gemeiza – Bor,,
3,2025-03-21,Yida,Pariang,passable,0,,Yida - Pariang,40MT,
4,2025-03-21,Juba,Nimule,passable,0,,Juba – Nimule,40MT,
5,2025-03-21,Juba,Torit,partially passable,1,,Juba – Torit,20MT,
6,2025-03-21,Juba,Mangalla,passable,0,,Juba – Mangalla,40MT,
7,2025-03-21,Malakal,Baliet,impassable,2,,Malakal – Baliet,,
8,2025-03-21,Paloich,Renk,passable,0,,Paloich – Renk,40MT,
9,2025-03-21,Adar,Maban,passable,0,Jemaam,Adar – Jemaam – Maban,40MT,
10,2025-03-21,Abyei,Abiemnhom,impassable,2,,Abyei – Abienhom,,
11,2025-03-21,Aweil,Gossinga,partially passable,1,,Aweil – Gossinga,20MT,
12,2025-03-21,Pathai,Walgak,partially passable,1,Motot,Pathai – Motot – Walgak,20MT,
13,2025-03-21,Juba,Lainya,passable,0,,Juba – Lainya,40MT,
14,2025-03-21,Maridi,Yambio,passable,0,,Maridi – Yambio,40MT,
15,2025-03-21,Juba,Kajo Keji,passable,0,,Juba – Kajo Keji,40MT,
16,2025-03-21,Juba,Terakeka,impassable,2,,Juba – Terakeka,,
17,2025-03-21,Narus,Kuron,impassable,2,,Narus – Kuron,,
18,2025-03-21,Mundri,Mvolo,passable,0,,Mundri - Mvolo,40MT,
19,2025-03-21,Mangalla,Gemeiza,passable,0,,Mangalla – Gemeiza,40MT,
20,2025-03-21,Mathiang,Maiwut,passable,0,,Mathiang – Maiwut,40MT,
21,2025-03-21,Tonj,Langdit,passable,0,,Tonj – Langdit,40MT,
22,2025-03-21,Terakeka,Mundri,passable,0,Tali,Terakeka – Tali – Mundri,40MT,
23,2025-03-21,Terakeka,Mingkaman,partially passable,1,,Terakeka – Mingkaman,20MT,
24,2025-03-21,Torit,Magwi,passable,0,,Torit – Magwi,40MT,
25,2025-03-21,Hiyala,Ikotos,passable,0,,Hiyala – Ikotos,40MT,
26,2025-03-21,Torit,Lafon,partially passable,1,,Torit – Lafon,20MT,
27,2025-03-21,Wau,Thar Kueng,passable,0,,Wau – Thar Kueng,40MT,
28,2025-03-21,Wau,Tonj,passable,0,,Wau – Tonj,40MT,
29,2025-03-21,Wau,Akuem,passable,0,Aweil,Wau – Aweil – Akuem,40MT,
30,2025-03-21,Likuangole,Akobo,partially passable,1,,Likuangole – Akobo,20MT,
31,2025-03-21,Amok Piny,Madol,impassable,2,,Amok Piny – Madol,,
32,2025-03-21,Akwot,Nasser,impassable,2,,Akwot – Nasser,,
33,2025-03-21,Guit,Koch,impassable,2,,Guit – Koch,,
34,2025-03-21,Abiemnhom,Mayom,passable,0,,Abiemnhom – Mayom,40MT,
35,2025-03-21,Kilo 30,Kaikang,impassable,2,Tumor; Mayom,Kilo30 –Tumor – Mayom – Kaikang,,
36,2025-03-21,Boma,Pochala,impassable,2,,Boma – Pochala,,
37,2025-03-21,Bor,Gadiang,partially passable,1,,Bor – Gadiang,20MT,
38,2025-03-21,Bor,Baidit,partially passable,1,,Bor – Baidit,20MT,
39,2025-03-21,Pengko,Manyabol,partially passable,1,,Pengko – Manyabol,20MT,
40,2025-03-21,Baidit,Duk Padiet,partially passable,1,Mabior,Baidit – Mabior – Duk Padiet,20MT,
41,2025-03-21,Gadiang,Akobo,impassable,2,,Gadiang – Akobo,,
42,2025-03-21,Juba,Lafon,impassable,2,,Juba – Lafon,,
43,2025-03-21,Adar,Mathiang,passable,0,,Adar – Mathiang,40MT,
44,2025-03-21,Maper (Lakes),Dablual,impassable,2,,Maper (Lakes) – Dablual,,
45,2025-03-21,Akobo,Kaikuny,impassable,2,,Akobo – Kainuny,,
46,2025-03-21,Motot,Lankien,partially passable,1,,Motot – Lankein,20MT,
47,2025-03-21,Wau,Deim Zubeir,partially passable,1,,Wau – Deim Zubeir,20MT,
48,2025-03-21,Wau,Tambura,partially passable,1,,Wau – Tambura,20MT,
49,2025-03-21,Yirol,Shambe,partially passable,1,,Yirol – Shambe,20MT,
50,2025-03-21,Aluakluak,Yirol,partially passable,1,,Aluakluak - Yirol,20MT,
51,2025-03-21,Rumbek,Langdit,passable,0,,Rumbek - Langdit,40MT,
52,2025-03-21,Aluakluak,Rumbek,partially passable,1,,Aluakluak – Rumbek,20MT,
53,2025-03-21,Wunrok,Abiemnhom,passable,0,Turalei,Wunrok – Turalei – Abiemnhom,40MT,
54,2025-03-21,Kilo 30,Panakuach,passable,0,Roriak,Kilo 30 – Roriak – Panakuach,40MT,
55,2025-03-21,Ding Ding,Koch,impassable,2,,Ding ding - Koch,,
56,2025-03-21,Bentiu,Dhorbor,impassable,2,,Bentiu – Dhorbor,,
57,2025-03-21,Dhorbor,Guit,impassable,2,,Dhorbor – Guit,,
58,2025-03-21,Guit,Ding Ding,impassable,2,,Guit – Ding Ding,,
59,2025-03-21,Gumuruk,Pibor,partially passable,1,,Gumuruk – Pibor,20MT,
60,2025-03-21,Bor,Pengko,partially passable,1,,Bor – Pengko,20MT,
61,2025-03-21,Duk Padiet,Pajut,impassable,2,,Duk Padiat – Pajut,,
62,2025-03-21,Yuai,Karam,impassable,2,Pathai,Yaui – Pathai – Karam,,
63,2025-03-21,Yuai,Motot,partially passable,1,Pieri,Yaui – Pieri – Motot,20MT,
64,2025-03-21,Yuai,Pajut,impassable,2,,Yaui – Pajut,,
65,2025-03-21,Wulu,Rumbek,passable,0,,Wulu – Rumbek,40MT,
66,2025-03-21,Pibor,Likuangole,partially passable,1,,Pibor – Likuangole,20MT,
67,2025-03-21,Mingkaman,Yirol,partially passable,1,,Mingkaman – Yirol,20MT,
68,2025-03-21,Yambio,Tambura,passable,0,,Yambio – Tambura,40MT,
69,2025-03-21,Juba,Mundri,passable,0,,Juba – Mundri,40MT,
70,2025-03-21,Kodok,Paloich,impassable,2,,Kodok – Paloich,,
71,2025-03-21,Malakal,Kodok,impassable,2,,Malakal – Kodok,,
72,2025-03-21,Thar Kueng,Kuajok,passable,0,,Thar Kueng - Kuajok,40MT,
73,2025-03-21,Bentiu,Guit,passable,0,,Bentiu – Guit,40MT,
74,2025-03-21,Duk Padiet,Ayod,partially passable,1,,Duk Padiet – Ayod,20MT,
75,2025-03-21,Guit,Mirmir,passable,0,,Guit – Mir mir,40MT,
76,2025-03-21,Raja,Chandoy/Dolo2,passable,0,,Raja – Chandoy/Dolo2,40MT,
77,2025-03-21,Mundri,Maridi,passable,0,,Mundri - Maridi,40MT,
78,2025-03-21,Torit,Kapoeta,partially passable,1,,Torit – Kapoeta,20MT,
79,2025-03-21,Mayendit,Mirmir,passable,0,Rupkuai,Mayendit – Rupkuai – Mir mir,40MT,
80,2025-03-21,Mirmir,Leer,passable,0,,Mirmir – Leer,40MT,
81,2025-03-21,Mankien,Mayom,passable,0,,Mankien - Mayom,40MT,
82,2025-03-21,Ajak Kuac,Mankien,impassable,2,,Ajak Kuac – Mankien,,
83,2025-03-21,Ayod,Pathai,partially passable,1,,Ayod – Pathai,20MT,
84,2025-03-21,Nyandit,Kiech Kon,impassable,2,,Nyandit - Kiech Kon,,
85,2025-03-21,Paloich,Jemaam,passable,0,Adar,Paloich – Adar – Jemaam,40MT,
86,2025-03-21,New Fangak,Kuernyang,impassable,2,,New Fangak – Kuernyang,,
87,2025-03-21,Paguir,Keew,impassable,2,,Paguir – Keew,,
88,2025-03-21,Baliet,Kiech Kon,impassable,2,Akwot,Baliet – Akwot – Kiech kon,,
89,2025-03-21,Wunrok,Gogrial,passable,0,,Wunrok – Gogrial,40MT,
90,2025-03-21,Deim Zubeir,Raja,partially passable,1,,Dim Zubeir – Raja,20MT,
91,2025-03-21,Aweil,Yith Pabol,impassable,2,,Aweil – Yith Pabol,,
92,2025-03-21,Kapoeta,Narus,passable,0,,Kapoeta – Narus,40MT,
93,2025-03-21,Melut,Paloich,passable,0,,Melut – Paloich,40MT,
94,2025-03-21,Wunrok,Abyei,passable,0,,Wunrok – Abyei,40MT,
95,2025-03-21,Gogrial,Kuajok,passable,0,,Gogrial – Kuajok,40MT,
96,2025-03-21,Bentiu,Nhialdiu,impassable,2,,Bentiu – Nhialdiu,,
97,2025-03-21,Aluakluak,Mvolo,partially passable,1,,Aluakluak - Mvolo,20MT,
98,2025-03-21,Kilo 30,Manga Port,passable,0,,Kilo 30 – Manga Port,40MT,
99,2025-03-21,Gossinga,Raja,impassable,2,,Gossinga – Raja,,
100,2025-03-21,Gossinga,Raja,partially passable,1,Kapalala,Gossinga – Kapalala – Raja,20MT,
101,2025-03-21,Nyal,Ganyiel,impassable,2,,Nyal – Ganyiel,,
102,2025-03-21,Manyabol,Gadiang,impassable,2,,Manyabol – Gadiang,,
103,2025-03-21,Manyabol,Gumuruk,partially passable,1,,Manyabol – Gumuruk,20MT,
104,2025-03-21,Vertet,Labarab,impassable,2,,Vertet – Labarab,,
105,2025-03-21,Boma,Maruwa,impassable,2,,Boma – Maruwa,,
106,2025-03-21,Boma,Labarab,impassable,2,,Boma - Labarab,,
107,2025-03-21,Pibor,Vertet,impassable,2,,Pibor – Verthet,,
108,2025-03-21,Aduel,Amok Piny,partially passable,1,,Aduel – Amok Piny,Specialized Trucks,
109,2025-03-21,Lankien,Pading,impassable,2,Nyambor,Lankien – Nyambor – Pading,,
110,2025-03-21,Nyambor,Karam,impassable,2,Pading,Nyambor – Pading – Karam,,
111,2025-03-21,Pajut,Payuel,impassable,2,,Pajut – Payuel,,
112,2025-03-21,Aweil,Gogrial,partially passable,1,Akun,Aweil – Akun – Gogrial,20MT,
113,2025-03-21,Kapoeta,Chukudum,passable,0,,Kapoeta – Chukudum,40MT,
114,2025-03-21,Diabio,Ezo,passable,0,,Diabio – Ezo,40MT,
115,2025-03-21,Mvolo,Wulu,passable,0,,Mvolo – Wullu,40MT,
116,2025-03-21,Aluakluak,Mapuordit,partially passable,1,,Aluakluak - Mapuordit,20MT,
117,2025-03-21,Narus,Nadapal,passable,0,,Narus – Nadapal,40MT,
118,2025-03-21,Bentiu,Kilo 30,passable,0,,Bentiu – Kilo30,40MT,
119,2025-03-21,Gadiang,Yuai,partially passable,1,,Gadiang – Yuai,20MT,
120,2025-03-21,Pathai,Fatuet,impassable,2,,Pathai – Fatuet,,
121,2025-03-21,Walgak,Kaikuny,impassable,2,,Walgak – Kaikuny,,
122,2025-03-21,Yuai,Walgak,impassable,2,Motot; Waat,Yuai – Motot – Waat – Walgak,,
123,2025-03-21,Kuron,Boma,impassable,2,,Kuron – Boma,,
124,2025-03-21,Kapoeta,Kassangor,impassable,2,,Kapoeta – Kassangor,,
125,2025-03-21,Rumbek,Maper (Lakes),impassable,2,,Rumbek – Maper (Lakes),,
126,2025-03-21,Maruwa,Labarab,impassable,2,,Maruwa – Labarab,,
127,2025-03-21,Koch,Mirmir,passable,0,,Koch – Mirmir,40MT,
128,2025-03-21,Adok,Leer,passable,0,Piling,Adok – Piling – Leer,40MT,
129,2025-03-21,Lainya,Yei,passable,0,,Lainya – Yei,40MT,
130,2025-03-21,Mathiang,Udier,impassable,2,,Mathiang – Udier,,
131,2025-03-21,Gadiang,Payuel,impassable,2,,Gadiang – Payuel,,
132,2025-03-21,Ayod,Mogok,impassable,2,,Ayod – Mogok,,
133,2025-03-21,Kaikang,Kilo 30,passable,0,Roriak; Mayom,(Kaikang – Roriak )(Mayom – Kilo 30),40MT,alternative road listed as two separate stretches: Kaikang–Roriak and Mayom–Kilo 30
134,2025-03-21,Pariang,Ajuong Thok,passable,0,,Pariang – Ajuong Thok,40MT,
135,2025-03-21,Lafon,Imehejek,partially passable,1,,Lafon – Imehejek,20MT,
136,2025-03-21,Mabior,Gadiang,impassable,2,,Mabior – Gadiang,,
137,2025-03-21,Poktap,Payuel,impassable,2,,Poktap – Payuel,,
138,2025-03-21,Panakuach,Pariang,partially passable,1,,Panakuach – Pariang,20MT,new road; first appears 2024-11-01
139,2025-03-21,Mabior,Kongor,impassable,2,,Mabior – Kongor,,
1,2025-03-27,Kilo 30,Pariang,passable,0,,Kilo 30 – Pariang,40MT,
2,2025-03-27,Gemeiza,Bor,impassable,2,,Gemeiza – Bor,,
3,2025-03-27,Yida,Pariang,passable,0,,Yida - Pariang,40MT,
4,2025-03-27,Juba,Nimule,passable,0,,Juba – Nimule,40MT,
5,2025-03-27,Juba,Torit,partially passable,1,,Juba – Torit,20MT,
6,2025-03-27,Juba,Mangalla,passable,0,,Juba – Mangalla,40MT,
7,2025-03-27,Malakal,Baliet,partially passable,1,,Malakal – Baliet,20MT,
8,2025-03-27,Paloich,Renk,passable,0,,Paloich – Renk,40MT,
9,2025-03-27,Adar,Maban,passable,0,Jemaam,Adar – Jemaam – Maban,40MT,
10,2025-03-27,Abyei,Abiemnhom,impassable,2,,Abyei – Abienhom,,
11,2025-03-27,Aweil,Gossinga,partially passable,1,,Aweil – Gossinga,20MT,
12,2025-03-27,Pathai,Walgak,partially passable,1,Motot,Pathai – Motot – Walgak,20MT,
13,2025-03-27,Juba,Lainya,passable,0,,Juba – Lainya,40MT,
14,2025-03-27,Maridi,Yambio,passable,0,,Maridi – Yambio,40MT,
15,2025-03-27,Juba,Kajo Keji,passable,0,,Juba – Kajo Keji,40MT,
16,2025-03-27,Juba,Terakeka,impassable,2,,Juba – Terakeka,,
17,2025-03-27,Narus,Kuron,impassable,2,,Narus – Kuron,,
18,2025-03-27,Mundri,Mvolo,passable,0,,Mundri - Mvolo,40MT,
19,2025-03-27,Mangalla,Gemeiza,passable,0,,Mangalla – Gemeiza,40MT,
20,2025-03-27,Mathiang,Maiwut,passable,0,,Mathiang – Maiwut,40MT,
21,2025-03-27,Tonj,Langdit,passable,0,,Tonj – Langdit,40MT,
22,2025-03-27,Terakeka,Mundri,passable,0,Tali,Terakeka – Tali – Mundri,40MT,
23,2025-03-27,Terakeka,Mingkaman,partially passable,1,,Terakeka – Mingkaman,20MT,
24,2025-03-27,Torit,Magwi,passable,0,,Torit – Magwi,40MT,
25,2025-03-27,Hiyala,Ikotos,passable,0,,Hiyala – Ikotos,40MT,
26,2025-03-27,Torit,Lafon,partially passable,1,,Torit – Lafon,20MT,
27,2025-03-27,Wau,Thar Kueng,passable,0,,Wau – Thar Kueng,40MT,
28,2025-03-27,Wau,Tonj,passable,0,,Wau – Tonj,40MT,
29,2025-03-27,Wau,Akuem,passable,0,Aweil,Wau – Aweil – Akuem,40MT,
30,2025-03-27,Likuangole,Akobo,passable,0,,Likuangole – Akobo,40MT,
31,2025-03-27,Amok Piny,Madol,impassable,2,,Amok Piny – Madol,,
32,2025-03-27,Akwot,Nasser,impassable,2,,Akwot – Nasser,,
33,2025-03-27,Guit,Koch,impassable,2,,Guit – Koch,,
34,2025-03-27,Abiemnhom,Mayom,passable,0,,Abiemnhom – Mayom,40MT,
35,2025-03-27,Kilo 30,Kaikang,impassable,2,Tumor; Mayom,Kilo30 –Tumor – Mayom – Kaikang,,
36,2025-03-27,Boma,Pochala,impassable,2,,Boma – Pochala,,
37,2025-03-27,Bor,Gadiang,partially passable,1,,Bor – Gadiang,20MT,
38,2025-03-27,Bor,Baidit,partially passable,1,,Bor – Baidit,20MT,
39,2025-03-27,Pengko,Manyabol,passable,0,,Pengko – Manyabol,40MT,
40,2025-03-27,Baidit,Duk Padiet,partially passable,1,Mabior,Baidit – Mabior – Duk Padiet,20MT,
41,2025-03-27,Gadiang,Akobo,impassable,2,,Gadiang – Akobo,,
42,2025-03-27,Juba,Lafon,impassable,2,,Juba – Lafon,,
43,2025-03-27,Adar,Mathiang,passable,0,,Adar – Mathiang,40MT,
44,2025-03-27,Maper (Lakes),Dablual,impassable,2,,Maper (Lakes) – Dablual,,
45,2025-03-27,Akobo,Kaikuny,passable,0,,Akobo – Kainuny,40MT,
46,2025-03-27,Motot,Lankien,partially passable,1,,Motot – Lankein,20MT,
47,2025-03-27,Wau,Deim Zubeir,partially passable,1,,Wau – Deim Zubeir,20MT,
48,2025-03-27,Wau,Tambura,partially passable,1,,Wau – Tambura,20MT,
49,2025-03-27,Yirol,Shambe,partially passable,1,,Yirol – Shambe,20MT,
50,2025-03-27,Aluakluak,Yirol,partially passable,1,,Aluakluak - Yirol,20MT,
51,2025-03-27,Rumbek,Langdit,passable,0,,Rumbek - Langdit,40MT,
52,2025-03-27,Aluakluak,Rumbek,partially passable,1,,Aluakluak – Rumbek,20MT,
53,2025-03-27,Wunrok,Abiemnhom,passable,0,Turalei,Wunrok – Turalei – Abiemnhom,40MT,
54,2025-03-27,Kilo 30,Panakuach,passable,0,Roriak,Kilo 30 – Roriak – Panakuach,40MT,
55,2025-03-27,Ding Ding,Koch,impassable,2,,Ding ding - Koch,,
56,2025-03-27,Bentiu,Dhorbor,impassable,2,,Bentiu – Dhorbor,,
57,2025-03-27,Dhorbor,Guit,impassable,2,,Dhorbor – Guit,,
58,2025-03-27,Guit,Ding Ding,impassable,2,,Guit – Ding Ding,,
59,2025-03-27,Gumuruk,Pibor,passable,0,,Gumuruk – Pibor,40MT,
60,2025-03-27,Bor,Pengko,passable,0,,Bor – Pengko,40MT,
61,2025-03-27,Duk Padiet,Pajut,impassable,2,,Duk Padiat – Pajut,,
62,2025-03-27,Yuai,Karam,impassable,2,Pathai,Yaui – Pathai – Karam,,
63,2025-03-27,Yuai,Motot,partially passable,1,Pieri,Yaui – Pieri – Motot,20MT,
64,2025-03-27,Yuai,Pajut,impassable,2,,Yaui – Pajut,,
65,2025-03-27,Wulu,Rumbek,passable,0,,Wulu – Rumbek,40MT,
66,2025-03-27,Pibor,Likuangole,passable,0,,Pibor – Likuangole,40MT,
67,2025-03-27,Mingkaman,Yirol,partially passable,1,,Mingkaman – Yirol,20MT,
68,2025-03-27,Yambio,Tambura,passable,0,,Yambio – Tambura,40MT,
69,2025-03-27,Juba,Mundri,passable,0,,Juba – Mundri,40MT,
70,2025-03-27,Kodok,Paloich,impassable,2,,Kodok – Paloich,,
71,2025-03-27,Malakal,Kodok,impassable,2,,Malakal – Kodok,,
72,2025-03-27,Thar Kueng,Kuajok,passable,0,,Thar Kueng - Kuajok,40MT,
73,2025-03-27,Bentiu,Guit,passable,0,,Bentiu – Guit,40MT,
74,2025-03-27,Duk Padiet,Ayod,partially passable,1,,Duk Padiet – Ayod,20MT,
75,2025-03-27,Guit,Mirmir,passable,0,,Guit – Mir mir,40MT,
76,2025-03-27,Raja,Chandoy/Dolo2,passable,0,,Raja – Chandoy/Dolo2,40MT,
77,2025-03-27,Mundri,Maridi,passable,0,,Mundri - Maridi,40MT,
78,2025-03-27,Torit,Kapoeta,partially passable,1,,Torit – Kapoeta,20MT,
79,2025-03-27,Mayendit,Mirmir,passable,0,Rupkuai,Mayendit – Rupkuai – Mir mir,40MT,
80,2025-03-27,Mirmir,Leer,passable,0,,Mirmir – Leer,40MT,
81,2025-03-27,Mankien,Mayom,impassable,2,,Mankien - Mayom,,
82,2025-03-27,Ajak Kuac,Mankien,impassable,2,,Ajak Kuac – Mankien,,
83,2025-03-27,Ayod,Pathai,partially passable,1,,Ayod – Pathai,20MT,
84,2025-03-27,Nyandit,Kiech Kon,impassable,2,,Nyandit - Kiech Kon,,
85,2025-03-27,Paloich,Jemaam,passable,0,Adar,Paloich – Adar – Jemaam,40MT,
86,2025-03-27,New Fangak,Kuernyang,impassable,2,,New Fangak – Kuernyang,,
87,2025-03-27,Paguir,Keew,impassable,2,,Paguir – Keew,,
88,2025-03-27,Baliet,Kiech Kon,impassable,2,Akwot,Baliet – Akwot – Kiech kon,,
89,2025-03-27,Wunrok,Gogrial,passable,0,,Wunrok – Gogrial,40MT,
90,2025-03-27,Deim Zubeir,Raja,partially passable,1,,Dim Zubeir – Raja,20MT,
91,2025-03-27,Aweil,Yith Pabol,impassable,2,,Aweil – Yith Pabol,,
92,2025-03-27,Kapoeta,Narus,passable,0,,Kapoeta – Narus,40MT,
93,2025-03-27,Melut,Paloich,passable,0,,Melut – Paloich,40MT,
94,2025-03-27,Wunrok,Abyei,passable,0,,Wunrok – Abyei,40MT,
95,2025-03-27,Gogrial,Kuajok,passable,0,,Gogrial – Kuajok,40MT,
96,2025-03-27,Bentiu,Nhialdiu,impassable,2,,Bentiu – Nhialdiu,,
97,2025-03-27,Aluakluak,Mvolo,partially passable,1,,Aluakluak - Mvolo,20MT,
98,2025-03-27,Kilo 30,Manga Port,passable,0,,Kilo 30 – Manga Port,40MT,
99,2025-03-27,Gossinga,Raja,impassable,2,,Gossinga – Raja,,
100,2025-03-27,Gossinga,Raja,partially passable,1,Kapalala,Gossinga – Kapalala – Raja,20MT,
101,2025-03-27,Nyal,Ganyiel,impassable,2,,Nyal – Ganyiel,,
102,2025-03-27,Manyabol,Gadiang,impassable,2,,Manyabol – Gadiang,,
103,2025-03-27,Manyabol,Gumuruk,passable,0,,Manyabol – Gumuruk,40MT,
104,2025-03-27,Vertet,Labarab,impassable,2,,Vertet – Labarab,,
105,2025-03-27,Boma,Maruwa,impassable,2,,Boma – Maruwa,,
106,2025-03-27,Boma,Labarab,impassable,2,,Boma - Labarab,,
107,2025-03-27,Pibor,Vertet,impassable,2,,Pibor – Verthet,,
108,2025-03-27,Aduel,Amok Piny,partially passable,1,,Aduel – Amok Piny,Specialized Trucks,
109,2025-03-27,Lankien,Pading,impassable,2,Nyambor,Lankien – Nyambor – Pading,,
110,2025-03-27,Nyambor,Karam,impassable,2,Pading,Nyambor – Pading – Karam,,
111,2025-03-27,Pajut,Payuel,impassable,2,,Pajut – Payuel,,
112,2025-03-27,Aweil,Gogrial,partially passable,1,Akun,Aweil – Akun – Gogrial,20MT,
113,2025-03-27,Kapoeta,Chukudum,passable,0,,Kapoeta – Chukudum,40MT,
114,2025-03-27,Diabio,Ezo,passable,0,,Diabio – Ezo,40MT,
115,2025-03-27,Mvolo,Wulu,passable,0,,Mvolo – Wullu,40MT,
116,2025-03-27,Aluakluak,Mapuordit,partially passable,1,,Aluakluak - Mapuordit,20MT,
117,2025-03-27,Narus,Nadapal,passable,0,,Narus – Nadapal,40MT,
118,2025-03-27,Bentiu,Kilo 30,passable,0,,Bentiu – Kilo30,40MT,
119,2025-03-27,Gadiang,Yuai,partially passable,1,,Gadiang – Yuai,20MT,
120,2025-03-27,Pathai,Fatuet,impassable,2,,Pathai – Fatuet,,
121,2025-03-27,Walgak,Kaikuny,passable,0,,Walgak – Kaikuny,40MT,
122,2025-03-27,Yuai,Walgak,impassable,2,Motot; Waat,Yuai – Motot – Waat – Walgak,,
123,2025-03-27,Kuron,Boma,impassable,2,,Kuron – Boma,,
124,2025-03-27,Kapoeta,Kassangor,impassable,2,,Kapoeta – Kassangor,,
125,2025-03-27,Rumbek,Maper (Lakes),impassable,2,,Rumbek – Maper (Lakes),,
126,2025-03-27,Maruwa,Labarab,impassable,2,,Maruwa – Labarab,,
127,2025-03-27,Koch,Mirmir,passable,0,,Koch – Mirmir,40MT,
128,2025-03-27,Adok,Leer,passable,0,Piling,Adok – Piling – Leer,40MT,
129,2025-03-27,Lainya,Yei,passable,0,,Lainya – Yei,40MT,
130,2025-03-27,Mathiang,Udier,impassable,2,,Mathiang – Udier,,
131,2025-03-27,Gadiang,Payuel,impassable,2,,Gadiang – Payuel,,
132,2025-03-27,Ayod,Mogok,impassable,2,,Ayod – Mogok,,
133,2025-03-27,Kaikang,Kilo 30,passable,0,Roriak; Mayom,(Kaikang – Roriak )(Mayom – Kilo 30),40MT,alternative road listed as two separate stretches: Kaikang–Roriak and Mayom–Kilo 30
134,2025-03-27,Pariang,Ajuong Thok,passable,0,,Pariang – Ajuong Thok,40MT,
135,2025-03-27,Lafon,Imehejek,partially passable,1,,Lafon – Imehejek,20MT,
136,2025-03-27,Mabior,Gadiang,impassable,2,,Mabior – Gadiang,,
137,2025-03-27,Poktap,Payuel,impassable,2,,Poktap – Payuel,,
138,2025-03-27,Panakuach,Pariang,partially passable,1,,Panakuach – Pariang,20MT,new road; first appears 2024-11-01
139,2025-03-27,Mabior,Kongor,impassable,2,,Mabior – Kongor,,
1,2025-04-04,Kilo 30,Pariang,passable,0,,Kilo 30 – Pariang,40MT,
2,2025-04-04,Gemeiza,Bor,impassable,2,,Gemeiza – Bor,,
3,2025-04-04,Yida,Pariang,passable,0,,Yida - Pariang,40MT,
4,2025-04-04,Juba,Nimule,passable,0,,Juba – Nimule,40MT,
5,2025-04-04,Juba,Torit,partially passable,1,,Juba – Torit,20MT,
6,2025-04-04,Juba,Mangalla,passable,0,,Juba – Mangalla,40MT,
7,2025-04-04,Malakal,Baliet,partially passable,1,,Malakal – Baliet,20MT,
8,2025-04-04,Paloich,Renk,passable,0,,Paloich – Renk,40MT,
9,2025-04-04,Adar,Maban,passable,0,Jemaam,Adar – Jemaam – Maban,40MT,
10,2025-04-04,Abyei,Abiemnhom,impassable,2,,Abyei – Abienhom,,
11,2025-04-04,Aweil,Gossinga,partially passable,1,,Aweil – Gossinga,20MT,
12,2025-04-04,Pathai,Walgak,passable,0,Motot,Pathai – Motot – Walgak,40MT,
13,2025-04-04,Juba,Lainya,passable,0,,Juba – Lainya,40MT,
14,2025-04-04,Maridi,Yambio,passable,0,,Maridi – Yambio,40MT,
15,2025-04-04,Juba,Kajo Keji,passable,0,,Juba – Kajo Keji,40MT,
16,2025-04-04,Juba,Terakeka,impassable,2,,Juba – Terakeka,,
17,2025-04-04,Narus,Kuron,impassable,2,,Narus – Kuron,,
18,2025-04-04,Mundri,Mvolo,passable,0,,Mundri - Mvolo,40MT,
19,2025-04-04,Mangalla,Gemeiza,passable,0,,Mangalla – Gemeiza,40MT,
20,2025-04-04,Mathiang,Maiwut,passable,0,,Mathiang – Maiwut,40MT,
21,2025-04-04,Tonj,Langdit,passable,0,,Tonj – Langdit,40MT,
22,2025-04-04,Terakeka,Mundri,passable,0,Tali,Terakeka – Tali – Mundri,40MT,
23,2025-04-04,Terakeka,Mingkaman,partially passable,1,,Terakeka – Mingkaman,20MT,
24,2025-04-04,Torit,Magwi,passable,0,,Torit – Magwi,40MT,
25,2025-04-04,Hiyala,Ikotos,passable,0,,Hiyala – Ikotos,40MT,
26,2025-04-04,Torit,Lafon,partially passable,1,,Torit – Lafon,20MT,
27,2025-04-04,Wau,Thar Kueng,passable,0,,Wau – Thar Kueng,40MT,
28,2025-04-04,Wau,Tonj,passable,0,,Wau – Tonj,40MT,
29,2025-04-04,Wau,Akuem,passable,0,Aweil,Wau – Aweil – Akuem,40MT,
30,2025-04-04,Likuangole,Akobo,passable,0,,Likuangole – Akobo,40MT,
31,2025-04-04,Amok Piny,Madol,impassable,2,,Amok Piny – Madol,,
32,2025-04-04,Akwot,Nasser,impassable,2,,Akwot – Nasser,,
33,2025-04-04,Guit,Koch,impassable,2,,Guit – Koch,,
34,2025-04-04,Abiemnhom,Mayom,passable,0,,Abiemnhom – Mayom,40MT,
35,2025-04-04,Kilo 30,Kaikang,impassable,2,Tumor; Mayom,Kilo30 –Tumor – Mayom – Kaikang,,
36,2025-04-04,Boma,Pochala,impassable,2,,Boma – Pochala,,
37,2025-04-04,Bor,Gadiang,passable,0,,Bor – Gadiang,40MT,
38,2025-04-04,Bor,Baidit,passable,0,,Bor – Baidit,40MT,
39,2025-04-04,Pengko,Manyabol,passable,0,,Pengko – Manyabol,40MT,
40,2025-04-04,Baidit,Duk Padiet,passable,0,Mabior,Baidit – Mabior – Duk Padiet,40MT,
41,2025-04-04,Gadiang,Akobo,impassable,2,,Gadiang – Akobo,,
42,2025-04-04,Juba,Lafon,impassable,2,,Juba – Lafon,,
43,2025-04-04,Adar,Mathiang,passable,0,,Adar – Mathiang,40MT,
44,2025-04-04,Maper (Lakes),Dablual,impassable,2,,Maper (Lakes) – Dablual,,
45,2025-04-04,Akobo,Kaikuny,passable,0,,Akobo – Kainuny,40MT,
46,2025-04-04,Motot,Lankien,passable,0,,Motot – Lankein,40MT,
47,2025-04-04,Wau,Deim Zubeir,partially passable,1,,Wau – Deim Zubeir,20MT,
48,2025-04-04,Wau,Tambura,partially passable,1,,Wau – Tambura,20MT,
49,2025-04-04,Yirol,Shambe,partially passable,1,,Yirol – Shambe,20MT,
50,2025-04-04,Aluakluak,Yirol,partially passable,1,,Aluakluak - Yirol,20MT,
51,2025-04-04,Rumbek,Langdit,passable,0,,Rumbek - Langdit,40MT,
52,2025-04-04,Aluakluak,Rumbek,partially passable,1,,Aluakluak – Rumbek,20MT,
53,2025-04-04,Wunrok,Abiemnhom,passable,0,Turalei,Wunrok – Turalei – Abiemnhom,40MT,
54,2025-04-04,Kilo 30,Panakuach,passable,0,Roriak,Kilo 30 – Roriak – Panakuach,40MT,
55,2025-04-04,Ding Ding,Koch,impassable,2,,Ding ding - Koch,,
56,2025-04-04,Bentiu,Dhorbor,impassable,2,,Bentiu – Dhorbor,,
57,2025-04-04,Dhorbor,Guit,impassable,2,,Dhorbor – Guit,,
58,2025-04-04,Guit,Ding Ding,impassable,2,,Guit – Ding Ding,,
59,2025-04-04,Gumuruk,Pibor,passable,0,,Gumuruk – Pibor,40MT,
60,2025-04-04,Bor,Pengko,passable,0,,Bor – Pengko,40MT,
61,2025-04-04,Duk Padiet,Pajut,passable,0,,Duk Padiat – Pajut,40MT,
62,2025-04-04,Yuai,Karam,passable,0,Pathai,Yaui – Pathai – Karam,40MT,
63,2025-04-04,Yuai,Motot,passable,0,Pieri,Yaui – Pieri – Motot,40MT,
64,2025-04-04,Yuai,Pajut,passable,0,,Yaui – Pajut,40MT,
65,2025-04-04,Wulu,Rumbek,passable,0,,Wulu – Rumbek,40MT,
66,2025-04-04,Pibor,Likuangole,passable,0,,Pibor – Likuangole,40MT,
67,2025-04-04,Mingkaman,Yirol,partially passable,1,,Mingkaman – Yirol,20MT,
68,2025-04-04,Yambio,Tambura,passable,0,,Yambio – Tambura,40MT,
69,2025-04-04,Juba,Mundri,passable,0,,Juba – Mundri,40MT,
70,2025-04-04,Kodok,Paloich,impassable,2,,Kodok – Paloich,,
71,2025-04-04,Malakal,Kodok,impassable,2,,Malakal – Kodok,,
72,2025-04-04,Thar Kueng,Kuajok,passable,0,,Thar Kueng - Kuajok,40MT,
73,2025-04-04,Bentiu,Guit,passable,0,,Bentiu – Guit,40MT,
74,2025-04-04,Duk Padiet,Ayod,passable,0,,Duk Padiet – Ayod,40MT,
75,2025-04-04,Guit,Mirmir,passable,0,,Guit – Mir mir,40MT,
76,2025-04-04,Raja,Chandoy/Dolo2,passable,0,,Raja – Chandoy/Dolo2,40MT,
77,2025-04-04,Mundri,Maridi,passable,0,,Mundri - Maridi,40MT,
78,2025-04-04,Torit,Kapoeta,partially passable,1,,Torit – Kapoeta,20MT,
79,2025-04-04,Mayendit,Mirmir,passable,0,Rupkuai,Mayendit – Rupkuai – Mir mir,40MT,
80,2025-04-04,Mirmir,Leer,passable,0,,Mirmir – Leer,40MT,
81,2025-04-04,Mankien,Mayom,impassable,2,,Mankien - Mayom,,
82,2025-04-04,Ajak Kuac,Mankien,impassable,2,,Ajak Kuac – Mankien,,
83,2025-04-04,Ayod,Pathai,passable,0,,Ayod – Pathai,40MT,
84,2025-04-04,Nyandit,Kiech Kon,impassable,2,,Nyandit - Kiech Kon,,
85,2025-04-04,Paloich,Jemaam,passable,0,Adar,Paloich – Adar – Jemaam,40MT,
86,2025-04-04,New Fangak,Kuernyang,impassable,2,,New Fangak – Kuernyang,,
87,2025-04-04,Paguir,Keew,impassable,2,,Paguir – Keew,,
88,2025-04-04,Baliet,Kiech Kon,impassable,2,Akwot,Baliet – Akwot – Kiech kon,,
89,2025-04-04,Wunrok,Gogrial,passable,0,,Wunrok – Gogrial,40MT,
90,2025-04-04,Deim Zubeir,Raja,partially passable,1,,Dim Zubeir – Raja,20MT,
91,2025-04-04,Aweil,Yith Pabol,impassable,2,,Aweil – Yith Pabol,,
92,2025-04-04,Kapoeta,Narus,passable,0,,Kapoeta – Narus,40MT,
93,2025-04-04,Melut,Paloich,passable,0,,Melut – Paloich,40MT,
94,2025-04-04,Wunrok,Abyei,passable,0,,Wunrok – Abyei,40MT,
95,2025-04-04,Gogrial,Kuajok,passable,0,,Gogrial – Kuajok,40MT,
96,2025-04-04,Bentiu,Nhialdiu,impassable,2,,Bentiu – Nhialdiu,,
97,2025-04-04,Aluakluak,Mvolo,partially passable,1,,Aluakluak - Mvolo,20MT,
98,2025-04-04,Kilo 30,Manga Port,passable,0,,Kilo 30 – Manga Port,40MT,
99,2025-04-04,Gossinga,Raja,impassable,2,,Gossinga – Raja,,
100,2025-04-04,Gossinga,Raja,partially passable,1,Kapalala,Gossinga – Kapalala – Raja,20MT,
101,2025-04-04,Nyal,Ganyiel,impassable,2,,Nyal – Ganyiel,,
102,2025-04-04,Manyabol,Gadiang,impassable,2,,Manyabol – Gadiang,,
103,2025-04-04,Manyabol,Gumuruk,passable,0,,Manyabol – Gumuruk,40MT,
104,2025-04-04,Vertet,Labarab,impassable,2,,Vertet – Labarab,,
105,2025-04-04,Boma,Maruwa,impassable,2,,Boma – Maruwa,,
106,2025-04-04,Boma,Labarab,impassable,2,,Boma - Labarab,,
107,2025-04-04,Pibor,Vertet,impassable,2,,Pibor – Verthet,,
108,2025-04-04,Aduel,Amok Piny,partially passable,1,,Aduel – Amok Piny,Specialized Trucks,
109,2025-04-04,Lankien,Pading,passable,0,Nyambor,Lankien – Nyambor – Pading,40MT,
110,2025-04-04,Nyambor,Karam,passable,0,Pading,Nyambor – Pading – Karam,40MT,
111,2025-04-04,Pajut,Payuel,passable,0,,Pajut – Payuel,40MT,
112,2025-04-04,Aweil,Gogrial,partially passable,1,Akun,Aweil – Akun – Gogrial,20MT,
113,2025-04-04,Kapoeta,Chukudum,passable,0,,Kapoeta – Chukudum,40MT,
114,2025-04-04,Diabio,Ezo,passable,0,,Diabio – Ezo,40MT,
115,2025-04-04,Mvolo,Wulu,passable,0,,Mvolo – Wullu,40MT,
116,2025-04-04,Aluakluak,Mapuordit,partially passable,1,,Aluakluak - Mapuordit,20MT,
117,2025-04-04,Narus,Nadapal,passable,0,,Narus – Nadapal,40MT,
118,2025-04-04,Bentiu,Kilo 30,passable,0,,Bentiu – Kilo30,40MT,
119,2025-04-04,Gadiang,Yuai,passable,0,,Gadiang – Yuai,40MT,
120,2025-04-04,Pathai,Fatuet,passable,0,,Pathai – Fatuet,40MT,
121,2025-04-04,Walgak,Kaikuny,passable,0,,Walgak – Kaikuny,40MT,
122,2025-04-04,Yuai,Walgak,passable,0,Motot; Waat,Yuai – Motot – Waat – Walgak,40MT,
123,2025-04-04,Kuron,Boma,impassable,2,,Kuron – Boma,,
124,2025-04-04,Kapoeta,Kassangor,impassable,2,,Kapoeta – Kassangor,,
125,2025-04-04,Rumbek,Maper (Lakes),impassable,2,,Rumbek – Maper (Lakes),,
126,2025-04-04,Maruwa,Labarab,impassable,2,,Maruwa – Labarab,,
127,2025-04-04,Koch,Mirmir,passable,0,,Koch – Mirmir,40MT,
128,2025-04-04,Adok,Leer,passable,0,Piling,Adok – Piling – Leer,40MT,
129,2025-04-04,Lainya,Yei,passable,0,,Lainya – Yei,40MT,
130,2025-04-04,Mathiang,Udier,impassable,2,,Mathiang – Udier,,
131,2025-04-04,Gadiang,Payuel,passable,0,,Gadiang – Payuel,40MT,
132,2025-04-04,Ayod,Mogok,passable,0,,Ayod – Mogok,40MT,
133,2025-04-04,Kaikang,Kilo 30,passable,0,Roriak; Mayom,(Kaikang – Roriak )(Mayom – Kilo 30),40MT,alternative road listed as two separate stretches: Kaikang–Roriak and Mayom–Kilo 30
134,2025-04-04,Pariang,Ajuong Thok,passable,0,,Pariang – Ajuong Thok,40MT,
135,2025-04-04,Lafon,Imehejek,partially passable,1,,Lafon – Imehejek,20MT,
136,2025-04-04,Mabior,Gadiang,passable,0,,Mabior – Gadiang,40MT,
137,2025-04-04,Poktap,Payuel,passable,0,,Poktap – Payuel,40MT,
138,2025-04-04,Panakuach,Pariang,partially passable,1,,Panakuach – Pariang,20MT,new road; first appears 2024-11-01
139,2025-04-04,Mabior,Kongor,impassable,2,,Mabior – Kongor,,
1,2025-04-10,Kilo 30,Pariang,passable,0,,Kilo 30 – Pariang,40MT,
2,2025-04-10,Gemeiza,Bor,impassable,2,,Gemeiza – Bor,,
3,2025-04-10,Yida,Pariang,passable,0,,Yida - Pariang,40MT,
4,2025-04-10,Juba,Nimule,passable,0,,Juba – Nimule,40MT,
5,2025-04-10,Juba,Torit,partially passable,1,,Juba – Torit,20MT,
6,2025-04-10,Juba,Mangalla,passable,0,,Juba – Mangalla,40MT,
7,2025-04-10,Malakal,Baliet,partially passable,1,,Malakal – Baliet,20MT,
8,2025-04-10,Paloich,Renk,passable,0,,Paloich – Renk,40MT,
9,2025-04-10,Adar,Maban,passable,0,Jemaam,Adar – Jemaam – Maban,40MT,
10,2025-04-10,Abyei,Abiemnhom,impassable,2,,Abyei – Abienhom,,
11,2025-04-10,Aweil,Gossinga,partially passable,1,,Aweil – Gossinga,20MT,
12,2025-04-10,Pathai,Walgak,passable,0,Motot,Pathai – Motot – Walgak,40MT,
13,2025-04-10,Juba,Lainya,passable,0,,Juba – Lainya,40MT,
14,2025-04-10,Maridi,Yambio,passable,0,,Maridi – Yambio,40MT,
15,2025-04-10,Juba,Kajo Keji,passable,0,,Juba – Kajo Keji,40MT,
16,2025-04-10,Juba,Terakeka,impassable,2,,Juba – Terakeka,,
17,2025-04-10,Narus,Kuron,partially passable,1,,Narus – Kuron,20MT,
18,2025-04-10,Mundri,Mvolo,passable,0,,Mundri - Mvolo,40MT,
19,2025-04-10,Mangalla,Gemeiza,passable,0,,Mangalla – Gemeiza,40MT,
20,2025-04-10,Mathiang,Maiwut,passable,0,,Mathiang – Maiwut,40MT,
21,2025-04-10,Tonj,Langdit,passable,0,,Tonj – Langdit,40MT,
22,2025-04-10,Terakeka,Mundri,passable,0,Tali,Terakeka – Tali – Mundri,40MT,
23,2025-04-10,Terakeka,Mingkaman,partially passable,1,,Terakeka – Mingkaman,20MT,
24,2025-04-10,Torit,Magwi,passable,0,,Torit – Magwi,40MT,
25,2025-04-10,Hiyala,Ikotos,passable,0,,Hiyala – Ikotos,40MT,
26,2025-04-10,Torit,Lafon,partially passable,1,,Torit – Lafon,20MT,
27,2025-04-10,Wau,Thar Kueng,passable,0,,Wau – Thar Kueng,40MT,
28,2025-04-10,Wau,Tonj,passable,0,,Wau – Tonj,40MT,
29,2025-04-10,Wau,Akuem,passable,0,Aweil,Wau – Aweil – Akuem,40MT,
30,2025-04-10,Likuangole,Akobo,passable,0,,Likuangole – Akobo,40MT,
31,2025-04-10,Amok Piny,Madol,impassable,2,,Amok Piny – Madol,,
32,2025-04-10,Akwot,Nasser,impassable,2,,Akwot – Nasser,,
33,2025-04-10,Guit,Koch,impassable,2,,Guit – Koch,,
34,2025-04-10,Abiemnhom,Mayom,passable,0,,Abiemnhom – Mayom,40MT,
35,2025-04-10,Kilo 30,Kaikang,impassable,2,Tumor; Mayom,Kilo30 –Tumor – Mayom – Kaikang,,
36,2025-04-10,Boma,Pochala,impassable,2,,Boma – Pochala,,
37,2025-04-10,Bor,Gadiang,passable,0,,Bor – Gadiang,40MT,
38,2025-04-10,Bor,Baidit,passable,0,,Bor – Baidit,40MT,
39,2025-04-10,Pengko,Manyabol,passable,0,,Pengko – Manyabol,40MT,
40,2025-04-10,Baidit,Duk Padiet,passable,0,Mabior,Baidit – Mabior – Duk Padiet,40MT,
41,2025-04-10,Gadiang,Akobo,impassable,2,,Gadiang – Akobo,,
42,2025-04-10,Juba,Lafon,impassable,2,,Juba – Lafon,,
43,2025-04-10,Adar,Mathiang,passable,0,,Adar – Mathiang,40MT,
44,2025-04-10,Maper (Lakes),Dablual,impassable,2,,Maper (Lakes) – Dablual,,
45,2025-04-10,Akobo,Kaikuny,passable,0,,Akobo – Kainuny,40MT,
46,2025-04-10,Motot,Lankien,passable,0,,Motot – Lankein,40MT,
47,2025-04-10,Wau,Deim Zubeir,partially passable,1,,Wau – Deim Zubeir,20MT,
48,2025-04-10,Wau,Tambura,partially passable,1,,Wau – Tambura,20MT,
49,2025-04-10,Yirol,Shambe,partially passable,1,,Yirol – Shambe,20MT,
50,2025-04-10,Aluakluak,Yirol,partially passable,1,,Aluakluak - Yirol,20MT,
51,2025-04-10,Rumbek,Langdit,passable,0,,Rumbek - Langdit,40MT,
52,2025-04-10,Aluakluak,Rumbek,partially passable,1,,Aluakluak – Rumbek,20MT,
53,2025-04-10,Wunrok,Abiemnhom,passable,0,Turalei,Wunrok – Turalei – Abiemnhom,40MT,
54,2025-04-10,Kilo 30,Panakuach,passable,0,Roriak,Kilo 30 – Roriak – Panakuach,40MT,
55,2025-04-10,Ding Ding,Koch,impassable,2,,Ding ding - Koch,,
56,2025-04-10,Bentiu,Dhorbor,impassable,2,,Bentiu – Dhorbor,,
57,2025-04-10,Dhorbor,Guit,impassable,2,,Dhorbor – Guit,,
58,2025-04-10,Guit,Ding Ding,impassable,2,,Guit – Ding Ding,,
59,2025-04-10,Gumuruk,Pibor,passable,0,,Gumuruk – Pibor,40MT,
60,2025-04-10,Bor,Pengko,passable,0,,Bor – Pengko,40MT,
61,2025-04-10,Duk Padiet,Pajut,passable,0,,Duk Padiat – Pajut,40MT,
62,2025-04-10,Yuai,Karam,passable,0,Pathai,Yaui – Pathai – Karam,40MT,
63,2025-04-10,Yuai,Motot,passable,0,Pieri,Yaui – Pieri – Motot,40MT,
64,2025-04-10,Yuai,Pajut,passable,0,,Yaui – Pajut,40MT,
65,2025-04-10,Wulu,Rumbek,passable,0,,Wulu – Rumbek,40MT,
66,2025-04-10,Pibor,Likuangole,passable,0,,Pibor – Likuangole,40MT,
67,2025-04-10,Mingkaman,Yirol,partially passable,1,,Mingkaman – Yirol,20MT,
68,2025-04-10,Yambio,Tambura,passable,0,,Yambio – Tambura,40MT,
69,2025-04-10,Juba,Mundri,passable,0,,Juba – Mundri,40MT,
70,2025-04-10,Kodok,Paloich,partially passable,1,,Kodok – Paloich,20MT,
71,2025-04-10,Malakal,Kodok,partially passable,1,,Malakal – Kodok,20MT,
72,2025-04-10,Thar Kueng,Kuajok,passable,0,,Thar Kueng - Kuajok,40MT,
73,2025-04-10,Bentiu,Guit,passable,0,,Bentiu – Guit,40MT,
74,2025-04-10,Duk Padiet,Ayod,passable,0,,Duk Padiet – Ayod,40MT,
75,2025-04-10,Guit,Mirmir,passable,0,,Guit – Mir mir,40MT,
76,2025-04-10,Raja,Chandoy/Dolo2,passable,0,,Raja – Chandoy/Dolo2,40MT,
77,2025-04-10,Mundri,Maridi,passable,0,,Mundri - Maridi,40MT,
78,2025-04-10,Torit,Kapoeta,partially passable,1,,Torit – Kapoeta,20MT,
79,2025-04-10,Mayendit,Mirmir,passable,0,Rupkuai,Mayendit – Rupkuai – Mir mir,40MT,
80,2025-04-10,Mirmir,Leer,passable,0,,Mirmir – Leer,40MT,
81,2025-04-10,Mankien,Mayom,impassable,2,,Mankien - Mayom,,
82,2025-04-10,Ajak Kuac,Mankien,impassable,2,,Ajak Kuac – Mankien,,
83,2025-04-10,Ayod,Pathai,passable,0,,Ayod – Pathai,40MT,
84,2025-04-10,Nyandit,Kiech Kon,impassable,2,,Nyandit - Kiech Kon,,
85,2025-04-10,Paloich,Jemaam,passable,0,Adar,Paloich – Adar – Jemaam,40MT,
86,2025-04-10,New Fangak,Kuernyang,impassable,2,,New Fangak – Kuernyang,,
87,2025-04-10,Paguir,Keew,impassable,2,,Paguir – Keew,,
88,2025-04-10,Baliet,Kiech Kon,impassable,2,Akwot,Baliet – Akwot – Kiech kon,,
89,2025-04-10,Wunrok,Gogrial,passable,0,,Wunrok – Gogrial,40MT,
90,2025-04-10,Deim Zubeir,Raja,partially passable,1,,Dim Zubeir – Raja,20MT,
91,2025-04-10,Aweil,Yith Pabol,impassable,2,,Aweil – Yith Pabol,,
92,2025-04-10,Kapoeta,Narus,passable,0,,Kapoeta – Narus,40MT,
93,2025-04-10,Melut,Paloich,passable,0,,Melut – Paloich,40MT,
94,2025-04-10,Wunrok,Abyei,passable,0,,Wunrok – Abyei,40MT,
95,2025-04-10,Gogrial,Kuajok,passable,0,,Gogrial – Kuajok,40MT,
96,2025-04-10,Bentiu,Nhialdiu,impassable,2,,Bentiu – Nhialdiu,,
97,2025-04-10,Aluakluak,Mvolo,partially passable,1,,Aluakluak - Mvolo,20MT,
98,2025-04-10,Kilo 30,Manga Port,passable,0,,Kilo 30 – Manga Port,40MT,
99,2025-04-10,Gossinga,Raja,impassable,2,,Gossinga – Raja,,
100,2025-04-10,Gossinga,Raja,partially passable,1,Kapalala,Gossinga – Kapalala – Raja,20MT,
101,2025-04-10,Nyal,Ganyiel,impassable,2,,Nyal – Ganyiel,,
102,2025-04-10,Manyabol,Gadiang,impassable,2,,Manyabol – Gadiang,,
103,2025-04-10,Manyabol,Gumuruk,passable,0,,Manyabol – Gumuruk,40MT,
104,2025-04-10,Vertet,Labarab,impassable,2,,Vertet – Labarab,,
105,2025-04-10,Boma,Maruwa,impassable,2,,Boma – Maruwa,,
106,2025-04-10,Boma,Labarab,impassable,2,,Boma - Labarab,,
107,2025-04-10,Pibor,Vertet,impassable,2,,Pibor – Verthet,,
108,2025-04-10,Aduel,Amok Piny,partially passable,1,,Aduel – Amok Piny,Specialized Trucks,
109,2025-04-10,Lankien,Pading,passable,0,Nyambor,Lankien – Nyambor – Pading,40MT,
110,2025-04-10,Nyambor,Karam,passable,0,Pading,Nyambor – Pading – Karam,40MT,
111,2025-04-10,Pajut,Payuel,passable,0,,Pajut – Payuel,40MT,
112,2025-04-10,Aweil,Gogrial,partially passable,1,Akun,Aweil – Akun – Gogrial,20MT,
113,2025-04-10,Kapoeta,Chukudum,passable,0,,Kapoeta – Chukudum,40MT,
114,2025-04-10,Diabio,Ezo,passable,0,,Diabio – Ezo,40MT,
115,2025-04-10,Mvolo,Wulu,passable,0,,Mvolo – Wullu,40MT,
116,2025-04-10,Aluakluak,Mapuordit,partially passable,1,,Aluakluak - Mapuordit,20MT,
117,2025-04-10,Narus,Nadapal,passable,0,,Narus – Nadapal,40MT,
118,2025-04-10,Bentiu,Kilo 30,passable,0,,Bentiu – Kilo30,40MT,
119,2025-04-10,Gadiang,Yuai,passable,0,,Gadiang – Yuai,40MT,
120,2025-04-10,Pathai,Fatuet,passable,0,,Pathai – Fatuet,40MT,
121,2025-04-10,Walgak,Kaikuny,passable,0,,Walgak – Kaikuny,40MT,
122,2025-04-10,Yuai,Walgak,passable,0,Motot; Waat,Yuai – Motot – Waat – Walgak,40MT,
123,2025-04-10,Kuron,Boma,impassable,2,,Kuron – Boma,,
124,2025-04-10,Kapoeta,Kassangor,partially passable,1,,Kapoeta – Kassangor,20MT,
125,2025-04-10,Rumbek,Maper (Lakes),impassable,2,,Rumbek – Maper (Lakes),,
126,2025-04-10,Maruwa,Labarab,impassable,2,,Maruwa – Labarab,,
127,2025-04-10,Koch,Mirmir,passable,0,,Koch – Mirmir,40MT,
128,2025-04-10,Adok,Leer,passable,0,Piling,Adok – Piling – Leer,40MT,
129,2025-04-10,Lainya,Yei,passable,0,,Lainya – Yei,40MT,
130,2025-04-10,Mathiang,Udier,impassable,2,,Mathiang – Udier,,
131,2025-04-10,Gadiang,Payuel,passable,0,,Gadiang – Payuel,40MT,
132,2025-04-10,Ayod,Mogok,passable,0,,Ayod – Mogok,40MT,
133,2025-04-10,Kaikang,Kilo 30,passable,0,Roriak; Mayom,(Kaikang – Roriak )(Mayom – Kilo 30),40MT,alternative road listed as two separate stretches: Kaikang–Roriak and Mayom–Kilo 30
134,2025-04-10,Pariang,Ajuong Thok,passable,0,,Pariang – Ajuong Thok,40MT,
135,2025-04-10,Lafon,Imehejek,partially passable,1,,Lafon – Imehejek,20MT,
136,2025-04-10,Mabior,Gadiang,passable,0,,Mabior – Gadiang,40MT,
137,2025-04-10,Poktap,Payuel,passable,0,,Poktap – Payuel,40MT,
138,2025-04-10,Panakuach,Pariang,partially passable,1,,Panakuach – Pariang,20MT,new road; first appears 2024-11-01
139,2025-04-10,Mabior,Kongor,impassable,2,,Mabior – Kongor,,
1,2025-04-17,Kilo 30,Pariang,passable,0,,Kilo 30 – Pariang,40MT,
2,2025-04-17,Gemeiza,Bor,impassable,2,,Gemeiza – Bor,,
3,2025-04-17,Yida,Pariang,passable,0,,Yida - Pariang,40MT,
4,2025-04-17,Juba,Nimule,passable,0,,Juba – Nimule,40MT,
5,2025-04-17,Juba,Torit,partially passable,1,,Juba – Torit,20MT,
6,2025-04-17,Juba,Mangalla,passable,0,,Juba – Mangalla,40MT,
7,2025-04-17,Malakal,Baliet,partially passable,1,,Malakal – Baliet,20MT,
8,2025-04-17,Paloich,Renk,passable,0,,Paloich – Renk,40MT,
9,2025-04-17,Adar,Maban,passable,0,Jemaam,Adar – Jemaam – Maban,40MT,
10,2025-04-17,Abyei,Abiemnhom,impassable,2,,Abyei – Abienhom,,
11,2025-04-17,Aweil,Gossinga,partially passable,1,,Aweil – Gossinga,20MT,
12,2025-04-17,Pathai,Walgak,partially passable,1,Motot,Pathai – Motot – Walgak,20MT,
13,2025-04-17,Juba,Lainya,passable,0,,Juba – Lainya,40MT,
14,2025-04-17,Maridi,Yambio,passable,0,,Maridi – Yambio,40MT,
15,2025-04-17,Juba,Kajo Keji,passable,0,,Juba – Kajo Keji,40MT,
16,2025-04-17,Juba,Terakeka,impassable,2,,Juba – Terakeka,,
17,2025-04-17,Narus,Kuron,partially passable,1,,Narus – Kuron,20MT,
18,2025-04-17,Mundri,Mvolo,passable,0,,Mundri - Mvolo,40MT,
19,2025-04-17,Mangalla,Gemeiza,passable,0,,Mangalla – Gemeiza,40MT,
20,2025-04-17,Mathiang,Maiwut,passable,0,,Mathiang – Maiwut,40MT,
21,2025-04-17,Tonj,Langdit,passable,0,,Tonj – Langdit,40MT,
22,2025-04-17,Terakeka,Mundri,passable,0,Tali,Terakeka – Tali – Mundri,40MT,
23,2025-04-17,Terakeka,Mingkaman,partially passable,1,,Terakeka – Mingkaman,20MT,
24,2025-04-17,Torit,Magwi,passable,0,,Torit – Magwi,40MT,
25,2025-04-17,Hiyala,Ikotos,passable,0,,Hiyala – Ikotos,40MT,
26,2025-04-17,Torit,Lafon,partially passable,1,,Torit – Lafon,20MT,
27,2025-04-17,Wau,Thar Kueng,passable,0,,Wau – Thar Kueng,40MT,
28,2025-04-17,Wau,Tonj,passable,0,,Wau – Tonj,40MT,
29,2025-04-17,Wau,Akuem,passable,0,Aweil,Wau – Aweil – Akuem,40MT,
30,2025-04-17,Likuangole,Akobo,partially passable,1,,Likuangole – Akobo,Specialized Trucks,
31,2025-04-17,Amok Piny,Madol,impassable,2,,Amok Piny – Madol,,
32,2025-04-17,Akwot,Nasser,impassable,2,,Akwot – Nasser,,
33,2025-04-17,Guit,Koch,impassable,2,,Guit – Koch,,
34,2025-04-17,Abiemnhom,Mayom,passable,0,,Abiemnhom – Mayom,40MT,
35,2025-04-17,Kilo 30,Kaikang,impassable,2,Tumor; Mayom,Kilo30 –Tumor – Mayom – Kaikang,,
36,2025-04-17,Boma,Pochala,impassable,2,,Boma – Pochala,,
37,2025-04-17,Bor,Gadiang,partially passable,1,,Bor – Gadiang,20MT,
38,2025-04-17,Bor,Baidit,partially passable,1,,Bor – Baidit,20MT,
39,2025-04-17,Pengko,Manyabol,partially passable,1,,Pengko – Manyabol,Specialized Trucks,
40,2025-04-17,Baidit,Duk Padiet,partially passable,1,Mabior,Baidit – Mabior – Duk Padiet,20MT,
41,2025-04-17,Gadiang,Akobo,impassable,2,,Gadiang – Akobo,,
42,2025-04-17,Juba,Lafon,impassable,2,,Juba – Lafon,,
43,2025-04-17,Adar,Mathiang,passable,0,,Adar – Mathiang,40MT,
44,2025-04-17,Maper (Lakes),Dablual,impassable,2,,Maper (Lakes) – Dablual,,
45,2025-04-17,Akobo,Kaikuny,partially passable,1,,Akobo – Kainuny,20MT,
46,2025-04-17,Motot,Lankien,partially passable,1,,Motot – Lankein,20MT,
47,2025-04-17,Wau,Deim Zubeir,partially passable,1,,Wau – Deim Zubeir,20MT,
48,2025-04-17,Wau,Tambura,partially passable,1,,Wau – Tambura,20MT,
49,2025-04-17,Yirol,Shambe,partially passable,1,,Yirol – Shambe,20MT,
50,2025-04-17,Aluakluak,Yirol,partially passable,1,,Aluakluak - Yirol,20MT,
51,2025-04-17,Rumbek,Langdit,passable,0,,Rumbek - Langdit,40MT,
52,2025-04-17,Aluakluak,Rumbek,partially passable,1,,Aluakluak – Rumbek,20MT,
53,2025-04-17,Wunrok,Abiemnhom,passable,0,Turalei,Wunrok – Turalei – Abiemnhom,40MT,
54,2025-04-17,Kilo 30,Panakuach,passable,0,Roriak,Kilo 30 – Roriak – Panakuach,40MT,
55,2025-04-17,Ding Ding,Koch,impassable,2,,Ding ding - Koch,,
56,2025-04-17,Bentiu,Dhorbor,impassable,2,,Bentiu – Dhorbor,,
57,2025-04-17,Dhorbor,Guit,impassable,2,,Dhorbor – Guit,,
58,2025-04-17,Guit,Ding Ding,impassable,2,,Guit – Ding Ding,,
59,2025-04-17,Gumuruk,Pibor,partially passable,1,,Gumuruk – Pibor,Specialized Trucks,
60,2025-04-17,Bor,Pengko,partially passable,1,,Bor – Pengko,Specialized Trucks,
61,2025-04-17,Duk Padiet,Pajut,partially passable,1,,Duk Padiat – Pajut,20MT,
62,2025-04-17,Yuai,Karam,partially passable,1,Pathai,Yaui – Pathai – Karam,20MT,
63,2025-04-17,Yuai,Motot,partially passable,1,Pieri,Yaui – Pieri – Motot,20MT,
64,2025-04-17,Yuai,Pajut,partially passable,1,,Yaui – Pajut,20MT,
65,2025-04-17,Wulu,Rumbek,passable,0,,Wulu – Rumbek,40MT,
66,2025-04-17,Pibor,Likuangole,partially passable,1,,Pibor – Likuangole,Specialized Trucks,
67,2025-04-17,Mingkaman,Yirol,partially passable,1,,Mingkaman – Yirol,20MT,
68,2025-04-17,Yambio,Tambura,passable,0,,Yambio – Tambura,40MT,
69,2025-04-17,Juba,Mundri,passable,0,,Juba – Mundri,40MT,
70,2025-04-17,Kodok,Paloich,partially passable,1,,Kodok – Paloich,20MT,
71,2025-04-17,Malakal,Kodok,partially passable,1,,Malakal – Kodok,20MT,
72,2025-04-17,Thar Kueng,Kuajok,passable,0,,Thar Kueng - Kuajok,40MT,
73,2025-04-17,Bentiu,Guit,passable,0,,Bentiu – Guit,40MT,
74,2025-04-17,Duk Padiet,Ayod,passable,0,,Duk Padiet – Ayod,40MT,
75,2025-04-17,Guit,Mirmir,passable,0,,Guit – Mir mir,40MT,
76,2025-04-17,Raja,Chandoy/Dolo2,passable,0,,Raja – Chandoy/Dolo2,40MT,
77,2025-04-17,Mundri,Maridi,passable,0,,Mundri - Maridi,40MT,
78,2025-04-17,Torit,Kapoeta,partially passable,1,,Torit – Kapoeta,20MT,
79,2025-04-17,Mayendit,Mirmir,passable,0,Rupkuai,Mayendit – Rupkuai – Mir mir,40MT,
80,2025-04-17,Mirmir,Leer,passable,0,,Mirmir – Leer,40MT,
81,2025-04-17,Mankien,Mayom,impassable,2,,Mankien - Mayom,,
82,2025-04-17,Ajak Kuac,Mankien,impassable,2,,Ajak Kuac – Mankien,,
83,2025-04-17,Ayod,Pathai,partially passable,1,,Ayod – Pathai,20MT,
84,2025-04-17,Nyandit,Kiech Kon,impassable,2,,Nyandit - Kiech Kon,,
85,2025-04-17,Paloich,Jemaam,passable,0,Adar,Paloich – Adar – Jemaam,40MT,
86,2025-04-17,New Fangak,Kuernyang,impassable,2,,New Fangak – Kuernyang,,
87,2025-04-17,Paguir,Keew,impassable,2,,Paguir – Keew,,
88,2025-04-17,Baliet,Kiech Kon,impassable,2,Akwot,Baliet – Akwot – Kiech kon,,
89,2025-04-17,Wunrok,Gogrial,passable,0,,Wunrok – Gogrial,40MT,
90,2025-04-17,Deim Zubeir,Raja,partially passable,1,,Dim Zubeir – Raja,20MT,
91,2025-04-17,Aweil,Yith Pabol,impassable,2,,Aweil – Yith Pabol,,
92,2025-04-17,Kapoeta,Narus,passable,0,,Kapoeta – Narus,40MT,
93,2025-04-17,Melut,Paloich,passable,0,,Melut – Paloich,40MT,
94,2025-04-17,Wunrok,Abyei,passable,0,,Wunrok – Abyei,40MT,
95,2025-04-17,Gogrial,Kuajok,passable,0,,Gogrial – Kuajok,40MT,
96,2025-04-17,Bentiu,Nhialdiu,impassable,2,,Bentiu – Nhialdiu,,
97,2025-04-17,Aluakluak,Mvolo,partially passable,1,,Aluakluak - Mvolo,20MT,
98,2025-04-17,Kilo 30,Manga Port,passable,0,,Kilo 30 – Manga Port,40MT,
99,2025-04-17,Gossinga,Raja,impassable,2,,Gossinga – Raja,,
100,2025-04-17,Gossinga,Raja,partially passable,1,Kapalala,Gossinga – Kapalala – Raja,20MT,
101,2025-04-17,Nyal,Ganyiel,impassable,2,,Nyal – Ganyiel,,
102,2025-04-17,Manyabol,Gadiang,impassable,2,,Manyabol – Gadiang,,
103,2025-04-17,Manyabol,Gumuruk,partially passable,1,,Manyabol – Gumuruk,Specialized Trucks,
104,2025-04-17,Vertet,Labarab,impassable,2,,Vertet – Labarab,,
105,2025-04-17,Boma,Maruwa,impassable,2,,Boma – Maruwa,,
106,2025-04-17,Boma,Labarab,impassable,2,,Boma - Labarab,,
107,2025-04-17,Pibor,Vertet,impassable,2,,Pibor – Verthet,,
108,2025-04-17,Aduel,Amok Piny,partially passable,1,,Aduel – Amok Piny,Specialized Trucks,
109,2025-04-17,Lankien,Pading,passable,0,Nyambor,Lankien – Nyambor – Pading,40MT,
110,2025-04-17,Nyambor,Karam,partially passable,1,Pading,Nyambor – Pading – Karam,20MT,
111,2025-04-17,Pajut,Payuel,partially passable,1,,Pajut – Payuel,20MT,
112,2025-04-17,Aweil,Gogrial,partially passable,1,Akun,Aweil – Akun – Gogrial,20MT,
113,2025-04-17,Kapoeta,Chukudum,passable,0,,Kapoeta – Chukudum,40MT,
114,2025-04-17,Diabio,Ezo,passable,0,,Diabio – Ezo,40MT,
115,2025-04-17,Mvolo,Wulu,passable,0,,Mvolo – Wullu,40MT,
116,2025-04-17,Aluakluak,Mapuordit,partially passable,1,,Aluakluak - Mapuordit,20MT,
117,2025-04-17,Narus,Nadapal,passable,0,,Narus – Nadapal,40MT,
118,2025-04-17,Bentiu,Kilo 30,passable,0,,Bentiu – Kilo30,40MT,
119,2025-04-17,Gadiang,Yuai,partially passable,1,,Gadiang – Yuai,20MT,
120,2025-04-17,Pathai,Fatuet,partially passable,1,,Pathai – Fatuet,20MT,
121,2025-04-17,Walgak,Kaikuny,partially passable,1,,Walgak – Kaikuny,20MT,
122,2025-04-17,Yuai,Walgak,partially passable,1,Motot; Waat,Yuai – Motot – Waat – Walgak,20MT,
123,2025-04-17,Kuron,Boma,impassable,2,,Kuron – Boma,,
124,2025-04-17,Kapoeta,Kassangor,partially passable,1,,Kapoeta – Kassangor,20MT,
125,2025-04-17,Rumbek,Maper (Lakes),impassable,2,,Rumbek – Maper (Lakes),,
126,2025-04-17,Maruwa,Labarab,impassable,2,,Maruwa – Labarab,,
127,2025-04-17,Koch,Mirmir,passable,0,,Koch – Mirmir,40MT,
128,2025-04-17,Adok,Leer,passable,0,Piling,Adok – Piling – Leer,40MT,
129,2025-04-17,Lainya,Yei,passable,0,,Lainya – Yei,40MT,
130,2025-04-17,Mathiang,Udier,impassable,2,,Mathiang – Udier,,
131,2025-04-17,Gadiang,Payuel,partially passable,1,,Gadiang – Payuel,20MT,
132,2025-04-17,Ayod,Mogok,passable,0,,Ayod – Mogok,40MT,
133,2025-04-17,Kaikang,Kilo 30,passable,0,Roriak; Mayom,(Kaikang – Roriak )(Mayom – Kilo 30),40MT,alternative road listed as two separate stretches: Kaikang–Roriak and Mayom–Kilo 30
134,2025-04-17,Pariang,Ajuong Thok,passable,0,,Pariang – Ajuong Thok,40MT,
135,2025-04-17,Lafon,Imehejek,partially passable,1,,Lafon – Imehejek,20MT,
136,2025-04-17,Mabior,Gadiang,partially passable,1,,Mabior – Gadiang,Specialized Trucks,
137,2025-04-17,Poktap,Payuel,partially passable,1,,Poktap – Payuel,Specialized Trucks,
138,2025-04-17,Panakuach,Pariang,partially passable,1,,Panakuach – Pariang,20MT,new road; first appears 2024-11-01
139,2025-04-17,Mabior,Kongor,impassable,2,,Mabior – Kongor,,
1,2025-04-24,Kilo 30,Pariang,passable,0,,Kilo 30 – Pariang,40MT,
2,2025-04-24,Gemeiza,Bor,impassable,2,,Gemeiza – Bor,,
3,2025-04-24,Yida,Pariang,passable,0,,Yida - Pariang,40MT,
4,2025-04-24,Juba,Nimule,passable,0,,Juba – Nimule,40MT,
5,2025-04-24,Juba,Torit,partially passable,1,,Juba – Torit,20MT,
6,2025-04-24,Juba,Mangalla,passable,0,,Juba – Mangalla,40MT,
7,2025-04-24,Malakal,Baliet,passable,0,,Malakal – Baliet,40MT,
8,2025-04-24,Paloich,Renk,passable,0,,Paloich – Renk,40MT,
9,2025-04-24,Adar,Maban,passable,0,Jemaam,Adar – Jemaam – Maban,40MT,
10,2025-04-24,Abyei,Abiemnhom,impassable,2,,Abyei – Abienhom,,
11,2025-04-24,Aweil,Gossinga,partially passable,1,,Aweil – Gossinga,20MT,
12,2025-04-24,Pathai,Walgak,partially passable,1,Motot,Pathai – Motot – Walgak,20MT,
13,2025-04-24,Juba,Lainya,passable,0,,Juba – Lainya,40MT,
14,2025-04-24,Maridi,Yambio,passable,0,,Maridi – Yambio,40MT,
15,2025-04-24,Juba,Kajo Keji,passable,0,,Juba – Kajo Keji,40MT,
16,2025-04-24,Juba,Terakeka,impassable,2,,Juba – Terakeka,,
17,2025-04-24,Narus,Kuron,partially passable,1,,Narus – Kuron,20MT,
18,2025-04-24,Mundri,Mvolo,passable,0,,Mundri - Mvolo,40MT,
19,2025-04-24,Mangalla,Gemeiza,passable,0,,Mangalla – Gemeiza,40MT,
20,2025-04-24,Mathiang,Maiwut,passable,0,,Mathiang – Maiwut,40MT,
21,2025-04-24,Tonj,Langdit,passable,0,,Tonj – Langdit,40MT,
22,2025-04-24,Terakeka,Mundri,passable,0,Tali,Terakeka – Tali – Mundri,40MT,
23,2025-04-24,Terakeka,Mingkaman,partially passable,1,,Terakeka – Mingkaman,20MT,
24,2025-04-24,Torit,Magwi,passable,0,,Torit – Magwi,40MT,
25,2025-04-24,Hiyala,Ikotos,passable,0,,Hiyala – Ikotos,40MT,
26,2025-04-24,Torit,Lafon,partially passable,1,,Torit – Lafon,20MT,
27,2025-04-24,Wau,Thar Kueng,passable,0,,Wau – Thar Kueng,40MT,
28,2025-04-24,Wau,Tonj,passable,0,,Wau – Tonj,40MT,
29,2025-04-24,Wau,Akuem,passable,0,Aweil,Wau – Aweil – Akuem,40MT,
30,2025-04-24,Likuangole,Akobo,partially passable,1,,Likuangole – Akobo,Specialized Trucks,
31,2025-04-24,Amok Piny,Madol,impassable,2,,Amok Piny – Madol,,
32,2025-04-24,Akwot,Nasser,impassable,2,,Akwot – Nasser,,
33,2025-04-24,Guit,Koch,impassable,2,,Guit – Koch,,
34,2025-04-24,Abiemnhom,Mayom,passable,0,,Abiemnhom – Mayom,40MT,
35,2025-04-24,Kilo 30,Kaikang,impassable,2,Tumor; Mayom,Kilo30 –Tumor – Mayom – Kaikang,,
36,2025-04-24,Boma,Pochala,impassable,2,,Boma – Pochala,,
37,2025-04-24,Bor,Gadiang,partially passable,1,,Bor – Gadiang,20MT,
38,2025-04-24,Bor,Baidit,partially passable,1,,Bor – Baidit,20MT,
39,2025-04-24,Pengko,Manyabol,partially passable,1,,Pengko – Manyabol,Specialized Trucks,
40,2025-04-24,Baidit,Duk Padiet,partially passable,1,Mabior,Baidit – Mabior – Duk Padiet,20MT,
41,2025-04-24,Gadiang,Akobo,impassable,2,,Gadiang – Akobo,,
42,2025-04-24,Juba,Lafon,impassable,2,,Juba – Lafon,,
43,2025-04-24,Adar,Mathiang,passable,0,,Adar – Mathiang,40MT,
44,2025-04-24,Maper (Lakes),Dablual,impassable,2,,Maper (Lakes) – Dablual,,
45,2025-04-24,Akobo,Kaikuny,partially passable,1,,Akobo – Kainuny,20MT,
46,2025-04-24,Motot,Lankien,partially passable,1,,Motot – Lankein,20MT,
47,2025-04-24,Wau,Deim Zubeir,partially passable,1,,Wau – Deim Zubeir,20MT,
48,2025-04-24,Wau,Tambura,partially passable,1,,Wau – Tambura,20MT,
49,2025-04-24,Yirol,Shambe,partially passable,1,,Yirol – Shambe,20MT,
50,2025-04-24,Aluakluak,Yirol,partially passable,1,,Aluakluak - Yirol,20MT,
51,2025-04-24,Rumbek,Langdit,passable,0,,Rumbek - Langdit,40MT,
52,2025-04-24,Aluakluak,Rumbek,partially passable,1,,Aluakluak – Rumbek,20MT,
53,2025-04-24,Wunrok,Abiemnhom,passable,0,Turalei,Wunrok – Turalei – Abiemnhom,40MT,
54,2025-04-24,Kilo 30,Panakuach,passable,0,Roriak,Kilo 30 – Roriak – Panakuach,40MT,
55,2025-04-24,Ding Ding,Koch,impassable,2,,Ding ding - Koch,,
56,2025-04-24,Bentiu,Dhorbor,impassable,2,,Bentiu – Dhorbor,,
57,2025-04-24,Dhorbor,Guit,impassable,2,,Dhorbor – Guit,,
58,2025-04-24,Guit,Ding Ding,impassable,2,,Guit – Ding Ding,,
59,2025-04-24,Gumuruk,Pibor,partially passable,1,,Gumuruk – Pibor,Specialized Trucks,
60,2025-04-24,Bor,Pengko,partially passable,1,,Bor – Pengko,Specialized Trucks,
61,2025-04-24,Duk Padiet,Pajut,partially passable,1,,Duk Padiat – Pajut,20MT,
62,2025-04-24,Yuai,Karam,partially passable,1,Pathai,Yaui – Pathai – Karam,20MT,
63,2025-04-24,Yuai,Motot,partially passable,1,Pieri,Yaui – Pieri – Motot,20MT,
64,2025-04-24,Yuai,Pajut,partially passable,1,,Yaui – Pajut,20MT,
65,2025-04-24,Wulu,Rumbek,passable,0,,Wulu – Rumbek,40MT,
66,2025-04-24,Pibor,Likuangole,partially passable,1,,Pibor – Likuangole,Specialized Trucks,
67,2025-04-24,Mingkaman,Yirol,partially passable,1,,Mingkaman – Yirol,20MT,
68,2025-04-24,Yambio,Tambura,passable,0,,Yambio – Tambura,40MT,
69,2025-04-24,Juba,Mundri,passable,0,,Juba – Mundri,40MT,
70,2025-04-24,Kodok,Paloich,partially passable,1,,Kodok – Paloich,20MT,
71,2025-04-24,Malakal,Kodok,partially passable,1,,Malakal – Kodok,20MT,
72,2025-04-24,Thar Kueng,Kuajok,passable,0,,Thar Kueng - Kuajok,40MT,
73,2025-04-24,Bentiu,Guit,passable,0,,Bentiu – Guit,40MT,
74,2025-04-24,Duk Padiet,Ayod,passable,0,,Duk Padiet – Ayod,40MT,
75,2025-04-24,Guit,Mirmir,passable,0,,Guit – Mir mir,40MT,
76,2025-04-24,Raja,Chandoy/Dolo2,passable,0,,Raja – Chandoy/Dolo2,40MT,
77,2025-04-24,Mundri,Maridi,passable,0,,Mundri - Maridi,40MT,
78,2025-04-24,Torit,Kapoeta,partially passable,1,,Torit – Kapoeta,20MT,
79,2025-04-24,Mayendit,Mirmir,passable,0,Rupkuai,Mayendit – Rupkuai – Mir mir,40MT,
80,2025-04-24,Mirmir,Leer,passable,0,,Mirmir – Leer,40MT,
81,2025-04-24,Mankien,Mayom,impassable,2,,Mankien - Mayom,,
82,2025-04-24,Ajak Kuac,Mankien,impassable,2,,Ajak Kuac – Mankien,,
83,2025-04-24,Ayod,Pathai,partially passable,1,,Ayod – Pathai,20MT,
84,2025-04-24,Nyandit,Kiech Kon,impassable,2,,Nyandit - Kiech Kon,,
85,2025-04-24,Paloich,Jemaam,passable,0,Adar,Paloich – Adar – Jemaam,40MT,
86,2025-04-24,New Fangak,Kuernyang,impassable,2,,New Fangak – Kuernyang,,
87,2025-04-24,Paguir,Keew,impassable,2,,Paguir – Keew,,
88,2025-04-24,Baliet,Kiech Kon,impassable,2,Akwot,Baliet – Akwot – Kiech kon,,
89,2025-04-24,Wunrok,Gogrial,passable,0,,Wunrok – Gogrial,40MT,
90,2025-04-24,Deim Zubeir,Raja,partially passable,1,,Dim Zubeir – Raja,20MT,
91,2025-04-24,Aweil,Yith Pabol,impassable,2,,Aweil – Yith Pabol,,
92,2025-04-24,Kapoeta,Narus,passable,0,,Kapoeta – Narus,40MT,
93,2025-04-24,Melut,Paloich,passable,0,,Melut – Paloich,40MT,
94,2025-04-24,Wunrok,Abyei,passable,0,,Wunrok – Abyei,40MT,
95,2025-04-24,Gogrial,Kuajok,passable,0,,Gogrial – Kuajok,40MT,
96,2025-04-24,Bentiu,Nhialdiu,impassable,2,,Bentiu – Nhialdiu,,
97,2025-04-24,Aluakluak,Mvolo,partially passable,1,,Aluakluak - Mvolo,20MT,
98,2025-04-24,Kilo 30,Manga Port,passable,0,,Kilo 30 – Manga Port,40MT,
99,2025-04-24,Gossinga,Raja,impassable,2,,Gossinga – Raja,,
100,2025-04-24,Gossinga,Raja,partially passable,1,Kapalala,Gossinga – Kapalala – Raja,20MT,
101,2025-04-24,Nyal,Ganyiel,impassable,2,,Nyal – Ganyiel,,
102,2025-04-24,Manyabol,Gadiang,impassable,2,,Manyabol – Gadiang,,
103,2025-04-24,Manyabol,Gumuruk,partially passable,1,,Manyabol – Gumuruk,Specialized Trucks,
104,2025-04-24,Vertet,Labarab,impassable,2,,Vertet – Labarab,,
105,2025-04-24,Boma,Maruwa,impassable,2,,Boma – Maruwa,,
106,2025-04-24,Boma,Labarab,impassable,2,,Boma - Labarab,,
107,2025-04-24,Pibor,Vertet,impassable,2,,Pibor – Verthet,,
108,2025-04-24,Aduel,Amok Piny,partially passable,1,,Aduel – Amok Piny,Specialized Trucks,
109,2025-04-24,Lankien,Pading,passable,0,Nyambor,Lankien – Nyambor – Pading,40MT,
110,2025-04-24,Nyambor,Karam,partially passable,1,Pading,Nyambor – Pading – Karam,20MT,
111,2025-04-24,Pajut,Payuel,partially passable,1,,Pajut – Payuel,20MT,
112,2025-04-24,Aweil,Gogrial,partially passable,1,Akun,Aweil – Akun – Gogrial,20MT,
113,2025-04-24,Kapoeta,Chukudum,passable,0,,Kapoeta – Chukudum,40MT,
114,2025-04-24,Diabio,Ezo,passable,0,,Diabio – Ezo,40MT,
115,2025-04-24,Mvolo,Wulu,passable,0,,Mvolo – Wullu,40MT,
116,2025-04-24,Aluakluak,Mapuordit,partially passable,1,,Aluakluak - Mapuordit,20MT,
117,2025-04-24,Narus,Nadapal,passable,0,,Narus – Nadapal,40MT,
118,2025-04-24,Bentiu,Kilo 30,passable,0,,Bentiu – Kilo30,40MT,
119,2025-04-24,Gadiang,Yuai,partially passable,1,,Gadiang – Yuai,20MT,
120,2025-04-24,Pathai,Fatuet,partially passable,1,,Pathai – Fatuet,20MT,
121,2025-04-24,Walgak,Kaikuny,partially passable,1,,Walgak – Kaikuny,20MT,
122,2025-04-24,Yuai,Walgak,partially passable,1,Motot; Waat,Yuai – Motot – Waat – Walgak,20MT,
123,2025-04-24,Kuron,Boma,impassable,2,,Kuron – Boma,,
124,2025-04-24,Kapoeta,Kassangor,partially passable,1,,Kapoeta – Kassangor,20MT,
125,2025-04-24,Rumbek,Maper (Lakes),impassable,2,,Rumbek – Maper (Lakes),,
126,2025-04-24,Maruwa,Labarab,impassable,2,,Maruwa – Labarab,,
127,2025-04-24,Koch,Mirmir,passable,0,,Koch – Mirmir,40MT,
128,2025-04-24,Adok,Leer,passable,0,Piling,Adok – Piling – Leer,40MT,
129,2025-04-24,Lainya,Yei,passable,0,,Lainya – Yei,40MT,
130,2025-04-24,Mathiang,Udier,impassable,2,,Mathiang – Udier,,
131,2025-04-24,Gadiang,Payuel,partially passable,1,,Gadiang – Payuel,20MT,
132,2025-04-24,Ayod,Mogok,passable,0,,Ayod – Mogok,40MT,
133,2025-04-24,Kaikang,Kilo 30,passable,0,Roriak; Mayom,(Kaikang – Roriak )(Mayom – Kilo 30),40MT,alternative road listed as two separate stretches: Kaikang–Roriak and Mayom–Kilo 30
134,2025-04-24,Pariang,Ajuong Thok,passable,0,,Pariang – Ajuong Thok,40MT,
135,2025-04-24,Lafon,Imehejek,partially passable,1,,Lafon – Imehejek,20MT,
136,2025-04-24,Mabior,Gadiang,partially passable,1,,Mabior – Gadiang,Specialized Trucks,
137,2025-04-24,Poktap,Payuel,partially passable,1,,Poktap – Payuel,Specialized Trucks,
138,2025-04-24,Panakuach,Pariang,partially passable,1,,Panakuach – Pariang,20MT,new road; first appears 2024-11-01
139,2025-04-24,Mabior,Kongor,impassable,2,,Mabior – Kongor,,
1,2025-05-02,Kilo 30,Pariang,passable,0,,Kilo 30 – Pariang,40MT,
2,2025-05-02,Gemeiza,Bor,impassable,2,,Gemeiza – Bor,,
3,2025-05-02,Yida,Pariang,passable,0,,Yida - Pariang,40MT,
4,2025-05-02,Juba,Nimule,passable,0,,Juba – Nimule,40MT,
5,2025-05-02,Juba,Torit,partially passable,1,,Juba – Torit,20MT,
6,2025-05-02,Juba,Mangalla,passable,0,,Juba – Mangalla,40MT,
7,2025-05-02,Malakal,Baliet,passable,0,,Malakal – Baliet,40MT,
8,2025-05-02,Paloich,Renk,passable,0,,Paloich – Renk,40MT,
9,2025-05-02,Adar,Maban,passable,0,Jemaam,Adar – Jemaam – Maban,40MT,
10,2025-05-02,Abyei,Abiemnhom,impassable,2,,Abyei – Abienhom,,
11,2025-05-02,Aweil,Gossinga,partially passable,1,,Aweil – Gossinga,20MT,
12,2025-05-02,Pathai,Walgak,partially passable,1,Motot,Pathai – Motot – Walgak,20MT,
13,2025-05-02,Juba,Lainya,passable,0,,Juba – Lainya,40MT,
14,2025-05-02,Maridi,Yambio,passable,0,,Maridi – Yambio,40MT,
15,2025-05-02,Juba,Kajo Keji,passable,0,,Juba – Kajo Keji,40MT,
16,2025-05-02,Juba,Terakeka,impassable,2,,Juba – Terakeka,,
17,2025-05-02,Narus,Kuron,partially passable,1,,Narus – Kuron,20MT,
18,2025-05-02,Mundri,Mvolo,passable,0,,Mundri - Mvolo,40MT,
19,2025-05-02,Mangalla,Gemeiza,passable,0,,Mangalla – Gemeiza,40MT,
20,2025-05-02,Mathiang,Maiwut,passable,0,,Mathiang – Maiwut,40MT,
21,2025-05-02,Tonj,Langdit,passable,0,,Tonj – Langdit,40MT,
22,2025-05-02,Terakeka,Mundri,passable,0,Tali,Terakeka – Tali – Mundri,40MT,
23,2025-05-02,Terakeka,Mingkaman,partially passable,1,,Terakeka – Mingkaman,20MT,
24,2025-05-02,Torit,Magwi,passable,0,,Torit – Magwi,40MT,
25,2025-05-02,Hiyala,Ikotos,passable,0,,Hiyala – Ikotos,40MT,
26,2025-05-02,Torit,Lafon,partially passable,1,,Torit – Lafon,20MT,
27,2025-05-02,Wau,Thar Kueng,passable,0,,Wau – Thar Kueng,40MT,
28,2025-05-02,Wau,Tonj,passable,0,,Wau – Tonj,40MT,
29,2025-05-02,Wau,Akuem,passable,0,Aweil,Wau – Aweil – Akuem,40MT,
30,2025-05-02,Likuangole,Akobo,partially passable,1,,Likuangole – Akobo,Specialized Trucks,
31,2025-05-02,Amok Piny,Madol,impassable,2,,Amok Piny – Madol,,
32,2025-05-02,Akwot,Nasser,impassable,2,,Akwot – Nasser,,
33,2025-05-02,Guit,Koch,impassable,2,,Guit – Koch,,
34,2025-05-02,Abiemnhom,Mayom,passable,0,,Abiemnhom – Mayom,40MT,
35,2025-05-02,Kilo 30,Kaikang,impassable,2,Tumor; Mayom,Kilo30 –Tumor – Mayom – Kaikang,,
36,2025-05-02,Boma,Pochala,impassable,2,,Boma – Pochala,,
37,2025-05-02,Bor,Gadiang,partially passable,1,,Bor – Gadiang,20MT,
38,2025-05-02,Bor,Baidit,partially passable,1,,Bor – Baidit,20MT,
39,2025-05-02,Pengko,Manyabol,partially passable,1,,Pengko – Manyabol,Specialized Trucks,
40,2025-05-02,Baidit,Duk Padiet,partially passable,1,Mabior,Baidit – Mabior – Duk Padiet,20MT,
41,2025-05-02,Gadiang,Akobo,impassable,2,,Gadiang – Akobo,,
42,2025-05-02,Juba,Lafon,impassable,2,,Juba – Lafon,,
43,2025-05-02,Adar,Mathiang,passable,0,,Adar – Mathiang,40MT,
44,2025-05-02,Maper (Lakes),Dablual,impassable,2,,Maper (Lakes) – Dablual,,
45,2025-05-02,Akobo,Kaikuny,partially passable,1,,Akobo – Kainuny,20MT,
46,2025-05-02,Motot,Lankien,partially passable,1,,Motot – Lankein,20MT,
47,2025-05-02,Wau,Deim Zubeir,partially passable,1,,Wau – Deim Zubeir,20MT,
48,2025-05-02,Wau,Tambura,partially passable,1,,Wau – Tambura,20MT,
49,2025-05-02,Yirol,Shambe,partially passable,1,,Yirol – Shambe,20MT,
50,2025-05-02,Aluakluak,Yirol,partially passable,1,,Aluakluak - Yirol,20MT,
51,2025-05-02,Rumbek,Langdit,passable,0,,Rumbek - Langdit,40MT,
52,2025-05-02,Aluakluak,Rumbek,partially passable,1,,Aluakluak – Rumbek,20MT,
53,2025-05-02,Wunrok,Abiemnhom,passable,0,Turalei,Wunrok – Turalei – Abiemnhom,40MT,
54,2025-05-02,Kilo 30,Panakuach,passable,0,Roriak,Kilo 30 – Roriak – Panakuach,40MT,
55,2025-05-02,Ding Ding,Koch,impassable,2,,Ding ding - Koch,,
56,2025-05-02,Bentiu,Dhorbor,impassable,2,,Bentiu – Dhorbor,,
57,2025-05-02,Dhorbor,Guit,impassable,2,,Dhorbor – Guit,,
58,2025-05-02,Guit,Ding Ding,impassable,2,,Guit – Ding Ding,,
59,2025-05-02,Gumuruk,Pibor,partially passable,1,,Gumuruk – Pibor,Specialized Trucks,
60,2025-05-02,Bor,Pengko,partially passable,1,,Bor – Pengko,Specialized Trucks,
61,2025-05-02,Duk Padiet,Pajut,partially passable,1,,Duk Padiat – Pajut,20MT,
62,2025-05-02,Yuai,Karam,partially passable,1,Pathai,Yaui – Pathai – Karam,20MT,
63,2025-05-02,Yuai,Motot,partially passable,1,Pieri,Yaui – Pieri – Motot,20MT,
64,2025-05-02,Yuai,Pajut,partially passable,1,,Yaui – Pajut,20MT,
65,2025-05-02,Wulu,Rumbek,passable,0,,Wulu – Rumbek,40MT,
66,2025-05-02,Pibor,Likuangole,partially passable,1,,Pibor – Likuangole,Specialized Trucks,
67,2025-05-02,Mingkaman,Yirol,partially passable,1,,Mingkaman – Yirol,20MT,
68,2025-05-02,Yambio,Tambura,passable,0,,Yambio – Tambura,40MT,
69,2025-05-02,Juba,Mundri,passable,0,,Juba – Mundri,40MT,
70,2025-05-02,Kodok,Paloich,partially passable,1,,Kodok – Paloich,20MT,
71,2025-05-02,Malakal,Kodok,partially passable,1,,Malakal – Kodok,20MT,
72,2025-05-02,Thar Kueng,Kuajok,passable,0,,Thar Kueng - Kuajok,40MT,
73,2025-05-02,Bentiu,Guit,passable,0,,Bentiu – Guit,40MT,
74,2025-05-02,Duk Padiet,Ayod,passable,0,,Duk Padiet – Ayod,40MT,
75,2025-05-02,Guit,Mirmir,passable,0,,Guit – Mir mir,40MT,
76,2025-05-02,Raja,Chandoy/Dolo2,passable,0,,Raja – Chandoy/Dolo2,40MT,
77,2025-05-02,Mundri,Maridi,passable,0,,Mundri - Maridi,40MT,
78,2025-05-02,Torit,Kapoeta,partially passable,1,,Torit – Kapoeta,20MT,
79,2025-05-02,Mayendit,Mirmir,passable,0,Rupkuai,Mayendit – Rupkuai – Mir mir,40MT,
80,2025-05-02,Mirmir,Leer,passable,0,,Mirmir – Leer,40MT,
81,2025-05-02,Mankien,Mayom,impassable,2,,Mankien - Mayom,,
82,2025-05-02,Ajak Kuac,Mankien,impassable,2,,Ajak Kuac – Mankien,,
83,2025-05-02,Ayod,Pathai,partially passable,1,,Ayod – Pathai,20MT,
84,2025-05-02,Nyandit,Kiech Kon,impassable,2,,Nyandit - Kiech Kon,,
85,2025-05-02,Paloich,Jemaam,passable,0,Adar,Paloich – Adar – Jemaam,40MT,
86,2025-05-02,New Fangak,Kuernyang,impassable,2,,New Fangak – Kuernyang,,
87,2025-05-02,Paguir,Keew,impassable,2,,Paguir – Keew,,
88,2025-05-02,Baliet,Kiech Kon,impassable,2,Akwot,Baliet – Akwot – Kiech kon,,
89,2025-05-02,Wunrok,Gogrial,passable,0,,Wunrok – Gogrial,40MT,
90,2025-05-02,Deim Zubeir,Raja,partially passable,1,,Dim Zubeir – Raja,20MT,
91,2025-05-02,Aweil,Yith Pabol,impassable,2,,Aweil – Yith Pabol,,
92,2025-05-02,Kapoeta,Narus,passable,0,,Kapoeta – Narus,40MT,
93,2025-05-02,Melut,Paloich,passable,0,,Melut – Paloich,40MT,
94,2025-05-02,Wunrok,Abyei,passable,0,,Wunrok – Abyei,40MT,
95,2025-05-02,Gogrial,Kuajok,passable,0,,Gogrial – Kuajok,40MT,
96,2025-05-02,Bentiu,Nhialdiu,impassable,2,,Bentiu – Nhialdiu,,
97,2025-05-02,Aluakluak,Mvolo,partially passable,1,,Aluakluak - Mvolo,20MT,
98,2025-05-02,Kilo 30,Manga Port,passable,0,,Kilo 30 – Manga Port,40MT,
99,2025-05-02,Gossinga,Raja,impassable,2,,Gossinga – Raja,,
100,2025-05-02,Gossinga,Raja,partially passable,1,Kapalala,Gossinga – Kapalala – Raja,20MT,
101,2025-05-02,Nyal,Ganyiel,impassable,2,,Nyal – Ganyiel,,
102,2025-05-02,Manyabol,Gadiang,impassable,2,,Manyabol – Gadiang,,
103,2025-05-02,Manyabol,Gumuruk,partially passable,1,,Manyabol – Gumuruk,Specialized Trucks,
104,2025-05-02,Vertet,Labarab,impassable,2,,Vertet – Labarab,,
105,2025-05-02,Boma,Maruwa,impassable,2,,Boma – Maruwa,,
106,2025-05-02,Boma,Labarab,impassable,2,,Boma - Labarab,,
107,2025-05-02,Pibor,Vertet,impassable,2,,Pibor – Verthet,,
108,2025-05-02,Aduel,Amok Piny,partially passable,1,,Aduel – Amok Piny,Specialized Trucks,
109,2025-05-02,Lankien,Pading,passable,0,Nyambor,Lankien – Nyambor – Pading,40MT,
110,2025-05-02,Nyambor,Karam,partially passable,1,Pading,Nyambor – Pading – Karam,20MT,
111,2025-05-02,Pajut,Payuel,partially passable,1,,Pajut – Payuel,20MT,
112,2025-05-02,Aweil,Gogrial,partially passable,1,Akun,Aweil – Akun – Gogrial,20MT,
113,2025-05-02,Kapoeta,Chukudum,passable,0,,Kapoeta – Chukudum,40MT,
114,2025-05-02,Diabio,Ezo,passable,0,,Diabio – Ezo,40MT,
115,2025-05-02,Mvolo,Wulu,passable,0,,Mvolo – Wullu,40MT,
116,2025-05-02,Aluakluak,Mapuordit,partially passable,1,,Aluakluak - Mapuordit,20MT,
117,2025-05-02,Narus,Nadapal,passable,0,,Narus – Nadapal,40MT,
118,2025-05-02,Bentiu,Kilo 30,passable,0,,Bentiu – Kilo30,40MT,
119,2025-05-02,Gadiang,Yuai,partially passable,1,,Gadiang – Yuai,20MT,
120,2025-05-02,Pathai,Fatuet,partially passable,1,,Pathai – Fatuet,20MT,
121,2025-05-02,Walgak,Kaikuny,partially passable,1,,Walgak – Kaikuny,20MT,
122,2025-05-02,Yuai,Walgak,partially passable,1,Motot; Waat,Yuai – Motot – Waat – Walgak,20MT,
123,2025-05-02,Kuron,Boma,impassable,2,,Kuron – Boma,,
124,2025-05-02,Kapoeta,Kassangor,partially passable,1,,Kapoeta – Kassangor,20MT,
125,2025-05-02,Rumbek,Maper (Lakes),impassable,2,,Rumbek – Maper (Lakes),,
126,2025-05-02,Maruwa,Labarab,impassable,2,,Maruwa – Labarab,,
127,2025-05-02,Koch,Mirmir,passable,0,,Koch – Mirmir,40MT,
128,2025-05-02,Adok,Leer,passable,0,Piling,Adok – Piling – Leer,40MT,
129,2025-05-02,Lainya,Yei,passable,0,,Lainya – Yei,40MT,
130,2025-05-02,Mathiang,Udier,impassable,2,,Mathiang – Udier,,
131,2025-05-02,Gadiang,Payuel,partially passable,1,,Gadiang – Payuel,20MT,
132,2025-05-02,Ayod,Mogok,passable,0,,Ayod – Mogok,40MT,
133,2025-05-02,Kaikang,Kilo 30,passable,0,Roriak; Mayom,(Kaikang – Roriak )(Mayom – Kilo 30),40MT,alternative road listed as two separate stretches: Kaikang–Roriak and Mayom–Kilo 30
134,2025-05-02,Pariang,Ajuong Thok,passable,0,,Pariang – Ajuong Thok,40MT,
135,2025-05-02,Lafon,Imehejek,partially passable,1,,Lafon – Imehejek,20MT,
136,2025-05-02,Mabior,Gadiang,partially passable,1,,Mabior – Gadiang,Specialized Trucks,
137,2025-05-02,Poktap,Payuel,partially passable,1,,Poktap – Payuel,Specialized Trucks,
138,2025-05-02,Panakuach,Pariang,partially passable,1,,Panakuach – Pariang,20MT,new road; first appears 2024-11-01
139,2025-05-02,Mabior,Kongor,impassable,2,,Mabior – Kongor,,
1,2025-05-09,Kilo 30,Pariang,passable,0,,Kilo 30 – Pariang,40MT,
2,2025-05-09,Gemeiza,Bor,impassable,2,,Gemeiza – Bor,,
3,2025-05-09,Yida,Pariang,passable,0,,Yida - Pariang,40MT,
4,2025-05-09,Juba,Nimule,passable,0,,Juba – Nimule,40MT,
5,2025-05-09,Juba,Torit,partially passable,1,,Juba – Torit,20MT,
6,2025-05-09,Juba,Mangalla,passable,0,,Juba – Mangalla,40MT,
7,2025-05-09,Malakal,Baliet,passable,0,,Malakal – Baliet,40MT,
8,2025-05-09,Paloich,Renk,passable,0,,Paloich – Renk,40MT,
9,2025-05-09,Adar,Maban,passable,0,Jemaam,Adar – Jemaam – Maban,40MT,
10,2025-05-09,Abyei,Abiemnhom,impassable,2,,Abyei – Abienhom,,
11,2025-05-09,Aweil,Gossinga,partially passable,1,,Aweil – Gossinga,20MT,
12,2025-05-09,Pathai,Walgak,partially passable,1,Motot,Pathai – Motot – Walgak,20MT,
13,2025-05-09,Juba,Lainya,passable,0,,Juba – Lainya,40MT,
14,2025-05-09,Maridi,Yambio,passable,0,,Maridi – Yambio,40MT,
15,2025-05-09,Juba,Kajo Keji,passable,0,,Juba – Kajo Keji,40MT,
16,2025-05-09,Juba,Terakeka,impassable,2,,Juba – Terakeka,,
17,2025-05-09,Narus,Kuron,partially passable,1,,Narus – Kuron,20MT,
18,2025-05-09,Mundri,Mvolo,passable,0,,Mundri - Mvolo,40MT,
19,2025-05-09,Mangalla,Gemeiza,passable,0,,Mangalla – Gemeiza,40MT,
20,2025-05-09,Mathiang,Maiwut,passable,0,,Mathiang – Maiwut,40MT,
21,2025-05-09,Tonj,Langdit,passable,0,,Tonj – Langdit,40MT,
22,2025-05-09,Terakeka,Mundri,passable,0,Tali,Terakeka – Tali – Mundri,40MT,
23,2025-05-09,Terakeka,Mingkaman,partially passable,1,,Terakeka – Mingkaman,20MT,
24,2025-05-09,Torit,Magwi,passable,0,,Torit – Magwi,40MT,
25,2025-05-09,Hiyala,Ikotos,passable,0,,Hiyala – Ikotos,40MT,
26,2025-05-09,Torit,Lafon,partially passable,1,,Torit – Lafon,20MT,
27,2025-05-09,Wau,Thar Kueng,passable,0,,Wau – Thar Kueng,40MT,
28,2025-05-09,Wau,Tonj,passable,0,,Wau – Tonj,40MT,
29,2025-05-09,Wau,Akuem,passable,0,Aweil,Wau – Aweil – Akuem,40MT,
30,2025-05-09,Likuangole,Akobo,partially passable,1,,Likuangole – Akobo,Specialized Trucks,
31,2025-05-09,Amok Piny,Madol,impassable,2,,Amok Piny – Madol,,
32,2025-05-09,Akwot,Nasser,impassable,2,,Akwot – Nasser,,
33,2025-05-09,Guit,Koch,impassable,2,,Guit – Koch,,
34,2025-05-09,Abiemnhom,Mayom,passable,0,,Abiemnhom – Mayom,40MT,
35,2025-05-09,Kilo 30,Kaikang,impassable,2,Tumor; Mayom,Kilo30 –Tumor – Mayom – Kaikang,,
36,2025-05-09,Boma,Pochala,impassable,2,,Boma – Pochala,,
37,2025-05-09,Bor,Gadiang,partially passable,1,,Bor – Gadiang,20MT,
38,2025-05-09,Bor,Baidit,partially passable,1,,Bor – Baidit,20MT,
39,2025-05-09,Pengko,Manyabol,partially passable,1,,Pengko – Manyabol,Specialized Trucks,
40,2025-05-09,Baidit,Duk Padiet,partially passable,1,Mabior,Baidit – Mabior – Duk Padiet,20MT,
41,2025-05-09,Gadiang,Akobo,impassable,2,,Gadiang – Akobo,,
42,2025-05-09,Juba,Lafon,impassable,2,,Juba – Lafon,,
43,2025-05-09,Adar,Mathiang,passable,0,,Adar – Mathiang,40MT,
44,2025-05-09,Maper (Lakes),Dablual,impassable,2,,Maper (Lakes) – Dablual,,
45,2025-05-09,Akobo,Kaikuny,partially passable,1,,Akobo – Kainuny,20MT,
46,2025-05-09,Motot,Lankien,partially passable,1,,Motot – Lankein,20MT,
47,2025-05-09,Wau,Deim Zubeir,partially passable,1,,Wau – Deim Zubeir,20MT,
48,2025-05-09,Wau,Tambura,partially passable,1,,Wau – Tambura,20MT,
49,2025-05-09,Yirol,Shambe,partially passable,1,,Yirol – Shambe,20MT,
50,2025-05-09,Aluakluak,Yirol,partially passable,1,,Aluakluak - Yirol,20MT,
51,2025-05-09,Rumbek,Langdit,passable,0,,Rumbek - Langdit,40MT,
52,2025-05-09,Aluakluak,Rumbek,partially passable,1,,Aluakluak – Rumbek,20MT,
53,2025-05-09,Wunrok,Abiemnhom,passable,0,Turalei,Wunrok – Turalei – Abiemnhom,40MT,
54,2025-05-09,Kilo 30,Panakuach,passable,0,Roriak,Kilo 30 – Roriak – Panakuach,40MT,
55,2025-05-09,Ding Ding,Koch,impassable,2,,Ding ding - Koch,,
56,2025-05-09,Bentiu,Dhorbor,impassable,2,,Bentiu – Dhorbor,,
57,2025-05-09,Dhorbor,Guit,impassable,2,,Dhorbor – Guit,,
58,2025-05-09,Guit,Ding Ding,impassable,2,,Guit – Ding Ding,,
59,2025-05-09,Gumuruk,Pibor,partially passable,1,,Gumuruk – Pibor,Specialized Trucks,
60,2025-05-09,Bor,Pengko,partially passable,1,,Bor – Pengko,Specialized Trucks,
61,2025-05-09,Duk Padiet,Pajut,partially passable,1,,Duk Padiat – Pajut,20MT,
62,2025-05-09,Yuai,Karam,partially passable,1,Pathai,Yaui – Pathai – Karam,20MT,
63,2025-05-09,Yuai,Motot,partially passable,1,Pieri,Yaui – Pieri – Motot,20MT,
64,2025-05-09,Yuai,Pajut,partially passable,1,,Yaui – Pajut,20MT,
65,2025-05-09,Wulu,Rumbek,passable,0,,Wulu – Rumbek,40MT,
66,2025-05-09,Pibor,Likuangole,partially passable,1,,Pibor – Likuangole,Specialized Trucks,
67,2025-05-09,Mingkaman,Yirol,partially passable,1,,Mingkaman – Yirol,20MT,
68,2025-05-09,Yambio,Tambura,passable,0,,Yambio – Tambura,40MT,
69,2025-05-09,Juba,Mundri,passable,0,,Juba – Mundri,40MT,
70,2025-05-09,Kodok,Paloich,partially passable,1,,Kodok – Paloich,20MT,
71,2025-05-09,Malakal,Kodok,partially passable,1,,Malakal – Kodok,20MT,
72,2025-05-09,Thar Kueng,Kuajok,passable,0,,Thar Kueng - Kuajok,40MT,
73,2025-05-09,Bentiu,Guit,passable,0,,Bentiu – Guit,40MT,
74,2025-05-09,Duk Padiet,Ayod,passable,0,,Duk Padiet – Ayod,40MT,
75,2025-05-09,Guit,Mirmir,passable,0,,Guit – Mir mir,40MT,
76,2025-05-09,Raja,Chandoy/Dolo2,passable,0,,Raja – Chandoy/Dolo2,40MT,
77,2025-05-09,Mundri,Maridi,passable,0,,Mundri - Maridi,40MT,
78,2025-05-09,Torit,Kapoeta,partially passable,1,,Torit – Kapoeta,20MT,
79,2025-05-09,Mayendit,Mirmir,passable,0,Rupkuai,Mayendit – Rupkuai – Mir mir,40MT,
80,2025-05-09,Mirmir,Leer,passable,0,,Mirmir – Leer,40MT,
81,2025-05-09,Mankien,Mayom,impassable,2,,Mankien - Mayom,,
82,2025-05-09,Ajak Kuac,Mankien,impassable,2,,Ajak Kuac – Mankien,,
83,2025-05-09,Ayod,Pathai,partially passable,1,,Ayod – Pathai,20MT,
84,2025-05-09,Nyandit,Kiech Kon,impassable,2,,Nyandit - Kiech Kon,,
85,2025-05-09,Paloich,Jemaam,passable,0,Adar,Paloich – Adar – Jemaam,40MT,
86,2025-05-09,New Fangak,Kuernyang,impassable,2,,New Fangak – Kuernyang,,
87,2025-05-09,Paguir,Keew,impassable,2,,Paguir – Keew,,
88,2025-05-09,Baliet,Kiech Kon,impassable,2,Akwot,Baliet – Akwot – Kiech kon,,
89,2025-05-09,Wunrok,Gogrial,passable,0,,Wunrok – Gogrial,40MT,
90,2025-05-09,Deim Zubeir,Raja,partially passable,1,,Dim Zubeir – Raja,20MT,
91,2025-05-09,Aweil,Yith Pabol,impassable,2,,Aweil – Yith Pabol,,
92,2025-05-09,Kapoeta,Narus,passable,0,,Kapoeta – Narus,40MT,
93,2025-05-09,Melut,Paloich,passable,0,,Melut – Paloich,40MT,
94,2025-05-09,Wunrok,Abyei,passable,0,,Wunrok – Abyei,40MT,
95,2025-05-09,Gogrial,Kuajok,passable,0,,Gogrial – Kuajok,40MT,
96,2025-05-09,Bentiu,Nhialdiu,impassable,2,,Bentiu – Nhialdiu,,
97,2025-05-09,Aluakluak,Mvolo,partially passable,1,,Aluakluak - Mvolo,20MT,
98,2025-05-09,Kilo 30,Manga Port,passable,0,,Kilo 30 – Manga Port,40MT,
99,2025-05-09,Gossinga,Raja,impassable,2,,Gossinga – Raja,,
100,2025-05-09,Gossinga,Raja,partially passable,1,Kapalala,Gossinga – Kapalala – Raja,20MT,
101,2025-05-09,Nyal,Ganyiel,impassable,2,,Nyal – Ganyiel,,
102,2025-05-09,Manyabol,Gadiang,impassable,2,,Manyabol – Gadiang,,
103,2025-05-09,Manyabol,Gumuruk,partially passable,1,,Manyabol – Gumuruk,Specialized Trucks,
104,2025-05-09,Vertet,Labarab,impassable,2,,Vertet – Labarab,,
105,2025-05-09,Boma,Maruwa,impassable,2,,Boma – Maruwa,,
106,2025-05-09,Boma,Labarab,impassable,2,,Boma - Labarab,,
107,2025-05-09,Pibor,Vertet,impassable,2,,Pibor – Verthet,,
108,2025-05-09,Aduel,Amok Piny,partially passable,1,,Aduel – Amok Piny,Specialized Trucks,
109,2025-05-09,Lankien,Pading,passable,0,Nyambor,Lankien – Nyambor – Pading,40MT,
110,2025-05-09,Nyambor,Karam,partially passable,1,Pading,Nyambor – Pading – Karam,20MT,
111,2025-05-09,Pajut,Payuel,partially passable,1,,Pajut – Payuel,20MT,
112,2025-05-09,Aweil,Gogrial,partially passable,1,Akun,Aweil – Akun – Gogrial,20MT,
113,2025-05-09,Kapoeta,Chukudum,passable,0,,Kapoeta – Chukudum,40MT,
114,2025-05-09,Diabio,Ezo,passable,0,,Diabio – Ezo,40MT,
115,2025-05-09,Mvolo,Wulu,passable,0,,Mvolo – Wullu,40MT,
116,2025-05-09,Aluakluak,Mapuordit,partially passable,1,,Aluakluak - Mapuordit,20MT,
117,2025-05-09,Narus,Nadapal,passable,0,,Narus – Nadapal,40MT,
118,2025-05-09,Bentiu,Kilo 30,passable,0,,Bentiu – Kilo30,40MT,
119,2025-05-09,Gadiang,Yuai,partially passable,1,,Gadiang – Yuai,20MT,
120,2025-05-09,Pathai,Fatuet,partially passable,1,,Pathai – Fatuet,20MT,
121,2025-05-09,Walgak,Kaikuny,partially passable,1,,Walgak – Kaikuny,20MT,
122,2025-05-09,Yuai,Walgak,partially passable,1,Motot; Waat,Yuai – Motot – Waat – Walgak,20MT,
123,2025-05-09,Kuron,Boma,impassable,2,,Kuron – Boma,,
124,2025-05-09,Kapoeta,Kassangor,partially passable,1,,Kapoeta – Kassangor,20MT,
125,2025-05-09,Rumbek,Maper (Lakes),impassable,2,,Rumbek – Maper (Lakes),,
126,2025-05-09,Maruwa,Labarab,impassable,2,,Maruwa – Labarab,,
127,2025-05-09,Koch,Mirmir,passable,0,,Koch – Mirmir,40MT,
128,2025-05-09,Adok,Leer,passable,0,Piling,Adok – Piling – Leer,40MT,
129,2025-05-09,Lainya,Yei,passable,0,,Lainya – Yei,40MT,
130,2025-05-09,Mathiang,Udier,impassable,2,,Mathiang – Udier,,
131,2025-05-09,Gadiang,Payuel,partially passable,1,,Gadiang – Payuel,20MT,
132,2025-05-09,Ayod,Mogok,passable,0,,Ayod – Mogok,40MT,
133,2025-05-09,Kaikang,Kilo 30,passable,0,Roriak; Mayom,(Kaikang – Roriak )(Mayom – Kilo 30),40MT,alternative road listed as two separate stretches: Kaikang–Roriak and Mayom–Kilo 30
134,2025-05-09,Pariang,Ajuong Thok,passable,0,,Pariang – Ajuong Thok,40MT,
135,2025-05-09,Lafon,Imehejek,partially passable,1,,Lafon – Imehejek,20MT,
136,2025-05-09,Mabior,Gadiang,partially passable,1,,Mabior – Gadiang,Specialized Trucks,
137,2025-05-09,Poktap,Payuel,partially passable,1,,Poktap – Payuel,Specialized Trucks,
138,2025-05-09,Panakuach,Pariang,partially passable,1,,Panakuach – Pariang,20MT,new road; first appears 2024-11-01
139,2025-05-09,Mabior,Kongor,impassable,2,,Mabior – Kongor,,
1,2025-05-15,Kilo 30,Pariang,passable,0,,Kilo 30 – Pariang,40MT,
2,2025-05-15,Gemeiza,Bor,impassable,2,,Gemeiza – Bor,,
3,2025-05-15,Yida,Pariang,passable,0,,Yida - Pariang,40MT,
4,2025-05-15,Juba,Nimule,passable,0,,Juba – Nimule,40MT,
5,2025-05-15,Juba,Torit,partially passable,1,,Juba – Torit,20MT,
6,2025-05-15,Juba,Mangalla,passable,0,,Juba – Mangalla,40MT,
7,2025-05-15,Malakal,Baliet,passable,0,,Malakal – Baliet,40MT,
8,2025-05-15,Paloich,Renk,passable,0,,Paloich – Renk,40MT,
9,2025-05-15,Adar,Maban,passable,0,Jemaam,Adar – Jemaam – Maban,40MT,
10,2025-05-15,Abyei,Abiemnhom,impassable,2,,Abyei – Abienhom,,
11,2025-05-15,Aweil,Gossinga,partially passable,1,,Aweil – Gossinga,20MT,
12,2025-05-15,Pathai,Walgak,partially passable,1,Motot,Pathai – Motot – Walgak,20MT,
13,2025-05-15,Juba,Lainya,passable,0,,Juba – Lainya,40MT,
14,2025-05-15,Maridi,Yambio,passable,0,,Maridi – Yambio,40MT,
15,2025-05-15,Juba,Kajo Keji,passable,0,,Juba – Kajo Keji,40MT,
16,2025-05-15,Juba,Terakeka,impassable,2,,Juba – Terakeka,,
17,2025-05-15,Narus,Kuron,partially passable,1,,Narus – Kuron,20MT,
18,2025-05-15,Mundri,Mvolo,passable,0,,Mundri - Mvolo,40MT,
19,2025-05-15,Mangalla,Gemeiza,passable,0,,Mangalla – Gemeiza,40MT,
20,2025-05-15,Mathiang,Maiwut,partially passable,1,,Mathiang – Maiwut,Specialized Trucks,
21,2025-05-15,Tonj,Langdit,passable,0,,Tonj – Langdit,40MT,
22,2025-05-15,Terakeka,Mundri,passable,0,Tali,Terakeka – Tali – Mundri,40MT,
23,2025-05-15,Terakeka,Mingkaman,partially passable,1,,Terakeka – Mingkaman,20MT,
24,2025-05-15,Torit,Magwi,passable,0,,Torit – Magwi,40MT,
25,2025-05-15,Hiyala,Ikotos,passable,0,,Hiyala – Ikotos,40MT,
26,2025-05-15,Torit,Lafon,partially passable,1,,Torit – Lafon,20MT,
27,2025-05-15,Wau,Thar Kueng,passable,0,,Wau – Thar Kueng,40MT,
28,2025-05-15,Wau,Tonj,passable,0,,Wau – Tonj,40MT,
29,2025-05-15,Wau,Akuem,passable,0,Aweil,Wau – Aweil – Akuem,40MT,
30,2025-05-15,Likuangole,Akobo,partially passable,1,,Likuangole – Akobo,Specialized Trucks,
31,2025-05-15,Amok Piny,Madol,impassable,2,,Amok Piny – Madol,,
32,2025-05-15,Akwot,Nasser,impassable,2,,Akwot – Nasser,,
33,2025-05-15,Guit,Koch,impassable,2,,Guit – Koch,,
34,2025-05-15,Abiemnhom,Mayom,passable,0,,Abiemnhom – Mayom,40MT,
35,2025-05-15,Kilo 30,Kaikang,impassable,2,Tumor; Mayom,Kilo30 –Tumor – Mayom – Kaikang,,
36,2025-05-15,Boma,Pochala,impassable,2,,Boma – Pochala,,
37,2025-05-15,Bor,Gadiang,partially passable,1,,Bor – Gadiang,20MT,
38,2025-05-15,Bor,Baidit,partially passable,1,,Bor – Baidit,20MT,
39,2025-05-15,Pengko,Manyabol,partially passable,1,,Pengko – Manyabol,Specialized Trucks,
40,2025-05-15,Baidit,Duk Padiet,partially passable,1,Mabior,Baidit – Mabior – Duk Padiet,20MT,
41,2025-05-15,Gadiang,Akobo,impassable,2,,Gadiang – Akobo,,
42,2025-05-15,Juba,Lafon,impassable,2,,Juba – Lafon,,
43,2025-05-15,Adar,Mathiang,passable,0,,Adar – Mathiang,40MT,
44,2025-05-15,Maper (Lakes),Dablual,impassable,2,,Maper (Lakes) – Dablual,,
45,2025-05-15,Akobo,Kaikuny,partially passable,1,,Akobo – Kainuny,20MT,
46,2025-05-15,Motot,Lankien,partially passable,1,,Motot – Lankein,20MT,
47,2025-05-15,Wau,Deim Zubeir,partially passable,1,,Wau – Deim Zubeir,20MT,
48,2025-05-15,Wau,Tambura,partially passable,1,,Wau – Tambura,20MT,
49,2025-05-15,Yirol,Shambe,partially passable,1,,Yirol – Shambe,20MT,
50,2025-05-15,Aluakluak,Yirol,partially passable,1,,Aluakluak - Yirol,20MT,
51,2025-05-15,Rumbek,Langdit,passable,0,,Rumbek - Langdit,40MT,
52,2025-05-15,Aluakluak,Rumbek,partially passable,1,,Aluakluak – Rumbek,20MT,
53,2025-05-15,Wunrok,Abiemnhom,passable,0,Turalei,Wunrok – Turalei – Abiemnhom,40MT,
54,2025-05-15,Kilo 30,Panakuach,passable,0,Roriak,Kilo 30 – Roriak – Panakuach,40MT,
55,2025-05-15,Ding Ding,Koch,impassable,2,,Ding ding - Koch,,
56,2025-05-15,Bentiu,Dhorbor,impassable,2,,Bentiu – Dhorbor,,
57,2025-05-15,Dhorbor,Guit,impassable,2,,Dhorbor – Guit,,
58,2025-05-15,Guit,Ding Ding,impassable,2,,Guit – Ding Ding,,
59,2025-05-15,Gumuruk,Pibor,partially passable,1,,Gumuruk – Pibor,Specialized Trucks,
60,2025-05-15,Bor,Pengko,partially passable,1,,Bor – Pengko,Specialized Trucks,
61,2025-05-15,Duk Padiet,Pajut,partially passable,1,,Duk Padiat – Pajut,20MT,
62,2025-05-15,Yuai,Karam,partially passable,1,Pathai,Yaui – Pathai – Karam,20MT,
63,2025-05-15,Yuai,Motot,partially passable,1,Pieri,Yaui – Pieri – Motot,20MT,
64,2025-05-15,Yuai,Pajut,partially passable,1,,Yaui – Pajut,20MT,
65,2025-05-15,Wulu,Rumbek,passable,0,,Wulu – Rumbek,40MT,
66,2025-05-15,Pibor,Likuangole,partially passable,1,,Pibor – Likuangole,Specialized Trucks,
67,2025-05-15,Mingkaman,Yirol,partially passable,1,,Mingkaman – Yirol,20MT,
68,2025-05-15,Yambio,Tambura,passable,0,,Yambio – Tambura,40MT,
69,2025-05-15,Juba,Mundri,passable,0,,Juba – Mundri,40MT,
70,2025-05-15,Kodok,Paloich,passable,0,,Kodok – Paloich,40MT,
71,2025-05-15,Malakal,Kodok,passable,0,,Malakal – Kodok,40MT,
72,2025-05-15,Thar Kueng,Kuajok,passable,0,,Thar Kueng - Kuajok,40MT,
73,2025-05-15,Bentiu,Guit,passable,0,,Bentiu – Guit,40MT,
74,2025-05-15,Duk Padiet,Ayod,passable,0,,Duk Padiet – Ayod,40MT,
75,2025-05-15,Guit,Mirmir,passable,0,,Guit – Mir mir,40MT,
76,2025-05-15,Raja,Chandoy/Dolo2,passable,0,,Raja – Chandoy/Dolo2,40MT,
77,2025-05-15,Mundri,Maridi,passable,0,,Mundri - Maridi,40MT,
78,2025-05-15,Torit,Kapoeta,partially passable,1,,Torit – Kapoeta,20MT,
79,2025-05-15,Mayendit,Mirmir,passable,0,Rupkuai,Mayendit – Rupkuai – Mir mir,40MT,
80,2025-05-15,Mirmir,Leer,passable,0,,Mirmir – Leer,40MT,
81,2025-05-15,Mankien,Mayom,impassable,2,,Mankien - Mayom,,
82,2025-05-15,Ajak Kuac,Mankien,impassable,2,,Ajak Kuac – Mankien,,
83,2025-05-15,Ayod,Pathai,partially passable,1,,Ayod – Pathai,20MT,
84,2025-05-15,Nyandit,Kiech Kon,impassable,2,,Nyandit - Kiech Kon,,
85,2025-05-15,Paloich,Jemaam,passable,0,Adar,Paloich – Adar – Jemaam,40MT,
86,2025-05-15,New Fangak,Kuernyang,impassable,2,,New Fangak – Kuernyang,,
87,2025-05-15,Paguir,Keew,impassable,2,,Paguir – Keew,,
88,2025-05-15,Baliet,Kiech Kon,impassable,2,Akwot,Baliet – Akwot – Kiech kon,,
89,2025-05-15,Wunrok,Gogrial,passable,0,,Wunrok – Gogrial,40MT,
90,2025-05-15,Deim Zubeir,Raja,partially passable,1,,Dim Zubeir – Raja,20MT,
91,2025-05-15,Aweil,Yith Pabol,impassable,2,,Aweil – Yith Pabol,,
92,2025-05-15,Kapoeta,Narus,passable,0,,Kapoeta – Narus,40MT,
93,2025-05-15,Melut,Paloich,passable,0,,Melut – Paloich,40MT,
94,2025-05-15,Wunrok,Abyei,passable,0,,Wunrok – Abyei,40MT,
95,2025-05-15,Gogrial,Kuajok,passable,0,,Gogrial – Kuajok,40MT,
96,2025-05-15,Bentiu,Nhialdiu,impassable,2,,Bentiu – Nhialdiu,,
97,2025-05-15,Aluakluak,Mvolo,partially passable,1,,Aluakluak - Mvolo,20MT,
98,2025-05-15,Kilo 30,Manga Port,passable,0,,Kilo 30 – Manga Port,40MT,
99,2025-05-15,Gossinga,Raja,impassable,2,,Gossinga – Raja,,
100,2025-05-15,Gossinga,Raja,partially passable,1,Kapalala,Gossinga – Kapalala – Raja,20MT,
101,2025-05-15,Nyal,Ganyiel,impassable,2,,Nyal – Ganyiel,,
102,2025-05-15,Manyabol,Gadiang,impassable,2,,Manyabol – Gadiang,,
103,2025-05-15,Manyabol,Gumuruk,partially passable,1,,Manyabol – Gumuruk,Specialized Trucks,
104,2025-05-15,Vertet,Labarab,impassable,2,,Vertet – Labarab,,
105,2025-05-15,Boma,Maruwa,impassable,2,,Boma – Maruwa,,
106,2025-05-15,Boma,Labarab,impassable,2,,Boma - Labarab,,
107,2025-05-15,Pibor,Vertet,impassable,2,,Pibor – Verthet,,
108,2025-05-15,Aduel,Amok Piny,partially passable,1,,Aduel – Amok Piny,Specialized Trucks,
109,2025-05-15,Lankien,Pading,passable,0,Nyambor,Lankien – Nyambor – Pading,40MT,
110,2025-05-15,Nyambor,Karam,partially passable,1,Pading,Nyambor – Pading – Karam,20MT,
111,2025-05-15,Pajut,Payuel,partially passable,1,,Pajut – Payuel,20MT,
112,2025-05-15,Aweil,Gogrial,partially passable,1,Akun,Aweil – Akun – Gogrial,20MT,
113,2025-05-15,Kapoeta,Chukudum,passable,0,,Kapoeta – Chukudum,40MT,
114,2025-05-15,Diabio,Ezo,passable,0,,Diabio – Ezo,40MT,
115,2025-05-15,Mvolo,Wulu,passable,0,,Mvolo – Wullu,40MT,
116,2025-05-15,Aluakluak,Mapuordit,partially passable,1,,Aluakluak - Mapuordit,20MT,
117,2025-05-15,Narus,Nadapal,passable,0,,Narus – Nadapal,40MT,
118,2025-05-15,Bentiu,Kilo 30,passable,0,,Bentiu – Kilo30,40MT,
119,2025-05-15,Gadiang,Yuai,partially passable,1,,Gadiang – Yuai,20MT,
120,2025-05-15,Pathai,Fatuet,partially passable,1,,Pathai – Fatuet,20MT,
121,2025-05-15,Walgak,Kaikuny,partially passable,1,,Walgak – Kaikuny,20MT,
122,2025-05-15,Yuai,Walgak,partially passable,1,Motot; Waat,Yuai – Motot – Waat – Walgak,20MT,
123,2025-05-15,Kuron,Boma,impassable,2,,Kuron – Boma,,
124,2025-05-15,Kapoeta,Kassangor,partially passable,1,,Kapoeta – Kassangor,20MT,
125,2025-05-15,Rumbek,Maper (Lakes),impassable,2,,Rumbek – Maper (Lakes),,
126,2025-05-15,Maruwa,Labarab,impassable,2,,Maruwa – Labarab,,
127,2025-05-15,Koch,Mirmir,passable,0,,Koch – Mirmir,40MT,
128,2025-05-15,Adok,Leer,passable,0,Piling,Adok – Piling – Leer,40MT,
129,2025-05-15,Lainya,Yei,passable,0,,Lainya – Yei,40MT,
130,2025-05-15,Mathiang,Udier,passable,0,,Mathiang – Udier,40MT,
131,2025-05-15,Gadiang,Payuel,partially passable,1,,Gadiang – Payuel,20MT,
132,2025-05-15,Ayod,Mogok,passable,0,,Ayod – Mogok,40MT,
133,2025-05-15,Kaikang,Kilo 30,passable,0,Roriak; Mayom,(Kaikang – Roriak )(Mayom – Kilo 30),40MT,alternative road listed as two separate stretches: Kaikang–Roriak and Mayom–Kilo 30
134,2025-05-15,Pariang,Ajuong Thok,passable,0,,Pariang – Ajuong Thok,40MT,
135,2025-05-15,Lafon,Imehejek,partially passable,1,,Lafon – Imehejek,20MT,
136,2025-05-15,Mabior,Gadiang,partially passable,1,,Mabior – Gadiang,Specialized Trucks,
137,2025-05-15,Poktap,Payuel,partially passable,1,,Poktap – Payuel,Specialized Trucks,
138,2025-05-15,Panakuach,Pariang,partially passable,1,,Panakuach – Pariang,20MT,new road; first appears 2024-11-01
139,2025-05-15,Mabior,Kongor,impassable,2,,Mabior – Kongor,,
1,2025-05-22,Kilo 30,Pariang,passable,0,,Kilo 30 – Pariang,40MT,
2,2025-05-22,Gemeiza,Bor,impassable,2,,Gemeiza – Bor,,
3,2025-05-22,Yida,Pariang,passable,0,,Yida - Pariang,40MT,
4,2025-05-22,Juba,Nimule,passable,0,,Juba – Nimule,40MT,
5,2025-05-22,Juba,Torit,partially passable,1,,Juba – Torit,20MT,
6,2025-05-22,Juba,Mangalla,passable,0,,Juba – Mangalla,40MT,
7,2025-05-22,Malakal,Baliet,passable,0,,Malakal – Baliet,40MT,
8,2025-05-22,Paloich,Renk,passable,0,,Paloich – Renk,40MT,
9,2025-05-22,Adar,Maban,passable,0,Jemaam,Adar – Jemaam – Maban,40MT,
10,2025-05-22,Abyei,Abiemnhom,impassable,2,,Abyei – Abienhom,,
11,2025-05-22,Aweil,Gossinga,partially passable,1,,Aweil – Gossinga,20MT,
12,2025-05-22,Pathai,Walgak,partially passable,1,Motot,Pathai – Motot – Walgak,20MT,
13,2025-05-22,Juba,Lainya,passable,0,,Juba – Lainya,40MT,
14,2025-05-22,Maridi,Yambio,passable,0,,Maridi – Yambio,40MT,
15,2025-05-22,Juba,Kajo Keji,passable,0,,Juba – Kajo Keji,40MT,
16,2025-05-22,Juba,Terakeka,impassable,2,,Juba – Terakeka,,
17,2025-05-22,Narus,Kuron,partially passable,1,,Narus – Kuron,20MT,
18,2025-05-22,Mundri,Mvolo,passable,0,,Mundri - Mvolo,40MT,
19,2025-05-22,Mangalla,Gemeiza,passable,0,,Mangalla – Gemeiza,40MT,
20,2025-05-22,Mathiang,Maiwut,passable,0,,Mathiang – Maiwut,40MT,
21,2025-05-22,Tonj,Langdit,passable,0,,Tonj – Langdit,40MT,
22,2025-05-22,Terakeka,Mundri,passable,0,Tali,Terakeka – Tali – Mundri,40MT,
23,2025-05-22,Terakeka,Mingkaman,partially passable,1,,Terakeka – Mingkaman,20MT,
24,2025-05-22,Torit,Magwi,passable,0,,Torit – Magwi,40MT,
25,2025-05-22,Hiyala,Ikotos,passable,0,,Hiyala – Ikotos,40MT,
26,2025-05-22,Torit,Lafon,partially passable,1,,Torit – Lafon,20MT,
27,2025-05-22,Wau,Thar Kueng,passable,0,,Wau – Thar Kueng,40MT,
28,2025-05-22,Wau,Tonj,passable,0,,Wau – Tonj,40MT,
29,2025-05-22,Wau,Akuem,passable,0,Aweil,Wau – Aweil – Akuem,40MT,
30,2025-05-22,Likuangole,Akobo,partially passable,1,,Likuangole – Akobo,Specialized Trucks,
31,2025-05-22,Amok Piny,Madol,impassable,2,,Amok Piny – Madol,,
32,2025-05-22,Akwot,Nasser,impassable,2,,Akwot – Nasser,,
33,2025-05-22,Guit,Koch,impassable,2,,Guit – Koch,,
34,2025-05-22,Abiemnhom,Mayom,passable,0,,Abiemnhom – Mayom,40MT,
35,2025-05-22,Kilo 30,Kaikang,impassable,2,Tumor; Mayom,Kilo30 –Tumor – Mayom – Kaikang,,
36,2025-05-22,Boma,Pochala,impassable,2,,Boma – Pochala,,
37,2025-05-22,Bor,Gadiang,partially passable,1,,Bor – Gadiang,20MT,
38,2025-05-22,Bor,Baidit,partially passable,1,,Bor – Baidit,20MT,
39,2025-05-22,Pengko,Manyabol,partially passable,1,,Pengko – Manyabol,Specialized Trucks,
40,2025-05-22,Baidit,Duk Padiet,partially passable,1,Mabior,Baidit – Mabior – Duk Padiet,20MT,
41,2025-05-22,Gadiang,Akobo,impassable,2,,Gadiang – Akobo,,
42,2025-05-22,Juba,Lafon,impassable,2,,Juba – Lafon,,
43,2025-05-22,Adar,Mathiang,passable,0,,Adar – Mathiang,40MT,
44,2025-05-22,Maper (Lakes),Dablual,impassable,2,,Maper (Lakes) – Dablual,,
45,2025-05-22,Akobo,Kaikuny,impassable,2,,Akobo – Kainuny,,
46,2025-05-22,Motot,Lankien,partially passable,1,,Motot – Lankein,20MT,
47,2025-05-22,Wau,Deim Zubeir,partially passable,1,,Wau – Deim Zubeir,20MT,
48,2025-05-22,Wau,Tambura,partially passable,1,,Wau – Tambura,20MT,
49,2025-05-22,Yirol,Shambe,partially passable,1,,Yirol – Shambe,20MT,
50,2025-05-22,Aluakluak,Yirol,partially passable,1,,Aluakluak - Yirol,20MT,
51,2025-05-22,Rumbek,Langdit,passable,0,,Rumbek - Langdit,40MT,
52,2025-05-22,Aluakluak,Rumbek,partially passable,1,,Aluakluak – Rumbek,20MT,
53,2025-05-22,Wunrok,Abiemnhom,passable,0,Turalei,Wunrok – Turalei – Abiemnhom,40MT,
54,2025-05-22,Kilo 30,Panakuach,passable,0,Roriak,Kilo 30 – Roriak – Panakuach,40MT,
55,2025-05-22,Ding Ding,Koch,impassable,2,,Ding ding - Koch,,
56,2025-05-22,Bentiu,Dhorbor,impassable,2,,Bentiu – Dhorbor,,
57,2025-05-22,Dhorbor,Guit,impassable,2,,Dhorbor – Guit,,
58,2025-05-22,Guit,Ding Ding,impassable,2,,Guit – Ding Ding,,
59,2025-05-22,Gumuruk,Pibor,partially passable,1,,Gumuruk – Pibor,Specialized Trucks,
60,2025-05-22,Bor,Pengko,partially passable,1,,Bor – Pengko,Specialized Trucks,
61,2025-05-22,Duk Padiet,Pajut,partially passable,1,,Duk Padiat – Pajut,20MT,
62,2025-05-22,Yuai,Karam,partially passable,1,Pathai,Yaui – Pathai – Karam,20MT,
63,2025-05-22,Yuai,Motot,partially passable,1,Pieri,Yaui – Pieri – Motot,20MT,
64,2025-05-22,Yuai,Pajut,partially passable,1,,Yaui – Pajut,20MT,
65,2025-05-22,Wulu,Rumbek,passable,0,,Wulu – Rumbek,40MT,
66,2025-05-22,Pibor,Likuangole,partially passable,1,,Pibor – Likuangole,Specialized Trucks,
67,2025-05-22,Mingkaman,Yirol,partially passable,1,,Mingkaman – Yirol,20MT,
68,2025-05-22,Yambio,Tambura,passable,0,,Yambio – Tambura,40MT,
69,2025-05-22,Juba,Mundri,passable,0,,Juba – Mundri,40MT,
70,2025-05-22,Kodok,Paloich,passable,0,,Kodok – Paloich,40MT,
71,2025-05-22,Malakal,Kodok,passable,0,,Malakal – Kodok,40MT,
72,2025-05-22,Thar Kueng,Kuajok,passable,0,,Thar Kueng - Kuajok,40MT,
73,2025-05-22,Bentiu,Guit,passable,0,,Bentiu – Guit,40MT,
74,2025-05-22,Duk Padiet,Ayod,passable,0,,Duk Padiet – Ayod,40MT,
75,2025-05-22,Guit,Mirmir,passable,0,,Guit – Mir mir,40MT,
76,2025-05-22,Raja,Chandoy/Dolo2,passable,0,,Raja – Chandoy/Dolo2,40MT,
77,2025-05-22,Mundri,Maridi,passable,0,,Mundri - Maridi,40MT,
78,2025-05-22,Torit,Kapoeta,partially passable,1,,Torit – Kapoeta,20MT,
79,2025-05-22,Mayendit,Mirmir,passable,0,Rupkuai,Mayendit – Rupkuai – Mir mir,40MT,
80,2025-05-22,Mirmir,Leer,passable,0,,Mirmir – Leer,40MT,
81,2025-05-22,Mankien,Mayom,impassable,2,,Mankien - Mayom,,
82,2025-05-22,Ajak Kuac,Mankien,impassable,2,,Ajak Kuac – Mankien,,
83,2025-05-22,Ayod,Pathai,partially passable,1,,Ayod – Pathai,20MT,
84,2025-05-22,Nyandit,Kiech Kon,impassable,2,,Nyandit - Kiech Kon,,
85,2025-05-22,Paloich,Jemaam,passable,0,Adar,Paloich – Adar – Jemaam,40MT,
86,2025-05-22,New Fangak,Kuernyang,impassable,2,,New Fangak – Kuernyang,,
87,2025-05-22,Paguir,Keew,impassable,2,,Paguir – Keew,,
88,2025-05-22,Baliet,Kiech Kon,impassable,2,Akwot,Baliet – Akwot – Kiech kon,,
89,2025-05-22,Wunrok,Gogrial,passable,0,,Wunrok – Gogrial,40MT,
90,2025-05-22,Deim Zubeir,Raja,partially passable,1,,Dim Zubeir – Raja,20MT,
91,2025-05-22,Aweil,Yith Pabol,impassable,2,,Aweil – Yith Pabol,,
92,2025-05-22,Kapoeta,Narus,passable,0,,Kapoeta – Narus,40MT,
93,2025-05-22,Melut,Paloich,passable,0,,Melut – Paloich,40MT,
94,2025-05-22,Wunrok,Abyei,passable,0,,Wunrok – Abyei,40MT,
95,2025-05-22,Gogrial,Kuajok,passable,0,,Gogrial – Kuajok,40MT,
96,2025-05-22,Bentiu,Nhialdiu,impassable,2,,Bentiu – Nhialdiu,,
97,2025-05-22,Aluakluak,Mvolo,partially passable,1,,Aluakluak - Mvolo,20MT,
98,2025-05-22,Kilo 30,Manga Port,passable,0,,Kilo 30 – Manga Port,40MT,
99,2025-05-22,Gossinga,Raja,impassable,2,,Gossinga – Raja,,
100,2025-05-22,Gossinga,Raja,partially passable,1,Kapalala,Gossinga – Kapalala – Raja,20MT,
101,2025-05-22,Nyal,Ganyiel,impassable,2,,Nyal – Ganyiel,,
102,2025-05-22,Manyabol,Gadiang,impassable,2,,Manyabol – Gadiang,,
103,2025-05-22,Manyabol,Gumuruk,partially passable,1,,Manyabol – Gumuruk,Specialized Trucks,
104,2025-05-22,Vertet,Labarab,impassable,2,,Vertet – Labarab,,"ID printed as 103 on this map (typo – 103 is Manyabol – Gumuruk), recorded as 104"
105,2025-05-22,Boma,Maruwa,impassable,2,,Boma – Maruwa,,
106,2025-05-22,Boma,Labarab,impassable,2,,Boma - Labarab,,
107,2025-05-22,Pibor,Vertet,impassable,2,,Pibor – Verthet,,
108,2025-05-22,Aduel,Amok Piny,partially passable,1,,Aduel – Amok Piny,Specialized Trucks,
109,2025-05-22,Lankien,Pading,passable,0,Nyambor,Lankien – Nyambor – Pading,40MT,
110,2025-05-22,Nyambor,Karam,partially passable,1,Pading,Nyambor – Pading – Karam,20MT,
111,2025-05-22,Pajut,Payuel,partially passable,1,,Pajut – Payuel,20MT,
112,2025-05-22,Aweil,Gogrial,partially passable,1,Akun,Aweil – Akun – Gogrial,20MT,
113,2025-05-22,Kapoeta,Chukudum,passable,0,,Kapoeta – Chukudum,40MT,
114,2025-05-22,Diabio,Ezo,passable,0,,Diabio – Ezo,40MT,
115,2025-05-22,Mvolo,Wulu,passable,0,,Mvolo – Wullu,40MT,
116,2025-05-22,Aluakluak,Mapuordit,partially passable,1,,Aluakluak - Mapuordit,20MT,
117,2025-05-22,Narus,Nadapal,passable,0,,Narus – Nadapal,40MT,
118,2025-05-22,Bentiu,Kilo 30,passable,0,,Bentiu – Kilo30,40MT,
119,2025-05-22,Gadiang,Yuai,partially passable,1,,Gadiang – Yuai,20MT,
120,2025-05-22,Pathai,Fatuet,partially passable,1,,Pathai – Fatuet,20MT,
121,2025-05-22,Walgak,Kaikuny,impassable,2,,Walgak – Kaikuny,,
122,2025-05-22,Yuai,Walgak,partially passable,1,Motot; Waat,Yuai – Motot – Waat – Walgak,20MT,
123,2025-05-22,Kuron,Boma,impassable,2,,Kuron – Boma,,
124,2025-05-22,Kapoeta,Kassangor,partially passable,1,,Kapoeta – Kassangor,20MT,
125,2025-05-22,Rumbek,Maper (Lakes),impassable,2,,Rumbek – Maper (Lakes),,
126,2025-05-22,Maruwa,Labarab,impassable,2,,Maruwa – Labarab,,
127,2025-05-22,Koch,Mirmir,passable,0,,Koch – Mirmir,40MT,
128,2025-05-22,Adok,Leer,passable,0,Piling,Adok – Piling – Leer,40MT,
129,2025-05-22,Lainya,Yei,passable,0,,Lainya – Yei,40MT,
130,2025-05-22,Mathiang,Udier,passable,0,,Mathiang – Udier,40MT,
131,2025-05-22,Gadiang,Payuel,partially passable,1,,Gadiang – Payuel,20MT,
132,2025-05-22,Ayod,Mogok,passable,0,,Ayod – Mogok,40MT,
133,2025-05-22,Kaikang,Kilo 30,passable,0,Roriak; Mayom,(Kaikang – Roriak )(Mayom – Kilo 30),40MT,alternative road listed as two separate stretches: Kaikang–Roriak and Mayom–Kilo 30
134,2025-05-22,Pariang,Ajuong Thok,passable,0,,Pariang – Ajuong Thok,40MT,
135,2025-05-22,Lafon,Imehejek,partially passable,1,,Lafon – Imehejek,20MT,
136,2025-05-22,Mabior,Gadiang,partially passable,1,,Mabior – Gadiang,Specialized Trucks,
137,2025-05-22,Poktap,Payuel,partially passable,1,,Poktap – Payuel,Specialized Trucks,
138,2025-05-22,Panakuach,Pariang,partially passable,1,,Panakuach – Pariang,20MT,new road; first appears 2024-11-01
139,2025-05-22,Mabior,Kongor,impassable,2,,Mabior – Kongor,,
1,2025-05-30,Kilo 30,Pariang,passable,0,,Kilo 30 – Pariang,40MT,
2,2025-05-30,Gemeiza,Bor,impassable,2,,Gemeiza – Bor,,
3,2025-05-30,Yida,Pariang,passable,0,,Yida - Pariang,40MT,
4,2025-05-30,Juba,Nimule,passable,0,,Juba – Nimule,40MT,
5,2025-05-30,Juba,Torit,partially passable,1,,Juba – Torit,20MT,
6,2025-05-30,Juba,Mangalla,passable,0,,Juba – Mangalla,40MT,
7,2025-05-30,Malakal,Baliet,passable,0,,Malakal – Baliet,40MT,
8,2025-05-30,Paloich,Renk,passable,0,,Paloich – Renk,40MT,
9,2025-05-30,Adar,Maban,passable,0,Jemaam,Adar – Jemaam – Maban,40MT,
10,2025-05-30,Abyei,Abiemnhom,impassable,2,,Abyei – Abienhom,,
11,2025-05-30,Aweil,Gossinga,partially passable,1,,Aweil – Gossinga,20MT,
12,2025-05-30,Pathai,Walgak,partially passable,1,Motot,Pathai – Motot – Walgak,20MT,
13,2025-05-30,Juba,Lainya,passable,0,,Juba – Lainya,40MT,
14,2025-05-30,Maridi,Yambio,passable,0,,Maridi – Yambio,40MT,
15,2025-05-30,Juba,Kajo Keji,passable,0,,Juba – Kajo Keji,40MT,
16,2025-05-30,Juba,Terakeka,impassable,2,,Juba – Terakeka,,
17,2025-05-30,Narus,Kuron,partially passable,1,,Narus – Kuron,20MT,
18,2025-05-30,Mundri,Mvolo,passable,0,,Mundri - Mvolo,40MT,
19,2025-05-30,Mangalla,Gemeiza,passable,0,,Mangalla – Gemeiza,40MT,
20,2025-05-30,Mathiang,Maiwut,passable,0,,Mathiang – Maiwut,40MT,
21,2025-05-30,Tonj,Langdit,passable,0,,Tonj – Langdit,40MT,
22,2025-05-30,Terakeka,Mundri,passable,0,Tali,Terakeka – Tali – Mundri,40MT,
23,2025-05-30,Terakeka,Mingkaman,partially passable,1,,Terakeka – Mingkaman,20MT,
24,2025-05-30,Torit,Magwi,passable,0,,Torit – Magwi,40MT,
25,2025-05-30,Hiyala,Ikotos,passable,0,,Hiyala – Ikotos,40MT,
26,2025-05-30,Torit,Lafon,partially passable,1,,Torit – Lafon,20MT,
27,2025-05-30,Wau,Thar Kueng,passable,0,,Wau – Thar Kueng,40MT,
28,2025-05-30,Wau,Tonj,passable,0,,Wau – Tonj,40MT,
29,2025-05-30,Wau,Akuem,passable,0,Aweil,Wau – Aweil – Akuem,40MT,
30,2025-05-30,Likuangole,Akobo,partially passable,1,,Likuangole – Akobo,Specialized Trucks,
31,2025-05-30,Amok Piny,Madol,impassable,2,,Amok Piny – Madol,,
32,2025-05-30,Akwot,Nasser,impassable,2,,Akwot – Nasser,,
33,2025-05-30,Guit,Koch,impassable,2,,Guit – Koch,,
34,2025-05-30,Abiemnhom,Mayom,passable,0,,Abiemnhom – Mayom,40MT,
35,2025-05-30,Kilo 30,Kaikang,impassable,2,Tumor; Mayom,Kilo30 –Tumor – Mayom – Kaikang,,
36,2025-05-30,Boma,Pochala,impassable,2,,Boma – Pochala,,
37,2025-05-30,Bor,Gadiang,partially passable,1,,Bor – Gadiang,20MT,
38,2025-05-30,Bor,Baidit,partially passable,1,,Bor – Baidit,20MT,
39,2025-05-30,Pengko,Manyabol,partially passable,1,,Pengko – Manyabol,Specialized Trucks,
40,2025-05-30,Baidit,Duk Padiet,partially passable,1,Mabior,Baidit – Mabior – Duk Padiet,20MT,
41,2025-05-30,Gadiang,Akobo,impassable,2,,Gadiang – Akobo,,
42,2025-05-30,Juba,Lafon,impassable,2,,Juba – Lafon,,
43,2025-05-30,Adar,Mathiang,passable,0,,Adar – Mathiang,40MT,
44,2025-05-30,Maper (Lakes),Dablual,impassable,2,,Maper (Lakes) – Dablual,,
45,2025-05-30,Akobo,Kaikuny,impassable,2,,Akobo – Kainuny,,
46,2025-05-30,Motot,Lankien,partially passable,1,,Motot – Lankein,20MT,
47,2025-05-30,Wau,Deim Zubeir,partially passable,1,,Wau – Deim Zubeir,20MT,
48,2025-05-30,Wau,Tambura,partially passable,1,,Wau – Tambura,20MT,
49,2025-05-30,Yirol,Shambe,partially passable,1,,Yirol – Shambe,20MT,
50,2025-05-30,Aluakluak,Yirol,partially passable,1,,Aluakluak - Yirol,20MT,
51,2025-05-30,Rumbek,Langdit,passable,0,,Rumbek - Langdit,40MT,
52,2025-05-30,Aluakluak,Rumbek,partially passable,1,,Aluakluak – Rumbek,20MT,
53,2025-05-30,Wunrok,Abiemnhom,passable,0,Turalei,Wunrok – Turalei – Abiemnhom,40MT,
54,2025-05-30,Kilo 30,Panakuach,passable,0,Roriak,Kilo 30 – Roriak – Panakuach,40MT,
55,2025-05-30,Ding Ding,Koch,impassable,2,,Ding ding - Koch,,
56,2025-05-30,Bentiu,Dhorbor,impassable,2,,Bentiu – Dhorbor,,
57,2025-05-30,Dhorbor,Guit,impassable,2,,Dhorbor – Guit,,
58,2025-05-30,Guit,Ding Ding,impassable,2,,Guit – Ding Ding,,
59,2025-05-30,Gumuruk,Pibor,partially passable,1,,Gumuruk – Pibor,Specialized Trucks,
60,2025-05-30,Bor,Pengko,partially passable,1,,Bor – Pengko,Specialized Trucks,
61,2025-05-30,Duk Padiet,Pajut,partially passable,1,,Duk Padiat – Pajut,20MT,
62,2025-05-30,Yuai,Karam,partially passable,1,Pathai,Yaui – Pathai – Karam,20MT,
63,2025-05-30,Yuai,Motot,partially passable,1,Pieri,Yaui – Pieri – Motot,20MT,
64,2025-05-30,Yuai,Pajut,partially passable,1,,Yaui – Pajut,20MT,
65,2025-05-30,Wulu,Rumbek,passable,0,,Wulu – Rumbek,40MT,
66,2025-05-30,Pibor,Likuangole,partially passable,1,,Pibor – Likuangole,Specialized Trucks,
67,2025-05-30,Mingkaman,Yirol,partially passable,1,,Mingkaman – Yirol,20MT,
68,2025-05-30,Yambio,Tambura,passable,0,,Yambio – Tambura,40MT,
69,2025-05-30,Juba,Mundri,passable,0,,Juba – Mundri,40MT,
70,2025-05-30,Kodok,Paloich,passable,0,,Kodok – Paloich,40MT,
71,2025-05-30,Malakal,Kodok,passable,0,,Malakal – Kodok,40MT,
72,2025-05-30,Thar Kueng,Kuajok,passable,0,,Thar Kueng - Kuajok,40MT,
73,2025-05-30,Bentiu,Guit,passable,0,,Bentiu – Guit,40MT,
74,2025-05-30,Duk Padiet,Ayod,passable,0,,Duk Padiet – Ayod,40MT,
75,2025-05-30,Guit,Mirmir,passable,0,,Guit – Mir mir,40MT,
76,2025-05-30,Raja,Chandoy/Dolo2,passable,0,,Raja – Chandoy/Dolo2,40MT,
77,2025-05-30,Mundri,Maridi,passable,0,,Mundri - Maridi,40MT,
78,2025-05-30,Torit,Kapoeta,partially passable,1,,Torit – Kapoeta,20MT,
79,2025-05-30,Mayendit,Mirmir,passable,0,Rupkuai,Mayendit – Rupkuai – Mir mir,40MT,
80,2025-05-30,Mirmir,Leer,passable,0,,Mirmir – Leer,40MT,
81,2025-05-30,Mankien,Mayom,impassable,2,,Mankien - Mayom,,
82,2025-05-30,Ajak Kuac,Mankien,impassable,2,,Ajak Kuac – Mankien,,
83,2025-05-30,Ayod,Pathai,partially passable,1,,Ayod – Pathai,20MT,
84,2025-05-30,Nyandit,Kiech Kon,impassable,2,,Nyandit - Kiech Kon,,
85,2025-05-30,Paloich,Jemaam,passable,0,Adar,Paloich – Adar – Jemaam,40MT,
86,2025-05-30,New Fangak,Kuernyang,impassable,2,,New Fangak – Kuernyang,,
87,2025-05-30,Paguir,Keew,impassable,2,,Paguir – Keew,,
88,2025-05-30,Baliet,Kiech Kon,impassable,2,Akwot,Baliet – Akwot – Kiech kon,,
89,2025-05-30,Wunrok,Gogrial,passable,0,,Wunrok – Gogrial,40MT,
90,2025-05-30,Deim Zubeir,Raja,partially passable,1,,Dim Zubeir – Raja,20MT,
91,2025-05-30,Aweil,Yith Pabol,impassable,2,,Aweil – Yith Pabol,,
92,2025-05-30,Kapoeta,Narus,passable,0,,Kapoeta – Narus,40MT,
93,2025-05-30,Melut,Paloich,passable,0,,Melut – Paloich,40MT,
94,2025-05-30,Wunrok,Abyei,passable,0,,Wunrok – Abyei,40MT,
95,2025-05-30,Gogrial,Kuajok,passable,0,,Gogrial – Kuajok,40MT,
96,2025-05-30,Bentiu,Nhialdiu,impassable,2,,Bentiu – Nhialdiu,,
97,2025-05-30,Aluakluak,Mvolo,partially passable,1,,Aluakluak - Mvolo,20MT,
98,2025-05-30,Kilo 30,Manga Port,passable,0,,Kilo 30 – Manga Port,40MT,
99,2025-05-30,Gossinga,Raja,impassable,2,,Gossinga – Raja,,
100,2025-05-30,Gossinga,Raja,partially passable,1,Kapalala,Gossinga – Kapalala – Raja,20MT,
101,2025-05-30,Nyal,Ganyiel,impassable,2,,Nyal – Ganyiel,,
102,2025-05-30,Manyabol,Gadiang,impassable,2,,Manyabol – Gadiang,,
103,2025-05-30,Manyabol,Gumuruk,partially passable,1,,Manyabol – Gumuruk,Specialized Trucks,
104,2025-05-30,Vertet,Labarab,impassable,2,,Vertet – Labarab,,"ID printed as 103 on this map (typo – 103 is Manyabol – Gumuruk), recorded as 104"
105,2025-05-30,Boma,Maruwa,impassable,2,,Boma – Maruwa,,
106,2025-05-30,Boma,Labarab,impassable,2,,Boma - Labarab,,
107,2025-05-30,Pibor,Vertet,impassable,2,,Pibor – Verthet,,
108,2025-05-30,Aduel,Amok Piny,partially passable,1,,Aduel – Amok Piny,Specialized Trucks,
109,2025-05-30,Lankien,Pading,passable,0,Nyambor,Lankien – Nyambor – Pading,40MT,
110,2025-05-30,Nyambor,Karam,partially passable,1,Pading,Nyambor – Pading – Karam,20MT,
111,2025-05-30,Pajut,Payuel,partially passable,1,,Pajut – Payuel,20MT,
112,2025-05-30,Aweil,Gogrial,partially passable,1,Akun,Aweil – Akun – Gogrial,20MT,
113,2025-05-30,Kapoeta,Chukudum,passable,0,,Kapoeta – Chukudum,40MT,
114,2025-05-30,Diabio,Ezo,passable,0,,Diabio – Ezo,40MT,
115,2025-05-30,Mvolo,Wulu,passable,0,,Mvolo – Wullu,40MT,
116,2025-05-30,Aluakluak,Mapuordit,partially passable,1,,Aluakluak - Mapuordit,20MT,
117,2025-05-30,Narus,Nadapal,passable,0,,Narus – Nadapal,40MT,
118,2025-05-30,Bentiu,Kilo 30,passable,0,,Bentiu – Kilo30,40MT,
119,2025-05-30,Gadiang,Yuai,partially passable,1,,Gadiang – Yuai,20MT,
120,2025-05-30,Pathai,Fatuet,partially passable,1,,Pathai – Fatuet,20MT,
121,2025-05-30,Walgak,Kaikuny,impassable,2,,Walgak – Kaikuny,,
122,2025-05-30,Yuai,Walgak,partially passable,1,Motot; Waat,Yuai – Motot – Waat – Walgak,20MT,
123,2025-05-30,Kuron,Boma,impassable,2,,Kuron – Boma,,
124,2025-05-30,Kapoeta,Kassangor,partially passable,1,,Kapoeta – Kassangor,20MT,
125,2025-05-30,Rumbek,Maper (Lakes),impassable,2,,Rumbek – Maper (Lakes),,
126,2025-05-30,Maruwa,Labarab,impassable,2,,Maruwa – Labarab,,
127,2025-05-30,Koch,Mirmir,passable,0,,Koch – Mirmir,40MT,
128,2025-05-30,Adok,Leer,passable,0,Piling,Adok – Piling – Leer,40MT,
129,2025-05-30,Lainya,Yei,passable,0,,Lainya – Yei,40MT,
130,2025-05-30,Mathiang,Udier,passable,0,,Mathiang – Udier,40MT,
131,2025-05-30,Gadiang,Payuel,partially passable,1,,Gadiang – Payuel,20MT,
132,2025-05-30,Ayod,Mogok,passable,0,,Ayod – Mogok,40MT,
133,2025-05-30,Kaikang,Kilo 30,passable,0,Roriak; Mayom,(Kaikang – Roriak )(Mayom – Kilo 30),40MT,alternative road listed as two separate stretches: Kaikang–Roriak and Mayom–Kilo 30
134,2025-05-30,Pariang,Ajuong Thok,passable,0,,Pariang – Ajuong Thok,40MT,
135,2025-05-30,Lafon,Imehejek,partially passable,1,,Lafon – Imehejek,20MT,
136,2025-05-30,Mabior,Gadiang,partially passable,1,,Mabior – Gadiang,Specialized Trucks,
137,2025-05-30,Poktap,Payuel,partially passable,1,,Poktap – Payuel,Specialized Trucks,
138,2025-05-30,Panakuach,Pariang,partially passable,1,,Panakuach – Pariang,20MT,new road; first appears 2024-11-01
139,2025-05-30,Mabior,Kongor,impassable,2,,Mabior – Kongor,,
1,2025-06-05,Kilo 30,Pariang,passable,0,,Kilo 30 – Pariang,40MT,
2,2025-06-05,Gemeiza,Bor,impassable,2,,Gemeiza – Bor,,
3,2025-06-05,Yida,Pariang,passable,0,,Yida - Pariang,40MT,
4,2025-06-05,Juba,Nimule,passable,0,,Juba – Nimule,40MT,
5,2025-06-05,Juba,Torit,partially passable,1,,Juba – Torit,20MT,
6,2025-06-05,Juba,Mangalla,passable,0,,Juba – Mangalla,40MT,
7,2025-06-05,Malakal,Baliet,impassable,2,,Malakal – Baliet,,
8,2025-06-05,Paloich,Renk,passable,0,,Paloich – Renk,40MT,
9,2025-06-05,Adar,Maban,passable,0,Jemaam,Adar – Jemaam – Maban,40MT,
10,2025-06-05,Abyei,Abiemnhom,impassable,2,,Abyei – Abienhom,,
11,2025-06-05,Aweil,Gossinga,partially passable,1,,Aweil – Gossinga,20MT,
12,2025-06-05,Pathai,Walgak,partially passable,1,Motot,Pathai – Motot – Walgak,20MT,
13,2025-06-05,Juba,Lainya,passable,0,,Juba – Lainya,40MT,
14,2025-06-05,Maridi,Yambio,passable,0,,Maridi – Yambio,40MT,
15,2025-06-05,Juba,Kajo Keji,passable,0,,Juba – Kajo Keji,40MT,
16,2025-06-05,Juba,Terakeka,impassable,2,,Juba – Terakeka,,
17,2025-06-05,Narus,Kuron,partially passable,1,,Narus – Kuron,20MT,
18,2025-06-05,Mundri,Mvolo,passable,0,,Mundri - Mvolo,40MT,
19,2025-06-05,Mangalla,Gemeiza,passable,0,,Mangalla – Gemeiza,40MT,
20,2025-06-05,Mathiang,Maiwut,passable,0,,Mathiang – Maiwut,40MT,
21,2025-06-05,Tonj,Langdit,passable,0,,Tonj – Langdit,40MT,
22,2025-06-05,Terakeka,Mundri,passable,0,Tali,Terakeka – Tali – Mundri,40MT,
23,2025-06-05,Terakeka,Mingkaman,partially passable,1,,Terakeka – Mingkaman,20MT,
24,2025-06-05,Torit,Magwi,passable,0,,Torit – Magwi,40MT,
25,2025-06-05,Hiyala,Ikotos,passable,0,,Hiyala – Ikotos,40MT,
26,2025-06-05,Torit,Lafon,partially passable,1,,Torit – Lafon,20MT,
27,2025-06-05,Wau,Thar Kueng,passable,0,,Wau – Thar Kueng,40MT,
28,2025-06-05,Wau,Tonj,passable,0,,Wau – Tonj,40MT,
29,2025-06-05,Wau,Akuem,passable,0,Aweil,Wau – Aweil – Akuem,40MT,
30,2025-06-05,Likuangole,Akobo,partially passable,1,,Likuangole – Akobo,Specialized Trucks,
31,2025-06-05,Amok Piny,Madol,impassable,2,,Amok Piny – Madol,,
32,2025-06-05,Akwot,Nasser,impassable,2,,Akwot – Nasser,,
33,2025-06-05,Guit,Koch,impassable,2,,Guit – Koch,,
34,2025-06-05,Abiemnhom,Mayom,passable,0,,Abiemnhom – Mayom,40MT,
35,2025-06-05,Kilo 30,Kaikang,impassable,2,Tumor; Mayom,Kilo30 –Tumor – Mayom – Kaikang,,
36,2025-06-05,Boma,Pochala,impassable,2,,Boma – Pochala,,
37,2025-06-05,Bor,Gadiang,partially passable,1,,Bor – Gadiang,20MT,
38,2025-06-05,Bor,Baidit,partially passable,1,,Bor – Baidit,20MT,
39,2025-06-05,Pengko,Manyabol,partially passable,1,,Pengko – Manyabol,Specialized Trucks,
40,2025-06-05,Baidit,Duk Padiet,partially passable,1,Mabior,Baidit – Mabior – Duk Padiet,20MT,
41,2025-06-05,Gadiang,Akobo,impassable,2,,Gadiang – Akobo,,
42,2025-06-05,Juba,Lafon,impassable,2,,Juba – Lafon,,
43,2025-06-05,Adar,Mathiang,passable,0,,Adar – Mathiang,40MT,
44,2025-06-05,Maper (Lakes),Dablual,impassable,2,,Maper (Lakes) – Dablual,,
45,2025-06-05,Akobo,Kaikuny,impassable,2,,Akobo – Kainuny,,
46,2025-06-05,Motot,Lankien,partially passable,1,,Motot – Lankein,20MT,
47,2025-06-05,Wau,Deim Zubeir,partially passable,1,,Wau – Deim Zubeir,20MT,
48,2025-06-05,Wau,Tambura,partially passable,1,,Wau – Tambura,20MT,
49,2025-06-05,Yirol,Shambe,partially passable,1,,Yirol – Shambe,20MT,
50,2025-06-05,Aluakluak,Yirol,partially passable,1,,Aluakluak - Yirol,20MT,
51,2025-06-05,Rumbek,Langdit,passable,0,,Rumbek - Langdit,40MT,
52,2025-06-05,Aluakluak,Rumbek,partially passable,1,,Aluakluak – Rumbek,20MT,
53,2025-06-05,Wunrok,Abiemnhom,passable,0,Turalei,Wunrok – Turalei – Abiemnhom,40MT,
54,2025-06-05,Kilo 30,Panakuach,passable,0,Roriak,Kilo 30 – Roriak – Panakuach,40MT,
55,2025-06-05,Ding Ding,Koch,impassable,2,,Ding ding - Koch,,
56,2025-06-05,Bentiu,Dhorbor,impassable,2,,Bentiu – Dhorbor,,
57,2025-06-05,Dhorbor,Guit,impassable,2,,Dhorbor – Guit,,
58,2025-06-05,Guit,Ding Ding,impassable,2,,Guit – Ding Ding,,
59,2025-06-05,Gumuruk,Pibor,partially passable,1,,Gumuruk – Pibor,Specialized Trucks,
60,2025-06-05,Bor,Pengko,partially passable,1,,Bor – Pengko,Specialized Trucks,
61,2025-06-05,Duk Padiet,Pajut,partially passable,1,,Duk Padiat – Pajut,20MT,
62,2025-06-05,Yuai,Karam,partially passable,1,Pathai,Yaui – Pathai – Karam,20MT,
63,2025-06-05,Yuai,Motot,partially passable,1,Pieri,Yaui – Pieri – Motot,20MT,
64,2025-06-05,Yuai,Pajut,partially passable,1,,Yaui – Pajut,20MT,
65,2025-06-05,Wulu,Rumbek,passable,0,,Wulu – Rumbek,40MT,
66,2025-06-05,Pibor,Likuangole,partially passable,1,,Pibor – Likuangole,Specialized Trucks,
67,2025-06-05,Mingkaman,Yirol,partially passable,1,,Mingkaman – Yirol,20MT,
68,2025-06-05,Yambio,Tambura,passable,0,,Yambio – Tambura,40MT,
69,2025-06-05,Juba,Mundri,passable,0,,Juba – Mundri,40MT,
70,2025-06-05,Kodok,Paloich,passable,0,,Kodok – Paloich,40MT,
71,2025-06-05,Malakal,Kodok,passable,0,,Malakal – Kodok,40MT,
72,2025-06-05,Thar Kueng,Kuajok,passable,0,,Thar Kueng - Kuajok,40MT,
73,2025-06-05,Bentiu,Guit,passable,0,,Bentiu – Guit,40MT,
74,2025-06-05,Duk Padiet,Ayod,passable,0,,Duk Padiet – Ayod,40MT,
75,2025-06-05,Guit,Mirmir,passable,0,,Guit – Mir mir,40MT,
76,2025-06-05,Raja,Chandoy/Dolo2,passable,0,,Raja – Chandoy/Dolo2,40MT,
77,2025-06-05,Mundri,Maridi,passable,0,,Mundri - Maridi,40MT,
78,2025-06-05,Torit,Kapoeta,partially passable,1,,Torit – Kapoeta,20MT,
79,2025-06-05,Mayendit,Mirmir,passable,0,Rupkuai,Mayendit – Rupkuai – Mir mir,40MT,
80,2025-06-05,Mirmir,Leer,passable,0,,Mirmir – Leer,40MT,
81,2025-06-05,Mankien,Mayom,impassable,2,,Mankien - Mayom,,
82,2025-06-05,Ajak Kuac,Mankien,impassable,2,,Ajak Kuac – Mankien,,
83,2025-06-05,Ayod,Pathai,partially passable,1,,Ayod – Pathai,20MT,
84,2025-06-05,Nyandit,Kiech Kon,impassable,2,,Nyandit - Kiech Kon,,
85,2025-06-05,Paloich,Jemaam,passable,0,Adar,Paloich – Adar – Jemaam,40MT,
86,2025-06-05,New Fangak,Kuernyang,impassable,2,,New Fangak – Kuernyang,,
87,2025-06-05,Paguir,Keew,impassable,2,,Paguir – Keew,,
88,2025-06-05,Baliet,Kiech Kon,impassable,2,Akwot,Baliet – Akwot – Kiech kon,,
89,2025-06-05,Wunrok,Gogrial,passable,0,,Wunrok – Gogrial,40MT,
90,2025-06-05,Deim Zubeir,Raja,partially passable,1,,Dim Zubeir – Raja,20MT,
91,2025-06-05,Aweil,Yith Pabol,impassable,2,,Aweil – Yith Pabol,,
92,2025-06-05,Kapoeta,Narus,passable,0,,Kapoeta – Narus,40MT,
93,2025-06-05,Melut,Paloich,passable,0,,Melut – Paloich,40MT,
94,2025-06-05,Wunrok,Abyei,passable,0,,Wunrok – Abyei,40MT,
95,2025-06-05,Gogrial,Kuajok,passable,0,,Gogrial – Kuajok,40MT,
96,2025-06-05,Bentiu,Nhialdiu,impassable,2,,Bentiu – Nhialdiu,,
97,2025-06-05,Aluakluak,Mvolo,partially passable,1,,Aluakluak - Mvolo,20MT,
98,2025-06-05,Kilo 30,Manga Port,passable,0,,Kilo 30 – Manga Port,40MT,
99,2025-06-05,Gossinga,Raja,impassable,2,,Gossinga – Raja,,
100,2025-06-05,Gossinga,Raja,partially passable,1,Kapalala,Gossinga – Kapalala – Raja,20MT,
101,2025-06-05,Nyal,Ganyiel,impassable,2,,Nyal – Ganyiel,,
102,2025-06-05,Manyabol,Gadiang,impassable,2,,Manyabol – Gadiang,,
103,2025-06-05,Manyabol,Gumuruk,partially passable,1,,Manyabol – Gumuruk,Specialized Trucks,
104,2025-06-05,Vertet,Labarab,impassable,2,,Vertet – Labarab,,"ID printed as 103 on this map (typo – 103 is Manyabol – Gumuruk), recorded as 104"
105,2025-06-05,Boma,Maruwa,impassable,2,,Boma – Maruwa,,
106,2025-06-05,Boma,Labarab,impassable,2,,Boma - Labarab,,
107,2025-06-05,Pibor,Vertet,impassable,2,,Pibor – Verthet,,
108,2025-06-05,Aduel,Amok Piny,partially passable,1,,Aduel – Amok Piny,Specialized Trucks,
109,2025-06-05,Lankien,Pading,passable,0,Nyambor,Lankien – Nyambor – Pading,40MT,
110,2025-06-05,Nyambor,Karam,partially passable,1,Pading,Nyambor – Pading – Karam,20MT,
111,2025-06-05,Pajut,Payuel,partially passable,1,,Pajut – Payuel,20MT,
112,2025-06-05,Aweil,Gogrial,partially passable,1,Akun,Aweil – Akun – Gogrial,20MT,
113,2025-06-05,Kapoeta,Chukudum,passable,0,,Kapoeta – Chukudum,40MT,
114,2025-06-05,Diabio,Ezo,passable,0,,Diabio – Ezo,40MT,
115,2025-06-05,Mvolo,Wulu,passable,0,,Mvolo – Wullu,40MT,
116,2025-06-05,Aluakluak,Mapuordit,partially passable,1,,Aluakluak - Mapuordit,20MT,
117,2025-06-05,Narus,Nadapal,passable,0,,Narus – Nadapal,40MT,
118,2025-06-05,Bentiu,Kilo 30,passable,0,,Bentiu – Kilo30,40MT,
119,2025-06-05,Gadiang,Yuai,partially passable,1,,Gadiang – Yuai,20MT,
120,2025-06-05,Pathai,Fatuet,partially passable,1,,Pathai – Fatuet,20MT,
121,2025-06-05,Walgak,Kaikuny,partially passable,1,,Walgak – Kaikuny,Specialized Trucks,
122,2025-06-05,Yuai,Walgak,partially passable,1,Motot; Waat,Yuai – Motot – Waat – Walgak,20MT,
123,2025-06-05,Kuron,Boma,impassable,2,,Kuron – Boma,,
124,2025-06-05,Kapoeta,Kassangor,partially passable,1,,Kapoeta – Kassangor,20MT,
125,2025-06-05,Rumbek,Maper (Lakes),impassable,2,,Rumbek – Maper (Lakes),,
126,2025-06-05,Maruwa,Labarab,impassable,2,,Maruwa – Labarab,,
127,2025-06-05,Koch,Mirmir,passable,0,,Koch – Mirmir,40MT,
128,2025-06-05,Adok,Leer,passable,0,Piling,Adok – Piling – Leer,40MT,
129,2025-06-05,Lainya,Yei,passable,0,,Lainya – Yei,40MT,
130,2025-06-05,Mathiang,Udier,passable,0,,Mathiang – Udier,40MT,
131,2025-06-05,Gadiang,Payuel,partially passable,1,,Gadiang – Payuel,20MT,
132,2025-06-05,Ayod,Mogok,passable,0,,Ayod – Mogok,40MT,
133,2025-06-05,Kaikang,Kilo 30,passable,0,Roriak; Mayom,(Kaikang – Roriak )(Mayom – Kilo 30),40MT,alternative road listed as two separate stretches: Kaikang–Roriak and Mayom–Kilo 30
134,2025-06-05,Pariang,Ajuong Thok,passable,0,,Pariang – Ajuong Thok,40MT,
135,2025-06-05,Lafon,Imehejek,partially passable,1,,Lafon – Imehejek,20MT,
136,2025-06-05,Mabior,Gadiang,partially passable,1,,Mabior – Gadiang,Specialized Trucks,
137,2025-06-05,Poktap,Payuel,partially passable,1,,Poktap – Payuel,Specialized Trucks,
138,2025-06-05,Panakuach,Pariang,partially passable,1,,Panakuach – Pariang,20MT,new road; first appears 2024-11-01
139,2025-06-05,Mabior,Kongor,impassable,2,,Mabior – Kongor,,
1,2025-06-12,Kilo 30,Pariang,passable,0,,Kilo 30 – Pariang,40MT,
2,2025-06-12,Gemeiza,Bor,impassable,2,,Gemeiza – Bor,,
3,2025-06-12,Yida,Pariang,passable,0,,Yida - Pariang,40MT,
4,2025-06-12,Juba,Nimule,passable,0,,Juba – Nimule,40MT,
5,2025-06-12,Juba,Torit,partially passable,1,,Juba – Torit,20MT,
6,2025-06-12,Juba,Mangalla,passable,0,,Juba – Mangalla,40MT,
7,2025-06-12,Malakal,Baliet,impassable,2,,Malakal – Baliet,,
8,2025-06-12,Paloich,Renk,passable,0,,Paloich – Renk,40MT,
9,2025-06-12,Adar,Maban,passable,0,Jemaam,Adar – Jemaam – Maban,40MT,
10,2025-06-12,Abyei,Abiemnhom,impassable,2,,Abyei – Abienhom,,
11,2025-06-12,Aweil,Gossinga,partially passable,1,,Aweil – Gossinga,20MT,
12,2025-06-12,Pathai,Walgak,partially passable,1,Motot,Pathai – Motot – Walgak,20MT,
13,2025-06-12,Juba,Lainya,passable,0,,Juba – Lainya,40MT,
14,2025-06-12,Maridi,Yambio,passable,0,,Maridi – Yambio,40MT,
15,2025-06-12,Juba,Kajo Keji,passable,0,,Juba – Kajo Keji,40MT,
16,2025-06-12,Juba,Terakeka,impassable,2,,Juba – Terakeka,,
17,2025-06-12,Narus,Kuron,partially passable,1,,Narus – Kuron,20MT,
18,2025-06-12,Mundri,Mvolo,passable,0,,Mundri - Mvolo,40MT,
19,2025-06-12,Mangalla,Gemeiza,passable,0,,Mangalla – Gemeiza,40MT,
20,2025-06-12,Mathiang,Maiwut,passable,0,,Mathiang – Maiwut,40MT,
21,2025-06-12,Tonj,Langdit,passable,0,,Tonj – Langdit,40MT,
22,2025-06-12,Terakeka,Mundri,passable,0,Tali,Terakeka – Tali – Mundri,40MT,
23,2025-06-12,Terakeka,Mingkaman,partially passable,1,,Terakeka – Mingkaman,20MT,
24,2025-06-12,Torit,Magwi,passable,0,,Torit – Magwi,40MT,
25,2025-06-12,Hiyala,Ikotos,passable,0,,Hiyala – Ikotos,40MT,
26,2025-06-12,Torit,Lafon,partially passable,1,,Torit – Lafon,20MT,
27,2025-06-12,Wau,Thar Kueng,passable,0,,Wau – Thar Kueng,40MT,
28,2025-06-12,Wau,Tonj,passable,0,,Wau – Tonj,40MT,
29,2025-06-12,Wau,Akuem,passable,0,Aweil,Wau – Aweil – Akuem,40MT,
30,2025-06-12,Likuangole,Akobo,partially passable,1,,Likuangole – Akobo,Specialized Trucks,
31,2025-06-12,Amok Piny,Madol,impassable,2,,Amok Piny – Madol,,
32,2025-06-12,Akwot,Nasser,impassable,2,,Akwot – Nasser,,
33,2025-06-12,Guit,Koch,impassable,2,,Guit – Koch,,
34,2025-06-12,Abiemnhom,Mayom,passable,0,,Abiemnhom – Mayom,40MT,
35,2025-06-12,Kilo 30,Kaikang,impassable,2,Tumor; Mayom,Kilo30 –Tumor – Mayom – Kaikang,,
36,2025-06-12,Boma,Pochala,impassable,2,,Boma – Pochala,,
37,2025-06-12,Bor,Gadiang,partially passable,1,,Bor – Gadiang,20MT,
38,2025-06-12,Bor,Baidit,partially passable,1,,Bor – Baidit,20MT,
39,2025-06-12,Pengko,Manyabol,partially passable,1,,Pengko – Manyabol,Specialized Trucks,
40,2025-06-12,Baidit,Duk Padiet,partially passable,1,Mabior,Baidit – Mabior – Duk Padiet,20MT,
41,2025-06-12,Gadiang,Akobo,impassable,2,,Gadiang – Akobo,,
42,2025-06-12,Juba,Lafon,impassable,2,,Juba – Lafon,,
43,2025-06-12,Adar,Mathiang,passable,0,,Adar – Mathiang,40MT,
44,2025-06-12,Maper (Lakes),Dablual,impassable,2,,Maper (Lakes) – Dablual,,
45,2025-06-12,Akobo,Kaikuny,impassable,2,,Akobo – Kainuny,,
46,2025-06-12,Motot,Lankien,partially passable,1,,Motot – Lankein,20MT,
47,2025-06-12,Wau,Deim Zubeir,partially passable,1,,Wau – Deim Zubeir,20MT,
48,2025-06-12,Wau,Tambura,partially passable,1,,Wau – Tambura,20MT,
49,2025-06-12,Yirol,Shambe,partially passable,1,,Yirol – Shambe,20MT,
50,2025-06-12,Aluakluak,Yirol,partially passable,1,,Aluakluak - Yirol,20MT,
51,2025-06-12,Rumbek,Langdit,passable,0,,Rumbek - Langdit,40MT,
52,2025-06-12,Aluakluak,Rumbek,partially passable,1,,Aluakluak – Rumbek,20MT,
53,2025-06-12,Wunrok,Abiemnhom,passable,0,Turalei,Wunrok – Turalei – Abiemnhom,40MT,
54,2025-06-12,Kilo 30,Panakuach,passable,0,Roriak,Kilo 30 – Roriak – Panakuach,40MT,
55,2025-06-12,Ding Ding,Koch,impassable,2,,Ding ding - Koch,,
56,2025-06-12,Bentiu,Dhorbor,impassable,2,,Bentiu – Dhorbor,,
57,2025-06-12,Dhorbor,Guit,impassable,2,,Dhorbor – Guit,,
58,2025-06-12,Guit,Ding Ding,impassable,2,,Guit – Ding Ding,,
59,2025-06-12,Gumuruk,Pibor,partially passable,1,,Gumuruk – Pibor,Specialized Trucks,
60,2025-06-12,Bor,Pengko,partially passable,1,,Bor – Pengko,Specialized Trucks,
61,2025-06-12,Duk Padiet,Pajut,partially passable,1,,Duk Padiat – Pajut,20MT,
62,2025-06-12,Yuai,Karam,partially passable,1,Pathai,Yaui – Pathai – Karam,20MT,
63,2025-06-12,Yuai,Motot,partially passable,1,Pieri,Yaui – Pieri – Motot,20MT,
64,2025-06-12,Yuai,Pajut,partially passable,1,,Yaui – Pajut,20MT,
65,2025-06-12,Wulu,Rumbek,passable,0,,Wulu – Rumbek,40MT,
66,2025-06-12,Pibor,Likuangole,partially passable,1,,Pibor – Likuangole,Specialized Trucks,
67,2025-06-12,Mingkaman,Yirol,partially passable,1,,Mingkaman – Yirol,20MT,
68,2025-06-12,Yambio,Tambura,passable,0,,Yambio – Tambura,40MT,
69,2025-06-12,Juba,Mundri,passable,0,,Juba – Mundri,40MT,
70,2025-06-12,Kodok,Paloich,passable,0,,Kodok – Paloich,40MT,
71,2025-06-12,Malakal,Kodok,passable,0,,Malakal – Kodok,40MT,
72,2025-06-12,Thar Kueng,Kuajok,passable,0,,Thar Kueng - Kuajok,40MT,
73,2025-06-12,Bentiu,Guit,passable,0,,Bentiu – Guit,40MT,
74,2025-06-12,Duk Padiet,Ayod,passable,0,,Duk Padiet – Ayod,40MT,
75,2025-06-12,Guit,Mirmir,passable,0,,Guit – Mir mir,40MT,
76,2025-06-12,Raja,Chandoy/Dolo2,passable,0,,Raja – Chandoy/Dolo2,40MT,
77,2025-06-12,Mundri,Maridi,passable,0,,Mundri - Maridi,40MT,
78,2025-06-12,Torit,Kapoeta,partially passable,1,,Torit – Kapoeta,20MT,
79,2025-06-12,Mayendit,Mirmir,passable,0,Rupkuai,Mayendit – Rupkuai – Mir mir,40MT,
80,2025-06-12,Mirmir,Leer,passable,0,,Mirmir – Leer,40MT,
81,2025-06-12,Mankien,Mayom,impassable,2,,Mankien - Mayom,,
82,2025-06-12,Ajak Kuac,Mankien,impassable,2,,Ajak Kuac – Mankien,,
83,2025-06-12,Ayod,Pathai,partially passable,1,,Ayod – Pathai,20MT,
84,2025-06-12,Nyandit,Kiech Kon,impassable,2,,Nyandit - Kiech Kon,,
85,2025-06-12,Paloich,Jemaam,passable,0,Adar,Paloich – Adar – Jemaam,40MT,
86,2025-06-12,New Fangak,Kuernyang,impassable,2,,New Fangak – Kuernyang,,
87,2025-06-12,Paguir,Keew,impassable,2,,Paguir – Keew,,
88,2025-06-12,Baliet,Kiech Kon,impassable,2,Akwot,Baliet – Akwot – Kiech kon,,
89,2025-06-12,Wunrok,Gogrial,passable,0,,Wunrok – Gogrial,40MT,
90,2025-06-12,Deim Zubeir,Raja,partially passable,1,,Dim Zubeir – Raja,20MT,
91,2025-06-12,Aweil,Yith Pabol,impassable,2,,Aweil – Yith Pabol,,
92,2025-06-12,Kapoeta,Narus,passable,0,,Kapoeta – Narus,40MT,
93,2025-06-12,Melut,Paloich,passable,0,,Melut – Paloich,40MT,
94,2025-06-12,Wunrok,Abyei,passable,0,,Wunrok – Abyei,40MT,
95,2025-06-12,Gogrial,Kuajok,passable,0,,Gogrial – Kuajok,40MT,
96,2025-06-12,Bentiu,Nhialdiu,impassable,2,,Bentiu – Nhialdiu,,
97,2025-06-12,Aluakluak,Mvolo,partially passable,1,,Aluakluak - Mvolo,20MT,
98,2025-06-12,Kilo 30,Manga Port,passable,0,,Kilo 30 – Manga Port,40MT,
99,2025-06-12,Gossinga,Raja,impassable,2,,Gossinga – Raja,,
100,2025-06-12,Gossinga,Raja,partially passable,1,Kapalala,Gossinga – Kapalala – Raja,20MT,
101,2025-06-12,Nyal,Ganyiel,impassable,2,,Nyal – Ganyiel,,
102,2025-06-12,Manyabol,Gadiang,impassable,2,,Manyabol – Gadiang,,
103,2025-06-12,Manyabol,Gumuruk,partially passable,1,,Manyabol – Gumuruk,Specialized Trucks,
104,2025-06-12,Vertet,Labarab,impassable,2,,Vertet – Labarab,,"ID printed as 103 on this map (typo – 103 is Manyabol – Gumuruk), recorded as 104"
105,2025-06-12,Boma,Maruwa,impassable,2,,Boma – Maruwa,,
106,2025-06-12,Boma,Labarab,impassable,2,,Boma - Labarab,,
107,2025-06-12,Pibor,Vertet,impassable,2,,Pibor – Verthet,,
108,2025-06-12,Aduel,Amok Piny,partially passable,1,,Aduel – Amok Piny,Specialized Trucks,
109,2025-06-12,Lankien,Pading,passable,0,Nyambor,Lankien – Nyambor – Pading,40MT,
110,2025-06-12,Nyambor,Karam,partially passable,1,Pading,Nyambor – Pading – Karam,20MT,
111,2025-06-12,Pajut,Payuel,partially passable,1,,Pajut – Payuel,20MT,
112,2025-06-12,Aweil,Gogrial,partially passable,1,Akun,Aweil – Akun – Gogrial,20MT,
113,2025-06-12,Kapoeta,Chukudum,passable,0,,Kapoeta – Chukudum,40MT,
114,2025-06-12,Diabio,Ezo,passable,0,,Diabio – Ezo,40MT,
115,2025-06-12,Mvolo,Wulu,passable,0,,Mvolo – Wullu,40MT,
116,2025-06-12,Aluakluak,Mapuordit,partially passable,1,,Aluakluak - Mapuordit,20MT,
117,2025-06-12,Narus,Nadapal,passable,0,,Narus – Nadapal,40MT,
118,2025-06-12,Bentiu,Kilo 30,passable,0,,Bentiu – Kilo30,40MT,
119,2025-06-12,Gadiang,Yuai,partially passable,1,,Gadiang – Yuai,20MT,
120,2025-06-12,Pathai,Fatuet,partially passable,1,,Pathai – Fatuet,20MT,
121,2025-06-12,Walgak,Kaikuny,partially passable,1,,Walgak – Kaikuny,Specialized Trucks,
122,2025-06-12,Yuai,Walgak,partially passable,1,Motot; Waat,Yuai – Motot – Waat – Walgak,20MT,
123,2025-06-12,Kuron,Boma,impassable,2,,Kuron – Boma,,
124,2025-06-12,Kapoeta,Kassangor,partially passable,1,,Kapoeta – Kassangor,20MT,
125,2025-06-12,Rumbek,Maper (Lakes),impassable,2,,Rumbek – Maper (Lakes),,
126,2025-06-12,Maruwa,Labarab,impassable,2,,Maruwa – Labarab,,
127,2025-06-12,Koch,Mirmir,partially passable,1,,Koch – Mirmir,20MT,
128,2025-06-12,Adok,Leer,passable,0,Piling,Adok – Piling – Leer,40MT,
129,2025-06-12,Lainya,Yei,passable,0,,Lainya – Yei,40MT,
130,2025-06-12,Mathiang,Udier,passable,0,,Mathiang – Udier,40MT,
131,2025-06-12,Gadiang,Payuel,partially passable,1,,Gadiang – Payuel,20MT,
132,2025-06-12,Ayod,Mogok,passable,0,,Ayod – Mogok,40MT,
133,2025-06-12,Kaikang,Kilo 30,passable,0,Roriak; Mayom,(Kaikang – Roriak )(Mayom – Kilo 30),40MT,"alternative road listed as two separate stretches: Kaikang–Roriak and Mayom–Kilo 30; ID printed as 134 on this map (typo – 134 is Pariang – Ajuong Thok), recorded as 133"
134,2025-06-12,Pariang,Ajuong Thok,passable,0,,Pariang – Ajuong Thok,40MT,
135,2025-06-12,Lafon,Imehejek,partially passable,1,,Lafon – Imehejek,20MT,
136,2025-06-12,Mabior,Gadiang,partially passable,1,,Mabior – Gadiang,Specialized Trucks,
137,2025-06-12,Poktap,Payuel,partially passable,1,,Poktap – Payuel,Specialized Trucks,
138,2025-06-12,Panakuach,Pariang,partially passable,1,,Panakuach – Pariang,20MT,new road; first appears 2024-11-01
139,2025-06-12,Mabior,Kongor,impassable,2,,Mabior – Kongor,,
140,2025-06-12,Maiwut,Pagak,passable,0,,Maiwut – Pagak,40MT,new road; first appears 2025-06-12 (road 20 Mathiang – Maiwut – Pagak shortened to Mathiang – Maiwut the same week)
1,2025-06-19,Kilo 30,Pariang,passable,0,,Kilo 30 – Pariang,40MT,
2,2025-06-19,Gemeiza,Bor,impassable,2,,Gemeiza – Bor,,
3,2025-06-19,Yida,Pariang,passable,0,,Yida - Pariang,40MT,
4,2025-06-19,Juba,Nimule,passable,0,,Juba – Nimule,40MT,
5,2025-06-19,Juba,Torit,partially passable,1,,Juba – Torit,20MT,
6,2025-06-19,Juba,Mangalla,passable,0,,Juba – Mangalla,40MT,
7,2025-06-19,Malakal,Baliet,impassable,2,,Malakal – Baliet,,
8,2025-06-19,Paloich,Renk,passable,0,,Paloich – Renk,40MT,
9,2025-06-19,Adar,Maban,passable,0,Jemaam,Adar – Jemaam – Maban,40MT,
10,2025-06-19,Abyei,Abiemnhom,impassable,2,,Abyei – Abienhom,,
11,2025-06-19,Aweil,Gossinga,partially passable,1,,Aweil – Gossinga,20MT,
12,2025-06-19,Pathai,Walgak,partially passable,1,Motot,Pathai – Motot – Walgak,20MT,
13,2025-06-19,Juba,Lainya,passable,0,,Juba – Lainya,40MT,
14,2025-06-19,Maridi,Yambio,passable,0,,Maridi – Yambio,40MT,
15,2025-06-19,Juba,Kajo Keji,passable,0,,Juba – Kajo Keji,40MT,
16,2025-06-19,Juba,Terakeka,impassable,2,,Juba – Terakeka,,
17,2025-06-19,Narus,Kuron,partially passable,1,,Narus – Kuron,20MT,
18,2025-06-19,Mundri,Mvolo,passable,0,,Mundri - Mvolo,40MT,
19,2025-06-19,Mangalla,Gemeiza,passable,0,,Mangalla – Gemeiza,40MT,
20,2025-06-19,Mathiang,Maiwut,partially passable,1,,Mathiang – Maiwut,20MT,
21,2025-06-19,Tonj,Langdit,passable,0,,Tonj – Langdit,40MT,
22,2025-06-19,Terakeka,Mundri,passable,0,Tali,Terakeka – Tali – Mundri,40MT,
23,2025-06-19,Terakeka,Mingkaman,partially passable,1,,Terakeka – Mingkaman,20MT,
24,2025-06-19,Torit,Magwi,passable,0,,Torit – Magwi,40MT,
25,2025-06-19,Hiyala,Ikotos,passable,0,,Hiyala – Ikotos,40MT,
26,2025-06-19,Torit,Lafon,partially passable,1,,Torit – Lafon,20MT,
27,2025-06-19,Wau,Thar Kueng,passable,0,,Wau – Thar Kueng,40MT,
28,2025-06-19,Wau,Tonj,passable,0,,Wau – Tonj,40MT,
29,2025-06-19,Wau,Akuem,passable,0,Aweil,Wau – Aweil – Akuem,40MT,
30,2025-06-19,Likuangole,Akobo,partially passable,1,,Likuangole – Akobo,Specialized Trucks,
31,2025-06-19,Amok Piny,Madol,impassable,2,,Amok Piny – Madol,,
32,2025-06-19,Akwot,Nasser,impassable,2,,Akwot – Nasser,,
33,2025-06-19,Guit,Koch,impassable,2,,Guit – Koch,,
34,2025-06-19,Abiemnhom,Mayom,partially passable,1,,Abiemnhom – Mayom,20MT,
35,2025-06-19,Kilo 30,Kaikang,impassable,2,Tumor; Mayom,Kilo30 –Tumor – Mayom – Kaikang,,
36,2025-06-19,Boma,Pochala,impassable,2,,Boma – Pochala,,
37,2025-06-19,Bor,Gadiang,partially passable,1,,Bor – Gadiang,20MT,
38,2025-06-19,Bor,Baidit,partially passable,1,,Bor – Baidit,20MT,
39,2025-06-19,Pengko,Manyabol,partially passable,1,,Pengko – Manyabol,Specialized Trucks,
40,2025-06-19,Baidit,Duk Padiet,partially passable,1,Mabior,Baidit – Mabior – Duk Padiet,20MT,
41,2025-06-19,Gadiang,Akobo,impassable,2,,Gadiang – Akobo,,
42,2025-06-19,Juba,Lafon,impassable,2,,Juba – Lafon,,
43,2025-06-19,Adar,Mathiang,passable,0,,Adar – Mathiang,40MT,
44,2025-06-19,Maper (Lakes),Dablual,impassable,2,,Maper (Lakes) – Dablual,,
45,2025-06-19,Akobo,Kaikuny,impassable,2,,Akobo – Kainuny,,
46,2025-06-19,Motot,Lankien,partially passable,1,,Motot – Lankein,20MT,
47,2025-06-19,Wau,Deim Zubeir,partially passable,1,,Wau – Deim Zubeir,20MT,
48,2025-06-19,Wau,Tambura,partially passable,1,,Wau – Tambura,20MT,
49,2025-06-19,Yirol,Shambe,partially passable,1,,Yirol – Shambe,20MT,
50,2025-06-19,Aluakluak,Yirol,partially passable,1,,Aluakluak - Yirol,20MT,
51,2025-06-19,Rumbek,Langdit,passable,0,,Rumbek - Langdit,40MT,
52,2025-06-19,Aluakluak,Rumbek,partially passable,1,,Aluakluak – Rumbek,20MT,
53,2025-06-19,Wunrok,Abiemnhom,passable,0,Turalei,Wunrok – Turalei – Abiemnhom,40MT,
54,2025-06-19,Kilo 30,Panakuach,passable,0,Roriak,Kilo 30 – Roriak – Panakuach,40MT,
55,2025-06-19,Ding Ding,Koch,impassable,2,,Ding ding - Koch,,
56,2025-06-19,Bentiu,Dhorbor,impassable,2,,Bentiu – Dhorbor,,
57,2025-06-19,Dhorbor,Guit,impassable,2,,Dhorbor – Guit,,
58,2025-06-19,Guit,Ding Ding,impassable,2,,Guit – Ding Ding,,
59,2025-06-19,Gumuruk,Pibor,partially passable,1,,Gumuruk – Pibor,Specialized Trucks,
60,2025-06-19,Bor,Pengko,partially passable,1,,Bor – Pengko,Specialized Trucks,
61,2025-06-19,Duk Padiet,Pajut,partially passable,1,,Duk Padiat – Pajut,20MT,
62,2025-06-19,Yuai,Karam,partially passable,1,Pathai,Yaui – Pathai – Karam,20MT,
63,2025-06-19,Yuai,Motot,partially passable,1,Pieri,Yaui – Pieri – Motot,20MT,
64,2025-06-19,Yuai,Pajut,partially passable,1,,Yaui – Pajut,20MT,
65,2025-06-19,Wulu,Rumbek,passable,0,,Wulu – Rumbek,40MT,
66,2025-06-19,Pibor,Likuangole,partially passable,1,,Pibor – Likuangole,Specialized Trucks,
67,2025-06-19,Mingkaman,Yirol,partially passable,1,,Mingkaman – Yirol,20MT,
68,2025-06-19,Yambio,Tambura,passable,0,,Yambio – Tambura,40MT,
69,2025-06-19,Juba,Mundri,passable,0,,Juba – Mundri,40MT,
70,2025-06-19,Kodok,Paloich,passable,0,,Kodok – Paloich,40MT,
71,2025-06-19,Malakal,Kodok,passable,0,,Malakal – Kodok,40MT,
72,2025-06-19,Thar Kueng,Kuajok,passable,0,,Thar Kueng - Kuajok,40MT,
73,2025-06-19,Bentiu,Guit,partially passable,1,,Bentiu – Guit,20MT,
74,2025-06-19,Duk Padiet,Ayod,passable,0,,Duk Padiet – Ayod,40MT,
75,2025-06-19,Guit,Mirmir,partially passable,1,,Guit – Mir mir,20MT,
76,2025-06-19,Raja,Chandoy/Dolo2,passable,0,,Raja – Chandoy/Dolo2,40MT,
77,2025-06-19,Mundri,Maridi,passable,0,,Mundri - Maridi,40MT,
78,2025-06-19,Torit,Kapoeta,partially passable,1,,Torit – Kapoeta,20MT,
79,2025-06-19,Mayendit,Mirmir,passable,0,Rupkuai,Mayendit – Rupkuai – Mir mir,40MT,
80,2025-06-19,Mirmir,Leer,passable,0,,Mirmir – Leer,40MT,
81,2025-06-19,Mankien,Mayom,impassable,2,,Mankien - Mayom,,
82,2025-06-19,Ajak Kuac,Mankien,impassable,2,,Ajak Kuac – Mankien,,
83,2025-06-19,Ayod,Pathai,partially passable,1,,Ayod – Pathai,20MT,
84,2025-06-19,Nyandit,Kiech Kon,impassable,2,,Nyandit - Kiech Kon,,
85,2025-06-19,Paloich,Jemaam,passable,0,Adar,Paloich – Adar – Jemaam,40MT,
86,2025-06-19,New Fangak,Kuernyang,impassable,2,,New Fangak – Kuernyang,,
87,2025-06-19,Paguir,Keew,impassable,2,,Paguir – Keew,,
88,2025-06-19,Baliet,Kiech Kon,impassable,2,Akwot,Baliet – Akwot – Kiech kon,,
89,2025-06-19,Wunrok,Gogrial,passable,0,,Wunrok – Gogrial,40MT,
90,2025-06-19,Deim Zubeir,Raja,partially passable,1,,Dim Zubeir – Raja,20MT,
91,2025-06-19,Aweil,Yith Pabol,impassable,2,,Aweil – Yith Pabol,,
92,2025-06-19,Kapoeta,Narus,passable,0,,Kapoeta – Narus,40MT,
93,2025-06-19,Melut,Paloich,passable,0,,Melut – Paloich,40MT,
94,2025-06-19,Wunrok,Abyei,passable,0,,Wunrok – Abyei,40MT,
95,2025-06-19,Gogrial,Kuajok,passable,0,,Gogrial – Kuajok,40MT,
96,2025-06-19,Bentiu,Nhialdiu,impassable,2,,Bentiu – Nhialdiu,,
97,2025-06-19,Aluakluak,Mvolo,partially passable,1,,Aluakluak - Mvolo,20MT,
98,2025-06-19,Kilo 30,Manga Port,passable,0,,Kilo 30 – Manga Port,40MT,
99,2025-06-19,Gossinga,Raja,impassable,2,,Gossinga – Raja,,
100,2025-06-19,Gossinga,Raja,partially passable,1,Kapalala,Gossinga – Kapalala – Raja,20MT,
101,2025-06-19,Nyal,Ganyiel,impassable,2,,Nyal – Ganyiel,,
102,2025-06-19,Manyabol,Gadiang,impassable,2,,Manyabol – Gadiang,,
103,2025-06-19,Manyabol,Gumuruk,partially passable,1,,Manyabol – Gumuruk,Specialized Trucks,
104,2025-06-19,Vertet,Labarab,impassable,2,,Vertet – Labarab,,"ID printed as 103 on this map (typo – 103 is Manyabol – Gumuruk), recorded as 104"
105,2025-06-19,Boma,Maruwa,impassable,2,,Boma – Maruwa,,
106,2025-06-19,Boma,Labarab,impassable,2,,Boma - Labarab,,
107,2025-06-19,Pibor,Vertet,impassable,2,,Pibor – Verthet,,
108,2025-06-19,Aduel,Amok Piny,partially passable,1,,Aduel – Amok Piny,Specialized Trucks,
109,2025-06-19,Lankien,Pading,passable,0,Nyambor,Lankien – Nyambor – Pading,40MT,
110,2025-06-19,Nyambor,Karam,partially passable,1,Pading,Nyambor – Pading – Karam,20MT,
111,2025-06-19,Pajut,Payuel,partially passable,1,,Pajut – Payuel,20MT,
112,2025-06-19,Aweil,Gogrial,partially passable,1,Akun,Aweil – Akun – Gogrial,20MT,
113,2025-06-19,Kapoeta,Chukudum,passable,0,,Kapoeta – Chukudum,40MT,
114,2025-06-19,Diabio,Ezo,passable,0,,Diabio – Ezo,40MT,
115,2025-06-19,Mvolo,Wulu,passable,0,,Mvolo – Wullu,40MT,
116,2025-06-19,Aluakluak,Mapuordit,partially passable,1,,Aluakluak - Mapuordit,20MT,
117,2025-06-19,Narus,Nadapal,passable,0,,Narus – Nadapal,40MT,
118,2025-06-19,Bentiu,Kilo 30,passable,0,,Bentiu – Kilo30,40MT,
119,2025-06-19,Gadiang,Yuai,partially passable,1,,Gadiang – Yuai,20MT,
120,2025-06-19,Pathai,Fatuet,partially passable,1,,Pathai – Fatuet,20MT,
121,2025-06-19,Walgak,Kaikuny,partially passable,1,,Walgak – Kaikuny,Specialized Trucks,
122,2025-06-19,Yuai,Walgak,partially passable,1,Motot; Waat,Yuai – Motot – Waat – Walgak,20MT,
123,2025-06-19,Kuron,Boma,impassable,2,,Kuron – Boma,,
124,2025-06-19,Kapoeta,Kassangor,partially passable,1,,Kapoeta – Kassangor,20MT,
125,2025-06-19,Rumbek,Maper (Lakes),impassable,2,,Rumbek – Maper (Lakes),,
126,2025-06-19,Maruwa,Labarab,impassable,2,,Maruwa – Labarab,,
127,2025-06-19,Koch,Mirmir,partially passable,1,,Koch – Mirmir,20MT,
128,2025-06-19,Adok,Leer,passable,0,Piling,Adok – Piling – Leer,40MT,
129,2025-06-19,Lainya,Yei,passable,0,,Lainya – Yei,40MT,
130,2025-06-19,Mathiang,Udier,passable,0,,Mathiang – Udier,40MT,
131,2025-06-19,Gadiang,Payuel,partially passable,1,,Gadiang – Payuel,20MT,
132,2025-06-19,Ayod,Mogok,passable,0,,Ayod – Mogok,40MT,
133,2025-06-19,Kaikang,Kilo 30,passable,0,Roriak; Mayom,(Kaikang – Roriak )(Mayom – Kilo 30),40MT,"alternative road listed as two separate stretches: Kaikang–Roriak and Mayom–Kilo 30; ID printed as 134 on this map (typo – 134 is Pariang – Ajuong Thok), recorded as 133"
134,2025-06-19,Pariang,Ajuong Thok,passable,0,,Pariang – Ajuong Thok,40MT,
135,2025-06-19,Lafon,Imehejek,partially passable,1,,Lafon – Imehejek,20MT,
136,2025-06-19,Mabior,Gadiang,partially passable,1,,Mabior – Gadiang,Specialized Trucks,
137,2025-06-19,Poktap,Payuel,partially passable,1,,Poktap – Payuel,Specialized Trucks,
138,2025-06-19,Panakuach,Pariang,partially passable,1,,Panakuach – Pariang,20MT,new road; first appears 2024-11-01
139,2025-06-19,Mabior,Kongor,impassable,2,,Mabior – Kongor,,
140,2025-06-19,Maiwut,Pagak,partially passable,1,,Maiwut – Pagak,20MT,new road; first appears 2025-06-12 (road 20 Mathiang – Maiwut – Pagak shortened to Mathiang – Maiwut the same week)
1,2025-06-26,Kilo 30,Pariang,passable,0,,Kilo 30 – Pariang,40MT,
2,2025-06-26,Gemeiza,Bor,impassable,2,,Gemeiza – Bor,,
3,2025-06-26,Yida,Pariang,passable,0,,Yida - Pariang,40MT,
4,2025-06-26,Juba,Nimule,passable,0,,Juba – Nimule,40MT,
5,2025-06-26,Juba,Torit,partially passable,1,,Juba – Torit,20MT,
6,2025-06-26,Juba,Mangalla,passable,0,,Juba – Mangalla,40MT,
7,2025-06-26,Malakal,Baliet,impassable,2,,Malakal – Baliet,,
8,2025-06-26,Paloich,Renk,passable,0,,Paloich – Renk,40MT,
9,2025-06-26,Adar,Maban,passable,0,Jemaam,Adar – Jemaam – Maban,40MT,
10,2025-06-26,Abyei,Abiemnhom,impassable,2,,Abyei – Abienhom,,
11,2025-06-26,Aweil,Gossinga,partially passable,1,,Aweil – Gossinga,20MT,
12,2025-06-26,Pathai,Walgak,partially passable,1,Motot,Pathai – Motot – Walgak,20MT,
13,2025-06-26,Juba,Lainya,passable,0,,Juba – Lainya,40MT,
14,2025-06-26,Maridi,Yambio,passable,0,,Maridi – Yambio,40MT,
15,2025-06-26,Juba,Kajo Keji,passable,0,,Juba – Kajo Keji,40MT,
16,2025-06-26,Juba,Terakeka,impassable,2,,Juba – Terakeka,,
17,2025-06-26,Narus,Kuron,partially passable,1,,Narus – Kuron,20MT,
18,2025-06-26,Mundri,Mvolo,passable,0,,Mundri - Mvolo,40MT,
19,2025-06-26,Mangalla,Gemeiza,passable,0,,Mangalla – Gemeiza,40MT,
20,2025-06-26,Mathiang,Maiwut,partially passable,1,,Mathiang – Maiwut,20MT,
21,2025-06-26,Tonj,Langdit,passable,0,,Tonj – Langdit,40MT,
22,2025-06-26,Terakeka,Mundri,passable,0,Tali,Terakeka – Tali – Mundri,40MT,
23,2025-06-26,Terakeka,Mingkaman,partially passable,1,,Terakeka – Mingkaman,20MT,
24,2025-06-26,Torit,Magwi,passable,0,,Torit – Magwi,40MT,
25,2025-06-26,Hiyala,Ikotos,passable,0,,Hiyala – Ikotos,40MT,
26,2025-06-26,Torit,Lafon,partially passable,1,,Torit – Lafon,20MT,
27,2025-06-26,Wau,Thar Kueng,passable,0,,Wau – Thar Kueng,40MT,
28,2025-06-26,Wau,Tonj,passable,0,,Wau – Tonj,40MT,
29,2025-06-26,Wau,Akuem,passable,0,Aweil,Wau – Aweil – Akuem,40MT,
30,2025-06-26,Likuangole,Akobo,partially passable,1,,Likuangole – Akobo,Specialized Trucks,
31,2025-06-26,Amok Piny,Madol,impassable,2,,Amok Piny – Madol,,
32,2025-06-26,Akwot,Nasser,impassable,2,,Akwot – Nasser,,
33,2025-06-26,Guit,Koch,impassable,2,,Guit – Koch,,
34,2025-06-26,Abiemnhom,Mayom,partially passable,1,,Abiemnhom – Mayom,20MT,
35,2025-06-26,Kilo 30,Kaikang,impassable,2,Tumor; Mayom,Kilo30 –Tumor – Mayom – Kaikang,,
36,2025-06-26,Boma,Pochala,impassable,2,,Boma – Pochala,,
37,2025-06-26,Bor,Gadiang,partially passable,1,,Bor – Gadiang,20MT,
38,2025-06-26,Bor,Baidit,partially passable,1,,Bor – Baidit,20MT,
39,2025-06-26,Pengko,Manyabol,partially passable,1,,Pengko – Manyabol,Specialized Trucks,
40,2025-06-26,Baidit,Duk Padiet,partially passable,1,Mabior,Baidit – Mabior – Duk Padiet,20MT,
41,2025-06-26,Gadiang,Akobo,impassable,2,,Gadiang – Akobo,,
42,2025-06-26,Juba,Lafon,impassable,2,,Juba – Lafon,,
43,2025-06-26,Adar,Mathiang,partially passable,1,,Adar – Mathiang,20MT,
44,2025-06-26,Maper (Lakes),Dablual,impassable,2,,Maper (Lakes) – Dablual,,
45,2025-06-26,Akobo,Kaikuny,impassable,2,,Akobo – Kainuny,,
46,2025-06-26,Motot,Lankien,partially passable,1,,Motot – Lankein,20MT,
47,2025-06-26,Wau,Deim Zubeir,partially passable,1,,Wau – Deim Zubeir,20MT,
48,2025-06-26,Wau,Tambura,partially passable,1,,Wau – Tambura,20MT,
49,2025-06-26,Yirol,Shambe,partially passable,1,,Yirol – Shambe,20MT,
50,2025-06-26,Aluakluak,Yirol,partially passable,1,,Aluakluak - Yirol,20MT,
51,2025-06-26,Rumbek,Langdit,passable,0,,Rumbek - Langdit,40MT,
52,2025-06-26,Aluakluak,Rumbek,partially passable,1,,Aluakluak – Rumbek,20MT,
53,2025-06-26,Wunrok,Abiemnhom,passable,0,Turalei,Wunrok – Turalei – Abiemnhom,40MT,
54,2025-06-26,Kilo 30,Panakuach,passable,0,Roriak,Kilo 30 – Roriak – Panakuach,40MT,
55,2025-06-26,Ding Ding,Koch,impassable,2,,Ding ding - Koch,,
56,2025-06-26,Bentiu,Dhorbor,impassable,2,,Bentiu – Dhorbor,,
57,2025-06-26,Dhorbor,Guit,impassable,2,,Dhorbor – Guit,,
58,2025-06-26,Guit,Ding Ding,impassable,2,,Guit – Ding Ding,,
59,2025-06-26,Gumuruk,Pibor,partially passable,1,,Gumuruk – Pibor,Specialized Trucks,
60,2025-06-26,Bor,Pengko,partially passable,1,,Bor – Pengko,Specialized Trucks,
61,2025-06-26,Duk Padiet,Pajut,partially passable,1,,Duk Padiat – Pajut,20MT,
62,2025-06-26,Yuai,Karam,partially passable,1,Pathai,Yaui – Pathai – Karam,20MT,
63,2025-06-26,Yuai,Motot,partially passable,1,Pieri,Yaui – Pieri – Motot,20MT,
64,2025-06-26,Yuai,Pajut,partially passable,1,,Yaui – Pajut,20MT,
65,2025-06-26,Wulu,Rumbek,passable,0,,Wulu – Rumbek,40MT,
66,2025-06-26,Pibor,Likuangole,partially passable,1,,Pibor – Likuangole,Specialized Trucks,
67,2025-06-26,Mingkaman,Yirol,partially passable,1,,Mingkaman – Yirol,20MT,
68,2025-06-26,Yambio,Tambura,passable,0,,Yambio – Tambura,40MT,
69,2025-06-26,Juba,Mundri,passable,0,,Juba – Mundri,40MT,
70,2025-06-26,Kodok,Paloich,passable,0,,Kodok – Paloich,40MT,
71,2025-06-26,Malakal,Kodok,passable,0,,Malakal – Kodok,40MT,
72,2025-06-26,Thar Kueng,Kuajok,passable,0,,Thar Kueng - Kuajok,40MT,
73,2025-06-26,Bentiu,Guit,partially passable,1,,Bentiu – Guit,20MT,
74,2025-06-26,Duk Padiet,Ayod,passable,0,,Duk Padiet – Ayod,40MT,
75,2025-06-26,Guit,Mirmir,partially passable,1,,Guit – Mir mir,20MT,
76,2025-06-26,Raja,Chandoy/Dolo2,passable,0,,Raja – Chandoy/Dolo2,40MT,
77,2025-06-26,Mundri,Maridi,passable,0,,Mundri - Maridi,40MT,
78,2025-06-26,Torit,Kapoeta,partially passable,1,,Torit – Kapoeta,20MT,
79,2025-06-26,Mayendit,Mirmir,passable,0,Rupkuai,Mayendit – Rupkuai – Mir mir,40MT,
80,2025-06-26,Mirmir,Leer,passable,0,,Mirmir – Leer,40MT,
81,2025-06-26,Mankien,Mayom,impassable,2,,Mankien - Mayom,,
82,2025-06-26,Ajak Kuac,Mankien,impassable,2,,Ajak Kuac – Mankien,,
83,2025-06-26,Ayod,Pathai,partially passable,1,,Ayod – Pathai,20MT,
84,2025-06-26,Nyandit,Kiech Kon,impassable,2,,Nyandit - Kiech Kon,,
85,2025-06-26,Paloich,Jemaam,passable,0,Adar,Paloich – Adar – Jemaam,40MT,
86,2025-06-26,New Fangak,Kuernyang,impassable,2,,New Fangak – Kuernyang,,
87,2025-06-26,Paguir,Keew,impassable,2,,Paguir – Keew,,
88,2025-06-26,Baliet,Kiech Kon,impassable,2,Akwot,Baliet – Akwot – Kiech kon,,
89,2025-06-26,Wunrok,Gogrial,passable,0,,Wunrok – Gogrial,40MT,
90,2025-06-26,Deim Zubeir,Raja,partially passable,1,,Dim Zubeir – Raja,20MT,
91,2025-06-26,Aweil,Yith Pabol,impassable,2,,Aweil – Yith Pabol,,
92,2025-06-26,Kapoeta,Narus,passable,0,,Kapoeta – Narus,40MT,
93,2025-06-26,Melut,Paloich,passable,0,,Melut – Paloich,40MT,
94,2025-06-26,Wunrok,Abyei,passable,0,,Wunrok – Abyei,40MT,
95,2025-06-26,Gogrial,Kuajok,passable,0,,Gogrial – Kuajok,40MT,
96,2025-06-26,Bentiu,Nhialdiu,impassable,2,,Bentiu – Nhialdiu,,
97,2025-06-26,Aluakluak,Mvolo,partially passable,1,,Aluakluak - Mvolo,20MT,
98,2025-06-26,Kilo 30,Manga Port,passable,0,,Kilo 30 – Manga Port,40MT,
99,2025-06-26,Gossinga,Raja,impassable,2,,Gossinga – Raja,,
100,2025-06-26,Gossinga,Raja,partially passable,1,Kapalala,Gossinga – Kapalala – Raja,20MT,
101,2025-06-26,Nyal,Ganyiel,impassable,2,,Nyal – Ganyiel,,
102,2025-06-26,Manyabol,Gadiang,impassable,2,,Manyabol – Gadiang,,
103,2025-06-26,Manyabol,Gumuruk,partially passable,1,,Manyabol – Gumuruk,Specialized Trucks,
104,2025-06-26,Vertet,Labarab,impassable,2,,Vertet – Labarab,,"ID printed as 103 on this map (typo – 103 is Manyabol – Gumuruk), recorded as 104"
105,2025-06-26,Boma,Maruwa,impassable,2,,Boma – Maruwa,,
106,2025-06-26,Boma,Labarab,impassable,2,,Boma - Labarab,,
107,2025-06-26,Pibor,Vertet,impassable,2,,Pibor – Verthet,,
108,2025-06-26,Aduel,Amok Piny,partially passable,1,,Aduel – Amok Piny,Specialized Trucks,
109,2025-06-26,Lankien,Pading,passable,0,Nyambor,Lankien – Nyambor – Pading,40MT,
110,2025-06-26,Nyambor,Karam,partially passable,1,Pading,Nyambor – Pading – Karam,20MT,
111,2025-06-26,Pajut,Payuel,partially passable,1,,Pajut – Payuel,20MT,
112,2025-06-26,Aweil,Gogrial,partially passable,1,Akun,Aweil – Akun – Gogrial,20MT,
113,2025-06-26,Kapoeta,Chukudum,passable,0,,Kapoeta – Chukudum,40MT,
114,2025-06-26,Diabio,Ezo,passable,0,,Diabio – Ezo,40MT,
115,2025-06-26,Mvolo,Wulu,passable,0,,Mvolo – Wullu,40MT,
116,2025-06-26,Aluakluak,Mapuordit,partially passable,1,,Aluakluak - Mapuordit,20MT,
117,2025-06-26,Narus,Nadapal,passable,0,,Narus – Nadapal,40MT,
118,2025-06-26,Bentiu,Kilo 30,passable,0,,Bentiu – Kilo30,40MT,
119,2025-06-26,Gadiang,Yuai,partially passable,1,,Gadiang – Yuai,20MT,
120,2025-06-26,Pathai,Fatuet,partially passable,1,,Pathai – Fatuet,20MT,
121,2025-06-26,Walgak,Kaikuny,partially passable,1,,Walgak – Kaikuny,Specialized Trucks,
122,2025-06-26,Yuai,Walgak,partially passable,1,Motot; Waat,Yuai – Motot – Waat – Walgak,20MT,
123,2025-06-26,Kuron,Boma,impassable,2,,Kuron – Boma,,
124,2025-06-26,Kapoeta,Kassangor,partially passable,1,,Kapoeta – Kassangor,20MT,
125,2025-06-26,Rumbek,Maper (Lakes),impassable,2,,Rumbek – Maper (Lakes),,
126,2025-06-26,Maruwa,Labarab,impassable,2,,Maruwa – Labarab,,
127,2025-06-26,Koch,Mirmir,partially passable,1,,Koch – Mirmir,20MT,
128,2025-06-26,Adok,Leer,passable,0,Piling,Adok – Piling – Leer,40MT,
129,2025-06-26,Lainya,Yei,passable,0,,Lainya – Yei,40MT,
130,2025-06-26,Mathiang,Udier,passable,0,,Mathiang – Udier,40MT,
131,2025-06-26,Gadiang,Payuel,partially passable,1,,Gadiang – Payuel,20MT,
132,2025-06-26,Ayod,Mogok,passable,0,,Ayod – Mogok,40MT,
133,2025-06-26,Kaikang,Kilo 30,passable,0,Roriak; Mayom,(Kaikang – Roriak )(Mayom – Kilo 30),40MT,"alternative road listed as two separate stretches: Kaikang–Roriak and Mayom–Kilo 30; ID printed as 134 on this map (typo – 134 is Pariang – Ajuong Thok), recorded as 133"
134,2025-06-26,Pariang,Ajuong Thok,passable,0,,Pariang – Ajuong Thok,40MT,
135,2025-06-26,Lafon,Imehejek,partially passable,1,,Lafon – Imehejek,20MT,
136,2025-06-26,Mabior,Gadiang,partially passable,1,,Mabior – Gadiang,Specialized Trucks,
137,2025-06-26,Poktap,Payuel,partially passable,1,,Poktap – Payuel,Specialized Trucks,
138,2025-06-26,Panakuach,Pariang,partially passable,1,,Panakuach – Pariang,20MT,new road; first appears 2024-11-01
139,2025-06-26,Mabior,Kongor,impassable,2,,Mabior – Kongor,,
140,2025-06-26,Maiwut,Pagak,partially passable,1,,Maiwut – Pagak,20MT,new road; first appears 2025-06-12 (road 20 Mathiang – Maiwut – Pagak shortened to Mathiang – Maiwut the same week)
1,2025-07-11,Kilo 30,Pariang,passable,0,,Kilo 30 – Pariang,40MT,
2,2025-07-11,Gemeiza,Bor,impassable,2,,Gemeiza – Bor,,
3,2025-07-11,Yida,Pariang,passable,0,,Yida - Pariang,40MT,
4,2025-07-11,Juba,Nimule,passable,0,,Juba – Nimule,40MT,
5,2025-07-11,Juba,Torit,partially passable,1,,Juba – Torit,20MT,
6,2025-07-11,Juba,Mangalla,passable,0,,Juba – Mangalla,40MT,
7,2025-07-11,Malakal,Baliet,impassable,2,,Malakal – Baliet,,
8,2025-07-11,Paloich,Renk,passable,0,,Paloich – Renk,40MT,
9,2025-07-11,Adar,Maban,passable,0,Jemaam,Adar – Jemaam – Maban,40MT,
10,2025-07-11,Abyei,Abiemnhom,impassable,2,,Abyei – Abienhom,,
11,2025-07-11,Aweil,Gossinga,partially passable,1,,Aweil – Gossinga,20MT,
12,2025-07-11,Pathai,Walgak,partially passable,1,Motot,Pathai – Motot – Walgak,20MT,
13,2025-07-11,Juba,Lainya,passable,0,,Juba – Lainya,40MT,
14,2025-07-11,Maridi,Yambio,passable,0,,Maridi – Yambio,40MT,
15,2025-07-11,Juba,Kajo Keji,passable,0,,Juba – Kajo Keji,40MT,
16,2025-07-11,Juba,Terakeka,impassable,2,,Juba – Terakeka,,
17,2025-07-11,Narus,Kuron,partially passable,1,,Narus – Kuron,20MT,
18,2025-07-11,Mundri,Mvolo,passable,0,,Mundri - Mvolo,40MT,
19,2025-07-11,Mangalla,Gemeiza,passable,0,,Mangalla – Gemeiza,40MT,
20,2025-07-11,Mathiang,Maiwut,partially passable,1,,Mathiang – Maiwut,20MT,
21,2025-07-11,Tonj,Langdit,passable,0,,Tonj – Langdit,40MT,
22,2025-07-11,Terakeka,Mundri,passable,0,Tali,Terakeka – Tali – Mundri,40MT,
23,2025-07-11,Terakeka,Mingkaman,partially passable,1,,Terakeka – Mingkaman,20MT,
24,2025-07-11,Torit,Magwi,passable,0,,Torit – Magwi,40MT,
25,2025-07-11,Hiyala,Ikotos,passable,0,,Hiyala – Ikotos,40MT,
26,2025-07-11,Torit,Lafon,partially passable,1,,Torit – Lafon,20MT,
27,2025-07-11,Wau,Thar Kueng,passable,0,,Wau – Thar Kueng,40MT,
28,2025-07-11,Wau,Tonj,passable,0,,Wau – Tonj,40MT,
29,2025-07-11,Wau,Akuem,passable,0,Aweil,Wau – Aweil – Akuem,40MT,
30,2025-07-11,Likuangole,Akobo,partially passable,1,,Likuangole – Akobo,Specialized Trucks,
31,2025-07-11,Amok Piny,Madol,impassable,2,,Amok Piny – Madol,,
32,2025-07-11,Akwot,Nasser,impassable,2,,Akwot – Nasser,,
33,2025-07-11,Guit,Koch,impassable,2,,Guit – Koch,,
34,2025-07-11,Abiemnhom,Mayom,impassable,2,,Abiemnhom – Mayom,,
35,2025-07-11,Kilo 30,Kaikang,impassable,2,Tumor; Mayom,Kilo30 –Tumor – Mayom – Kaikang,,
36,2025-07-11,Boma,Pochala,impassable,2,,Boma – Pochala,,
37,2025-07-11,Bor,Gadiang,partially passable,1,,Bor – Gadiang,20MT,
38,2025-07-11,Bor,Baidit,partially passable,1,,Bor – Baidit,20MT,
39,2025-07-11,Pengko,Manyabol,partially passable,1,,Pengko – Manyabol,Specialized Trucks,
40,2025-07-11,Baidit,Duk Padiet,partially passable,1,Mabior,Baidit – Mabior – Duk Padiet,20MT,
41,2025-07-11,Gadiang,Akobo,impassable,2,,Gadiang – Akobo,,
42,2025-07-11,Juba,Lafon,impassable,2,,Juba – Lafon,,
43,2025-07-11,Adar,Mathiang,partially passable,1,,Adar – Mathiang,20MT,
44,2025-07-11,Maper (Lakes),Dablual,impassable,2,,Maper (Lakes) – Dablual,,
45,2025-07-11,Akobo,Kaikuny,impassable,2,,Akobo – Kainuny,,
46,2025-07-11,Motot,Lankien,partially passable,1,,Motot – Lankein,20MT,
47,2025-07-11,Wau,Deim Zubeir,partially passable,1,,Wau – Deim Zubeir,20MT,
48,2025-07-11,Wau,Tambura,partially passable,1,,Wau – Tambura,20MT,
49,2025-07-11,Yirol,Shambe,partially passable,1,,Yirol – Shambe,20MT,
50,2025-07-11,Aluakluak,Yirol,partially passable,1,,Aluakluak - Yirol,20MT,
51,2025-07-11,Rumbek,Langdit,passable,0,,Rumbek - Langdit,40MT,
52,2025-07-11,Aluakluak,Rumbek,partially passable,1,,Aluakluak – Rumbek,20MT,
53,2025-07-11,Wunrok,Abiemnhom,passable,0,Turalei,Wunrok – Turalei – Abiemnhom,40MT,
54,2025-07-11,Kilo 30,Panakuach,passable,0,Roriak,Kilo 30 – Roriak – Panakuach,40MT,
55,2025-07-11,Ding Ding,Koch,impassable,2,,Ding ding - Koch,,
56,2025-07-11,Bentiu,Dhorbor,impassable,2,,Bentiu – Dhorbor,,
57,2025-07-11,Dhorbor,Guit,impassable,2,,Dhorbor – Guit,,
58,2025-07-11,Guit,Ding Ding,impassable,2,,Guit – Ding Ding,,
59,2025-07-11,Gumuruk,Pibor,partially passable,1,,Gumuruk – Pibor,Specialized Trucks,
60,2025-07-11,Bor,Pengko,partially passable,1,,Bor – Pengko,Specialized Trucks,
61,2025-07-11,Duk Padiet,Pajut,partially passable,1,,Duk Padiat – Pajut,20MT,
62,2025-07-11,Yuai,Karam,partially passable,1,Pathai,Yaui – Pathai – Karam,20MT,
63,2025-07-11,Yuai,Motot,partially passable,1,Pieri,Yaui – Pieri – Motot,20MT,
64,2025-07-11,Yuai,Pajut,partially passable,1,,Yaui – Pajut,20MT,
65,2025-07-11,Wulu,Rumbek,passable,0,,Wulu – Rumbek,40MT,
66,2025-07-11,Pibor,Likuangole,partially passable,1,,Pibor – Likuangole,Specialized Trucks,
67,2025-07-11,Mingkaman,Yirol,partially passable,1,,Mingkaman – Yirol,20MT,
68,2025-07-11,Yambio,Tambura,passable,0,,Yambio – Tambura,40MT,
69,2025-07-11,Juba,Mundri,passable,0,,Juba – Mundri,40MT,
70,2025-07-11,Kodok,Paloich,passable,0,,Kodok – Paloich,40MT,
71,2025-07-11,Malakal,Kodok,passable,0,,Malakal – Kodok,40MT,
72,2025-07-11,Thar Kueng,Kuajok,passable,0,,Thar Kueng - Kuajok,40MT,
73,2025-07-11,Bentiu,Guit,impassable,2,,Bentiu – Guit,,
74,2025-07-11,Duk Padiet,Ayod,passable,0,,Duk Padiet – Ayod,40MT,
75,2025-07-11,Guit,Mirmir,impassable,2,,Guit – Mir mir,,
76,2025-07-11,Raja,Chandoy/Dolo2,passable,0,,Raja – Chandoy/Dolo2,40MT,
77,2025-07-11,Mundri,Maridi,passable,0,,Mundri - Maridi,40MT,
78,2025-07-11,Torit,Kapoeta,partially passable,1,,Torit – Kapoeta,20MT,
79,2025-07-11,Mayendit,Mirmir,passable,0,Rupkuai,Mayendit – Rupkuai – Mir mir,40MT,
80,2025-07-11,Mirmir,Leer,partially passable,1,,Mirmir – Leer,20MT,
81,2025-07-11,Mankien,Mayom,impassable,2,,Mankien - Mayom,,
82,2025-07-11,Ajak Kuac,Mankien,impassable,2,,Ajak Kuac – Mankien,,
83,2025-07-11,Ayod,Pathai,partially passable,1,,Ayod – Pathai,20MT,
84,2025-07-11,Nyandit,Kiech Kon,impassable,2,,Nyandit - Kiech Kon,,
85,2025-07-11,Paloich,Jemaam,passable,0,Adar,Paloich – Adar – Jemaam,40MT,
86,2025-07-11,New Fangak,Kuernyang,impassable,2,,New Fangak – Kuernyang,,
87,2025-07-11,Paguir,Keew,impassable,2,,Paguir – Keew,,
88,2025-07-11,Baliet,Kiech Kon,impassable,2,Akwot,Baliet – Akwot – Kiech kon,,
89,2025-07-11,Wunrok,Gogrial,passable,0,,Wunrok – Gogrial,40MT,
90,2025-07-11,Deim Zubeir,Raja,partially passable,1,,Dim Zubeir – Raja,20MT,
91,2025-07-11,Aweil,Yith Pabol,impassable,2,,Aweil – Yith Pabol,,
92,2025-07-11,Kapoeta,Narus,passable,0,,Kapoeta – Narus,40MT,
93,2025-07-11,Melut,Paloich,passable,0,,Melut – Paloich,40MT,
94,2025-07-11,Wunrok,Abyei,passable,0,,Wunrok – Abyei,40MT,
95,2025-07-11,Gogrial,Kuajok,passable,0,,Gogrial – Kuajok,40MT,
96,2025-07-11,Bentiu,Nhialdiu,impassable,2,,Bentiu – Nhialdiu,,
97,2025-07-11,Aluakluak,Mvolo,partially passable,1,,Aluakluak - Mvolo,20MT,
98,2025-07-11,Kilo 30,Manga Port,passable,0,,Kilo 30 – Manga Port,40MT,
99,2025-07-11,Gossinga,Raja,impassable,2,,Gossinga – Raja,,
100,2025-07-11,Gossinga,Raja,partially passable,1,Kapalala,Gossinga – Kapalala – Raja,20MT,
101,2025-07-11,Nyal,Ganyiel,impassable,2,,Nyal – Ganyiel,,
102,2025-07-11,Manyabol,Gadiang,impassable,2,,Manyabol – Gadiang,,
103,2025-07-11,Manyabol,Gumuruk,partially passable,1,,Manyabol – Gumuruk,Specialized Trucks,
104,2025-07-11,Vertet,Labarab,impassable,2,,Vertet – Labarab,,"ID printed as 103 on this map (typo – 103 is Manyabol – Gumuruk), recorded as 104"
105,2025-07-11,Boma,Maruwa,impassable,2,,Boma – Maruwa,,
106,2025-07-11,Boma,Labarab,impassable,2,,Boma - Labarab,,
107,2025-07-11,Pibor,Vertet,impassable,2,,Pibor – Verthet,,
108,2025-07-11,Aduel,Amok Piny,partially passable,1,,Aduel – Amok Piny,Specialized Trucks,
109,2025-07-11,Lankien,Pading,passable,0,Nyambor,Lankien – Nyambor – Pading,40MT,
110,2025-07-11,Nyambor,Karam,partially passable,1,Pading,Nyambor – Pading – Karam,20MT,
111,2025-07-11,Pajut,Payuel,partially passable,1,,Pajut – Payuel,20MT,
112,2025-07-11,Aweil,Gogrial,partially passable,1,Akun,Aweil – Akun – Gogrial,20MT,
113,2025-07-11,Kapoeta,Chukudum,passable,0,,Kapoeta – Chukudum,40MT,
114,2025-07-11,Diabio,Ezo,passable,0,,Diabio – Ezo,40MT,
115,2025-07-11,Mvolo,Wulu,passable,0,,Mvolo – Wullu,40MT,
116,2025-07-11,Aluakluak,Mapuordit,partially passable,1,,Aluakluak - Mapuordit,20MT,
117,2025-07-11,Narus,Nadapal,passable,0,,Narus – Nadapal,40MT,
118,2025-07-11,Bentiu,Kilo 30,passable,0,,Bentiu – Kilo30,40MT,
119,2025-07-11,Gadiang,Yuai,partially passable,1,,Gadiang – Yuai,20MT,
120,2025-07-11,Pathai,Fatuet,partially passable,1,,Pathai – Fatuet,20MT,
121,2025-07-11,Walgak,Kaikuny,partially passable,1,,Walgak – Kaikuny,Specialized Trucks,
122,2025-07-11,Yuai,Walgak,partially passable,1,Motot; Waat,Yuai – Motot – Waat – Walgak,20MT,
123,2025-07-11,Kuron,Boma,impassable,2,,Kuron – Boma,,
124,2025-07-11,Kapoeta,Kassangor,partially passable,1,,Kapoeta – Kassangor,20MT,
125,2025-07-11,Rumbek,Maper (Lakes),impassable,2,,Rumbek – Maper (Lakes),,
126,2025-07-11,Maruwa,Labarab,impassable,2,,Maruwa – Labarab,,
127,2025-07-11,Koch,Mirmir,impassable,2,,Koch – Mirmir,,
128,2025-07-11,Adok,Leer,partially passable,1,Piling,Adok – Piling – Leer,20MT,
129,2025-07-11,Lainya,Yei,passable,0,,Lainya – Yei,40MT,
130,2025-07-11,Mathiang,Udier,passable,0,,Mathiang – Udier,40MT,
131,2025-07-11,Gadiang,Payuel,partially passable,1,,Gadiang – Payuel,20MT,
132,2025-07-11,Ayod,Mogok,passable,0,,Ayod – Mogok,40MT,
133,2025-07-11,Kaikang,Kilo 30,passable,0,Roriak; Mayom,(Kaikang – Roriak )(Mayom – Kilo 30),40MT,"alternative road listed as two separate stretches: Kaikang–Roriak and Mayom–Kilo 30; ID printed as 134 on this map (typo – 134 is Pariang – Ajuong Thok), recorded as 133"
134,2025-07-11,Pariang,Ajuong Thok,passable,0,,Pariang – Ajuong Thok,40MT,
135,2025-07-11,Lafon,Imehejek,partially passable,1,,Lafon – Imehejek,20MT,
136,2025-07-11,Mabior,Gadiang,partially passable,1,,Mabior – Gadiang,Specialized Trucks,
137,2025-07-11,Poktap,Payuel,partially passable,1,,Poktap – Payuel,Specialized Trucks,
138,2025-07-11,Panakuach,Pariang,partially passable,1,,Panakuach – Pariang,20MT,new road; first appears 2024-11-01
139,2025-07-11,Mabior,Kongor,impassable,2,,Mabior – Kongor,,
140,2025-07-11,Maiwut,Pagak,partially passable,1,,Maiwut – Pagak,20MT,new road; first appears 2025-06-12 (road 20 Mathiang – Maiwut – Pagak shortened to Mathiang – Maiwut the same week)
1,2025-07-18,Kilo 30,Pariang,passable,0,,Kilo 30 – Pariang,40MT,
2,2025-07-18,Gemeiza,Bor,impassable,2,,Gemeiza – Bor,,
3,2025-07-18,Yida,Pariang,passable,0,,Yida - Pariang,40MT,
4,2025-07-18,Juba,Nimule,passable,0,,Juba – Nimule,40MT,
5,2025-07-18,Juba,Torit,partially passable,1,,Juba – Torit,20MT,
6,2025-07-18,Juba,Mangalla,passable,0,,Juba – Mangalla,40MT,
7,2025-07-18,Malakal,Baliet,partially passable,1,,Malakal – Baliet,Specialized Trucks,
8,2025-07-18,Paloich,Renk,passable,0,,Paloich – Renk,40MT,
9,2025-07-18,Adar,Maban,passable,0,Jemaam,Adar – Jemaam – Maban,40MT,
10,2025-07-18,Abyei,Abiemnhom,impassable,2,,Abyei – Abienhom,,
11,2025-07-18,Aweil,Gossinga,partially passable,1,,Aweil – Gossinga,20MT,
12,2025-07-18,Pathai,Walgak,partially passable,1,Motot,Pathai – Motot – Walgak,20MT,
13,2025-07-18,Juba,Lainya,passable,0,,Juba – Lainya,40MT,
14,2025-07-18,Maridi,Yambio,passable,0,,Maridi – Yambio,40MT,
15,2025-07-18,Juba,Kajo Keji,passable,0,,Juba – Kajo Keji,40MT,
16,2025-07-18,Juba,Terakeka,impassable,2,,Juba – Terakeka,,
17,2025-07-18,Narus,Kuron,partially passable,1,,Narus – Kuron,20MT,
18,2025-07-18,Mundri,Mvolo,passable,0,,Mundri - Mvolo,40MT,
19,2025-07-18,Mangalla,Gemeiza,passable,0,,Mangalla – Gemeiza,40MT,
20,2025-07-18,Mathiang,Maiwut,partially passable,1,,Mathiang – Maiwut,20MT,
21,2025-07-18,Tonj,Langdit,passable,0,,Tonj – Langdit,40MT,
22,2025-07-18,Terakeka,Mundri,passable,0,Tali,Terakeka – Tali – Mundri,40MT,
23,2025-07-18,Terakeka,Mingkaman,partially passable,1,,Terakeka – Mingkaman,20MT,
24,2025-07-18,Torit,Magwi,passable,0,,Torit – Magwi,40MT,
25,2025-07-18,Hiyala,Ikotos,passable,0,,Hiyala – Ikotos,40MT,
26,2025-07-18,Torit,Lafon,partially passable,1,,Torit – Lafon,20MT,
27,2025-07-18,Wau,Thar Kueng,passable,0,,Wau – Thar Kueng,40MT,
28,2025-07-18,Wau,Tonj,passable,0,,Wau – Tonj,40MT,
29,2025-07-18,Wau,Akuem,passable,0,Aweil,Wau – Aweil – Akuem,40MT,
30,2025-07-18,Likuangole,Akobo,partially passable,1,,Likuangole – Akobo,Specialized Trucks,
31,2025-07-18,Amok Piny,Madol,impassable,2,,Amok Piny – Madol,,
32,2025-07-18,Akwot,Nasser,impassable,2,,Akwot – Nasser,,
33,2025-07-18,Guit,Koch,impassable,2,,Guit – Koch,,
34,2025-07-18,Abiemnhom,Mayom,impassable,2,,Abiemnhom – Mayom,,
35,2025-07-18,Kilo 30,Kaikang,impassable,2,Tumor; Mayom,Kilo30 –Tumor – Mayom – Kaikang,,
36,2025-07-18,Boma,Pochala,impassable,2,,Boma – Pochala,,
37,2025-07-18,Bor,Gadiang,partially passable,1,,Bor – Gadiang,20MT,
38,2025-07-18,Bor,Baidit,partially passable,1,,Bor – Baidit,20MT,
39,2025-07-18,Pengko,Manyabol,partially passable,1,,Pengko – Manyabol,Specialized Trucks,
40,2025-07-18,Baidit,Duk Padiet,partially passable,1,Mabior,Baidit – Mabior – Duk Padiet,20MT,
41,2025-07-18,Gadiang,Akobo,impassable,2,,Gadiang – Akobo,,
42,2025-07-18,Juba,Lafon,impassable,2,,Juba – Lafon,,
43,2025-07-18,Adar,Mathiang,partially passable,1,,Adar – Mathiang,20MT,
44,2025-07-18,Maper (Lakes),Dablual,impassable,2,,Maper (Lakes) – Dablual,,
45,2025-07-18,Akobo,Kaikuny,impassable,2,,Akobo – Kainuny,,
46,2025-07-18,Motot,Lankien,partially passable,1,,Motot – Lankein,20MT,
47,2025-07-18,Wau,Deim Zubeir,partially passable,1,,Wau – Deim Zubeir,20MT,
48,2025-07-18,Wau,Tambura,partially passable,1,,Wau – Tambura,20MT,
49,2025-07-18,Yirol,Shambe,partially passable,1,,Yirol – Shambe,20MT,
50,2025-07-18,Aluakluak,Yirol,partially passable,1,,Aluakluak - Yirol,20MT,
51,2025-07-18,Rumbek,Langdit,passable,0,,Rumbek - Langdit,40MT,
52,2025-07-18,Aluakluak,Rumbek,partially passable,1,,Aluakluak – Rumbek,20MT,
53,2025-07-18,Wunrok,Abiemnhom,passable,0,Turalei,Wunrok – Turalei – Abiemnhom,40MT,
54,2025-07-18,Kilo 30,Panakuach,passable,0,Roriak,Kilo 30 – Roriak – Panakuach,40MT,
55,2025-07-18,Ding Ding,Koch,impassable,2,,Ding ding - Koch,,
56,2025-07-18,Bentiu,Dhorbor,impassable,2,,Bentiu – Dhorbor,,
57,2025-07-18,Dhorbor,Guit,impassable,2,,Dhorbor – Guit,,
58,2025-07-18,Guit,Ding Ding,impassable,2,,Guit – Ding Ding,,
59,2025-07-18,Gumuruk,Pibor,partially passable,1,,Gumuruk – Pibor,Specialized Trucks,
60,2025-07-18,Bor,Pengko,partially passable,1,,Bor – Pengko,Specialized Trucks,
61,2025-07-18,Duk Padiet,Pajut,partially passable,1,,Duk Padiat – Pajut,20MT,
62,2025-07-18,Yuai,Karam,partially passable,1,Pathai,Yaui – Pathai – Karam,20MT,
63,2025-07-18,Yuai,Motot,partially passable,1,Pieri,Yaui – Pieri – Motot,20MT,
64,2025-07-18,Yuai,Pajut,partially passable,1,,Yaui – Pajut,20MT,
65,2025-07-18,Wulu,Rumbek,passable,0,,Wulu – Rumbek,40MT,
66,2025-07-18,Pibor,Likuangole,partially passable,1,,Pibor – Likuangole,Specialized Trucks,
67,2025-07-18,Mingkaman,Yirol,partially passable,1,,Mingkaman – Yirol,20MT,
68,2025-07-18,Yambio,Tambura,passable,0,,Yambio – Tambura,40MT,
69,2025-07-18,Juba,Mundri,passable,0,,Juba – Mundri,40MT,
70,2025-07-18,Kodok,Paloich,passable,0,,Kodok – Paloich,40MT,
71,2025-07-18,Malakal,Kodok,passable,0,,Malakal – Kodok,40MT,
72,2025-07-18,Thar Kueng,Kuajok,passable,0,,Thar Kueng - Kuajok,40MT,
73,2025-07-18,Bentiu,Guit,impassable,2,,Bentiu – Guit,,
74,2025-07-18,Duk Padiet,Ayod,passable,0,,Duk Padiet – Ayod,40MT,
75,2025-07-18,Guit,Mirmir,impassable,2,,Guit – Mir mir,,
76,2025-07-18,Raja,Chandoy/Dolo2,passable,0,,Raja – Chandoy/Dolo2,40MT,
77,2025-07-18,Mundri,Maridi,passable,0,,Mundri - Maridi,40MT,
78,2025-07-18,Torit,Kapoeta,partially passable,1,,Torit – Kapoeta,20MT,
79,2025-07-18,Mayendit,Mirmir,passable,0,Rupkuai,Mayendit – Rupkuai – Mir mir,40MT,
80,2025-07-18,Mirmir,Leer,partially passable,1,,Mirmir – Leer,20MT,
81,2025-07-18,Mankien,Mayom,impassable,2,,Mankien - Mayom,,
82,2025-07-18,Ajak Kuac,Mankien,impassable,2,,Ajak Kuac – Mankien,,
83,2025-07-18,Ayod,Pathai,partially passable,1,,Ayod – Pathai,20MT,
84,2025-07-18,Nyandit,Kiech Kon,impassable,2,,Nyandit - Kiech Kon,,
85,2025-07-18,Paloich,Jemaam,passable,0,Adar,Paloich – Adar – Jemaam,40MT,
86,2025-07-18,New Fangak,Kuernyang,impassable,2,,New Fangak – Kuernyang,,
87,2025-07-18,Paguir,Keew,impassable,2,,Paguir – Keew,,
88,2025-07-18,Baliet,Kiech Kon,impassable,2,Akwot,Baliet – Akwot – Kiech kon,,
89,2025-07-18,Wunrok,Gogrial,passable,0,,Wunrok – Gogrial,40MT,
90,2025-07-18,Deim Zubeir,Raja,partially passable,1,,Dim Zubeir – Raja,20MT,
91,2025-07-18,Aweil,Yith Pabol,impassable,2,,Aweil – Yith Pabol,,
92,2025-07-18,Kapoeta,Narus,passable,0,,Kapoeta – Narus,40MT,
93,2025-07-18,Melut,Paloich,passable,0,,Melut – Paloich,40MT,
94,2025-07-18,Wunrok,Abyei,passable,0,,Wunrok – Abyei,40MT,
95,2025-07-18,Gogrial,Kuajok,passable,0,,Gogrial – Kuajok,40MT,
96,2025-07-18,Bentiu,Nhialdiu,impassable,2,,Bentiu – Nhialdiu,,
97,2025-07-18,Aluakluak,Mvolo,partially passable,1,,Aluakluak - Mvolo,20MT,
98,2025-07-18,Kilo 30,Manga Port,passable,0,,Kilo 30 – Manga Port,40MT,
99,2025-07-18,Gossinga,Raja,impassable,2,,Gossinga – Raja,,
100,2025-07-18,Gossinga,Raja,partially passable,1,Kapalala,Gossinga – Kapalala – Raja,20MT,
101,2025-07-18,Nyal,Ganyiel,impassable,2,,Nyal – Ganyiel,,
102,2025-07-18,Manyabol,Gadiang,impassable,2,,Manyabol – Gadiang,,
103,2025-07-18,Manyabol,Gumuruk,partially passable,1,,Manyabol – Gumuruk,Specialized Trucks,
104,2025-07-18,Vertet,Labarab,impassable,2,,Vertet – Labarab,,"ID printed as 103 on this map (typo – 103 is Manyabol – Gumuruk), recorded as 104"
105,2025-07-18,Boma,Maruwa,impassable,2,,Boma – Maruwa,,
106,2025-07-18,Boma,Labarab,impassable,2,,Boma - Labarab,,
107,2025-07-18,Pibor,Vertet,impassable,2,,Pibor – Verthet,,
108,2025-07-18,Aduel,Amok Piny,partially passable,1,,Aduel – Amok Piny,Specialized Trucks,
109,2025-07-18,Lankien,Pading,passable,0,Nyambor,Lankien – Nyambor – Pading,40MT,
110,2025-07-18,Nyambor,Karam,partially passable,1,Pading,Nyambor – Pading – Karam,20MT,
111,2025-07-18,Pajut,Payuel,partially passable,1,,Pajut – Payuel,20MT,
112,2025-07-18,Aweil,Gogrial,partially passable,1,Akun,Aweil – Akun – Gogrial,20MT,
113,2025-07-18,Kapoeta,Chukudum,passable,0,,Kapoeta – Chukudum,40MT,
114,2025-07-18,Diabio,Ezo,passable,0,,Diabio – Ezo,40MT,
115,2025-07-18,Mvolo,Wulu,passable,0,,Mvolo – Wullu,40MT,
116,2025-07-18,Aluakluak,Mapuordit,partially passable,1,,Aluakluak - Mapuordit,20MT,
117,2025-07-18,Narus,Nadapal,passable,0,,Narus – Nadapal,40MT,
118,2025-07-18,Bentiu,Kilo 30,passable,0,,Bentiu – Kilo30,40MT,
119,2025-07-18,Gadiang,Yuai,partially passable,1,,Gadiang – Yuai,20MT,
120,2025-07-18,Pathai,Fatuet,partially passable,1,,Pathai – Fatuet,20MT,
121,2025-07-18,Walgak,Kaikuny,partially passable,1,,Walgak – Kaikuny,Specialized Trucks,
122,2025-07-18,Yuai,Walgak,partially passable,1,Motot; Waat,Yuai – Motot – Waat – Walgak,20MT,
123,2025-07-18,Kuron,Boma,impassable,2,,Kuron – Boma,,
124,2025-07-18,Kapoeta,Kassangor,partially passable,1,,Kapoeta – Kassangor,20MT,
125,2025-07-18,Rumbek,Maper (Lakes),impassable,2,,Rumbek – Maper (Lakes),,
126,2025-07-18,Maruwa,Labarab,impassable,2,,Maruwa – Labarab,,
127,2025-07-18,Koch,Mirmir,impassable,2,,Koch – Mirmir,,
128,2025-07-18,Adok,Leer,partially passable,1,Piling,Adok – Piling – Leer,20MT,
129,2025-07-18,Lainya,Yei,passable,0,,Lainya – Yei,40MT,
130,2025-07-18,Mathiang,Udier,passable,0,,Mathiang – Udier,40MT,
131,2025-07-18,Gadiang,Payuel,partially passable,1,,Gadiang – Payuel,20MT,
132,2025-07-18,Ayod,Mogok,passable,0,,Ayod – Mogok,40MT,
133,2025-07-18,Kaikang,Kilo 30,passable,0,Roriak; Mayom,(Kaikang – Roriak )(Mayom – Kilo 30),40MT,"alternative road listed as two separate stretches: Kaikang–Roriak and Mayom–Kilo 30; ID printed as 134 on this map (typo – 134 is Pariang – Ajuong Thok), recorded as 133"
134,2025-07-18,Pariang,Ajuong Thok,passable,0,,Pariang – Ajuong Thok,40MT,
135,2025-07-18,Lafon,Imehejek,partially passable,1,,Lafon – Imehejek,20MT,
136,2025-07-18,Mabior,Gadiang,partially passable,1,,Mabior – Gadiang,Specialized Trucks,
137,2025-07-18,Poktap,Payuel,partially passable,1,,Poktap – Payuel,Specialized Trucks,
138,2025-07-18,Panakuach,Pariang,partially passable,1,,Panakuach – Pariang,20MT,new road; first appears 2024-11-01
139,2025-07-18,Mabior,Kongor,impassable,2,,Mabior – Kongor,,
140,2025-07-18,Maiwut,Pagak,partially passable,1,,Maiwut – Pagak,20MT,new road; first appears 2025-06-12 (road 20 Mathiang – Maiwut – Pagak shortened to Mathiang – Maiwut the same week)
1,2025-07-25,Kilo 30,Pariang,passable,0,,Kilo 30 – Pariang,40MT,
2,2025-07-25,Gemeiza,Bor,impassable,2,,Gemeiza – Bor,,
3,2025-07-25,Yida,Pariang,passable,0,,Yida - Pariang,40MT,
4,2025-07-25,Juba,Nimule,passable,0,,Juba – Nimule,40MT,
5,2025-07-25,Juba,Torit,partially passable,1,,Juba – Torit,20MT,
6,2025-07-25,Juba,Mangalla,passable,0,,Juba – Mangalla,40MT,
7,2025-07-25,Malakal,Baliet,impassable,2,,Malakal – Baliet,,
8,2025-07-25,Paloich,Renk,passable,0,,Paloich – Renk,40MT,
9,2025-07-25,Adar,Maban,passable,0,Jemaam,Adar – Jemaam – Maban,40MT,
10,2025-07-25,Abyei,Abiemnhom,impassable,2,,Abyei – Abienhom,,
11,2025-07-25,Aweil,Gossinga,partially passable,1,,Aweil – Gossinga,20MT,
12,2025-07-25,Pathai,Walgak,partially passable,1,Motot,Pathai – Motot – Walgak,20MT,
13,2025-07-25,Juba,Lainya,passable,0,,Juba – Lainya,40MT,
14,2025-07-25,Maridi,Yambio,passable,0,,Maridi – Yambio,40MT,
15,2025-07-25,Juba,Kajo Keji,passable,0,,Juba – Kajo Keji,40MT,
16,2025-07-25,Juba,Terakeka,impassable,2,,Juba – Terakeka,,
17,2025-07-25,Narus,Kuron,partially passable,1,,Narus – Kuron,20MT,
18,2025-07-25,Mundri,Mvolo,passable,0,,Mundri - Mvolo,40MT,
19,2025-07-25,Mangalla,Gemeiza,passable,0,,Mangalla – Gemeiza,40MT,
20,2025-07-25,Mathiang,Maiwut,impassable,2,,Mathiang – Maiwut,,
21,2025-07-25,Tonj,Langdit,passable,0,,Tonj – Langdit,40MT,
22,2025-07-25,Terakeka,Mundri,passable,0,Tali,Terakeka – Tali – Mundri,40MT,
23,2025-07-25,Terakeka,Mingkaman,partially passable,1,,Terakeka – Mingkaman,20MT,
24,2025-07-25,Torit,Magwi,passable,0,,Torit – Magwi,40MT,
25,2025-07-25,Hiyala,Ikotos,passable,0,,Hiyala – Ikotos,40MT,
26,2025-07-25,Torit,Lafon,partially passable,1,,Torit – Lafon,20MT,
27,2025-07-25,Wau,Thar Kueng,passable,0,,Wau – Thar Kueng,40MT,
28,2025-07-25,Wau,Tonj,passable,0,,Wau – Tonj,40MT,
29,2025-07-25,Wau,Akuem,passable,0,Aweil,Wau – Aweil – Akuem,40MT,
30,2025-07-25,Likuangole,Akobo,partially passable,1,,Likuangole – Akobo,Specialized Trucks,
31,2025-07-25,Amok Piny,Madol,impassable,2,,Amok Piny – Madol,,
32,2025-07-25,Akwot,Nasser,impassable,2,,Akwot – Nasser,,
33,2025-07-25,Guit,Koch,impassable,2,,Guit – Koch,,
34,2025-07-25,Abiemnhom,Mayom,impassable,2,,Abiemnhom – Mayom,,
35,2025-07-25,Kilo 30,Kaikang,impassable,2,Tumor; Mayom,Kilo30 –Tumor – Mayom – Kaikang,,
36,2025-07-25,Boma,Pochala,impassable,2,,Boma – Pochala,,
37,2025-07-25,Bor,Gadiang,partially passable,1,,Bor – Gadiang,20MT,
38,2025-07-25,Bor,Baidit,partially passable,1,,Bor – Baidit,20MT,
39,2025-07-25,Pengko,Manyabol,partially passable,1,,Pengko – Manyabol,Specialized Trucks,
40,2025-07-25,Baidit,Duk Padiet,partially passable,1,Mabior,Baidit – Mabior – Duk Padiet,20MT,
41,2025-07-25,Gadiang,Akobo,impassable,2,,Gadiang – Akobo,,
42,2025-07-25,Juba,Lafon,impassable,2,,Juba – Lafon,,
43,2025-07-25,Adar,Mathiang,impassable,2,,Adar – Mathiang,,
44,2025-07-25,Maper (Lakes),Dablual,impassable,2,,Maper (Lakes) – Dablual,,
45,2025-07-25,Akobo,Kaikuny,impassable,2,,Akobo – Kainuny,,
46,2025-07-25,Motot,Lankien,partially passable,1,,Motot – Lankein,20MT,
47,2025-07-25,Wau,Deim Zubeir,partially passable,1,,Wau – Deim Zubeir,20MT,
48,2025-07-25,Wau,Tambura,partially passable,1,,Wau – Tambura,20MT,
49,2025-07-25,Yirol,Shambe,partially passable,1,,Yirol – Shambe,20MT,
50,2025-07-25,Aluakluak,Yirol,partially passable,1,,Aluakluak - Yirol,20MT,
51,2025-07-25,Rumbek,Langdit,passable,0,,Rumbek - Langdit,40MT,
52,2025-07-25,Aluakluak,Rumbek,partially passable,1,,Aluakluak – Rumbek,20MT,
53,2025-07-25,Wunrok,Abiemnhom,impassable,2,Turalei,Wunrok – Turalei – Abiemnhom,,
54,2025-07-25,Kilo 30,Panakuach,passable,0,Roriak,Kilo 30 – Roriak – Panakuach,40MT,
55,2025-07-25,Ding Ding,Koch,impassable,2,,Ding ding - Koch,,
56,2025-07-25,Bentiu,Dhorbor,impassable,2,,Bentiu – Dhorbor,,
57,2025-07-25,Dhorbor,Guit,impassable,2,,Dhorbor – Guit,,
58,2025-07-25,Guit,Ding Ding,impassable,2,,Guit – Ding Ding,,
59,2025-07-25,Gumuruk,Pibor,partially passable,1,,Gumuruk – Pibor,Specialized Trucks,
60,2025-07-25,Bor,Pengko,partially passable,1,,Bor – Pengko,Specialized Trucks,
61,2025-07-25,Duk Padiet,Pajut,partially passable,1,,Duk Padiat – Pajut,20MT,
62,2025-07-25,Yuai,Karam,partially passable,1,Pathai,Yaui – Pathai – Karam,20MT,
63,2025-07-25,Yuai,Motot,partially passable,1,Pieri,Yaui – Pieri – Motot,20MT,
64,2025-07-25,Yuai,Pajut,partially passable,1,,Yaui – Pajut,20MT,
65,2025-07-25,Wulu,Rumbek,passable,0,,Wulu – Rumbek,40MT,
66,2025-07-25,Pibor,Likuangole,partially passable,1,,Pibor – Likuangole,Specialized Trucks,
67,2025-07-25,Mingkaman,Yirol,partially passable,1,,Mingkaman – Yirol,20MT,
68,2025-07-25,Yambio,Tambura,passable,0,,Yambio – Tambura,40MT,
69,2025-07-25,Juba,Mundri,passable,0,,Juba – Mundri,40MT,
70,2025-07-25,Kodok,Paloich,partially passable,1,,Kodok – Paloich,20MT,
71,2025-07-25,Malakal,Kodok,partially passable,1,,Malakal – Kodok,20MT,
72,2025-07-25,Thar Kueng,Kuajok,passable,0,,Thar Kueng - Kuajok,40MT,
73,2025-07-25,Bentiu,Guit,impassable,2,,Bentiu – Guit,,
74,2025-07-25,Duk Padiet,Ayod,passable,0,,Duk Padiet – Ayod,40MT,
75,2025-07-25,Guit,Mirmir,impassable,2,,Guit – Mir mir,,
76,2025-07-25,Raja,Chandoy/Dolo2,passable,0,,Raja – Chandoy/Dolo2,40MT,
77,2025-07-25,Mundri,Maridi,passable,0,,Mundri - Maridi,40MT,
78,2025-07-25,Torit,Kapoeta,partially passable,1,,Torit – Kapoeta,20MT,
79,2025-07-25,Mayendit,Mirmir,passable,0,Rupkuai,Mayendit – Rupkuai – Mir mir,40MT,
80,2025-07-25,Mirmir,Leer,partially passable,1,,Mirmir – Leer,20MT,
81,2025-07-25,Mankien,Mayom,impassable,2,,Mankien - Mayom,,
82,2025-07-25,Ajak Kuac,Mankien,impassable,2,,Ajak Kuac – Mankien,,
83,2025-07-25,Ayod,Pathai,partially passable,1,,Ayod – Pathai,20MT,
84,2025-07-25,Nyandit,Kiech Kon,impassable,2,,Nyandit - Kiech Kon,,
85,2025-07-25,Paloich,Jemaam,passable,0,Adar,Paloich – Adar – Jemaam,40MT,
86,2025-07-25,New Fangak,Kuernyang,impassable,2,,New Fangak – Kuernyang,,
87,2025-07-25,Paguir,Keew,impassable,2,,Paguir – Keew,,
88,2025-07-25,Baliet,Kiech Kon,impassable,2,Akwot,Baliet – Akwot – Kiech kon,,
89,2025-07-25,Wunrok,Gogrial,partially passable,1,,Wunrok – Gogrial,20MT,
90,2025-07-25,Deim Zubeir,Raja,partially passable,1,,Dim Zubeir – Raja,20MT,
91,2025-07-25,Aweil,Yith Pabol,impassable,2,,Aweil – Yith Pabol,,
92,2025-07-25,Kapoeta,Narus,passable,0,,Kapoeta – Narus,40MT,
93,2025-07-25,Melut,Paloich,passable,0,,Melut – Paloich,40MT,
94,2025-07-25,Wunrok,Abyei,partially passable,1,,Wunrok – Abyei,20MT,
95,2025-07-25,Gogrial,Kuajok,partially passable,1,,Gogrial – Kuajok,20MT,
96,2025-07-25,Bentiu,Nhialdiu,impassable,2,,Bentiu – Nhialdiu,,
97,2025-07-25,Aluakluak,Mvolo,partially passable,1,,Aluakluak - Mvolo,20MT,
98,2025-07-25,Kilo 30,Manga Port,passable,0,,Kilo 30 – Manga Port,40MT,
99,2025-07-25,Gossinga,Raja,impassable,2,,Gossinga – Raja,,
100,2025-07-25,Gossinga,Raja,partially passable,1,Kapalala,Gossinga – Kapalala – Raja,20MT,
101,2025-07-25,Nyal,Ganyiel,impassable,2,,Nyal – Ganyiel,,
102,2025-07-25,Manyabol,Gadiang,impassable,2,,Manyabol – Gadiang,,
103,2025-07-25,Manyabol,Gumuruk,partially passable,1,,Manyabol – Gumuruk,Specialized Trucks,
104,2025-07-25,Vertet,Labarab,impassable,2,,Vertet – Labarab,,"ID printed as 103 on this map (typo – 103 is Manyabol – Gumuruk), recorded as 104"
105,2025-07-25,Boma,Maruwa,impassable,2,,Boma – Maruwa,,
106,2025-07-25,Boma,Labarab,impassable,2,,Boma - Labarab,,
107,2025-07-25,Pibor,Vertet,impassable,2,,Pibor – Verthet,,
108,2025-07-25,Aduel,Amok Piny,partially passable,1,,Aduel – Amok Piny,Specialized Trucks,
109,2025-07-25,Lankien,Pading,passable,0,Nyambor,Lankien – Nyambor – Pading,40MT,
110,2025-07-25,Nyambor,Karam,partially passable,1,Pading,Nyambor – Pading – Karam,20MT,
111,2025-07-25,Pajut,Payuel,partially passable,1,,Pajut – Payuel,20MT,
112,2025-07-25,Aweil,Gogrial,partially passable,1,Akun,Aweil – Akun – Gogrial,20MT,
113,2025-07-25,Kapoeta,Chukudum,passable,0,,Kapoeta – Chukudum,40MT,
114,2025-07-25,Diabio,Ezo,passable,0,,Diabio – Ezo,40MT,
115,2025-07-25,Mvolo,Wulu,passable,0,,Mvolo – Wullu,40MT,
116,2025-07-25,Aluakluak,Mapuordit,partially passable,1,,Aluakluak - Mapuordit,20MT,
117,2025-07-25,Narus,Nadapal,passable,0,,Narus – Nadapal,40MT,
118,2025-07-25,Bentiu,Kilo 30,passable,0,,Bentiu – Kilo30,40MT,
119,2025-07-25,Gadiang,Yuai,partially passable,1,,Gadiang – Yuai,20MT,
120,2025-07-25,Pathai,Fatuet,partially passable,1,,Pathai – Fatuet,20MT,
121,2025-07-25,Walgak,Kaikuny,partially passable,1,,Walgak – Kaikuny,Specialized Trucks,
122,2025-07-25,Yuai,Walgak,partially passable,1,Motot; Waat,Yuai – Motot – Waat – Walgak,20MT,
123,2025-07-25,Kuron,Boma,impassable,2,,Kuron – Boma,,
124,2025-07-25,Kapoeta,Kassangor,partially passable,1,,Kapoeta – Kassangor,20MT,
125,2025-07-25,Rumbek,Maper (Lakes),impassable,2,,Rumbek – Maper (Lakes),,
126,2025-07-25,Maruwa,Labarab,impassable,2,,Maruwa – Labarab,,
127,2025-07-25,Koch,Mirmir,impassable,2,,Koch – Mirmir,,
128,2025-07-25,Adok,Leer,partially passable,1,Piling,Adok – Piling – Leer,20MT,
129,2025-07-25,Lainya,Yei,passable,0,,Lainya – Yei,40MT,
130,2025-07-25,Mathiang,Udier,passable,0,,Mathiang – Udier,40MT,
131,2025-07-25,Gadiang,Payuel,partially passable,1,,Gadiang – Payuel,20MT,
132,2025-07-25,Ayod,Mogok,passable,0,,Ayod – Mogok,40MT,
133,2025-07-25,Kaikang,Kilo 30,passable,0,Roriak; Mayom,(Kaikang – Roriak )(Mayom – Kilo 30),40MT,"alternative road listed as two separate stretches: Kaikang–Roriak and Mayom–Kilo 30; ID printed as 134 on this map (typo – 134 is Pariang – Ajuong Thok), recorded as 133"
134,2025-07-25,Pariang,Ajuong Thok,passable,0,,Pariang – Ajuong Thok,40MT,
135,2025-07-25,Lafon,Imehejek,partially passable,1,,Lafon – Imehejek,20MT,
136,2025-07-25,Mabior,Gadiang,partially passable,1,,Mabior – Gadiang,Specialized Trucks,
137,2025-07-25,Poktap,Payuel,partially passable,1,,Poktap – Payuel,Specialized Trucks,
138,2025-07-25,Panakuach,Pariang,partially passable,1,,Panakuach – Pariang,20MT,new road; first appears 2024-11-01
139,2025-07-25,Mabior,Kongor,impassable,2,,Mabior – Kongor,,
140,2025-07-25,Maiwut,Pagak,impassable,2,,Maiwut – Pagak,,new road; first appears 2025-06-12 (road 20 Mathiang – Maiwut – Pagak shortened to Mathiang – Maiwut the same week)
1,2025-07-31,Kilo 30,Pariang,passable,0,,Kilo 30 – Pariang,40MT,
2,2025-07-31,Gemeiza,Bor,impassable,2,,Gemeiza – Bor,,
3,2025-07-31,Yida,Pariang,passable,0,,Yida - Pariang,40MT,
4,2025-07-31,Juba,Nimule,passable,0,,Juba – Nimule,40MT,
5,2025-07-31,Juba,Torit,partially passable,1,,Juba – Torit,20MT,
6,2025-07-31,Juba,Mangalla,passable,0,,Juba – Mangalla,40MT,
7,2025-07-31,Malakal,Baliet,impassable,2,,Malakal – Baliet,,
8,2025-07-31,Paloich,Renk,passable,0,,Paloich – Renk,40MT,
9,2025-07-31,Adar,Maban,passable,0,Jemaam,Adar – Jemaam – Maban,40MT,
10,2025-07-31,Abyei,Abiemnhom,impassable,2,,Abyei – Abienhom,,
11,2025-07-31,Aweil,Gossinga,partially passable,1,,Aweil – Gossinga,20MT,
12,2025-07-31,Pathai,Walgak,impassable,2,Motot,Pathai – Motot – Walgak,,
13,2025-07-31,Juba,Lainya,passable,0,,Juba – Lainya,40MT,
14,2025-07-31,Maridi,Yambio,passable,0,,Maridi – Yambio,40MT,
15,2025-07-31,Juba,Kajo Keji,passable,0,,Juba – Kajo Keji,40MT,
16,2025-07-31,Juba,Terakeka,impassable,2,,Juba – Terakeka,,
17,2025-07-31,Narus,Kuron,partially passable,1,,Narus – Kuron,20MT,
18,2025-07-31,Mundri,Mvolo,passable,0,,Mundri - Mvolo,40MT,
19,2025-07-31,Mangalla,Gemeiza,passable,0,,Mangalla – Gemeiza,40MT,
20,2025-07-31,Mathiang,Maiwut,impassable,2,,Mathiang – Maiwut,,
21,2025-07-31,Tonj,Langdit,passable,0,,Tonj – Langdit,40MT,
22,2025-07-31,Terakeka,Mundri,passable,0,Tali,Terakeka – Tali – Mundri,40MT,
23,2025-07-31,Terakeka,Mingkaman,partially passable,1,,Terakeka – Mingkaman,20MT,
24,2025-07-31,Torit,Magwi,passable,0,,Torit – Magwi,40MT,
25,2025-07-31,Hiyala,Ikotos,passable,0,,Hiyala – Ikotos,40MT,
26,2025-07-31,Torit,Lafon,partially passable,1,,Torit – Lafon,20MT,
27,2025-07-31,Wau,Thar Kueng,partially passable,1,,Wau – Thar Kueng,20MT,
28,2025-07-31,Wau,Tonj,passable,0,,Wau – Tonj,40MT,
29,2025-07-31,Wau,Akuem,passable,0,Aweil,Wau – Aweil – Akuem,40MT,
30,2025-07-31,Likuangole,Akobo,partially passable,1,,Likuangole – Akobo,Specialized Trucks,
31,2025-07-31,Amok Piny,Madol,impassable,2,,Amok Piny – Madol,,
32,2025-07-31,Akwot,Nasser,impassable,2,,Akwot – Nasser,,
33,2025-07-31,Guit,Koch,impassable,2,,Guit – Koch,,
34,2025-07-31,Abiemnhom,Mayom,impassable,2,,Abiemnhom – Mayom,,
35,2025-07-31,Kilo 30,Kaikang,impassable,2,Tumor; Mayom,Kilo30 –Tumor – Mayom – Kaikang,,
36,2025-07-31,Boma,Pochala,impassable,2,,Boma – Pochala,,
37,2025-07-31,Bor,Gadiang,partially passable,1,,Bor – Gadiang,20MT,
38,2025-07-31,Bor,Baidit,partially passable,1,,Bor – Baidit,20MT,
39,2025-07-31,Pengko,Manyabol,partially passable,1,,Pengko – Manyabol,Specialized Trucks,
40,2025-07-31,Baidit,Duk Padiet,impassable,2,Mabior,Baidit – Mabior – Duk Padiet,,
41,2025-07-31,Gadiang,Akobo,impassable,2,,Gadiang – Akobo,,
42,2025-07-31,Juba,Lafon,impassable,2,,Juba – Lafon,,
43,2025-07-31,Adar,Mathiang,impassable,2,,Adar – Mathiang,,
44,2025-07-31,Maper (Lakes),Dablual,impassable,2,,Maper (Lakes) – Dablual,,
45,2025-07-31,Akobo,Kaikuny,impassable,2,,Akobo – Kainuny,,
46,2025-07-31,Motot,Lankien,impassable,2,,Motot – Lankein,,
47,2025-07-31,Wau,Deim Zubeir,partially passable,1,,Wau – Deim Zubeir,20MT,
48,2025-07-31,Wau,Tambura,partially passable,1,,Wau – Tambura,20MT,
49,2025-07-31,Yirol,Shambe,partially passable,1,,Yirol – Shambe,20MT,
50,2025-07-31,Aluakluak,Yirol,partially passable,1,,Aluakluak - Yirol,20MT,
51,2025-07-31,Rumbek,Langdit,passable,0,,Rumbek - Langdit,40MT,
52,2025-07-31,Aluakluak,Rumbek,partially passable,1,,Aluakluak – Rumbek,20MT,
53,2025-07-31,Wunrok,Abiemnhom,impassable,2,Turalei,Wunrok – Turalei – Abiemnhom,,
54,2025-07-31,Kilo 30,Panakuach,passable,0,Roriak,Kilo 30 – Roriak – Panakuach,40MT,
55,2025-07-31,Ding Ding,Koch,impassable,2,,Ding ding - Koch,,
56,2025-07-31,Bentiu,Dhorbor,impassable,2,,Bentiu – Dhorbor,,
57,2025-07-31,Dhorbor,Guit,impassable,2,,Dhorbor – Guit,,
58,2025-07-31,Guit,Ding Ding,impassable,2,,Guit – Ding Ding,,
59,2025-07-31,Gumuruk,Pibor,partially passable,1,,Gumuruk – Pibor,Specialized Trucks,
60,2025-07-31,Bor,Pengko,partially passable,1,,Bor – Pengko,Specialized Trucks,
61,2025-07-31,Duk Padiet,Pajut,impassable,2,,Duk Padiat – Pajut,,
62,2025-07-31,Yuai,Karam,impassable,2,Pathai,Yaui – Pathai – Karam,,
63,2025-07-31,Yuai,Motot,impassable,2,Pieri,Yaui – Pieri – Motot,,
64,2025-07-31,Yuai,Pajut,impassable,2,,Yaui – Pajut,,
65,2025-07-31,Wulu,Rumbek,passable,0,,Wulu – Rumbek,40MT,
66,2025-07-31,Pibor,Likuangole,partially passable,1,,Pibor – Likuangole,Specialized Trucks,
67,2025-07-31,Mingkaman,Yirol,partially passable,1,,Mingkaman – Yirol,20MT,
68,2025-07-31,Yambio,Tambura,passable,0,,Yambio – Tambura,40MT,
69,2025-07-31,Juba,Mundri,passable,0,,Juba – Mundri,40MT,
70,2025-07-31,Kodok,Paloich,partially passable,1,,Kodok – Paloich,20MT,
71,2025-07-31,Malakal,Kodok,partially passable,1,,Malakal – Kodok,20MT,
72,2025-07-31,Thar Kueng,Kuajok,partially passable,1,,Thar Kueng - Kuajok,20MT,
73,2025-07-31,Bentiu,Guit,impassable,2,,Bentiu – Guit,,
74,2025-07-31,Duk Padiet,Ayod,impassable,2,,Duk Padiet – Ayod,,
75,2025-07-31,Guit,Mirmir,impassable,2,,Guit – Mir mir,,
76,2025-07-31,Raja,Chandoy/Dolo2,passable,0,,Raja – Chandoy/Dolo2,40MT,
77,2025-07-31,Mundri,Maridi,passable,0,,Mundri - Maridi,40MT,
78,2025-07-31,Torit,Kapoeta,partially passable,1,,Torit – Kapoeta,20MT,
79,2025-07-31,Mayendit,Mirmir,passable,0,Rupkuai,Mayendit – Rupkuai – Mir mir,40MT,
80,2025-07-31,Mirmir,Leer,partially passable,1,,Mirmir – Leer,20MT,
81,2025-07-31,Mankien,Mayom,impassable,2,,Mankien - Mayom,,
82,2025-07-31,Ajak Kuac,Mankien,impassable,2,,Ajak Kuac – Mankien,,
83,2025-07-31,Ayod,Pathai,impassable,2,,Ayod – Pathai,,
84,2025-07-31,Nyandit,Kiech Kon,impassable,2,,Nyandit - Kiech Kon,,
85,2025-07-31,Paloich,Jemaam,passable,0,Adar,Paloich – Adar – Jemaam,40MT,
86,2025-07-31,New Fangak,Kuernyang,impassable,2,,New Fangak – Kuernyang,,
87,2025-07-31,Paguir,Keew,impassable,2,,Paguir – Keew,,
88,2025-07-31,Baliet,Kiech Kon,impassable,2,Akwot,Baliet – Akwot – Kiech kon,,
89,2025-07-31,Wunrok,Gogrial,partially passable,1,,Wunrok – Gogrial,20MT,
90,2025-07-31,Deim Zubeir,Raja,partially passable,1,,Dim Zubeir – Raja,20MT,
91,2025-07-31,Aweil,Yith Pabol,impassable,2,,Aweil – Yith Pabol,,
92,2025-07-31,Kapoeta,Narus,passable,0,,Kapoeta – Narus,40MT,
93,2025-07-31,Melut,Paloich,passable,0,,Melut – Paloich,40MT,
94,2025-07-31,Wunrok,Abyei,partially passable,1,,Wunrok – Abyei,20MT,
95,2025-07-31,Gogrial,Kuajok,partially passable,1,,Gogrial – Kuajok,20MT,
96,2025-07-31,Bentiu,Nhialdiu,impassable,2,,Bentiu – Nhialdiu,,
97,2025-07-31,Aluakluak,Mvolo,partially passable,1,,Aluakluak - Mvolo,20MT,
98,2025-07-31,Kilo 30,Manga Port,passable,0,,Kilo 30 – Manga Port,40MT,
99,2025-07-31,Gossinga,Raja,impassable,2,,Gossinga – Raja,,
100,2025-07-31,Gossinga,Raja,partially passable,1,Kapalala,Gossinga – Kapalala – Raja,20MT,
101,2025-07-31,Nyal,Ganyiel,impassable,2,,Nyal – Ganyiel,,
102,2025-07-31,Manyabol,Gadiang,impassable,2,,Manyabol – Gadiang,,
103,2025-07-31,Manyabol,Gumuruk,partially passable,1,,Manyabol – Gumuruk,Specialized Trucks,
104,2025-07-31,Vertet,Labarab,impassable,2,,Vertet – Labarab,,"ID printed as 103 on this map (typo – 103 is Manyabol – Gumuruk), recorded as 104"
105,2025-07-31,Boma,Maruwa,impassable,2,,Boma – Maruwa,,
106,2025-07-31,Boma,Labarab,impassable,2,,Boma - Labarab,,
107,2025-07-31,Pibor,Vertet,impassable,2,,Pibor – Verthet,,
108,2025-07-31,Aduel,Amok Piny,partially passable,1,,Aduel – Amok Piny,Specialized Trucks,
109,2025-07-31,Lankien,Pading,impassable,2,Nyambor,Lankien – Nyambor – Pading,,
110,2025-07-31,Nyambor,Karam,impassable,2,Pading,Nyambor – Pading – Karam,,
111,2025-07-31,Pajut,Payuel,impassable,2,,Pajut – Payuel,,
112,2025-07-31,Aweil,Gogrial,partially passable,1,Akun,Aweil – Akun – Gogrial,20MT,
113,2025-07-31,Kapoeta,Chukudum,passable,0,,Kapoeta – Chukudum,40MT,
114,2025-07-31,Diabio,Ezo,passable,0,,Diabio – Ezo,40MT,
115,2025-07-31,Mvolo,Wulu,passable,0,,Mvolo – Wullu,40MT,
116,2025-07-31,Aluakluak,Mapuordit,partially passable,1,,Aluakluak - Mapuordit,20MT,
117,2025-07-31,Narus,Nadapal,passable,0,,Narus – Nadapal,40MT,
118,2025-07-31,Bentiu,Kilo 30,passable,0,,Bentiu – Kilo30,40MT,
119,2025-07-31,Gadiang,Yuai,impassable,2,,Gadiang – Yuai,,
120,2025-07-31,Pathai,Fatuet,impassable,2,,Pathai – Fatuet,,
121,2025-07-31,Walgak,Kaikuny,impassable,2,,Walgak – Kaikuny,,
122,2025-07-31,Yuai,Walgak,impassable,2,Motot; Waat,Yuai – Motot – Waat – Walgak,,
123,2025-07-31,Kuron,Boma,impassable,2,,Kuron – Boma,,
124,2025-07-31,Kapoeta,Kassangor,partially passable,1,,Kapoeta – Kassangor,20MT,
125,2025-07-31,Rumbek,Maper (Lakes),impassable,2,,Rumbek – Maper (Lakes),,
126,2025-07-31,Maruwa,Labarab,impassable,2,,Maruwa – Labarab,,
127,2025-07-31,Koch,Mirmir,impassable,2,,Koch – Mirmir,,
128,2025-07-31,Adok,Leer,partially passable,1,Piling,Adok – Piling – Leer,20MT,
129,2025-07-31,Lainya,Yei,passable,0,,Lainya – Yei,40MT,
130,2025-07-31,Mathiang,Udier,passable,0,,Mathiang – Udier,40MT,
131,2025-07-31,Gadiang,Payuel,impassable,2,,Gadiang – Payuel,,
132,2025-07-31,Ayod,Mogok,impassable,2,,Ayod – Mogok,,
133,2025-07-31,Kaikang,Kilo 30,passable,0,Roriak; Mayom,(Kaikang – Roriak )(Mayom – Kilo 30),40MT,"alternative road listed as two separate stretches: Kaikang–Roriak and Mayom–Kilo 30; ID printed as 134 on this map (typo – 134 is Pariang – Ajuong Thok), recorded as 133"
134,2025-07-31,Pariang,Ajuong Thok,passable,0,,Pariang – Ajuong Thok,40MT,
135,2025-07-31,Lafon,Imehejek,partially passable,1,,Lafon – Imehejek,20MT,
136,2025-07-31,Mabior,Gadiang,impassable,2,,Mabior – Gadiang,,
137,2025-07-31,Poktap,Payuel,impassable,2,,Poktap – Payuel,,
138,2025-07-31,Panakuach,Pariang,partially passable,1,,Panakuach – Pariang,20MT,new road; first appears 2024-11-01
139,2025-07-31,Mabior,Kongor,impassable,2,,Mabior – Kongor,,
140,2025-07-31,Maiwut,Pagak,impassable,2,,Maiwut – Pagak,,new road; first appears 2025-06-12 (road 20 Mathiang – Maiwut – Pagak shortened to Mathiang – Maiwut the same week)
1,2025-08-07,Kilo 30,Pariang,passable,0,,Kilo 30 – Pariang,40MT,
2,2025-08-07,Gemeiza,Bor,impassable,2,,Gemeiza – Bor,,
3,2025-08-07,Yida,Pariang,passable,0,,Yida - Pariang,40MT,
4,2025-08-07,Juba,Nimule,passable,0,,Juba – Nimule,40MT,
5,2025-08-07,Juba,Torit,partially passable,1,,Juba – Torit,20MT,
6,2025-08-07,Juba,Mangalla,passable,0,,Juba – Mangalla,40MT,
7,2025-08-07,Malakal,Baliet,impassable,2,,Malakal – Baliet,,
8,2025-08-07,Paloich,Renk,passable,0,,Paloich – Renk,40MT,
9,2025-08-07,Adar,Maban,passable,0,Jemaam,Adar – Jemaam – Maban,40MT,
10,2025-08-07,Abyei,Abiemnhom,impassable,2,,Abyei – Abienhom,,
11,2025-08-07,Aweil,Gossinga,partially passable,1,,Aweil – Gossinga,20MT,
12,2025-08-07,Pathai,Walgak,impassable,2,Motot,Pathai – Motot – Walgak,,
13,2025-08-07,Juba,Lainya,passable,0,,Juba – Lainya,40MT,
14,2025-08-07,Maridi,Yambio,passable,0,,Maridi – Yambio,40MT,
15,2025-08-07,Juba,Kajo Keji,passable,0,,Juba – Kajo Keji,40MT,
16,2025-08-07,Juba,Terakeka,impassable,2,,Juba – Terakeka,,
17,2025-08-07,Narus,Kuron,partially passable,1,,Narus – Kuron,20MT,
18,2025-08-07,Mundri,Mvolo,passable,0,,Mundri - Mvolo,40MT,
19,2025-08-07,Mangalla,Gemeiza,passable,0,,Mangalla – Gemeiza,40MT,
20,2025-08-07,Mathiang,Maiwut,impassable,2,,Mathiang – Maiwut,,
21,2025-08-07,Tonj,Langdit,passable,0,,Tonj – Langdit,40MT,
22,2025-08-07,Terakeka,Mundri,passable,0,Tali,Terakeka – Tali – Mundri,40MT,
23,2025-08-07,Terakeka,Mingkaman,partially passable,1,,Terakeka – Mingkaman,20MT,
24,2025-08-07,Torit,Magwi,passable,0,,Torit – Magwi,40MT,
25,2025-08-07,Hiyala,Ikotos,passable,0,,Hiyala – Ikotos,40MT,
26,2025-08-07,Torit,Lafon,partially passable,1,,Torit – Lafon,20MT,
27,2025-08-07,Wau,Thar Kueng,partially passable,1,,Wau – Thar Kueng,20MT,
28,2025-08-07,Wau,Tonj,passable,0,,Wau – Tonj,40MT,
29,2025-08-07,Wau,Akuem,passable,0,Aweil,Wau – Aweil – Akuem,40MT,
30,2025-08-07,Likuangole,Akobo,partially passable,1,,Likuangole – Akobo,Specialized Trucks,
31,2025-08-07,Amok Piny,Madol,impassable,2,,Amok Piny – Madol,,
32,2025-08-07,Akwot,Nasser,impassable,2,,Akwot – Nasser,,
33,2025-08-07,Guit,Koch,impassable,2,,Guit – Koch,,
34,2025-08-07,Abiemnhom,Mayom,impassable,2,,Abiemnhom – Mayom,,
35,2025-08-07,Kilo 30,Kaikang,impassable,2,Tumor; Mayom,Kilo30 –Tumor – Mayom – Kaikang,,
36,2025-08-07,Boma,Pochala,impassable,2,,Boma – Pochala,,
37,2025-08-07,Bor,Gadiang,partially passable,1,,Bor – Gadiang,20MT,
38,2025-08-07,Bor,Baidit,partially passable,1,,Bor – Baidit,Specialized Trucks,
39,2025-08-07,Pengko,Manyabol,partially passable,1,,Pengko – Manyabol,Specialized Trucks,
40,2025-08-07,Baidit,Duk Padiet,partially passable,1,Mabior,Baidit – Mabior – Duk Padiet,Specialized Trucks,
41,2025-08-07,Gadiang,Akobo,impassable,2,,Gadiang – Akobo,,
42,2025-08-07,Juba,Lafon,impassable,2,,Juba – Lafon,,
43,2025-08-07,Adar,Mathiang,impassable,2,,Adar – Mathiang,,
44,2025-08-07,Maper (Lakes),Dablual,impassable,2,,Maper (Lakes) – Dablual,,
45,2025-08-07,Akobo,Kaikuny,impassable,2,,Akobo – Kainuny,,
46,2025-08-07,Motot,Lankien,impassable,2,,Motot – Lankein,,
47,2025-08-07,Wau,Deim Zubeir,partially passable,1,,Wau – Deim Zubeir,20MT,
48,2025-08-07,Wau,Tambura,partially passable,1,,Wau – Tambura,20MT,
49,2025-08-07,Yirol,Shambe,partially passable,1,,Yirol – Shambe,20MT,
50,2025-08-07,Aluakluak,Yirol,partially passable,1,,Aluakluak - Yirol,20MT,
51,2025-08-07,Rumbek,Langdit,passable,0,,Rumbek - Langdit,40MT,
52,2025-08-07,Aluakluak,Rumbek,partially passable,1,,Aluakluak – Rumbek,20MT,
53,2025-08-07,Wunrok,Abiemnhom,impassable,2,Turalei,Wunrok – Turalei – Abiemnhom,,
54,2025-08-07,Kilo 30,Panakuach,passable,0,Roriak,Kilo 30 – Roriak – Panakuach,40MT,
55,2025-08-07,Ding Ding,Koch,impassable,2,,Ding ding - Koch,,
56,2025-08-07,Bentiu,Dhorbor,impassable,2,,Bentiu – Dhorbor,,
57,2025-08-07,Dhorbor,Guit,impassable,2,,Dhorbor – Guit,,
58,2025-08-07,Guit,Ding Ding,impassable,2,,Guit – Ding Ding,,
59,2025-08-07,Gumuruk,Pibor,partially passable,1,,Gumuruk – Pibor,Specialized Trucks,
60,2025-08-07,Bor,Pengko,partially passable,1,,Bor – Pengko,Specialized Trucks,
61,2025-08-07,Duk Padiet,Pajut,impassable,2,,Duk Padiat – Pajut,,
62,2025-08-07,Yuai,Karam,impassable,2,Pathai,Yaui – Pathai – Karam,,
63,2025-08-07,Yuai,Motot,impassable,2,Pieri,Yaui – Pieri – Motot,,
64,2025-08-07,Yuai,Pajut,impassable,2,,Yaui – Pajut,,
65,2025-08-07,Wulu,Rumbek,passable,0,,Wulu – Rumbek,40MT,
66,2025-08-07,Pibor,Likuangole,partially passable,1,,Pibor – Likuangole,Specialized Trucks,
67,2025-08-07,Mingkaman,Yirol,partially passable,1,,Mingkaman – Yirol,40MT,
68,2025-08-07,Yambio,Tambura,passable,0,,Yambio – Tambura,40MT,
69,2025-08-07,Juba,Mundri,passable,0,,Juba – Mundri,40MT,
70,2025-08-07,Kodok,Paloich,partially passable,1,,Kodok – Paloich,20MT,
71,2025-08-07,Malakal,Kodok,partially passable,1,,Malakal – Kodok,20MT,
72,2025-08-07,Thar Kueng,Kuajok,partially passable,1,,Thar Kueng - Kuajok,20MT,
73,2025-08-07,Bentiu,Guit,impassable,2,,Bentiu – Guit,,
74,2025-08-07,Duk Padiet,Ayod,partially passable,1,,Duk Padiet – Ayod,Specialized Trucks,
75,2025-08-07,Guit,Mirmir,impassable,2,,Guit – Mir mir,,
76,2025-08-07,Raja,Chandoy/Dolo2,passable,0,,Raja – Chandoy/Dolo2,40MT,
77,2025-08-07,Mundri,Maridi,passable,0,,Mundri - Maridi,40MT,
78,2025-08-07,Torit,Kapoeta,partially passable,1,,Torit – Kapoeta,20MT,
79,2025-08-07,Mayendit,Mirmir,passable,0,Rupkuai,Mayendit – Rupkuai – Mir mir,40MT,
80,2025-08-07,Mirmir,Leer,partially passable,1,,Mirmir – Leer,20MT,
81,2025-08-07,Mankien,Mayom,impassable,2,,Mankien - Mayom,,
82,2025-08-07,Ajak Kuac,Mankien,impassable,2,,Ajak Kuac – Mankien,,
83,2025-08-07,Ayod,Pathai,impassable,2,,Ayod – Pathai,,
84,2025-08-07,Nyandit,Kiech Kon,impassable,2,,Nyandit - Kiech Kon,,
85,2025-08-07,Paloich,Jemaam,passable,0,Adar,Paloich – Adar – Jemaam,40MT,
86,2025-08-07,New Fangak,Kuernyang,impassable,2,,New Fangak – Kuernyang,,
87,2025-08-07,Paguir,Keew,impassable,2,,Paguir – Keew,,
88,2025-08-07,Baliet,Kiech Kon,impassable,2,Akwot,Baliet – Akwot – Kiech kon,,
89,2025-08-07,Wunrok,Gogrial,partially passable,1,,Wunrok – Gogrial,20MT,
90,2025-08-07,Deim Zubeir,Raja,partially passable,1,,Dim Zubeir – Raja,20MT,
91,2025-08-07,Aweil,Yith Pabol,impassable,2,,Aweil – Yith Pabol,,
92,2025-08-07,Kapoeta,Narus,passable,0,,Kapoeta – Narus,40MT,
93,2025-08-07,Melut,Paloich,passable,0,,Melut – Paloich,40MT,
94,2025-08-07,Wunrok,Abyei,partially passable,1,,Wunrok – Abyei,20MT,
95,2025-08-07,Gogrial,Kuajok,partially passable,1,,Gogrial – Kuajok,20MT,
96,2025-08-07,Bentiu,Nhialdiu,impassable,2,,Bentiu – Nhialdiu,,
97,2025-08-07,Aluakluak,Mvolo,partially passable,1,,Aluakluak - Mvolo,20MT,
98,2025-08-07,Kilo 30,Manga Port,passable,0,,Kilo 30 – Manga Port,40MT,
99,2025-08-07,Gossinga,Raja,impassable,2,,Gossinga – Raja,,
100,2025-08-07,Gossinga,Raja,partially passable,1,Kapalala,Gossinga – Kapalala – Raja,20MT,
101,2025-08-07,Nyal,Ganyiel,impassable,2,,Nyal – Ganyiel,,
102,2025-08-07,Manyabol,Gadiang,impassable,2,,Manyabol – Gadiang,,
103,2025-08-07,Manyabol,Gumuruk,partially passable,1,,Manyabol – Gumuruk,Specialized Trucks,
104,2025-08-07,Vertet,Labarab,impassable,2,,Vertet – Labarab,,"ID printed as 103 on this map (typo – 103 is Manyabol – Gumuruk), recorded as 104"
105,2025-08-07,Boma,Maruwa,impassable,2,,Boma – Maruwa,,
106,2025-08-07,Boma,Labarab,impassable,2,,Boma - Labarab,,
107,2025-08-07,Pibor,Vertet,impassable,2,,Pibor – Verthet,,
108,2025-08-07,Aduel,Amok Piny,partially passable,1,,Aduel – Amok Piny,Specialized Trucks,
109,2025-08-07,Lankien,Pading,impassable,2,Nyambor,Lankien – Nyambor – Pading,,
110,2025-08-07,Nyambor,Karam,impassable,2,Pading,Nyambor – Pading – Karam,,
111,2025-08-07,Pajut,Payuel,impassable,2,,Pajut – Payuel,,
112,2025-08-07,Aweil,Gogrial,partially passable,1,Akun,Aweil – Akun – Gogrial,20MT,
113,2025-08-07,Kapoeta,Chukudum,passable,0,,Kapoeta – Chukudum,40MT,
114,2025-08-07,Diabio,Ezo,passable,0,,Diabio – Ezo,40MT,
115,2025-08-07,Mvolo,Wulu,passable,0,,Mvolo – Wullu,40MT,
116,2025-08-07,Aluakluak,Mapuordit,partially passable,1,,Aluakluak - Mapuordit,20MT,
117,2025-08-07,Narus,Nadapal,passable,0,,Narus – Nadapal,40MT,
118,2025-08-07,Bentiu,Kilo 30,passable,0,,Bentiu – Kilo30,40MT,
119,2025-08-07,Gadiang,Yuai,impassable,2,,Gadiang – Yuai,,
120,2025-08-07,Pathai,Fatuet,impassable,2,,Pathai – Fatuet,,
121,2025-08-07,Walgak,Kaikuny,impassable,2,,Walgak – Kaikuny,,
122,2025-08-07,Yuai,Walgak,impassable,2,Motot; Waat,Yuai – Motot – Waat – Walgak,,
123,2025-08-07,Kuron,Boma,impassable,2,,Kuron – Boma,,
124,2025-08-07,Kapoeta,Kassangor,partially passable,1,,Kapoeta – Kassangor,20MT,
125,2025-08-07,Rumbek,Maper (Lakes),impassable,2,,Rumbek – Maper (Lakes),,
126,2025-08-07,Maruwa,Labarab,impassable,2,,Maruwa – Labarab,,
127,2025-08-07,Koch,Mirmir,impassable,2,,Koch – Mirmir,,
128,2025-08-07,Adok,Leer,partially passable,1,Piling,Adok – Piling – Leer,20MT,
129,2025-08-07,Lainya,Yei,passable,0,,Lainya – Yei,40MT,
130,2025-08-07,Mathiang,Udier,passable,0,,Mathiang – Udier,40MT,
131,2025-08-07,Gadiang,Payuel,impassable,2,,Gadiang – Payuel,,
132,2025-08-07,Ayod,Mogok,partially passable,1,,Ayod – Mogok,Specialized Trucks,
133,2025-08-07,Kaikang,Kilo 30,passable,0,Roriak; Mayom,(Kaikang – Roriak )(Mayom – Kilo 30),40MT,"alternative road listed as two separate stretches: Kaikang–Roriak and Mayom–Kilo 30; ID printed as 134 on this map (typo – 134 is Pariang – Ajuong Thok), recorded as 133"
134,2025-08-07,Pariang,Ajuong Thok,passable,0,,Pariang – Ajuong Thok,40MT,
135,2025-08-07,Lafon,Imehejek,partially passable,1,,Lafon – Imehejek,20MT,
136,2025-08-07,Mabior,Gadiang,impassable,2,,Mabior – Gadiang,,
137,2025-08-07,Poktap,Payuel,impassable,2,,Poktap – Payuel,,
138,2025-08-07,Panakuach,Pariang,partially passable,1,,Panakuach – Pariang,20MT,new road; first appears 2024-11-01
139,2025-08-07,Mabior,Kongor,partially passable,1,,Mabior – Kongor,Specialized Trucks,
140,2025-08-07,Maiwut,Pagak,impassable,2,,Maiwut – Pagak,,new road; first appears 2025-06-12 (road 20 Mathiang – Maiwut – Pagak shortened to Mathiang – Maiwut the same week)
1,2025-08-14,Kilo 30,Pariang,passable,0,,Kilo 30 – Pariang,40MT,
2,2025-08-14,Gemeiza,Bor,impassable,2,,Gemeiza – Bor,,
3,2025-08-14,Yida,Pariang,passable,0,,Yida - Pariang,40MT,
4,2025-08-14,Juba,Nimule,passable,0,,Juba – Nimule,40MT,
5,2025-08-14,Juba,Torit,partially passable,1,,Juba – Torit,20MT,
6,2025-08-14,Juba,Mangalla,passable,0,,Juba – Mangalla,40MT,
7,2025-08-14,Malakal,Baliet,impassable,2,,Malakal – Baliet,,
8,2025-08-14,Paloich,Renk,passable,0,,Paloich – Renk,40MT,
9,2025-08-14,Adar,Maban,passable,0,Jemaam,Adar – Jemaam – Maban,40MT,
10,2025-08-14,Abyei,Abiemnhom,impassable,2,,Abyei – Abienhom,,
11,2025-08-14,Aweil,Gossinga,partially passable,1,,Aweil – Gossinga,20MT,
12,2025-08-14,Pathai,Walgak,impassable,2,Motot,Pathai – Motot – Walgak,,
13,2025-08-14,Juba,Lainya,passable,0,,Juba – Lainya,40MT,
14,2025-08-14,Maridi,Yambio,passable,0,,Maridi – Yambio,40MT,
15,2025-08-14,Juba,Kajo Keji,passable,0,,Juba – Kajo Keji,40MT,
16,2025-08-14,Juba,Terakeka,impassable,2,,Juba – Terakeka,,
17,2025-08-14,Narus,Kuron,partially passable,1,,Narus – Kuron,20MT,
18,2025-08-14,Mundri,Mvolo,passable,0,,Mundri - Mvolo,40MT,
19,2025-08-14,Mangalla,Gemeiza,passable,0,,Mangalla – Gemeiza,40MT,
20,2025-08-14,Mathiang,Maiwut,impassable,2,,Mathiang – Maiwut,,
21,2025-08-14,Tonj,Langdit,passable,0,,Tonj – Langdit,40MT,
22,2025-08-14,Terakeka,Mundri,passable,0,Tali,Terakeka – Tali – Mundri,40MT,
23,2025-08-14,Terakeka,Mingkaman,partially passable,1,,Terakeka – Mingkaman,20MT,
24,2025-08-14,Torit,Magwi,passable,0,,Torit – Magwi,40MT,
25,2025-08-14,Hiyala,Ikotos,passable,0,,Hiyala – Ikotos,40MT,
26,2025-08-14,Torit,Lafon,partially passable,1,,Torit – Lafon,20MT,
27,2025-08-14,Wau,Thar Kueng,partially passable,1,,Wau – Thar Kueng,20MT,
28,2025-08-14,Wau,Tonj,passable,0,,Wau – Tonj,40MT,
29,2025-08-14,Wau,Akuem,passable,0,Aweil,Wau – Aweil – Akuem,40MT,
30,2025-08-14,Likuangole,Akobo,partially passable,1,,Likuangole – Akobo,Specialized Trucks,
31,2025-08-14,Amok Piny,Madol,impassable,2,,Amok Piny – Madol,,
32,2025-08-14,Akwot,Nasser,impassable,2,,Akwot – Nasser,,
33,2025-08-14,Guit,Koch,impassable,2,,Guit – Koch,,
34,2025-08-14,Abiemnhom,Mayom,impassable,2,,Abiemnhom – Mayom,,
35,2025-08-14,Kilo 30,Kaikang,impassable,2,Tumor; Mayom,Kilo30 –Tumor – Mayom – Kaikang,,
36,2025-08-14,Boma,Pochala,impassable,2,,Boma – Pochala,,
37,2025-08-14,Bor,Gadiang,partially passable,1,,Bor – Gadiang,20MT,
38,2025-08-14,Bor,Baidit,partially passable,1,,Bor – Baidit,Specialized Trucks,
39,2025-08-14,Pengko,Manyabol,partially passable,1,,Pengko – Manyabol,Specialized Trucks,
40,2025-08-14,Baidit,Duk Padiet,partially passable,1,Mabior,Baidit – Mabior – Duk Padiet,Specialized Trucks,
41,2025-08-14,Gadiang,Akobo,impassable,2,,Gadiang – Akobo,,
42,2025-08-14,Juba,Lafon,impassable,2,,Juba – Lafon,,
43,2025-08-14,Adar,Mathiang,impassable,2,,Adar – Mathiang,,
44,2025-08-14,Maper (Lakes),Dablual,impassable,2,,Maper (Lakes) – Dablual,,
45,2025-08-14,Akobo,Kaikuny,impassable,2,,Akobo – Kainuny,,
46,2025-08-14,Motot,Lankien,impassable,2,,Motot – Lankein,,
47,2025-08-14,Wau,Deim Zubeir,partially passable,1,,Wau – Deim Zubeir,20MT,
48,2025-08-14,Wau,Tambura,partially passable,1,,Wau – Tambura,20MT,
49,2025-08-14,Yirol,Shambe,partially passable,1,,Yirol – Shambe,20MT,
50,2025-08-14,Aluakluak,Yirol,partially passable,1,,Aluakluak - Yirol,20MT,
51,2025-08-14,Rumbek,Langdit,passable,0,,Rumbek - Langdit,40MT,
52,2025-08-14,Aluakluak,Rumbek,partially passable,1,,Aluakluak – Rumbek,20MT,
53,2025-08-14,Wunrok,Abiemnhom,impassable,2,Turalei,Wunrok – Turalei – Abiemnhom,,
54,2025-08-14,Kilo 30,Panakuach,passable,0,Roriak,Kilo 30 – Roriak – Panakuach,40MT,
55,2025-08-14,Ding Ding,Koch,impassable,2,,Ding ding - Koch,,
56,2025-08-14,Bentiu,Dhorbor,impassable,2,,Bentiu – Dhorbor,,
57,2025-08-14,Dhorbor,Guit,impassable,2,,Dhorbor – Guit,,
58,2025-08-14,Guit,Ding Ding,impassable,2,,Guit – Ding Ding,,
59,2025-08-14,Gumuruk,Pibor,partially passable,1,,Gumuruk – Pibor,Specialized Trucks,
60,2025-08-14,Bor,Pengko,partially passable,1,,Bor – Pengko,Specialized Trucks,
61,2025-08-14,Duk Padiet,Pajut,impassable,2,,Duk Padiat – Pajut,,
62,2025-08-14,Yuai,Karam,impassable,2,Pathai,Yaui – Pathai – Karam,,
63,2025-08-14,Yuai,Motot,impassable,2,Pieri,Yaui – Pieri – Motot,,
64,2025-08-14,Yuai,Pajut,impassable,2,,Yaui – Pajut,,
65,2025-08-14,Wulu,Rumbek,passable,0,,Wulu – Rumbek,40MT,
66,2025-08-14,Pibor,Likuangole,partially passable,1,,Pibor – Likuangole,Specialized Trucks,
67,2025-08-14,Mingkaman,Yirol,partially passable,1,,Mingkaman – Yirol,20MT,
68,2025-08-14,Yambio,Tambura,passable,0,,Yambio – Tambura,40MT,
69,2025-08-14,Juba,Mundri,passable,0,,Juba – Mundri,40MT,
70,2025-08-14,Kodok,Paloich,partially passable,1,,Kodok – Paloich,20MT,
71,2025-08-14,Malakal,Kodok,partially passable,1,,Malakal – Kodok,20MT,
72,2025-08-14,Thar Kueng,Kuajok,partially passable,1,,Thar Kueng - Kuajok,20MT,
73,2025-08-14,Bentiu,Guit,impassable,2,,Bentiu – Guit,,
74,2025-08-14,Duk Padiet,Ayod,partially passable,1,,Duk Padiet – Ayod,Specialized Trucks,
75,2025-08-14,Guit,Mirmir,impassable,2,,Guit – Mir mir,,
76,2025-08-14,Raja,Chandoy/Dolo2,passable,0,,Raja – Chandoy/Dolo2,40MT,
77,2025-08-14,Mundri,Maridi,passable,0,,Mundri - Maridi,40MT,
78,2025-08-14,Torit,Kapoeta,partially passable,1,,Torit – Kapoeta,20MT,
79,2025-08-14,Mayendit,Mirmir,passable,0,Rupkuai,Mayendit – Rupkuai – Mir mir,40MT,
80,2025-08-14,Mirmir,Leer,partially passable,1,,Mirmir – Leer,20MT,
81,2025-08-14,Mankien,Mayom,impassable,2,,Mankien - Mayom,,
82,2025-08-14,Ajak Kuac,Mankien,impassable,2,,Ajak Kuac – Mankien,,
83,2025-08-14,Ayod,Pathai,impassable,2,,Ayod – Pathai,,
84,2025-08-14,Nyandit,Kiech Kon,impassable,2,,Nyandit - Kiech Kon,,
85,2025-08-14,Paloich,Jemaam,passable,0,Adar,Paloich – Adar – Jemaam,40MT,
86,2025-08-14,New Fangak,Kuernyang,impassable,2,,New Fangak – Kuernyang,,
87,2025-08-14,Paguir,Keew,impassable,2,,Paguir – Keew,,
88,2025-08-14,Baliet,Kiech Kon,impassable,2,Akwot,Baliet – Akwot – Kiech kon,,
89,2025-08-14,Wunrok,Gogrial,partially passable,1,,Wunrok – Gogrial,20MT,
90,2025-08-14,Deim Zubeir,Raja,partially passable,1,,Dim Zubeir – Raja,20MT,
91,2025-08-14,Aweil,Yith Pabol,impassable,2,,Aweil – Yith Pabol,,
92,2025-08-14,Kapoeta,Narus,passable,0,,Kapoeta – Narus,40MT,
93,2025-08-14,Melut,Paloich,passable,0,,Melut – Paloich,40MT,
94,2025-08-14,Wunrok,Abyei,partially passable,1,,Wunrok – Abyei,20MT,
95,2025-08-14,Gogrial,Kuajok,partially passable,1,,Gogrial – Kuajok,20MT,
96,2025-08-14,Bentiu,Nhialdiu,impassable,2,,Bentiu – Nhialdiu,,
97,2025-08-14,Aluakluak,Mvolo,partially passable,1,,Aluakluak - Mvolo,20MT,
98,2025-08-14,Kilo 30,Manga Port,passable,0,,Kilo 30 – Manga Port,40MT,
99,2025-08-14,Gossinga,Raja,impassable,2,,Gossinga – Raja,,
100,2025-08-14,Gossinga,Raja,partially passable,1,Kapalala,Gossinga – Kapalala – Raja,20MT,
101,2025-08-14,Nyal,Ganyiel,impassable,2,,Nyal – Ganyiel,,
102,2025-08-14,Manyabol,Gadiang,impassable,2,,Manyabol – Gadiang,,
103,2025-08-14,Manyabol,Gumuruk,partially passable,1,,Manyabol – Gumuruk,Specialized Trucks,
104,2025-08-14,Vertet,Labarab,impassable,2,,Vertet – Labarab,,"ID printed as 103 on this map (typo – 103 is Manyabol – Gumuruk), recorded as 104"
105,2025-08-14,Boma,Maruwa,impassable,2,,Boma – Maruwa,,
106,2025-08-14,Boma,Labarab,impassable,2,,Boma - Labarab,,
107,2025-08-14,Pibor,Vertet,impassable,2,,Pibor – Verthet,,
108,2025-08-14,Aduel,Amok Piny,partially passable,1,,Aduel – Amok Piny,Specialized Trucks,
109,2025-08-14,Lankien,Pading,impassable,2,Nyambor,Lankien – Nyambor – Pading,,
110,2025-08-14,Nyambor,Karam,impassable,2,Pading,Nyambor – Pading – Karam,,
111,2025-08-14,Pajut,Payuel,impassable,2,,Pajut – Payuel,,
112,2025-08-14,Aweil,Gogrial,partially passable,1,Akun,Aweil – Akun – Gogrial,20MT,
113,2025-08-14,Kapoeta,Chukudum,passable,0,,Kapoeta – Chukudum,40MT,
114,2025-08-14,Diabio,Ezo,passable,0,,Diabio – Ezo,40MT,
115,2025-08-14,Mvolo,Wulu,passable,0,,Mvolo – Wullu,40MT,
116,2025-08-14,Aluakluak,Mapuordit,partially passable,1,,Aluakluak - Mapuordit,20MT,
117,2025-08-14,Narus,Nadapal,passable,0,,Narus – Nadapal,40MT,
118,2025-08-14,Bentiu,Kilo 30,passable,0,,Bentiu – Kilo30,40MT,
119,2025-08-14,Gadiang,Yuai,impassable,2,,Gadiang – Yuai,,
120,2025-08-14,Pathai,Fatuet,impassable,2,,Pathai – Fatuet,,
121,2025-08-14,Walgak,Kaikuny,impassable,2,,Walgak – Kaikuny,,
122,2025-08-14,Yuai,Walgak,impassable,2,Motot; Waat,Yuai – Motot – Waat – Walgak,,
123,2025-08-14,Kuron,Boma,impassable,2,,Kuron – Boma,,
124,2025-08-14,Kapoeta,Kassangor,partially passable,1,,Kapoeta – Kassangor,20MT,
125,2025-08-14,Rumbek,Maper (Lakes),impassable,2,,Rumbek – Maper (Lakes),,
126,2025-08-14,Maruwa,Labarab,impassable,2,,Maruwa – Labarab,,
127,2025-08-14,Koch,Mirmir,impassable,2,,Koch – Mirmir,,
128,2025-08-14,Adok,Leer,partially passable,1,Piling,Adok – Piling – Leer,20MT,
129,2025-08-14,Lainya,Yei,passable,0,,Lainya – Yei,40MT,
130,2025-08-14,Mathiang,Udier,passable,0,,Mathiang – Udier,40MT,
131,2025-08-14,Gadiang,Payuel,impassable,2,,Gadiang – Payuel,,
132,2025-08-14,Ayod,Mogok,partially passable,1,,Ayod – Mogok,Specialized Trucks,
133,2025-08-14,Kaikang,Kilo 30,impassable,2,Roriak; Mayom,(Kaikang – Roriak )(Mayom – Kilo 30),,"alternative road listed as two separate stretches: Kaikang–Roriak and Mayom–Kilo 30; ID printed as 134 on this map (typo – 134 is Pariang – Ajuong Thok), recorded as 133"
134,2025-08-14,Pariang,Ajuong Thok,passable,0,,Pariang – Ajuong Thok,40MT,
135,2025-08-14,Lafon,Imehejek,partially passable,1,,Lafon – Imehejek,20MT,
136,2025-08-14,Mabior,Gadiang,impassable,2,,Mabior – Gadiang,,
137,2025-08-14,Poktap,Payuel,impassable,2,,Poktap – Payuel,,
138,2025-08-14,Panakuach,Pariang,partially passable,1,,Panakuach – Pariang,20MT,new road; first appears 2024-11-01
139,2025-08-14,Mabior,Kongor,partially passable,1,,Mabior – Kongor,Specialized Trucks,
140,2025-08-14,Maiwut,Pagak,impassable,2,,Maiwut – Pagak,,new road; first appears 2025-06-12 (road 20 Mathiang – Maiwut – Pagak shortened to Mathiang – Maiwut the same week)
1,2025-08-21,Kilo 30,Pariang,passable,0,,Kilo 30 – Pariang,40MT,
2,2025-08-21,Gemeiza,Bor,impassable,2,,Gemeiza – Bor,,
3,2025-08-21,Yida,Pariang,passable,0,,Yida - Pariang,40MT,
4,2025-08-21,Juba,Nimule,passable,0,,Juba – Nimule,40MT,
5,2025-08-21,Juba,Torit,partially passable,1,,Juba – Torit,20MT,
6,2025-08-21,Juba,Mangalla,passable,0,,Juba – Mangalla,40MT,
7,2025-08-21,Malakal,Baliet,impassable,2,,Malakal – Baliet,,
8,2025-08-21,Paloich,Renk,passable,0,,Paloich – Renk,40MT,
9,2025-08-21,Adar,Maban,passable,0,Jemaam,Adar – Jemaam – Maban,40MT,
10,2025-08-21,Abyei,Abiemnhom,impassable,2,,Abyei – Abienhom,,
11,2025-08-21,Aweil,Gossinga,partially passable,1,,Aweil – Gossinga,20MT,
12,2025-08-21,Pathai,Walgak,impassable,2,Motot,Pathai – Motot – Walgak,,
13,2025-08-21,Juba,Lainya,passable,0,,Juba – Lainya,40MT,
14,2025-08-21,Maridi,Yambio,passable,0,,Maridi – Yambio,40MT,
15,2025-08-21,Juba,Kajo Keji,passable,0,,Juba – Kajo Keji,40MT,
16,2025-08-21,Juba,Terakeka,impassable,2,,Juba – Terakeka,,
17,2025-08-21,Narus,Kuron,partially passable,1,,Narus – Kuron,20MT,
18,2025-08-21,Mundri,Mvolo,passable,0,,Mundri - Mvolo,40MT,
19,2025-08-21,Mangalla,Gemeiza,passable,0,,Mangalla – Gemeiza,40MT,
20,2025-08-21,Mathiang,Maiwut,impassable,2,,Mathiang – Maiwut,,
21,2025-08-21,Tonj,Langdit,passable,0,,Tonj – Langdit,40MT,
22,2025-08-21,Terakeka,Mundri,passable,0,Tali,Terakeka – Tali – Mundri,40MT,
23,2025-08-21,Terakeka,Mingkaman,partially passable,1,,Terakeka – Mingkaman,20MT,
24,2025-08-21,Torit,Magwi,passable,0,,Torit – Magwi,40MT,
25,2025-08-21,Hiyala,Ikotos,passable,0,,Hiyala – Ikotos,40MT,
26,2025-08-21,Torit,Lafon,partially passable,1,,Torit – Lafon,20MT,
27,2025-08-21,Wau,Thar Kueng,partially passable,1,,Wau – Thar Kueng,20MT,
28,2025-08-21,Wau,Tonj,passable,0,,Wau – Tonj,40MT,
29,2025-08-21,Wau,Akuem,passable,0,Aweil,Wau – Aweil – Akuem,40MT,
30,2025-08-21,Likuangole,Akobo,partially passable,1,,Likuangole – Akobo,Specialized Trucks,
31,2025-08-21,Amok Piny,Madol,impassable,2,,Amok Piny – Madol,,
32,2025-08-21,Akwot,Nasser,impassable,2,,Akwot – Nasser,,
33,2025-08-21,Guit,Koch,impassable,2,,Guit – Koch,,
34,2025-08-21,Abiemnhom,Mayom,impassable,2,,Abiemnhom – Mayom,,
35,2025-08-21,Kilo 30,Kaikang,impassable,2,Tumor; Mayom,Kilo30 –Tumor – Mayom – Kaikang,,
36,2025-08-21,Boma,Pochala,impassable,2,,Boma – Pochala,,
37,2025-08-21,Bor,Gadiang,partially passable,1,,Bor – Gadiang,20MT,
38,2025-08-21,Bor,Baidit,partially passable,1,,Bor – Baidit,Specialized Trucks,
39,2025-08-21,Pengko,Manyabol,partially passable,1,,Pengko – Manyabol,Specialized Trucks,
40,2025-08-21,Baidit,Duk Padiet,partially passable,1,Mabior,Baidit – Mabior – Duk Padiet,Specialized Trucks,
41,2025-08-21,Gadiang,Akobo,impassable,2,,Gadiang – Akobo,,
42,2025-08-21,Juba,Lafon,impassable,2,,Juba – Lafon,,
43,2025-08-21,Adar,Mathiang,impassable,2,,Adar – Mathiang,,
44,2025-08-21,Maper (Lakes),Dablual,impassable,2,,Maper (Lakes) – Dablual,,
45,2025-08-21,Akobo,Kaikuny,impassable,2,,Akobo – Kainuny,,
46,2025-08-21,Motot,Lankien,impassable,2,,Motot – Lankein,,
47,2025-08-21,Wau,Deim Zubeir,partially passable,1,,Wau – Deim Zubeir,20MT,
48,2025-08-21,Wau,Tambura,partially passable,1,,Wau – Tambura,20MT,
49,2025-08-21,Yirol,Shambe,partially passable,1,,Yirol – Shambe,20MT,
50,2025-08-21,Aluakluak,Yirol,partially passable,1,,Aluakluak - Yirol,20MT,
51,2025-08-21,Rumbek,Langdit,passable,0,,Rumbek - Langdit,40MT,
52,2025-08-21,Aluakluak,Rumbek,partially passable,1,,Aluakluak – Rumbek,20MT,
53,2025-08-21,Wunrok,Abiemnhom,impassable,2,Turalei,Wunrok – Turalei – Abiemnhom,,
54,2025-08-21,Kilo 30,Panakuach,passable,0,Roriak,Kilo 30 – Roriak – Panakuach,40MT,
55,2025-08-21,Ding Ding,Koch,impassable,2,,Ding ding - Koch,,
56,2025-08-21,Bentiu,Dhorbor,impassable,2,,Bentiu – Dhorbor,,
57,2025-08-21,Dhorbor,Guit,impassable,2,,Dhorbor – Guit,,
58,2025-08-21,Guit,Ding Ding,impassable,2,,Guit – Ding Ding,,
59,2025-08-21,Gumuruk,Pibor,partially passable,1,,Gumuruk – Pibor,Specialized Trucks,
60,2025-08-21,Bor,Pengko,partially passable,1,,Bor – Pengko,Specialized Trucks,
61,2025-08-21,Duk Padiet,Pajut,impassable,2,,Duk Padiat – Pajut,,
62,2025-08-21,Yuai,Karam,impassable,2,Pathai,Yaui – Pathai – Karam,,
63,2025-08-21,Yuai,Motot,impassable,2,Pieri,Yaui – Pieri – Motot,,
64,2025-08-21,Yuai,Pajut,impassable,2,,Yaui – Pajut,,
65,2025-08-21,Wulu,Rumbek,passable,0,,Wulu – Rumbek,40MT,
66,2025-08-21,Pibor,Likuangole,partially passable,1,,Pibor – Likuangole,Specialized Trucks,
67,2025-08-21,Mingkaman,Yirol,partially passable,1,,Mingkaman – Yirol,20MT,
68,2025-08-21,Yambio,Tambura,passable,0,,Yambio – Tambura,40MT,
69,2025-08-21,Juba,Mundri,passable,0,,Juba – Mundri,40MT,
70,2025-08-21,Kodok,Paloich,partially passable,1,,Kodok – Paloich,20MT,
71,2025-08-21,Malakal,Kodok,partially passable,1,,Malakal – Kodok,20MT,
72,2025-08-21,Thar Kueng,Kuajok,partially passable,1,,Thar Kueng - Kuajok,20MT,
73,2025-08-21,Bentiu,Guit,impassable,2,,Bentiu – Guit,,
74,2025-08-21,Duk Padiet,Ayod,partially passable,1,,Duk Padiet – Ayod,Specialized Trucks,
75,2025-08-21,Guit,Mirmir,impassable,2,,Guit – Mir mir,,
76,2025-08-21,Raja,Chandoy/Dolo2,passable,0,,Raja – Chandoy/Dolo2,40MT,
77,2025-08-21,Mundri,Maridi,passable,0,,Mundri - Maridi,40MT,
78,2025-08-21,Torit,Kapoeta,partially passable,1,,Torit – Kapoeta,20MT,
79,2025-08-21,Mayendit,Mirmir,passable,0,Rupkuai,Mayendit – Rupkuai – Mir mir,40MT,
80,2025-08-21,Mirmir,Leer,partially passable,1,,Mirmir – Leer,20MT,
81,2025-08-21,Mankien,Mayom,impassable,2,,Mankien - Mayom,,
82,2025-08-21,Ajak Kuac,Mankien,impassable,2,,Ajak Kuac – Mankien,,
83,2025-08-21,Ayod,Pathai,impassable,2,,Ayod – Pathai,,
84,2025-08-21,Nyandit,Kiech Kon,impassable,2,,Nyandit - Kiech Kon,,
85,2025-08-21,Paloich,Jemaam,passable,0,Adar,Paloich – Adar – Jemaam,40MT,
86,2025-08-21,New Fangak,Kuernyang,impassable,2,,New Fangak – Kuernyang,,
87,2025-08-21,Paguir,Keew,impassable,2,,Paguir – Keew,,
88,2025-08-21,Baliet,Kiech Kon,impassable,2,Akwot,Baliet – Akwot – Kiech kon,,
89,2025-08-21,Wunrok,Gogrial,partially passable,1,,Wunrok – Gogrial,20MT,
90,2025-08-21,Deim Zubeir,Raja,partially passable,1,,Dim Zubeir – Raja,20MT,
91,2025-08-21,Aweil,Yith Pabol,impassable,2,,Aweil – Yith Pabol,,
92,2025-08-21,Kapoeta,Narus,passable,0,,Kapoeta – Narus,40MT,
93,2025-08-21,Melut,Paloich,passable,0,,Melut – Paloich,40MT,
94,2025-08-21,Wunrok,Abyei,partially passable,1,,Wunrok – Abyei,20MT,
95,2025-08-21,Gogrial,Kuajok,partially passable,1,,Gogrial – Kuajok,20MT,
96,2025-08-21,Bentiu,Nhialdiu,impassable,2,,Bentiu – Nhialdiu,,
97,2025-08-21,Aluakluak,Mvolo,partially passable,1,,Aluakluak - Mvolo,20MT,
98,2025-08-21,Kilo 30,Manga Port,passable,0,,Kilo 30 – Manga Port,40MT,
99,2025-08-21,Gossinga,Raja,impassable,2,,Gossinga – Raja,,
100,2025-08-21,Gossinga,Raja,partially passable,1,Kapalala,Gossinga – Kapalala – Raja,20MT,
101,2025-08-21,Nyal,Ganyiel,impassable,2,,Nyal – Ganyiel,,
102,2025-08-21,Manyabol,Gadiang,impassable,2,,Manyabol – Gadiang,,
103,2025-08-21,Manyabol,Gumuruk,partially passable,1,,Manyabol – Gumuruk,Specialized Trucks,
104,2025-08-21,Vertet,Labarab,impassable,2,,Vertet – Labarab,,"ID printed as 103 on this map (typo – 103 is Manyabol – Gumuruk), recorded as 104"
105,2025-08-21,Boma,Maruwa,impassable,2,,Boma – Maruwa,,
106,2025-08-21,Boma,Labarab,impassable,2,,Boma - Labarab,,
107,2025-08-21,Pibor,Vertet,impassable,2,,Pibor – Verthet,,
108,2025-08-21,Aduel,Amok Piny,partially passable,1,,Aduel – Amok Piny,Specialized Trucks,
109,2025-08-21,Lankien,Pading,impassable,2,Nyambor,Lankien – Nyambor – Pading,,
110,2025-08-21,Nyambor,Karam,impassable,2,Pading,Nyambor – Pading – Karam,,
111,2025-08-21,Pajut,Payuel,impassable,2,,Pajut – Payuel,,
112,2025-08-21,Aweil,Gogrial,partially passable,1,Akun,Aweil – Akun – Gogrial,20MT,
113,2025-08-21,Kapoeta,Chukudum,passable,0,,Kapoeta – Chukudum,40MT,
114,2025-08-21,Diabio,Ezo,passable,0,,Diabio – Ezo,40MT,
115,2025-08-21,Mvolo,Wulu,passable,0,,Mvolo – Wullu,40MT,
116,2025-08-21,Aluakluak,Mapuordit,partially passable,1,,Aluakluak - Mapuordit,20MT,
117,2025-08-21,Narus,Nadapal,passable,0,,Narus – Nadapal,40MT,
118,2025-08-21,Bentiu,Kilo 30,passable,0,,Bentiu – Kilo30,40MT,
119,2025-08-21,Gadiang,Yuai,impassable,2,,Gadiang – Yuai,,
120,2025-08-21,Pathai,Fatuet,impassable,2,,Pathai – Fatuet,,
121,2025-08-21,Walgak,Kaikuny,impassable,2,,Walgak – Kaikuny,,
122,2025-08-21,Yuai,Walgak,impassable,2,Motot; Waat,Yuai – Motot – Waat – Walgak,,
123,2025-08-21,Kuron,Boma,impassable,2,,Kuron – Boma,,
124,2025-08-21,Kapoeta,Kassangor,partially passable,1,,Kapoeta – Kassangor,20MT,
125,2025-08-21,Rumbek,Maper (Lakes),impassable,2,,Rumbek – Maper (Lakes),,
126,2025-08-21,Maruwa,Labarab,impassable,2,,Maruwa – Labarab,,
127,2025-08-21,Koch,Mirmir,impassable,2,,Koch – Mirmir,,
128,2025-08-21,Adok,Leer,partially passable,1,Piling,Adok – Piling – Leer,20MT,
129,2025-08-21,Lainya,Yei,passable,0,,Lainya – Yei,40MT,
130,2025-08-21,Mathiang,Udier,passable,0,,Mathiang – Udier,40MT,
131,2025-08-21,Gadiang,Payuel,impassable,2,,Gadiang – Payuel,,
132,2025-08-21,Ayod,Mogok,partially passable,1,,Ayod – Mogok,Specialized Trucks,
133,2025-08-21,Kaikang,Kilo 30,impassable,2,Roriak; Mayom,(Kaikang – Roriak )(Mayom – Kilo 30),,"alternative road listed as two separate stretches: Kaikang–Roriak and Mayom–Kilo 30; ID printed as 134 on this map (typo – 134 is Pariang – Ajuong Thok), recorded as 133"
134,2025-08-21,Pariang,Ajuong Thok,passable,0,,Pariang – Ajuong Thok,40MT,
135,2025-08-21,Lafon,Imehejek,partially passable,1,,Lafon – Imehejek,20MT,
136,2025-08-21,Mabior,Gadiang,impassable,2,,Mabior – Gadiang,,
137,2025-08-21,Poktap,Payuel,impassable,2,,Poktap – Payuel,,
138,2025-08-21,Panakuach,Pariang,partially passable,1,,Panakuach – Pariang,20MT,new road; first appears 2024-11-01
139,2025-08-21,Mabior,Kongor,partially passable,1,,Mabior – Kongor,Specialized Trucks,
140,2025-08-21,Maiwut,Pagak,impassable,2,,Maiwut – Pagak,,new road; first appears 2025-06-12 (road 20 Mathiang – Maiwut – Pagak shortened to Mathiang – Maiwut the same week)
1,2025-08-28,Kilo 30,Pariang,passable,0,,Kilo 30 – Pariang,40MT,
2,2025-08-28,Gemeiza,Bor,impassable,2,,Gemeiza – Bor,,
3,2025-08-28,Yida,Pariang,passable,0,,Yida - Pariang,40MT,
4,2025-08-28,Juba,Nimule,passable,0,,Juba – Nimule,40MT,
5,2025-08-28,Juba,Torit,partially passable,1,,Juba – Torit,20MT,
6,2025-08-28,Juba,Mangalla,passable,0,,Juba – Mangalla,40MT,
7,2025-08-28,Malakal,Baliet,impassable,2,,Malakal – Baliet,,
8,2025-08-28,Paloich,Renk,passable,0,,Paloich – Renk,40MT,
9,2025-08-28,Adar,Maban,passable,0,Jemaam,Adar – Jemaam – Maban,40MT,
10,2025-08-28,Abyei,Abiemnhom,impassable,2,,Abyei – Abienhom,,
11,2025-08-28,Aweil,Gossinga,partially passable,1,,Aweil – Gossinga,20MT,
12,2025-08-28,Pathai,Walgak,impassable,2,Motot,Pathai – Motot – Walgak,,
13,2025-08-28,Juba,Lainya,passable,0,,Juba – Lainya,40MT,
14,2025-08-28,Maridi,Yambio,passable,0,,Maridi – Yambio,40MT,
15,2025-08-28,Juba,Kajo Keji,passable,0,,Juba – Kajo Keji,40MT,
16,2025-08-28,Juba,Terakeka,impassable,2,,Juba – Terakeka,,
17,2025-08-28,Narus,Kuron,partially passable,1,,Narus – Kuron,20MT,
18,2025-08-28,Mundri,Mvolo,passable,0,,Mundri - Mvolo,40MT,
19,2025-08-28,Mangalla,Gemeiza,passable,0,,Mangalla – Gemeiza,40MT,
20,2025-08-28,Mathiang,Maiwut,impassable,2,,Mathiang – Maiwut,,
21,2025-08-28,Tonj,Langdit,passable,0,,Tonj – Langdit,40MT,
22,2025-08-28,Terakeka,Mundri,passable,0,Tali,Terakeka – Tali – Mundri,40MT,
23,2025-08-28,Terakeka,Mingkaman,partially passable,1,,Terakeka – Mingkaman,20MT,
24,2025-08-28,Torit,Magwi,passable,0,,Torit – Magwi,40MT,
25,2025-08-28,Hiyala,Ikotos,passable,0,,Hiyala – Ikotos,40MT,
26,2025-08-28,Torit,Lafon,partially passable,1,,Torit – Lafon,20MT,
27,2025-08-28,Wau,Thar Kueng,partially passable,1,,Wau – Thar Kueng,20MT,
28,2025-08-28,Wau,Tonj,passable,0,,Wau – Tonj,40MT,
29,2025-08-28,Wau,Akuem,passable,0,Aweil,Wau – Aweil – Akuem,40MT,
30,2025-08-28,Likuangole,Akobo,partially passable,1,,Likuangole – Akobo,Specialized Trucks,
31,2025-08-28,Amok Piny,Madol,impassable,2,,Amok Piny – Madol,,
32,2025-08-28,Akwot,Nasser,impassable,2,,Akwot – Nasser,,
33,2025-08-28,Guit,Koch,impassable,2,,Guit – Koch,,
34,2025-08-28,Abiemnhom,Mayom,impassable,2,,Abiemnhom – Mayom,,
35,2025-08-28,Kilo 30,Kaikang,impassable,2,Tumor; Mayom,Kilo30 –Tumor – Mayom – Kaikang,,
36,2025-08-28,Boma,Pochala,impassable,2,,Boma – Pochala,,
37,2025-08-28,Bor,Gadiang,partially passable,1,,Bor – Gadiang,20MT,
38,2025-08-28,Bor,Baidit,partially passable,1,,Bor – Baidit,Specialized Trucks,
39,2025-08-28,Pengko,Manyabol,partially passable,1,,Pengko – Manyabol,Specialized Trucks,
40,2025-08-28,Baidit,Duk Padiet,partially passable,1,Mabior,Baidit – Mabior – Duk Padiet,Specialized Trucks,
41,2025-08-28,Gadiang,Akobo,impassable,2,,Gadiang – Akobo,,
42,2025-08-28,Juba,Lafon,impassable,2,,Juba – Lafon,,
43,2025-08-28,Adar,Mathiang,impassable,2,,Adar – Mathiang,,
44,2025-08-28,Maper (Lakes),Dablual,impassable,2,,Maper (Lakes) – Dablual,,
45,2025-08-28,Akobo,Kaikuny,impassable,2,,Akobo – Kainuny,,
46,2025-08-28,Motot,Lankien,impassable,2,,Motot – Lankein,,
47,2025-08-28,Wau,Deim Zubeir,partially passable,1,,Wau – Deim Zubeir,20MT,
48,2025-08-28,Wau,Tambura,partially passable,1,,Wau – Tambura,20MT,
49,2025-08-28,Yirol,Shambe,partially passable,1,,Yirol – Shambe,20MT,
50,2025-08-28,Aluakluak,Yirol,partially passable,1,,Aluakluak - Yirol,20MT,
51,2025-08-28,Rumbek,Langdit,passable,0,,Rumbek - Langdit,40MT,
52,2025-08-28,Aluakluak,Rumbek,partially passable,1,,Aluakluak – Rumbek,20MT,
53,2025-08-28,Wunrok,Abiemnhom,impassable,2,Turalei,Wunrok – Turalei – Abiemnhom,,
54,2025-08-28,Kilo 30,Panakuach,passable,0,Roriak,Kilo 30 – Roriak – Panakuach,40MT,
55,2025-08-28,Ding Ding,Koch,impassable,2,,Ding ding - Koch,,
56,2025-08-28,Bentiu,Dhorbor,impassable,2,,Bentiu – Dhorbor,,
57,2025-08-28,Dhorbor,Guit,impassable,2,,Dhorbor – Guit,,
58,2025-08-28,Guit,Ding Ding,impassable,2,,Guit – Ding Ding,,
59,2025-08-28,Gumuruk,Pibor,partially passable,1,,Gumuruk – Pibor,Specialized Trucks,
60,2025-08-28,Bor,Pengko,partially passable,1,,Bor – Pengko,Specialized Trucks,
61,2025-08-28,Duk Padiet,Pajut,impassable,2,,Duk Padiat – Pajut,,
62,2025-08-28,Yuai,Karam,impassable,2,Pathai,Yaui – Pathai – Karam,,
63,2025-08-28,Yuai,Motot,impassable,2,Pieri,Yaui – Pieri – Motot,,
64,2025-08-28,Yuai,Pajut,impassable,2,,Yaui – Pajut,,
65,2025-08-28,Wulu,Rumbek,passable,0,,Wulu – Rumbek,40MT,
66,2025-08-28,Pibor,Likuangole,partially passable,1,,Pibor – Likuangole,Specialized Trucks,
67,2025-08-28,Mingkaman,Yirol,partially passable,1,,Mingkaman – Yirol,20MT,
68,2025-08-28,Yambio,Tambura,passable,0,,Yambio – Tambura,40MT,
69,2025-08-28,Juba,Mundri,passable,0,,Juba – Mundri,40MT,
70,2025-08-28,Kodok,Paloich,impassable,2,,Kodok – Paloich,,
71,2025-08-28,Malakal,Kodok,impassable,2,,Malakal – Kodok,,
72,2025-08-28,Thar Kueng,Kuajok,partially passable,1,,Thar Kueng - Kuajok,20MT,
73,2025-08-28,Bentiu,Guit,impassable,2,,Bentiu – Guit,,
74,2025-08-28,Duk Padiet,Ayod,partially passable,1,,Duk Padiet – Ayod,Specialized Trucks,
75,2025-08-28,Guit,Mirmir,impassable,2,,Guit – Mir mir,,
76,2025-08-28,Raja,Chandoy/Dolo2,passable,0,,Raja – Chandoy/Dolo2,40MT,
77,2025-08-28,Mundri,Maridi,passable,0,,Mundri - Maridi,40MT,
78,2025-08-28,Torit,Kapoeta,partially passable,1,,Torit – Kapoeta,20MT,
79,2025-08-28,Mayendit,Mirmir,passable,0,Rupkuai,Mayendit – Rupkuai – Mir mir,40MT,
80,2025-08-28,Mirmir,Leer,partially passable,1,,Mirmir – Leer,20MT,
81,2025-08-28,Mankien,Mayom,impassable,2,,Mankien - Mayom,,
82,2025-08-28,Ajak Kuac,Mankien,impassable,2,,Ajak Kuac – Mankien,,
83,2025-08-28,Ayod,Pathai,impassable,2,,Ayod – Pathai,,
84,2025-08-28,Nyandit,Kiech Kon,impassable,2,,Nyandit - Kiech Kon,,
85,2025-08-28,Paloich,Jemaam,passable,0,Adar,Paloich – Adar – Jemaam,40MT,
86,2025-08-28,New Fangak,Kuernyang,impassable,2,,New Fangak – Kuernyang,,
87,2025-08-28,Paguir,Keew,impassable,2,,Paguir – Keew,,
88,2025-08-28,Baliet,Kiech Kon,impassable,2,Akwot,Baliet – Akwot – Kiech kon,,
89,2025-08-28,Wunrok,Gogrial,partially passable,1,,Wunrok – Gogrial,20MT,
90,2025-08-28,Deim Zubeir,Raja,partially passable,1,,Dim Zubeir – Raja,20MT,
91,2025-08-28,Aweil,Yith Pabol,impassable,2,,Aweil – Yith Pabol,,
92,2025-08-28,Kapoeta,Narus,passable,0,,Kapoeta – Narus,40MT,
93,2025-08-28,Melut,Paloich,passable,0,,Melut – Paloich,40MT,
94,2025-08-28,Wunrok,Abyei,partially passable,1,,Wunrok – Abyei,20MT,
95,2025-08-28,Gogrial,Kuajok,partially passable,1,,Gogrial – Kuajok,20MT,
96,2025-08-28,Bentiu,Nhialdiu,impassable,2,,Bentiu – Nhialdiu,,
97,2025-08-28,Aluakluak,Mvolo,partially passable,1,,Aluakluak - Mvolo,20MT,
98,2025-08-28,Kilo 30,Manga Port,partially passable,1,,Kilo 30 – Manga Port,20MT,
99,2025-08-28,Gossinga,Raja,impassable,2,,Gossinga – Raja,,
100,2025-08-28,Gossinga,Raja,partially passable,1,Kapalala,Gossinga – Kapalala – Raja,20MT,
101,2025-08-28,Nyal,Ganyiel,impassable,2,,Nyal – Ganyiel,,
102,2025-08-28,Manyabol,Gadiang,impassable,2,,Manyabol – Gadiang,,
103,2025-08-28,Manyabol,Gumuruk,partially passable,1,,Manyabol – Gumuruk,Specialized Trucks,
104,2025-08-28,Vertet,Labarab,impassable,2,,Vertet – Labarab,,"ID printed as 103 on this map (typo – 103 is Manyabol – Gumuruk), recorded as 104"
105,2025-08-28,Boma,Maruwa,impassable,2,,Boma – Maruwa,,
106,2025-08-28,Boma,Labarab,impassable,2,,Boma - Labarab,,
107,2025-08-28,Pibor,Vertet,impassable,2,,Pibor – Verthet,,
108,2025-08-28,Aduel,Amok Piny,partially passable,1,,Aduel – Amok Piny,Specialized Trucks,
109,2025-08-28,Lankien,Pading,impassable,2,Nyambor,Lankien – Nyambor – Pading,,
110,2025-08-28,Nyambor,Karam,impassable,2,Pading,Nyambor – Pading – Karam,,
111,2025-08-28,Pajut,Payuel,impassable,2,,Pajut – Payuel,,
112,2025-08-28,Aweil,Gogrial,partially passable,1,Akun,Aweil – Akun – Gogrial,20MT,
113,2025-08-28,Kapoeta,Chukudum,passable,0,,Kapoeta – Chukudum,40MT,
114,2025-08-28,Diabio,Ezo,passable,0,,Diabio – Ezo,40MT,
115,2025-08-28,Mvolo,Wulu,passable,0,,Mvolo – Wullu,40MT,
116,2025-08-28,Aluakluak,Mapuordit,partially passable,1,,Aluakluak - Mapuordit,20MT,
117,2025-08-28,Narus,Nadapal,passable,0,,Narus – Nadapal,40MT,
118,2025-08-28,Bentiu,Kilo 30,partially passable,1,,Bentiu – Kilo30,20MT,
119,2025-08-28,Gadiang,Yuai,impassable,2,,Gadiang – Yuai,,
120,2025-08-28,Pathai,Fatuet,impassable,2,,Pathai – Fatuet,,
121,2025-08-28,Walgak,Kaikuny,impassable,2,,Walgak – Kaikuny,,
122,2025-08-28,Yuai,Walgak,impassable,2,Motot; Waat,Yuai – Motot – Waat – Walgak,,
123,2025-08-28,Kuron,Boma,impassable,2,,Kuron – Boma,,
124,2025-08-28,Kapoeta,Kassangor,partially passable,1,,Kapoeta – Kassangor,20MT,
125,2025-08-28,Rumbek,Maper (Lakes),impassable,2,,Rumbek – Maper (Lakes),,
126,2025-08-28,Maruwa,Labarab,impassable,2,,Maruwa – Labarab,,
127,2025-08-28,Koch,Mirmir,impassable,2,,Koch – Mirmir,,
128,2025-08-28,Adok,Leer,partially passable,1,Piling,Adok – Piling – Leer,20MT,
129,2025-08-28,Lainya,Yei,passable,0,,Lainya – Yei,40MT,
130,2025-08-28,Mathiang,Udier,passable,0,,Mathiang – Udier,40MT,
131,2025-08-28,Gadiang,Payuel,impassable,2,,Gadiang – Payuel,,
132,2025-08-28,Ayod,Mogok,partially passable,1,,Ayod – Mogok,Specialized Trucks,
133,2025-08-28,Kaikang,Kilo 30,impassable,2,Roriak; Mayom,(Kaikang – Roriak )(Mayom – Kilo 30),,"alternative road listed as two separate stretches: Kaikang–Roriak and Mayom–Kilo 30; ID printed as 134 on this map (typo – 134 is Pariang – Ajuong Thok), recorded as 133"
134,2025-08-28,Pariang,Ajuong Thok,passable,0,,Pariang – Ajuong Thok,40MT,
135,2025-08-28,Lafon,Imehejek,partially passable,1,,Lafon – Imehejek,20MT,
136,2025-08-28,Mabior,Gadiang,impassable,2,,Mabior – Gadiang,,
137,2025-08-28,Poktap,Payuel,impassable,2,,Poktap – Payuel,,
138,2025-08-28,Panakuach,Pariang,partially passable,1,,Panakuach – Pariang,20MT,new road; first appears 2024-11-01
139,2025-08-28,Mabior,Kongor,partially passable,1,,Mabior – Kongor,Specialized Trucks,
140,2025-08-28,Maiwut,Pagak,impassable,2,,Maiwut – Pagak,,new road; first appears 2025-06-12 (road 20 Mathiang – Maiwut – Pagak shortened to Mathiang – Maiwut the same week)
1,2025-09-04,Kilo 30,Pariang,passable,0,,Kilo 30 – Pariang,40MT,
2,2025-09-04,Gemeiza,Bor,impassable,2,,Gemeiza – Bor,,
3,2025-09-04,Yida,Pariang,passable,0,,Yida - Pariang,40MT,
4,2025-09-04,Juba,Nimule,passable,0,,Juba – Nimule,40MT,
5,2025-09-04,Juba,Torit,partially passable,1,,Juba – Torit,20MT,
6,2025-09-04,Juba,Mangalla,passable,0,,Juba – Mangalla,40MT,
7,2025-09-04,Malakal,Baliet,impassable,2,,Malakal – Baliet,,
8,2025-09-04,Paloich,Renk,passable,0,,Paloich – Renk,40MT,
9,2025-09-04,Adar,Maban,passable,0,Jemaam,Adar – Jemaam – Maban,40MT,
10,2025-09-04,Abyei,Abiemnhom,impassable,2,,Abyei – Abienhom,,
11,2025-09-04,Aweil,Gossinga,partially passable,1,,Aweil – Gossinga,20MT,
12,2025-09-04,Pathai,Walgak,impassable,2,Motot,Pathai – Motot – Walgak,,
13,2025-09-04,Juba,Lainya,passable,0,,Juba – Lainya,40MT,
14,2025-09-04,Maridi,Yambio,passable,0,,Maridi – Yambio,40MT,
15,2025-09-04,Juba,Kajo Keji,passable,0,,Juba – Kajo Keji,40MT,
16,2025-09-04,Juba,Terakeka,impassable,2,,Juba – Terakeka,,
17,2025-09-04,Narus,Kuron,partially passable,1,,Narus – Kuron,20MT,
18,2025-09-04,Mundri,Mvolo,passable,0,,Mundri - Mvolo,40MT,
19,2025-09-04,Mangalla,Gemeiza,passable,0,,Mangalla – Gemeiza,40MT,
20,2025-09-04,Mathiang,Maiwut,impassable,2,,Mathiang – Maiwut,,
21,2025-09-04,Tonj,Langdit,passable,0,,Tonj – Langdit,40MT,
22,2025-09-04,Terakeka,Mundri,passable,0,Tali,Terakeka – Tali – Mundri,40MT,
23,2025-09-04,Terakeka,Mingkaman,partially passable,1,,Terakeka – Mingkaman,20MT,
24,2025-09-04,Torit,Magwi,passable,0,,Torit – Magwi,40MT,
25,2025-09-04,Hiyala,Ikotos,passable,0,,Hiyala – Ikotos,40MT,
26,2025-09-04,Torit,Lafon,partially passable,1,,Torit – Lafon,20MT,
27,2025-09-04,Wau,Thar Kueng,partially passable,1,,Wau – Thar Kueng,20MT,
28,2025-09-04,Wau,Tonj,passable,0,,Wau – Tonj,40MT,
29,2025-09-04,Wau,Akuem,passable,0,Aweil,Wau – Aweil – Akuem,40MT,
30,2025-09-04,Likuangole,Akobo,impassable,2,,Likuangole – Akobo,,
31,2025-09-04,Amok Piny,Madol,impassable,2,,Amok Piny – Madol,,
32,2025-09-04,Akwot,Nasser,impassable,2,,Akwot – Nasser,,
33,2025-09-04,Guit,Koch,impassable,2,,Guit – Koch,,
34,2025-09-04,Abiemnhom,Mayom,impassable,2,,Abiemnhom – Mayom,,
35,2025-09-04,Kilo 30,Kaikang,impassable,2,Tumor; Mayom,Kilo30 –Tumor – Mayom – Kaikang,,
36,2025-09-04,Boma,Pochala,impassable,2,,Boma – Pochala,,
37,2025-09-04,Bor,Gadiang,impassable,2,,Bor – Gadiang,,
38,2025-09-04,Bor,Baidit,partially passable,1,,Bor – Baidit,Specialized Trucks,
39,2025-09-04,Pengko,Manyabol,impassable,2,,Pengko – Manyabol,,
40,2025-09-04,Baidit,Duk Padiet,impassable,2,Mabior,Baidit – Mabior – Duk Padiet,,
41,2025-09-04,Gadiang,Akobo,impassable,2,,Gadiang – Akobo,,
42,2025-09-04,Juba,Lafon,impassable,2,,Juba – Lafon,,
43,2025-09-04,Adar,Mathiang,impassable,2,,Adar – Mathiang,,
44,2025-09-04,Maper (Lakes),Dablual,impassable,2,,Maper (Lakes) – Dablual,,
45,2025-09-04,Akobo,Kaikuny,impassable,2,,Akobo – Kainuny,,
46,2025-09-04,Motot,Lankien,impassable,2,,Motot – Lankein,,
47,2025-09-04,Wau,Deim Zubeir,partially passable,1,,Wau – Deim Zubeir,20MT,
48,2025-09-04,Wau,Tambura,partially passable,1,,Wau – Tambura,20MT,
49,2025-09-04,Yirol,Shambe,partially passable,1,,Yirol – Shambe,20MT,
50,2025-09-04,Aluakluak,Yirol,partially passable,1,,Aluakluak - Yirol,20MT,
51,2025-09-04,Rumbek,Langdit,passable,0,,Rumbek - Langdit,40MT,
52,2025-09-04,Aluakluak,Rumbek,partially passable,1,,Aluakluak – Rumbek,20MT,
53,2025-09-04,Wunrok,Abiemnhom,impassable,2,Turalei,Wunrok – Turalei – Abiemnhom,,
54,2025-09-04,Kilo 30,Panakuach,passable,0,Roriak,Kilo 30 – Roriak – Panakuach,40MT,
55,2025-09-04,Ding Ding,Koch,impassable,2,,Ding ding - Koch,,
56,2025-09-04,Bentiu,Dhorbor,impassable,2,,Bentiu – Dhorbor,,
57,2025-09-04,Dhorbor,Guit,impassable,2,,Dhorbor – Guit,,
58,2025-09-04,Guit,Ding Ding,impassable,2,,Guit – Ding Ding,,
59,2025-09-04,Gumuruk,Pibor,impassable,2,,Gumuruk – Pibor,,
60,2025-09-04,Bor,Pengko,impassable,2,,Bor – Pengko,,
61,2025-09-04,Duk Padiet,Pajut,impassable,2,,Duk Padiat – Pajut,,
62,2025-09-04,Yuai,Karam,impassable,2,Pathai,Yaui – Pathai – Karam,,
63,2025-09-04,Yuai,Motot,impassable,2,Pieri,Yaui – Pieri – Motot,,
64,2025-09-04,Yuai,Pajut,impassable,2,,Yaui – Pajut,,
65,2025-09-04,Wulu,Rumbek,passable,0,,Wulu – Rumbek,40MT,
66,2025-09-04,Pibor,Likuangole,impassable,2,,Pibor – Likuangole,,
67,2025-09-04,Mingkaman,Yirol,partially passable,1,,Mingkaman – Yirol,20MT,
68,2025-09-04,Yambio,Tambura,passable,0,,Yambio – Tambura,40MT,
69,2025-09-04,Juba,Mundri,passable,0,,Juba – Mundri,40MT,
70,2025-09-04,Kodok,Paloich,impassable,2,,Kodok – Paloich,,
71,2025-09-04,Malakal,Kodok,impassable,2,,Malakal – Kodok,,
72,2025-09-04,Thar Kueng,Kuajok,partially passable,1,,Thar Kueng - Kuajok,20MT,
73,2025-09-04,Bentiu,Guit,impassable,2,,Bentiu – Guit,,
74,2025-09-04,Duk Padiet,Ayod,impassable,2,,Duk Padiet – Ayod,,
75,2025-09-04,Guit,Mirmir,impassable,2,,Guit – Mir mir,,
76,2025-09-04,Raja,Chandoy/Dolo2,passable,0,,Raja – Chandoy/Dolo2,40MT,
77,2025-09-04,Mundri,Maridi,passable,0,,Mundri - Maridi,40MT,
78,2025-09-04,Torit,Kapoeta,partially passable,1,,Torit – Kapoeta,20MT,
79,2025-09-04,Mayendit,Mirmir,passable,0,Rupkuai,Mayendit – Rupkuai – Mir mir,40MT,
80,2025-09-04,Mirmir,Leer,partially passable,1,,Mirmir – Leer,20MT,
81,2025-09-04,Mankien,Mayom,impassable,2,,Mankien - Mayom,,
82,2025-09-04,Ajak Kuac,Mankien,impassable,2,,Ajak Kuac – Mankien,,
83,2025-09-04,Ayod,Pathai,impassable,2,,Ayod – Pathai,,
84,2025-09-04,Nyandit,Kiech Kon,impassable,2,,Nyandit - Kiech Kon,,
85,2025-09-04,Paloich,Jemaam,passable,0,Adar,Paloich – Adar – Jemaam,40MT,
86,2025-09-04,New Fangak,Kuernyang,impassable,2,,New Fangak – Kuernyang,,
87,2025-09-04,Paguir,Keew,impassable,2,,Paguir – Keew,,
88,2025-09-04,Baliet,Kiech Kon,impassable,2,Akwot,Baliet – Akwot – Kiech kon,,
89,2025-09-04,Wunrok,Gogrial,partially passable,1,,Wunrok – Gogrial,20MT,
90,2025-09-04,Deim Zubeir,Raja,partially passable,1,,Dim Zubeir – Raja,20MT,
91,2025-09-04,Aweil,Yith Pabol,impassable,2,,Aweil – Yith Pabol,,
92,2025-09-04,Kapoeta,Narus,passable,0,,Kapoeta – Narus,40MT,
93,2025-09-04,Melut,Paloich,passable,0,,Melut – Paloich,40MT,
94,2025-09-04,Wunrok,Abyei,partially passable,1,,Wunrok – Abyei,20MT,
95,2025-09-04,Gogrial,Kuajok,partially passable,1,,Gogrial – Kuajok,20MT,
96,2025-09-04,Bentiu,Nhialdiu,impassable,2,,Bentiu – Nhialdiu,,
97,2025-09-04,Aluakluak,Mvolo,partially passable,1,,Aluakluak - Mvolo,20MT,
98,2025-09-04,Kilo 30,Manga Port,partially passable,1,,Kilo 30 – Manga Port,20MT,
99,2025-09-04,Gossinga,Raja,impassable,2,,Gossinga – Raja,,
100,2025-09-04,Gossinga,Raja,partially passable,1,Kapalala,Gossinga – Kapalala – Raja,20MT,
101,2025-09-04,Nyal,Ganyiel,impassable,2,,Nyal – Ganyiel,,
102,2025-09-04,Manyabol,Gadiang,impassable,2,,Manyabol – Gadiang,,
103,2025-09-04,Manyabol,Gumuruk,impassable,2,,Manyabol – Gumuruk,,
104,2025-09-04,Vertet,Labarab,impassable,2,,Vertet – Labarab,,"ID printed as 103 on this map (typo – 103 is Manyabol – Gumuruk), recorded as 104"
105,2025-09-04,Boma,Maruwa,impassable,2,,Boma – Maruwa,,
106,2025-09-04,Boma,Labarab,impassable,2,,Boma - Labarab,,
107,2025-09-04,Pibor,Vertet,impassable,2,,Pibor – Verthet,,
108,2025-09-04,Aduel,Amok Piny,partially passable,1,,Aduel – Amok Piny,Specialized Trucks,
109,2025-09-04,Lankien,Pading,impassable,2,Nyambor,Lankien – Nyambor – Pading,,
110,2025-09-04,Nyambor,Karam,impassable,2,Pading,Nyambor – Pading – Karam,,
111,2025-09-04,Pajut,Payuel,impassable,2,,Pajut – Payuel,,
112,2025-09-04,Aweil,Gogrial,partially passable,1,Akun,Aweil – Akun – Gogrial,20MT,
113,2025-09-04,Kapoeta,Chukudum,passable,0,,Kapoeta – Chukudum,40MT,
114,2025-09-04,Diabio,Ezo,passable,0,,Diabio – Ezo,40MT,
115,2025-09-04,Mvolo,Wulu,passable,0,,Mvolo – Wullu,40MT,
116,2025-09-04,Aluakluak,Mapuordit,partially passable,1,,Aluakluak - Mapuordit,20MT,
117,2025-09-04,Narus,Nadapal,passable,0,,Narus – Nadapal,40MT,
118,2025-09-04,Bentiu,Kilo 30,partially passable,1,,Bentiu – Kilo30,20MT,
119,2025-09-04,Gadiang,Yuai,impassable,2,,Gadiang – Yuai,,
120,2025-09-04,Pathai,Fatuet,impassable,2,,Pathai – Fatuet,,
121,2025-09-04,Walgak,Kaikuny,impassable,2,,Walgak – Kaikuny,,
122,2025-09-04,Yuai,Walgak,impassable,2,Motot; Waat,Yuai – Motot – Waat – Walgak,,
123,2025-09-04,Kuron,Boma,impassable,2,,Kuron – Boma,,
124,2025-09-04,Kapoeta,Kassangor,partially passable,1,,Kapoeta – Kassangor,20MT,
125,2025-09-04,Rumbek,Maper (Lakes),impassable,2,,Rumbek – Maper (Lakes),,
126,2025-09-04,Maruwa,Labarab,impassable,2,,Maruwa – Labarab,,
127,2025-09-04,Koch,Mirmir,impassable,2,,Koch – Mirmir,,
128,2025-09-04,Adok,Leer,partially passable,1,Piling,Adok – Piling – Leer,20MT,
129,2025-09-04,Lainya,Yei,passable,0,,Lainya – Yei,40MT,
130,2025-09-04,Mathiang,Udier,passable,0,,Mathiang – Udier,40MT,
131,2025-09-04,Gadiang,Payuel,impassable,2,,Gadiang – Payuel,,
132,2025-09-04,Ayod,Mogok,impassable,2,,Ayod – Mogok,,
133,2025-09-04,Kaikang,Kilo 30,impassable,2,Roriak; Mayom,(Kaikang – Roriak )(Mayom – Kilo 30),,"alternative road listed as two separate stretches: Kaikang–Roriak and Mayom–Kilo 30; ID printed as 134 on this map (typo – 134 is Pariang – Ajuong Thok), recorded as 133"
134,2025-09-04,Pariang,Ajuong Thok,passable,0,,Pariang – Ajuong Thok,40MT,
135,2025-09-04,Lafon,Imehejek,partially passable,1,,Lafon – Imehejek,20MT,
136,2025-09-04,Mabior,Gadiang,impassable,2,,Mabior – Gadiang,,
137,2025-09-04,Poktap,Payuel,impassable,2,,Poktap – Payuel,,
138,2025-09-04,Panakuach,Pariang,partially passable,1,,Panakuach – Pariang,20MT,new road; first appears 2024-11-01
139,2025-09-04,Mabior,Kongor,impassable,2,,Mabior – Kongor,,
140,2025-09-04,Maiwut,Pagak,impassable,2,,Maiwut – Pagak,,new road; first appears 2025-06-12 (road 20 Mathiang – Maiwut – Pagak shortened to Mathiang – Maiwut the same week)
1,2025-09-11,Kilo 30,Pariang,passable,0,,Kilo 30 – Pariang,40MT,
2,2025-09-11,Gemeiza,Bor,impassable,2,,Gemeiza – Bor,,
3,2025-09-11,Yida,Pariang,passable,0,,Yida - Pariang,40MT,
4,2025-09-11,Juba,Nimule,passable,0,,Juba – Nimule,40MT,
5,2025-09-11,Juba,Torit,partially passable,1,,Juba – Torit,20MT,
6,2025-09-11,Juba,Mangalla,passable,0,,Juba – Mangalla,40MT,
7,2025-09-11,Malakal,Baliet,impassable,2,,Malakal – Baliet,,
8,2025-09-11,Paloich,Renk,passable,0,,Paloich – Renk,40MT,
9,2025-09-11,Adar,Maban,passable,0,Jemaam,Adar – Jemaam – Maban,40MT,
10,2025-09-11,Abyei,Abiemnhom,impassable,2,,Abyei – Abienhom,,
11,2025-09-11,Aweil,Gossinga,partially passable,1,,Aweil – Gossinga,20MT,
12,2025-09-11,Pathai,Walgak,impassable,2,Motot,Pathai – Motot – Walgak,,
13,2025-09-11,Juba,Lainya,passable,0,,Juba – Lainya,40MT,
14,2025-09-11,Maridi,Yambio,passable,0,,Maridi – Yambio,40MT,
15,2025-09-11,Juba,Kajo Keji,passable,0,,Juba – Kajo Keji,40MT,
16,2025-09-11,Juba,Terakeka,impassable,2,,Juba – Terakeka,,
17,2025-09-11,Narus,Kuron,partially passable,1,,Narus – Kuron,20MT,
18,2025-09-11,Mundri,Mvolo,passable,0,,Mundri - Mvolo,40MT,
19,2025-09-11,Mangalla,Gemeiza,passable,0,,Mangalla – Gemeiza,40MT,
20,2025-09-11,Mathiang,Maiwut,impassable,2,,Mathiang – Maiwut,,
21,2025-09-11,Tonj,Langdit,passable,0,,Tonj – Langdit,40MT,
22,2025-09-11,Terakeka,Mundri,passable,0,Tali,Terakeka – Tali – Mundri,40MT,
23,2025-09-11,Terakeka,Mingkaman,partially passable,1,,Terakeka – Mingkaman,20MT,
24,2025-09-11,Torit,Magwi,passable,0,,Torit – Magwi,40MT,
25,2025-09-11,Hiyala,Ikotos,passable,0,,Hiyala – Ikotos,40MT,
26,2025-09-11,Torit,Lafon,partially passable,1,,Torit – Lafon,20MT,
27,2025-09-11,Wau,Thar Kueng,partially passable,1,,Wau – Thar Kueng,20MT,
28,2025-09-11,Wau,Tonj,passable,0,,Wau – Tonj,40MT,
29,2025-09-11,Wau,Akuem,passable,0,Aweil,Wau – Aweil – Akuem,40MT,
30,2025-09-11,Likuangole,Akobo,impassable,2,,Likuangole – Akobo,,
31,2025-09-11,Amok Piny,Madol,impassable,2,,Amok Piny – Madol,,
32,2025-09-11,Akwot,Nasser,impassable,2,,Akwot – Nasser,,
33,2025-09-11,Guit,Koch,impassable,2,,Guit – Koch,,
34,2025-09-11,Abiemnhom,Mayom,impassable,2,,Abiemnhom – Mayom,,
35,2025-09-11,Kilo 30,Kaikang,impassable,2,Tumor; Mayom,Kilo30 –Tumor – Mayom – Kaikang,,
36,2025-09-11,Boma,Pochala,impassable,2,,Boma – Pochala,,
37,2025-09-11,Bor,Gadiang,impassable,2,,Bor – Gadiang,,
38,2025-09-11,Bor,Baidit,partially passable,1,,Bor – Baidit,Specialized Trucks,
39,2025-09-11,Pengko,Manyabol,impassable,2,,Pengko – Manyabol,,
40,2025-09-11,Baidit,Duk Padiet,impassable,2,Mabior,Baidit – Mabior – Duk Padiet,,
41,2025-09-11,Gadiang,Akobo,impassable,2,,Gadiang – Akobo,,
42,2025-09-11,Juba,Lafon,impassable,2,,Juba – Lafon,,
43,2025-09-11,Adar,Mathiang,impassable,2,,Adar – Mathiang,,
44,2025-09-11,Maper (Lakes),Dablual,impassable,2,,Maper (Lakes) – Dablual,,
45,2025-09-11,Akobo,Kaikuny,impassable,2,,Akobo – Kainuny,,
46,2025-09-11,Motot,Lankien,impassable,2,,Motot – Lankein,,
47,2025-09-11,Wau,Deim Zubeir,partially passable,1,,Wau – Deim Zubeir,20MT,
48,2025-09-11,Wau,Tambura,partially passable,1,,Wau – Tambura,20MT,
49,2025-09-11,Yirol,Shambe,partially passable,1,,Yirol – Shambe,20MT,
50,2025-09-11,Aluakluak,Yirol,partially passable,1,,Aluakluak - Yirol,20MT,
51,2025-09-11,Rumbek,Langdit,passable,0,,Rumbek - Langdit,40MT,
52,2025-09-11,Aluakluak,Rumbek,partially passable,1,,Aluakluak – Rumbek,20MT,
53,2025-09-11,Wunrok,Abiemnhom,impassable,2,Turalei,Wunrok – Turalei – Abiemnhom,,
54,2025-09-11,Kilo 30,Panakuach,passable,0,Roriak,Kilo 30 – Roriak – Panakuach,40MT,
55,2025-09-11,Ding Ding,Koch,impassable,2,,Ding ding - Koch,,
56,2025-09-11,Bentiu,Dhorbor,impassable,2,,Bentiu – Dhorbor,,
57,2025-09-11,Dhorbor,Guit,impassable,2,,Dhorbor – Guit,,
58,2025-09-11,Guit,Ding Ding,impassable,2,,Guit – Ding Ding,,
59,2025-09-11,Gumuruk,Pibor,impassable,2,,Gumuruk – Pibor,,
60,2025-09-11,Bor,Pengko,impassable,2,,Bor – Pengko,,
61,2025-09-11,Duk Padiet,Pajut,impassable,2,,Duk Padiat – Pajut,,
62,2025-09-11,Yuai,Karam,impassable,2,Pathai,Yaui – Pathai – Karam,,
63,2025-09-11,Yuai,Motot,impassable,2,Pieri,Yaui – Pieri – Motot,,
64,2025-09-11,Yuai,Pajut,impassable,2,,Yaui – Pajut,,
65,2025-09-11,Wulu,Rumbek,passable,0,,Wulu – Rumbek,40MT,
66,2025-09-11,Pibor,Likuangole,impassable,2,,Pibor – Likuangole,,
67,2025-09-11,Mingkaman,Yirol,partially passable,1,,Mingkaman – Yirol,20MT,
68,2025-09-11,Yambio,Tambura,passable,0,,Yambio – Tambura,40MT,
69,2025-09-11,Juba,Mundri,passable,0,,Juba – Mundri,40MT,
70,2025-09-11,Kodok,Paloich,impassable,2,,Kodok – Paloich,,
71,2025-09-11,Malakal,Kodok,impassable,2,,Malakal – Kodok,,
72,2025-09-11,Thar Kueng,Kuajok,partially passable,1,,Thar Kueng - Kuajok,20MT,
73,2025-09-11,Bentiu,Guit,impassable,2,,Bentiu – Guit,,
74,2025-09-11,Duk Padiet,Ayod,impassable,2,,Duk Padiet – Ayod,,
75,2025-09-11,Guit,Mirmir,impassable,2,,Guit – Mir mir,,
76,2025-09-11,Raja,Chandoy/Dolo2,passable,0,,Raja – Chandoy/Dolo2,40MT,
77,2025-09-11,Mundri,Maridi,passable,0,,Mundri - Maridi,40MT,
78,2025-09-11,Torit,Kapoeta,partially passable,1,,Torit – Kapoeta,20MT,
79,2025-09-11,Mayendit,Mirmir,passable,0,Rupkuai,Mayendit – Rupkuai – Mir mir,40MT,
80,2025-09-11,Mirmir,Leer,partially passable,1,,Mirmir – Leer,20MT,
81,2025-09-11,Mankien,Mayom,impassable,2,,Mankien - Mayom,,
82,2025-09-11,Ajak Kuac,Mankien,impassable,2,,Ajak Kuac – Mankien,,
83,2025-09-11,Ayod,Pathai,impassable,2,,Ayod – Pathai,,
84,2025-09-11,Nyandit,Kiech Kon,impassable,2,,Nyandit - Kiech Kon,,
85,2025-09-11,Paloich,Jemaam,passable,0,Adar,Paloich – Adar – Jemaam,40MT,
86,2025-09-11,New Fangak,Kuernyang,impassable,2,,New Fangak – Kuernyang,,
87,2025-09-11,Paguir,Keew,impassable,2,,Paguir – Keew,,
88,2025-09-11,Baliet,Kiech Kon,impassable,2,Akwot,Baliet – Akwot – Kiech kon,,
89,2025-09-11,Wunrok,Gogrial,partially passable,1,,Wunrok – Gogrial,20MT,
90,2025-09-11,Deim Zubeir,Raja,partially passable,1,,Dim Zubeir – Raja,20MT,
91,2025-09-11,Aweil,Yith Pabol,impassable,2,,Aweil – Yith Pabol,,
92,2025-09-11,Kapoeta,Narus,passable,0,,Kapoeta – Narus,40MT,
93,2025-09-11,Melut,Paloich,passable,0,,Melut – Paloich,40MT,
94,2025-09-11,Wunrok,Abyei,partially passable,1,,Wunrok – Abyei,20MT,
95,2025-09-11,Gogrial,Kuajok,partially passable,1,,Gogrial – Kuajok,20MT,
96,2025-09-11,Bentiu,Nhialdiu,impassable,2,,Bentiu – Nhialdiu,,
97,2025-09-11,Aluakluak,Mvolo,partially passable,1,,Aluakluak - Mvolo,20MT,
98,2025-09-11,Kilo 30,Manga Port,partially passable,1,,Kilo 30 – Manga Port,20MT,
99,2025-09-11,Gossinga,Raja,impassable,2,,Gossinga – Raja,,
100,2025-09-11,Gossinga,Raja,partially passable,1,Kapalala,Gossinga – Kapalala – Raja,20MT,
101,2025-09-11,Nyal,Ganyiel,impassable,2,,Nyal – Ganyiel,,
102,2025-09-11,Manyabol,Gadiang,impassable,2,,Manyabol – Gadiang,,
103,2025-09-11,Manyabol,Gumuruk,impassable,2,,Manyabol – Gumuruk,,
104,2025-09-11,Vertet,Labarab,impassable,2,,Vertet – Labarab,,"ID printed as 103 on this map (typo – 103 is Manyabol – Gumuruk), recorded as 104"
105,2025-09-11,Boma,Maruwa,impassable,2,,Boma – Maruwa,,
106,2025-09-11,Boma,Labarab,impassable,2,,Boma - Labarab,,
107,2025-09-11,Pibor,Vertet,impassable,2,,Pibor – Verthet,,
108,2025-09-11,Aduel,Amok Piny,partially passable,1,,Aduel – Amok Piny,Specialized Trucks,
109,2025-09-11,Lankien,Pading,impassable,2,Nyambor,Lankien – Nyambor – Pading,,
110,2025-09-11,Nyambor,Karam,impassable,2,Pading,Nyambor – Pading – Karam,,
111,2025-09-11,Pajut,Payuel,impassable,2,,Pajut – Payuel,,
112,2025-09-11,Aweil,Gogrial,partially passable,1,Akun,Aweil – Akun – Gogrial,20MT,
113,2025-09-11,Kapoeta,Chukudum,passable,0,,Kapoeta – Chukudum,40MT,
114,2025-09-11,Diabio,Ezo,passable,0,,Diabio – Ezo,40MT,
115,2025-09-11,Mvolo,Wulu,passable,0,,Mvolo – Wullu,40MT,
116,2025-09-11,Aluakluak,Mapuordit,partially passable,1,,Aluakluak - Mapuordit,20MT,
117,2025-09-11,Narus,Nadapal,passable,0,,Narus – Nadapal,40MT,
118,2025-09-11,Bentiu,Kilo 30,partially passable,1,,Bentiu – Kilo30,20MT,
119,2025-09-11,Gadiang,Yuai,impassable,2,,Gadiang – Yuai,,
120,2025-09-11,Pathai,Fatuet,impassable,2,,Pathai – Fatuet,,
121,2025-09-11,Walgak,Kaikuny,impassable,2,,Walgak – Kaikuny,,
122,2025-09-11,Yuai,Walgak,impassable,2,Motot; Waat,Yuai – Motot – Waat – Walgak,,
123,2025-09-11,Kuron,Boma,impassable,2,,Kuron – Boma,,
124,2025-09-11,Kapoeta,Kassangor,partially passable,1,,Kapoeta – Kassangor,20MT,
125,2025-09-11,Rumbek,Maper (Lakes),impassable,2,,Rumbek – Maper (Lakes),,
126,2025-09-11,Maruwa,Labarab,impassable,2,,Maruwa – Labarab,,
127,2025-09-11,Koch,Mirmir,impassable,2,,Koch – Mirmir,,
128,2025-09-11,Adok,Leer,partially passable,1,Piling,Adok – Piling – Leer,20MT,
129,2025-09-11,Lainya,Yei,passable,0,,Lainya – Yei,40MT,
130,2025-09-11,Mathiang,Udier,passable,0,,Mathiang – Udier,40MT,
131,2025-09-11,Gadiang,Payuel,impassable,2,,Gadiang – Payuel,,
132,2025-09-11,Ayod,Mogok,impassable,2,,Ayod – Mogok,,
133,2025-09-11,Kaikang,Kilo 30,impassable,2,Roriak; Mayom,(Kaikang – Roriak )(Mayom – Kilo 30),,"alternative road listed as two separate stretches: Kaikang–Roriak and Mayom–Kilo 30; ID printed as 134 on this map (typo – 134 is Pariang – Ajuong Thok), recorded as 133"
134,2025-09-11,Pariang,Ajuong Thok,passable,0,,Pariang – Ajuong Thok,40MT,
135,2025-09-11,Lafon,Imehejek,partially passable,1,,Lafon – Imehejek,20MT,
136,2025-09-11,Mabior,Gadiang,impassable,2,,Mabior – Gadiang,,
137,2025-09-11,Poktap,Payuel,impassable,2,,Poktap – Payuel,,
138,2025-09-11,Panakuach,Pariang,partially passable,1,,Panakuach – Pariang,20MT,new road; first appears 2024-11-01
139,2025-09-11,Mabior,Kongor,impassable,2,,Mabior – Kongor,,
140,2025-09-11,Maiwut,Pagak,impassable,2,,Maiwut – Pagak,,new road; first appears 2025-06-12 (road 20 Mathiang – Maiwut – Pagak shortened to Mathiang – Maiwut the same week)
1,2025-09-18,Kilo 30,Pariang,passable,0,,Kilo 30 – Pariang,40MT,
2,2025-09-18,Gemeiza,Bor,impassable,2,,Gemeiza – Bor,,
3,2025-09-18,Yida,Pariang,passable,0,,Yida - Pariang,40MT,
4,2025-09-18,Juba,Nimule,passable,0,,Juba – Nimule,40MT,
5,2025-09-18,Juba,Torit,partially passable,1,,Juba – Torit,20MT,
6,2025-09-18,Juba,Mangalla,passable,0,,Juba – Mangalla,40MT,
7,2025-09-18,Malakal,Baliet,impassable,2,,Malakal – Baliet,,
8,2025-09-18,Paloich,Renk,passable,0,,Paloich – Renk,40MT,
9,2025-09-18,Adar,Maban,passable,0,Jemaam,Adar – Jemaam – Maban,40MT,
10,2025-09-18,Abyei,Abiemnhom,impassable,2,,Abyei – Abienhom,,
11,2025-09-18,Aweil,Gossinga,partially passable,1,,Aweil – Gossinga,20MT,
12,2025-09-18,Pathai,Walgak,impassable,2,Motot,Pathai – Motot – Walgak,,
13,2025-09-18,Juba,Lainya,passable,0,,Juba – Lainya,40MT,
14,2025-09-18,Maridi,Yambio,passable,0,,Maridi – Yambio,40MT,
15,2025-09-18,Juba,Kajo Keji,passable,0,,Juba – Kajo Keji,40MT,
16,2025-09-18,Juba,Terakeka,impassable,2,,Juba – Terakeka,,
17,2025-09-18,Narus,Kuron,partially passable,1,,Narus – Kuron,20MT,
18,2025-09-18,Mundri,Mvolo,passable,0,,Mundri - Mvolo,40MT,
19,2025-09-18,Mangalla,Gemeiza,passable,0,,Mangalla – Gemeiza,40MT,
20,2025-09-18,Mathiang,Maiwut,impassable,2,,Mathiang – Maiwut,,
21,2025-09-18,Tonj,Langdit,passable,0,,Tonj – Langdit,40MT,
22,2025-09-18,Terakeka,Mundri,passable,0,Tali,Terakeka – Tali – Mundri,40MT,
23,2025-09-18,Terakeka,Mingkaman,partially passable,1,,Terakeka – Mingkaman,20MT,
24,2025-09-18,Torit,Magwi,passable,0,,Torit – Magwi,40MT,
25,2025-09-18,Hiyala,Ikotos,passable,0,,Hiyala – Ikotos,40MT,
26,2025-09-18,Torit,Lafon,partially passable,1,,Torit – Lafon,20MT,
27,2025-09-18,Wau,Thar Kueng,partially passable,1,,Wau – Thar Kueng,20MT,
28,2025-09-18,Wau,Tonj,passable,0,,Wau – Tonj,40MT,
29,2025-09-18,Wau,Akuem,passable,0,Aweil,Wau – Aweil – Akuem,40MT,
30,2025-09-18,Likuangole,Akobo,impassable,2,,Likuangole – Akobo,,
31,2025-09-18,Amok Piny,Madol,impassable,2,,Amok Piny – Madol,,
32,2025-09-18,Akwot,Nasser,impassable,2,,Akwot – Nasser,,
33,2025-09-18,Guit,Koch,impassable,2,,Guit – Koch,,
34,2025-09-18,Abiemnhom,Mayom,impassable,2,,Abiemnhom – Mayom,,
35,2025-09-18,Kilo 30,Kaikang,impassable,2,Tumor; Mayom,Kilo30 –Tumor – Mayom – Kaikang,,
36,2025-09-18,Boma,Pochala,impassable,2,,Boma – Pochala,,
37,2025-09-18,Bor,Gadiang,impassable,2,,Bor – Gadiang,,
38,2025-09-18,Bor,Baidit,partially passable,1,,Bor – Baidit,Specialized Trucks,
39,2025-09-18,Pengko,Manyabol,impassable,2,,Pengko – Manyabol,,
40,2025-09-18,Baidit,Duk Padiet,impassable,2,Mabior,Baidit – Mabior – Duk Padiet,,
41,2025-09-18,Gadiang,Akobo,impassable,2,,Gadiang – Akobo,,
42,2025-09-18,Juba,Lafon,impassable,2,,Juba – Lafon,,
43,2025-09-18,Adar,Mathiang,impassable,2,,Adar – Mathiang,,
44,2025-09-18,Maper (Lakes),Dablual,impassable,2,,Maper (Lakes) – Dablual,,
45,2025-09-18,Akobo,Kaikuny,impassable,2,,Akobo – Kainuny,,
46,2025-09-18,Motot,Lankien,impassable,2,,Motot – Lankein,,
47,2025-09-18,Wau,Deim Zubeir,partially passable,1,,Wau – Deim Zubeir,20MT,
48,2025-09-18,Wau,Tambura,partially passable,1,,Wau – Tambura,20MT,
49,2025-09-18,Yirol,Shambe,partially passable,1,,Yirol – Shambe,20MT,
50,2025-09-18,Aluakluak,Yirol,partially passable,1,,Aluakluak - Yirol,20MT,
51,2025-09-18,Rumbek,Langdit,passable,0,,Rumbek - Langdit,40MT,
52,2025-09-18,Aluakluak,Rumbek,partially passable,1,,Aluakluak – Rumbek,20MT,
53,2025-09-18,Wunrok,Abiemnhom,impassable,2,Turalei,Wunrok – Turalei – Abiemnhom,,
54,2025-09-18,Kilo 30,Panakuach,passable,0,Roriak,Kilo 30 – Roriak – Panakuach,40MT,
55,2025-09-18,Ding Ding,Koch,impassable,2,,Ding ding - Koch,,
56,2025-09-18,Bentiu,Dhorbor,impassable,2,,Bentiu – Dhorbor,,
57,2025-09-18,Dhorbor,Guit,impassable,2,,Dhorbor – Guit,,
58,2025-09-18,Guit,Ding Ding,impassable,2,,Guit – Ding Ding,,
59,2025-09-18,Gumuruk,Pibor,impassable,2,,Gumuruk – Pibor,,
60,2025-09-18,Bor,Pengko,impassable,2,,Bor – Pengko,,
61,2025-09-18,Duk Padiet,Pajut,impassable,2,,Duk Padiat – Pajut,,
62,2025-09-18,Yuai,Karam,impassable,2,Pathai,Yaui – Pathai – Karam,,
63,2025-09-18,Yuai,Motot,impassable,2,Pieri,Yaui – Pieri – Motot,,
64,2025-09-18,Yuai,Pajut,impassable,2,,Yaui – Pajut,,
65,2025-09-18,Wulu,Rumbek,passable,0,,Wulu – Rumbek,40MT,
66,2025-09-18,Pibor,Likuangole,impassable,2,,Pibor – Likuangole,,
67,2025-09-18,Mingkaman,Yirol,partially passable,1,,Mingkaman – Yirol,20MT,
68,2025-09-18,Yambio,Tambura,passable,0,,Yambio – Tambura,40MT,
69,2025-09-18,Juba,Mundri,passable,0,,Juba – Mundri,40MT,
70,2025-09-18,Kodok,Paloich,impassable,2,,Kodok – Paloich,,
71,2025-09-18,Malakal,Kodok,impassable,2,,Malakal – Kodok,,
72,2025-09-18,Thar Kueng,Kuajok,partially passable,1,,Thar Kueng - Kuajok,20MT,
73,2025-09-18,Bentiu,Guit,impassable,2,,Bentiu – Guit,,
74,2025-09-18,Duk Padiet,Ayod,impassable,2,,Duk Padiet – Ayod,,
75,2025-09-18,Guit,Mirmir,impassable,2,,Guit – Mir mir,,
76,2025-09-18,Raja,Chandoy/Dolo2,passable,0,,Raja – Chandoy/Dolo2,40MT,
77,2025-09-18,Mundri,Maridi,passable,0,,Mundri - Maridi,40MT,
78,2025-09-18,Torit,Kapoeta,partially passable,1,,Torit – Kapoeta,20MT,
79,2025-09-18,Mayendit,Mirmir,passable,0,Rupkuai,Mayendit – Rupkuai – Mir mir,40MT,
80,2025-09-18,Mirmir,Leer,partially passable,1,,Mirmir – Leer,20MT,
81,2025-09-18,Mankien,Mayom,impassable,2,,Mankien - Mayom,,
82,2025-09-18,Ajak Kuac,Mankien,impassable,2,,Ajak Kuac – Mankien,,
83,2025-09-18,Ayod,Pathai,impassable,2,,Ayod – Pathai,,
84,2025-09-18,Nyandit,Kiech Kon,impassable,2,,Nyandit - Kiech Kon,,
85,2025-09-18,Paloich,Jemaam,passable,0,Adar,Paloich – Adar – Jemaam,40MT,
86,2025-09-18,New Fangak,Kuernyang,impassable,2,,New Fangak – Kuernyang,,
87,2025-09-18,Paguir,Keew,impassable,2,,Paguir – Keew,,
88,2025-09-18,Baliet,Kiech Kon,impassable,2,Akwot,Baliet – Akwot – Kiech kon,,
89,2025-09-18,Wunrok,Gogrial,partially passable,1,,Wunrok – Gogrial,20MT,
90,2025-09-18,Deim Zubeir,Raja,partially passable,1,,Dim Zubeir – Raja,20MT,
91,2025-09-18,Aweil,Yith Pabol,impassable,2,,Aweil – Yith Pabol,,
92,2025-09-18,Kapoeta,Narus,passable,0,,Kapoeta – Narus,40MT,
93,2025-09-18,Melut,Paloich,passable,0,,Melut – Paloich,40MT,
94,2025-09-18,Wunrok,Abyei,partially passable,1,,Wunrok – Abyei,20MT,
95,2025-09-18,Gogrial,Kuajok,partially passable,1,,Gogrial – Kuajok,20MT,
96,2025-09-18,Bentiu,Nhialdiu,impassable,2,,Bentiu – Nhialdiu,,
97,2025-09-18,Aluakluak,Mvolo,partially passable,1,,Aluakluak - Mvolo,20MT,
98,2025-09-18,Kilo 30,Manga Port,impassable,2,,Kilo 30 – Manga Port,,
99,2025-09-18,Gossinga,Raja,impassable,2,,Gossinga – Raja,,
100,2025-09-18,Gossinga,Raja,partially passable,1,Kapalala,Gossinga – Kapalala – Raja,20MT,
101,2025-09-18,Nyal,Ganyiel,impassable,2,,Nyal – Ganyiel,,
102,2025-09-18,Manyabol,Gadiang,impassable,2,,Manyabol – Gadiang,,
103,2025-09-18,Manyabol,Gumuruk,impassable,2,,Manyabol – Gumuruk,,
104,2025-09-18,Vertet,Labarab,impassable,2,,Vertet – Labarab,,"ID printed as 103 on this map (typo – 103 is Manyabol – Gumuruk), recorded as 104"
105,2025-09-18,Boma,Maruwa,impassable,2,,Boma – Maruwa,,
106,2025-09-18,Boma,Labarab,impassable,2,,Boma - Labarab,,
107,2025-09-18,Pibor,Vertet,impassable,2,,Pibor – Verthet,,
108,2025-09-18,Aduel,Amok Piny,partially passable,1,,Aduel – Amok Piny,Specialized Trucks,
109,2025-09-18,Lankien,Pading,impassable,2,Nyambor,Lankien – Nyambor – Pading,,
110,2025-09-18,Nyambor,Karam,impassable,2,Pading,Nyambor – Pading – Karam,,
111,2025-09-18,Pajut,Payuel,impassable,2,,Pajut – Payuel,,
112,2025-09-18,Aweil,Gogrial,partially passable,1,Akun,Aweil – Akun – Gogrial,20MT,
113,2025-09-18,Kapoeta,Chukudum,passable,0,,Kapoeta – Chukudum,40MT,
114,2025-09-18,Diabio,Ezo,passable,0,,Diabio – Ezo,40MT,
115,2025-09-18,Mvolo,Wulu,passable,0,,Mvolo – Wullu,40MT,
116,2025-09-18,Aluakluak,Mapuordit,partially passable,1,,Aluakluak - Mapuordit,20MT,
117,2025-09-18,Narus,Nadapal,passable,0,,Narus – Nadapal,40MT,
118,2025-09-18,Bentiu,Kilo 30,impassable,2,,Bentiu – Kilo30,,
119,2025-09-18,Gadiang,Yuai,impassable,2,,Gadiang – Yuai,,
120,2025-09-18,Pathai,Fatuet,impassable,2,,Pathai – Fatuet,,
121,2025-09-18,Walgak,Kaikuny,impassable,2,,Walgak – Kaikuny,,
122,2025-09-18,Yuai,Walgak,impassable,2,Motot; Waat,Yuai – Motot – Waat – Walgak,,
123,2025-09-18,Kuron,Boma,impassable,2,,Kuron – Boma,,
124,2025-09-18,Kapoeta,Kassangor,partially passable,1,,Kapoeta – Kassangor,20MT,
125,2025-09-18,Rumbek,Maper (Lakes),impassable,2,,Rumbek – Maper (Lakes),,
126,2025-09-18,Maruwa,Labarab,impassable,2,,Maruwa – Labarab,,
127,2025-09-18,Koch,Mirmir,impassable,2,,Koch – Mirmir,,
128,2025-09-18,Adok,Leer,partially passable,1,Piling,Adok – Piling – Leer,20MT,
129,2025-09-18,Lainya,Yei,passable,0,,Lainya – Yei,40MT,
130,2025-09-18,Mathiang,Udier,passable,0,,Mathiang – Udier,40MT,
131,2025-09-18,Gadiang,Payuel,impassable,2,,Gadiang – Payuel,,
132,2025-09-18,Ayod,Mogok,impassable,2,,Ayod – Mogok,,
133,2025-09-18,Kaikang,Kilo 30,impassable,2,Roriak; Mayom,(Kaikang – Roriak )(Mayom – Kilo 30),,"alternative road listed as two separate stretches: Kaikang–Roriak and Mayom–Kilo 30; ID printed as 134 on this map (typo – 134 is Pariang – Ajuong Thok), recorded as 133"
134,2025-09-18,Pariang,Ajuong Thok,passable,0,,Pariang – Ajuong Thok,40MT,
135,2025-09-18,Lafon,Imehejek,partially passable,1,,Lafon – Imehejek,20MT,
136,2025-09-18,Mabior,Gadiang,impassable,2,,Mabior – Gadiang,,
137,2025-09-18,Poktap,Payuel,impassable,2,,Poktap – Payuel,,
138,2025-09-18,Panakuach,Pariang,impassable,2,,Panakuach – Pariang,,new road; first appears 2024-11-01
139,2025-09-18,Mabior,Kongor,impassable,2,,Mabior – Kongor,,
140,2025-09-18,Maiwut,Pagak,impassable,2,,Maiwut – Pagak,,new road; first appears 2025-06-12 (road 20 Mathiang – Maiwut – Pagak shortened to Mathiang – Maiwut the same week)
1,2025-09-25,Kilo 30,Pariang,passable,0,,Kilo 30 – Pariang,40MT,
2,2025-09-25,Gemeiza,Bor,impassable,2,,Gemeiza – Bor,,
3,2025-09-25,Yida,Pariang,passable,0,,Yida - Pariang,40MT,
4,2025-09-25,Juba,Nimule,passable,0,,Juba – Nimule,40MT,
5,2025-09-25,Juba,Torit,partially passable,1,,Juba – Torit,20MT,
6,2025-09-25,Juba,Mangalla,passable,0,,Juba – Mangalla,40MT,
7,2025-09-25,Malakal,Baliet,impassable,2,,Malakal – Baliet,,
8,2025-09-25,Paloich,Renk,passable,0,,Paloich – Renk,40MT,
9,2025-09-25,Adar,Maban,passable,0,Jemaam,Adar – Jemaam – Maban,40MT,
10,2025-09-25,Abyei,Abiemnhom,impassable,2,,Abyei – Abienhom,,
11,2025-09-25,Aweil,Gossinga,partially passable,1,,Aweil – Gossinga,20MT,
12,2025-09-25,Pathai,Walgak,impassable,2,Motot,Pathai – Motot – Walgak,,
13,2025-09-25,Juba,Lainya,passable,0,,Juba – Lainya,40MT,
14,2025-09-25,Maridi,Yambio,passable,0,,Maridi – Yambio,40MT,
15,2025-09-25,Juba,Kajo Keji,passable,0,,Juba – Kajo Keji,40MT,
16,2025-09-25,Juba,Terakeka,impassable,2,,Juba – Terakeka,,
17,2025-09-25,Narus,Kuron,partially passable,1,,Narus – Kuron,20MT,
18,2025-09-25,Mundri,Mvolo,passable,0,,Mundri - Mvolo,40MT,
19,2025-09-25,Mangalla,Gemeiza,passable,0,,Mangalla – Gemeiza,40MT,
20,2025-09-25,Mathiang,Maiwut,impassable,2,,Mathiang – Maiwut,,
21,2025-09-25,Tonj,Langdit,passable,0,,Tonj – Langdit,40MT,
22,2025-09-25,Terakeka,Mundri,passable,0,Tali,Terakeka – Tali – Mundri,40MT,
23,2025-09-25,Terakeka,Mingkaman,partially passable,1,,Terakeka – Mingkaman,20MT,
24,2025-09-25,Torit,Magwi,passable,0,,Torit – Magwi,40MT,
25,2025-09-25,Hiyala,Ikotos,passable,0,,Hiyala – Ikotos,40MT,
26,2025-09-25,Torit,Lafon,partially passable,1,,Torit – Lafon,20MT,
27,2025-09-25,Wau,Thar Kueng,partially passable,1,,Wau – Thar Kueng,20MT,
28,2025-09-25,Wau,Tonj,passable,0,,Wau – Tonj,40MT,
29,2025-09-25,Wau,Akuem,passable,0,Aweil,Wau – Aweil – Akuem,40MT,
30,2025-09-25,Likuangole,Akobo,impassable,2,,Likuangole – Akobo,,
31,2025-09-25,Amok Piny,Madol,impassable,2,,Amok Piny – Madol,,
32,2025-09-25,Akwot,Nasser,impassable,2,,Akwot – Nasser,,
33,2025-09-25,Guit,Koch,impassable,2,,Guit – Koch,,
34,2025-09-25,Abiemnhom,Mayom,impassable,2,,Abiemnhom – Mayom,,
35,2025-09-25,Kilo 30,Kaikang,impassable,2,Tumor; Mayom,Kilo30 –Tumor – Mayom – Kaikang,,
36,2025-09-25,Boma,Pochala,impassable,2,,Boma – Pochala,,
37,2025-09-25,Bor,Gadiang,impassable,2,,Bor – Gadiang,,
38,2025-09-25,Bor,Baidit,partially passable,1,,Bor – Baidit,Specialized Trucks,
39,2025-09-25,Pengko,Manyabol,impassable,2,,Pengko – Manyabol,,
40,2025-09-25,Baidit,Duk Padiet,impassable,2,Mabior,Baidit – Mabior – Duk Padiet,,
41,2025-09-25,Gadiang,Akobo,impassable,2,,Gadiang – Akobo,,
42,2025-09-25,Juba,Lafon,impassable,2,,Juba – Lafon,,
43,2025-09-25,Adar,Mathiang,impassable,2,,Adar – Mathiang,,
44,2025-09-25,Maper (Lakes),Dablual,impassable,2,,Maper (Lakes) – Dablual,,
45,2025-09-25,Akobo,Kaikuny,impassable,2,,Akobo – Kainuny,,
46,2025-09-25,Motot,Lankien,impassable,2,,Motot – Lankein,,
47,2025-09-25,Wau,Deim Zubeir,partially passable,1,,Wau – Deim Zubeir,20MT,
48,2025-09-25,Wau,Tambura,partially passable,1,,Wau – Tambura,20MT,
49,2025-09-25,Yirol,Shambe,partially passable,1,,Yirol – Shambe,20MT,
50,2025-09-25,Aluakluak,Yirol,partially passable,1,,Aluakluak - Yirol,20MT,
51,2025-09-25,Rumbek,Langdit,passable,0,,Rumbek - Langdit,40MT,
52,2025-09-25,Aluakluak,Rumbek,partially passable,1,,Aluakluak – Rumbek,20MT,
53,2025-09-25,Wunrok,Abiemnhom,impassable,2,Turalei,Wunrok – Turalei – Abiemnhom,,
54,2025-09-25,Kilo 30,Panakuach,passable,0,Roriak,Kilo 30 – Roriak – Panakuach,40MT,
55,2025-09-25,Ding Ding,Koch,impassable,2,,Ding ding - Koch,,
56,2025-09-25,Bentiu,Dhorbor,impassable,2,,Bentiu – Dhorbor,,
57,2025-09-25,Dhorbor,Guit,impassable,2,,Dhorbor – Guit,,
58,2025-09-25,Guit,Ding Ding,impassable,2,,Guit – Ding Ding,,
59,2025-09-25,Gumuruk,Pibor,impassable,2,,Gumuruk – Pibor,,
60,2025-09-25,Bor,Pengko,impassable,2,,Bor – Pengko,,
61,2025-09-25,Duk Padiet,Pajut,impassable,2,,Duk Padiat – Pajut,,
62,2025-09-25,Yuai,Karam,impassable,2,Pathai,Yaui – Pathai – Karam,,
63,2025-09-25,Yuai,Motot,impassable,2,Pieri,Yaui – Pieri – Motot,,
64,2025-09-25,Yuai,Pajut,impassable,2,,Yaui – Pajut,,
65,2025-09-25,Wulu,Rumbek,passable,0,,Wulu – Rumbek,40MT,
66,2025-09-25,Pibor,Likuangole,impassable,2,,Pibor – Likuangole,,
67,2025-09-25,Mingkaman,Yirol,partially passable,1,,Mingkaman – Yirol,20MT,
68,2025-09-25,Yambio,Tambura,passable,0,,Yambio – Tambura,40MT,
69,2025-09-25,Juba,Mundri,passable,0,,Juba – Mundri,40MT,
70,2025-09-25,Kodok,Paloich,impassable,2,,Kodok – Paloich,,
71,2025-09-25,Malakal,Kodok,impassable,2,,Malakal – Kodok,,
72,2025-09-25,Thar Kueng,Kuajok,partially passable,1,,Thar Kueng - Kuajok,20MT,
73,2025-09-25,Bentiu,Guit,impassable,2,,Bentiu – Guit,,
74,2025-09-25,Duk Padiet,Ayod,impassable,2,,Duk Padiet – Ayod,,
75,2025-09-25,Guit,Mirmir,impassable,2,,Guit – Mir mir,,
76,2025-09-25,Raja,Chandoy/Dolo2,passable,0,,Raja – Chandoy/Dolo2,40MT,
77,2025-09-25,Mundri,Maridi,passable,0,,Mundri - Maridi,40MT,
78,2025-09-25,Torit,Kapoeta,partially passable,1,,Torit – Kapoeta,20MT,
79,2025-09-25,Mayendit,Mirmir,passable,0,Rupkuai,Mayendit – Rupkuai – Mir mir,40MT,
80,2025-09-25,Mirmir,Leer,partially passable,1,,Mirmir – Leer,20MT,
81,2025-09-25,Mankien,Mayom,impassable,2,,Mankien - Mayom,,
82,2025-09-25,Ajak Kuac,Mankien,impassable,2,,Ajak Kuac – Mankien,,
83,2025-09-25,Ayod,Pathai,impassable,2,,Ayod – Pathai,,
84,2025-09-25,Nyandit,Kiech Kon,impassable,2,,Nyandit - Kiech Kon,,
85,2025-09-25,Paloich,Jemaam,passable,0,Adar,Paloich – Adar – Jemaam,40MT,
86,2025-09-25,New Fangak,Kuernyang,impassable,2,,New Fangak – Kuernyang,,
87,2025-09-25,Paguir,Keew,impassable,2,,Paguir – Keew,,
88,2025-09-25,Baliet,Kiech Kon,impassable,2,Akwot,Baliet – Akwot – Kiech kon,,
89,2025-09-25,Wunrok,Gogrial,partially passable,1,,Wunrok – Gogrial,20MT,
90,2025-09-25,Deim Zubeir,Raja,partially passable,1,,Dim Zubeir – Raja,20MT,
91,2025-09-25,Aweil,Yith Pabol,impassable,2,,Aweil – Yith Pabol,,
92,2025-09-25,Kapoeta,Narus,passable,0,,Kapoeta – Narus,40MT,
93,2025-09-25,Melut,Paloich,passable,0,,Melut – Paloich,40MT,
94,2025-09-25,Wunrok,Abyei,partially passable,1,,Wunrok – Abyei,20MT,
95,2025-09-25,Gogrial,Kuajok,partially passable,1,,Gogrial – Kuajok,20MT,
96,2025-09-25,Bentiu,Nhialdiu,impassable,2,,Bentiu – Nhialdiu,,
97,2025-09-25,Aluakluak,Mvolo,partially passable,1,,Aluakluak - Mvolo,20MT,
98,2025-09-25,Kilo 30,Manga Port,impassable,2,,Kilo 30 – Manga Port,,
99,2025-09-25,Gossinga,Raja,impassable,2,,Gossinga – Raja,,
100,2025-09-25,Gossinga,Raja,partially passable,1,Kapalala,Gossinga – Kapalala – Raja,20MT,
101,2025-09-25,Nyal,Ganyiel,impassable,2,,Nyal – Ganyiel,,
102,2025-09-25,Manyabol,Gadiang,impassable,2,,Manyabol – Gadiang,,
103,2025-09-25,Manyabol,Gumuruk,impassable,2,,Manyabol – Gumuruk,,
104,2025-09-25,Vertet,Labarab,impassable,2,,Vertet – Labarab,,"ID printed as 103 on this map (typo – 103 is Manyabol – Gumuruk), recorded as 104"
105,2025-09-25,Boma,Maruwa,impassable,2,,Boma – Maruwa,,
106,2025-09-25,Boma,Labarab,impassable,2,,Boma - Labarab,,
107,2025-09-25,Pibor,Vertet,impassable,2,,Pibor – Verthet,,
108,2025-09-25,Aduel,Amok Piny,partially passable,1,,Aduel – Amok Piny,Specialized Trucks,
109,2025-09-25,Lankien,Pading,impassable,2,Nyambor,Lankien – Nyambor – Pading,,
110,2025-09-25,Nyambor,Karam,impassable,2,Pading,Nyambor – Pading – Karam,,
111,2025-09-25,Pajut,Payuel,impassable,2,,Pajut – Payuel,,
112,2025-09-25,Aweil,Gogrial,partially passable,1,Akun,Aweil – Akun – Gogrial,20MT,
113,2025-09-25,Kapoeta,Chukudum,passable,0,,Kapoeta – Chukudum,40MT,
114,2025-09-25,Diabio,Ezo,passable,0,,Diabio – Ezo,40MT,
115,2025-09-25,Mvolo,Wulu,passable,0,,Mvolo – Wullu,40MT,
116,2025-09-25,Aluakluak,Mapuordit,partially passable,1,,Aluakluak - Mapuordit,20MT,
117,2025-09-25,Narus,Nadapal,passable,0,,Narus – Nadapal,40MT,
118,2025-09-25,Bentiu,Kilo 30,impassable,2,,Bentiu – Kilo30,,
119,2025-09-25,Gadiang,Yuai,impassable,2,,Gadiang – Yuai,,
120,2025-09-25,Pathai,Fatuet,impassable,2,,Pathai – Fatuet,,
121,2025-09-25,Walgak,Kaikuny,impassable,2,,Walgak – Kaikuny,,
122,2025-09-25,Yuai,Walgak,impassable,2,Motot; Waat,Yuai – Motot – Waat – Walgak,,
123,2025-09-25,Kuron,Boma,impassable,2,,Kuron – Boma,,
124,2025-09-25,Kapoeta,Kassangor,partially passable,1,,Kapoeta – Kassangor,20MT,
125,2025-09-25,Rumbek,Maper (Lakes),impassable,2,,Rumbek – Maper (Lakes),,
126,2025-09-25,Maruwa,Labarab,impassable,2,,Maruwa – Labarab,,
127,2025-09-25,Koch,Mirmir,impassable,2,,Koch – Mirmir,,
128,2025-09-25,Adok,Leer,partially passable,1,Piling,Adok – Piling – Leer,20MT,
129,2025-09-25,Lainya,Yei,passable,0,,Lainya – Yei,40MT,
130,2025-09-25,Mathiang,Udier,passable,0,,Mathiang – Udier,40MT,
131,2025-09-25,Gadiang,Payuel,impassable,2,,Gadiang – Payuel,,
132,2025-09-25,Ayod,Mogok,impassable,2,,Ayod – Mogok,,
133,2025-09-25,Kaikang,Kilo 30,impassable,2,Roriak; Mayom,(Kaikang – Roriak )(Mayom – Kilo 30),,"alternative road listed as two separate stretches: Kaikang–Roriak and Mayom–Kilo 30; ID printed as 134 on this map (typo – 134 is Pariang – Ajuong Thok), recorded as 133"
134,2025-09-25,Pariang,Ajuong Thok,passable,0,,Pariang – Ajuong Thok,40MT,
135,2025-09-25,Lafon,Imehejek,partially passable,1,,Lafon – Imehejek,20MT,
136,2025-09-25,Mabior,Gadiang,impassable,2,,Mabior – Gadiang,,
137,2025-09-25,Poktap,Payuel,impassable,2,,Poktap – Payuel,,
138,2025-09-25,Panakuach,Pariang,impassable,2,,Panakuach – Pariang,,new road; first appears 2024-11-01
139,2025-09-25,Mabior,Kongor,impassable,2,,Mabior – Kongor,,
140,2025-09-25,Maiwut,Pagak,impassable,2,,Maiwut – Pagak,,new road; first appears 2025-06-12 (road 20 Mathiang – Maiwut – Pagak shortened to Mathiang – Maiwut the same week)
1,2025-10-02,Kilo 30,Pariang,passable,0,,Kilo 30 – Pariang,40MT,
2,2025-10-02,Gemeiza,Bor,impassable,2,,Gemeiza – Bor,,
3,2025-10-02,Yida,Pariang,passable,0,,Yida - Pariang,40MT,
4,2025-10-02,Juba,Nimule,passable,0,,Juba – Nimule,40MT,
5,2025-10-02,Juba,Torit,partially passable,1,,Juba – Torit,20MT,
6,2025-10-02,Juba,Mangalla,passable,0,,Juba – Mangalla,40MT,
7,2025-10-02,Malakal,Baliet,impassable,2,,Malakal – Baliet,,
8,2025-10-02,Paloich,Renk,passable,0,,Paloich – Renk,40MT,
9,2025-10-02,Adar,Maban,passable,0,Jemaam,Adar – Jemaam – Maban,40MT,
10,2025-10-02,Abyei,Abiemnhom,impassable,2,,Abyei – Abienhom,,
11,2025-10-02,Aweil,Gossinga,partially passable,1,,Aweil – Gossinga,20MT,
12,2025-10-02,Pathai,Walgak,impassable,2,Motot,Pathai – Motot – Walgak,,
13,2025-10-02,Juba,Lainya,passable,0,,Juba – Lainya,40MT,
14,2025-10-02,Maridi,Yambio,passable,0,,Maridi – Yambio,40MT,
15,2025-10-02,Juba,Kajo Keji,passable,0,,Juba – Kajo Keji,40MT,
16,2025-10-02,Juba,Terakeka,impassable,2,,Juba – Terakeka,,
17,2025-10-02,Narus,Kuron,partially passable,1,,Narus – Kuron,20MT,
18,2025-10-02,Mundri,Mvolo,passable,0,,Mundri - Mvolo,40MT,
19,2025-10-02,Mangalla,Gemeiza,passable,0,,Mangalla – Gemeiza,40MT,
20,2025-10-02,Mathiang,Maiwut,impassable,2,,Mathiang – Maiwut,,
21,2025-10-02,Tonj,Langdit,passable,0,,Tonj – Langdit,40MT,
22,2025-10-02,Terakeka,Mundri,passable,0,Tali,Terakeka – Tali – Mundri,40MT,
23,2025-10-02,Terakeka,Mingkaman,partially passable,1,,Terakeka – Mingkaman,20MT,
24,2025-10-02,Torit,Magwi,passable,0,,Torit – Magwi,40MT,
25,2025-10-02,Hiyala,Ikotos,passable,0,,Hiyala – Ikotos,40MT,
26,2025-10-02,Torit,Lafon,partially passable,1,,Torit – Lafon,20MT,
27,2025-10-02,Wau,Thar Kueng,partially passable,1,,Wau – Thar Kueng,20MT,
28,2025-10-02,Wau,Tonj,passable,0,,Wau – Tonj,40MT,
29,2025-10-02,Wau,Akuem,passable,0,Aweil,Wau – Aweil – Akuem,40MT,
30,2025-10-02,Likuangole,Akobo,impassable,2,,Likuangole – Akobo,,
31,2025-10-02,Amok Piny,Madol,impassable,2,,Amok Piny – Madol,,
32,2025-10-02,Akwot,Nasser,impassable,2,,Akwot – Nasser,,
33,2025-10-02,Guit,Koch,impassable,2,,Guit – Koch,,
34,2025-10-02,Abiemnhom,Mayom,impassable,2,,Abiemnhom – Mayom,,
35,2025-10-02,Kilo 30,Kaikang,impassable,2,Tumor; Mayom,Kilo30 –Tumor – Mayom – Kaikang,,
36,2025-10-02,Boma,Pochala,impassable,2,,Boma – Pochala,,
37,2025-10-02,Bor,Gadiang,impassable,2,,Bor – Gadiang,,
38,2025-10-02,Bor,Baidit,partially passable,1,,Bor – Baidit,Specialized Trucks,
39,2025-10-02,Pengko,Manyabol,impassable,2,,Pengko – Manyabol,,
40,2025-10-02,Baidit,Duk Padiet,impassable,2,Mabior,Baidit – Mabior – Duk Padiet,,
41,2025-10-02,Gadiang,Akobo,impassable,2,,Gadiang – Akobo,,
42,2025-10-02,Juba,Lafon,impassable,2,,Juba – Lafon,,
43,2025-10-02,Adar,Mathiang,impassable,2,,Adar – Mathiang,,
44,2025-10-02,Maper (Lakes),Dablual,impassable,2,,Maper (Lakes) – Dablual,,
45,2025-10-02,Akobo,Kaikuny,impassable,2,,Akobo – Kainuny,,
46,2025-10-02,Motot,Lankien,impassable,2,,Motot – Lankein,,
47,2025-10-02,Wau,Deim Zubeir,partially passable,1,,Wau – Deim Zubeir,20MT,
48,2025-10-02,Wau,Tambura,partially passable,1,,Wau – Tambura,20MT,
49,2025-10-02,Yirol,Shambe,partially passable,1,,Yirol – Shambe,20MT,
50,2025-10-02,Aluakluak,Yirol,partially passable,1,,Aluakluak - Yirol,20MT,
51,2025-10-02,Rumbek,Langdit,passable,0,,Rumbek - Langdit,40MT,
52,2025-10-02,Aluakluak,Rumbek,partially passable,1,,Aluakluak – Rumbek,20MT,
53,2025-10-02,Wunrok,Abiemnhom,impassable,2,Turalei,Wunrok – Turalei – Abiemnhom,,
54,2025-10-02,Kilo 30,Panakuach,passable,0,Roriak,Kilo 30 – Roriak – Panakuach,40MT,
55,2025-10-02,Ding Ding,Koch,impassable,2,,Ding ding - Koch,,
56,2025-10-02,Bentiu,Dhorbor,impassable,2,,Bentiu – Dhorbor,,
57,2025-10-02,Dhorbor,Guit,impassable,2,,Dhorbor – Guit,,
58,2025-10-02,Guit,Ding Ding,impassable,2,,Guit – Ding Ding,,
59,2025-10-02,Gumuruk,Pibor,impassable,2,,Gumuruk – Pibor,,
60,2025-10-02,Bor,Pengko,impassable,2,,Bor – Pengko,,
61,2025-10-02,Duk Padiet,Pajut,impassable,2,,Duk Padiat – Pajut,,
62,2025-10-02,Yuai,Karam,impassable,2,Pathai,Yaui – Pathai – Karam,,
63,2025-10-02,Yuai,Motot,impassable,2,Pieri,Yaui – Pieri – Motot,,
64,2025-10-02,Yuai,Pajut,impassable,2,,Yaui – Pajut,,
65,2025-10-02,Wulu,Rumbek,passable,0,,Wulu – Rumbek,40MT,
66,2025-10-02,Pibor,Likuangole,impassable,2,,Pibor – Likuangole,,
67,2025-10-02,Mingkaman,Yirol,partially passable,1,,Mingkaman – Yirol,20MT,
68,2025-10-02,Yambio,Tambura,passable,0,,Yambio – Tambura,40MT,
69,2025-10-02,Juba,Mundri,passable,0,,Juba – Mundri,40MT,
70,2025-10-02,Kodok,Paloich,impassable,2,,Kodok – Paloich,,
71,2025-10-02,Malakal,Kodok,impassable,2,,Malakal – Kodok,,
72,2025-10-02,Thar Kueng,Kuajok,partially passable,1,,Thar Kueng - Kuajok,20MT,
73,2025-10-02,Bentiu,Guit,impassable,2,,Bentiu – Guit,,
74,2025-10-02,Duk Padiet,Ayod,impassable,2,,Duk Padiet – Ayod,,
75,2025-10-02,Guit,Mirmir,impassable,2,,Guit – Mir mir,,
76,2025-10-02,Raja,Chandoy/Dolo2,passable,0,,Raja – Chandoy/Dolo2,40MT,
77,2025-10-02,Mundri,Maridi,passable,0,,Mundri - Maridi,40MT,
78,2025-10-02,Torit,Kapoeta,partially passable,1,,Torit – Kapoeta,20MT,
79,2025-10-02,Mayendit,Mirmir,passable,0,Rupkuai,Mayendit – Rupkuai – Mir mir,40MT,
80,2025-10-02,Mirmir,Leer,partially passable,1,,Mirmir – Leer,20MT,
81,2025-10-02,Mankien,Mayom,impassable,2,,Mankien - Mayom,,
82,2025-10-02,Ajak Kuac,Mankien,impassable,2,,Ajak Kuac – Mankien,,
83,2025-10-02,Ayod,Pathai,impassable,2,,Ayod – Pathai,,
84,2025-10-02,Nyandit,Kiech Kon,impassable,2,,Nyandit - Kiech Kon,,
85,2025-10-02,Paloich,Jemaam,passable,0,Adar,Paloich – Adar – Jemaam,40MT,
86,2025-10-02,New Fangak,Kuernyang,impassable,2,,New Fangak – Kuernyang,,
87,2025-10-02,Paguir,Keew,impassable,2,,Paguir – Keew,,
88,2025-10-02,Baliet,Kiech Kon,impassable,2,Akwot,Baliet – Akwot – Kiech kon,,
89,2025-10-02,Wunrok,Gogrial,partially passable,1,,Wunrok – Gogrial,20MT,
90,2025-10-02,Deim Zubeir,Raja,partially passable,1,,Dim Zubeir – Raja,20MT,
91,2025-10-02,Aweil,Yith Pabol,impassable,2,,Aweil – Yith Pabol,,
92,2025-10-02,Kapoeta,Narus,passable,0,,Kapoeta – Narus,40MT,
93,2025-10-02,Melut,Paloich,passable,0,,Melut – Paloich,40MT,
94,2025-10-02,Wunrok,Abyei,partially passable,1,,Wunrok – Abyei,20MT,
95,2025-10-02,Gogrial,Kuajok,partially passable,1,,Gogrial – Kuajok,20MT,
96,2025-10-02,Bentiu,Nhialdiu,impassable,2,,Bentiu – Nhialdiu,,
97,2025-10-02,Aluakluak,Mvolo,partially passable,1,,Aluakluak - Mvolo,20MT,
98,2025-10-02,Kilo 30,Manga Port,impassable,2,,Kilo 30 – Manga Port,,
99,2025-10-02,Gossinga,Raja,impassable,2,,Gossinga – Raja,,
100,2025-10-02,Gossinga,Raja,partially passable,1,Kapalala,Gossinga – Kapalala – Raja,20MT,
101,2025-10-02,Nyal,Ganyiel,impassable,2,,Nyal – Ganyiel,,
102,2025-10-02,Manyabol,Gadiang,impassable,2,,Manyabol – Gadiang,,
103,2025-10-02,Manyabol,Gumuruk,impassable,2,,Manyabol – Gumuruk,,
104,2025-10-02,Vertet,Labarab,impassable,2,,Vertet – Labarab,,"ID printed as 103 on this map (typo – 103 is Manyabol – Gumuruk), recorded as 104"
105,2025-10-02,Boma,Maruwa,impassable,2,,Boma – Maruwa,,
106,2025-10-02,Boma,Labarab,impassable,2,,Boma - Labarab,,
107,2025-10-02,Pibor,Vertet,impassable,2,,Pibor – Verthet,,
108,2025-10-02,Aduel,Amok Piny,partially passable,1,,Aduel – Amok Piny,Specialized Trucks,
109,2025-10-02,Lankien,Pading,impassable,2,Nyambor,Lankien – Nyambor – Pading,,
110,2025-10-02,Nyambor,Karam,impassable,2,Pading,Nyambor – Pading – Karam,,
111,2025-10-02,Pajut,Payuel,impassable,2,,Pajut – Payuel,,
112,2025-10-02,Aweil,Gogrial,partially passable,1,Akun,Aweil – Akun – Gogrial,20MT,
113,2025-10-02,Kapoeta,Chukudum,passable,0,,Kapoeta – Chukudum,40MT,
114,2025-10-02,Diabio,Ezo,passable,0,,Diabio – Ezo,40MT,
115,2025-10-02,Mvolo,Wulu,passable,0,,Mvolo – Wullu,40MT,
116,2025-10-02,Aluakluak,Mapuordit,partially passable,1,,Aluakluak - Mapuordit,20MT,
117,2025-10-02,Narus,Nadapal,passable,0,,Narus – Nadapal,40MT,
118,2025-10-02,Bentiu,Kilo 30,impassable,2,,Bentiu – Kilo30,,
119,2025-10-02,Gadiang,Yuai,impassable,2,,Gadiang – Yuai,,
120,2025-10-02,Pathai,Fatuet,impassable,2,,Pathai – Fatuet,,
121,2025-10-02,Walgak,Kaikuny,impassable,2,,Walgak – Kaikuny,,
122,2025-10-02,Yuai,Walgak,impassable,2,Motot; Waat,Yuai – Motot – Waat – Walgak,,
123,2025-10-02,Kuron,Boma,impassable,2,,Kuron – Boma,,
124,2025-10-02,Kapoeta,Kassangor,partially passable,1,,Kapoeta – Kassangor,20MT,
125,2025-10-02,Rumbek,Maper (Lakes),impassable,2,,Rumbek – Maper (Lakes),,
126,2025-10-02,Maruwa,Labarab,impassable,2,,Maruwa – Labarab,,
127,2025-10-02,Koch,Mirmir,impassable,2,,Koch – Mirmir,,
128,2025-10-02,Adok,Leer,partially passable,1,Piling,Adok – Piling – Leer,20MT,
129,2025-10-02,Lainya,Yei,passable,0,,Lainya – Yei,40MT,
130,2025-10-02,Mathiang,Udier,passable,0,,Mathiang – Udier,40MT,
131,2025-10-02,Gadiang,Payuel,impassable,2,,Gadiang – Payuel,,
132,2025-10-02,Ayod,Mogok,impassable,2,,Ayod – Mogok,,
133,2025-10-02,Kaikang,Kilo 30,impassable,2,Roriak; Mayom,(Kaikang – Roriak )(Mayom – Kilo 30),,"alternative road listed as two separate stretches: Kaikang–Roriak and Mayom–Kilo 30; ID printed as 134 on this map (typo – 134 is Pariang – Ajuong Thok), recorded as 133"
134,2025-10-02,Pariang,Ajuong Thok,passable,0,,Pariang – Ajuong Thok,40MT,
135,2025-10-02,Lafon,Imehejek,partially passable,1,,Lafon – Imehejek,20MT,
136,2025-10-02,Mabior,Gadiang,impassable,2,,Mabior – Gadiang,,
137,2025-10-02,Poktap,Payuel,impassable,2,,Poktap – Payuel,,
138,2025-10-02,Panakuach,Pariang,impassable,2,,Panakuach – Pariang,,new road; first appears 2024-11-01
139,2025-10-02,Mabior,Kongor,impassable,2,,Mabior – Kongor,,
140,2025-10-02,Maiwut,Pagak,impassable,2,,Maiwut – Pagak,,new road; first appears 2025-06-12 (road 20 Mathiang – Maiwut – Pagak shortened to Mathiang – Maiwut the same week)
1,2025-10-31,Kilo 30,Pariang,passable,0,,Kilo 30 – Pariang,40MT,
2,2025-10-31,Gemeiza,Bor,impassable,2,,Gemeiza – Bor,,
3,2025-10-31,Yida,Pariang,passable,0,,Yida - Pariang,40MT,
4,2025-10-31,Juba,Nimule,passable,0,,Juba – Nimule,40MT,
5,2025-10-31,Juba,Torit,partially passable,1,,Juba – Torit,20MT,
6,2025-10-31,Juba,Mangalla,passable,0,,Juba – Mangalla,40MT,
7,2025-10-31,Malakal,Baliet,impassable,2,,Malakal – Baliet,,
8,2025-10-31,Paloich,Renk,passable,0,,Paloich – Renk,40MT,
9,2025-10-31,Adar,Maban,partially passable,1,Jemaam,Adar – Jemaam – Maban,Specialized Trucks,
10,2025-10-31,Abyei,Abiemnhom,impassable,2,,Abyei – Abienhom,,
11,2025-10-31,Aweil,Gossinga,partially passable,1,,Aweil – Gossinga,20MT,
12,2025-10-31,Pathai,Walgak,impassable,2,Motot,Pathai – Motot – Walgak,,
13,2025-10-31,Juba,Lainya,passable,0,,Juba – Lainya,40MT,
14,2025-10-31,Maridi,Yambio,passable,0,,Maridi – Yambio,40MT,
15,2025-10-31,Juba,Kajo Keji,passable,0,,Juba – Kajo Keji,40MT,
16,2025-10-31,Juba,Terakeka,impassable,2,,Juba – Terakeka,,
17,2025-10-31,Narus,Kuron,partially passable,1,,Narus – Kuron,20MT,
18,2025-10-31,Mundri,Mvolo,passable,0,,Mundri - Mvolo,40MT,
19,2025-10-31,Mangalla,Gemeiza,passable,0,,Mangalla – Gemeiza,40MT,
20,2025-10-31,Mathiang,Maiwut,impassable,2,,Mathiang – Maiwut,,
21,2025-10-31,Tonj,Langdit,passable,0,,Tonj – Langdit,40MT,
22,2025-10-31,Terakeka,Mundri,passable,0,Tali,Terakeka – Tali – Mundri,40MT,
23,2025-10-31,Terakeka,Mingkaman,partially passable,1,,Terakeka – Mingkaman,20MT,
24,2025-10-31,Torit,Magwi,passable,0,,Torit – Magwi,40MT,
25,2025-10-31,Hiyala,Ikotos,passable,0,,Hiyala – Ikotos,40MT,
26,2025-10-31,Torit,Lafon,partially passable,1,,Torit – Lafon,20MT,
27,2025-10-31,Wau,Thar Kueng,partially passable,1,,Wau – Thar Kueng,20MT,
28,2025-10-31,Wau,Tonj,passable,0,,Wau – Tonj,40MT,
29,2025-10-31,Wau,Akuem,passable,0,Aweil,Wau – Aweil – Akuem,40MT,
30,2025-10-31,Likuangole,Akobo,impassable,2,,Likuangole – Akobo,,
31,2025-10-31,Amok Piny,Madol,impassable,2,,Amok Piny – Madol,,
32,2025-10-31,Akwot,Nasser,impassable,2,,Akwot – Nasser,,
33,2025-10-31,Guit,Koch,impassable,2,,Guit – Koch,,
34,2025-10-31,Abiemnhom,Mayom,impassable,2,,Abiemnhom – Mayom,,
35,2025-10-31,Kilo 30,Kaikang,impassable,2,Tumor; Mayom,Kilo30 –Tumor – Mayom – Kaikang,,
36,2025-10-31,Boma,Pochala,impassable,2,,Boma – Pochala,,
37,2025-10-31,Bor,Gadiang,impassable,2,,Bor – Gadiang,,
38,2025-10-31,Bor,Baidit,partially passable,1,,Bor – Baidit,Specialized Trucks,
39,2025-10-31,Pengko,Manyabol,impassable,2,,Pengko – Manyabol,,
40,2025-10-31,Baidit,Duk Padiet,impassable,2,Mabior,Baidit – Mabior – Duk Padiet,,
41,2025-10-31,Gadiang,Akobo,impassable,2,,Gadiang – Akobo,,
42,2025-10-31,Juba,Lafon,impassable,2,,Juba – Lafon,,
43,2025-10-31,Adar,Mathiang,impassable,2,,Adar – Mathiang,,
44,2025-10-31,Maper (Lakes),Dablual,impassable,2,,Maper (Lakes) – Dablual,,
45,2025-10-31,Akobo,Kaikuny,impassable,2,,Akobo – Kainuny,,
46,2025-10-31,Motot,Lankien,impassable,2,,Motot – Lankein,,
47,2025-10-31,Wau,Deim Zubeir,partially passable,1,,Wau – Deim Zubeir,20MT,
48,2025-10-31,Wau,Tambura,partially passable,1,,Wau – Tambura,20MT,
49,2025-10-31,Yirol,Shambe,partially passable,1,,Yirol – Shambe,20MT,
50,2025-10-31,Aluakluak,Yirol,partially passable,1,,Aluakluak - Yirol,20MT,
51,2025-10-31,Rumbek,Langdit,passable,0,,Rumbek - Langdit,40MT,
52,2025-10-31,Aluakluak,Rumbek,partially passable,1,,Aluakluak – Rumbek,20MT,
53,2025-10-31,Wunrok,Abiemnhom,impassable,2,Turalei,Wunrok – Turalei – Abiemnhom,,
54,2025-10-31,Kilo 30,Panakuach,passable,0,Roriak,Kilo 30 – Roriak – Panakuach,40MT,
55,2025-10-31,Ding Ding,Koch,impassable,2,,Ding ding - Koch,,
56,2025-10-31,Bentiu,Dhorbor,impassable,2,,Bentiu – Dhorbor,,
57,2025-10-31,Dhorbor,Guit,impassable,2,,Dhorbor – Guit,,
58,2025-10-31,Guit,Ding Ding,impassable,2,,Guit – Ding Ding,,
59,2025-10-31,Gumuruk,Pibor,impassable,2,,Gumuruk – Pibor,,
60,2025-10-31,Bor,Pengko,impassable,2,,Bor – Pengko,,
61,2025-10-31,Duk Padiet,Pajut,impassable,2,,Duk Padiat – Pajut,,
62,2025-10-31,Yuai,Karam,impassable,2,Pathai,Yaui – Pathai – Karam,,
63,2025-10-31,Yuai,Motot,impassable,2,Pieri,Yaui – Pieri – Motot,,
64,2025-10-31,Yuai,Pajut,impassable,2,,Yaui – Pajut,,
65,2025-10-31,Wulu,Rumbek,passable,0,,Wulu – Rumbek,40MT,
66,2025-10-31,Pibor,Likuangole,impassable,2,,Pibor – Likuangole,,
67,2025-10-31,Mingkaman,Yirol,partially passable,1,,Mingkaman – Yirol,20MT,
68,2025-10-31,Yambio,Tambura,passable,0,,Yambio – Tambura,40MT,
69,2025-10-31,Juba,Mundri,passable,0,,Juba – Mundri,40MT,
70,2025-10-31,Kodok,Paloich,impassable,2,,Kodok – Paloich,,
71,2025-10-31,Malakal,Kodok,impassable,2,,Malakal – Kodok,,
72,2025-10-31,Thar Kueng,Kuajok,partially passable,1,,Thar Kueng - Kuajok,20MT,
73,2025-10-31,Bentiu,Guit,impassable,2,,Bentiu – Guit,,
74,2025-10-31,Duk Padiet,Ayod,impassable,2,,Duk Padiet – Ayod,,
75,2025-10-31,Guit,Mirmir,impassable,2,,Guit – Mir mir,,
76,2025-10-31,Raja,Chandoy/Dolo2,passable,0,,Raja – Chandoy/Dolo2,40MT,
77,2025-10-31,Mundri,Maridi,passable,0,,Mundri - Maridi,40MT,
78,2025-10-31,Torit,Kapoeta,partially passable,1,,Torit – Kapoeta,20MT,
79,2025-10-31,Mayendit,Mirmir,passable,0,Rupkuai,Mayendit – Rupkuai – Mir mir,40MT,
80,2025-10-31,Mirmir,Leer,partially passable,1,,Mirmir – Leer,20MT,
81,2025-10-31,Mankien,Mayom,impassable,2,,Mankien - Mayom,,
82,2025-10-31,Ajak Kuac,Mankien,impassable,2,,Ajak Kuac – Mankien,,
83,2025-10-31,Ayod,Pathai,impassable,2,,Ayod – Pathai,,
84,2025-10-31,Nyandit,Kiech Kon,impassable,2,,Nyandit - Kiech Kon,,
85,2025-10-31,Paloich,Jemaam,passable,0,Adar,Paloich – Adar – Jemaam,40MT,
86,2025-10-31,New Fangak,Kuernyang,impassable,2,,New Fangak – Kuernyang,,
87,2025-10-31,Paguir,Keew,impassable,2,,Paguir – Keew,,
88,2025-10-31,Baliet,Kiech Kon,impassable,2,Akwot,Baliet – Akwot – Kiech kon,,
89,2025-10-31,Wunrok,Gogrial,partially passable,1,,Wunrok – Gogrial,20MT,
90,2025-10-31,Deim Zubeir,Raja,partially passable,1,,Dim Zubeir – Raja,20MT,
91,2025-10-31,Aweil,Yith Pabol,impassable,2,,Aweil – Yith Pabol,,
92,2025-10-31,Kapoeta,Narus,passable,0,,Kapoeta – Narus,40MT,
93,2025-10-31,Melut,Paloich,passable,0,,Melut – Paloich,40MT,
94,2025-10-31,Wunrok,Abyei,partially passable,1,,Wunrok – Abyei,20MT,
95,2025-10-31,Gogrial,Kuajok,partially passable,1,,Gogrial – Kuajok,20MT,
96,2025-10-31,Bentiu,Nhialdiu,impassable,2,,Bentiu – Nhialdiu,,
97,2025-10-31,Aluakluak,Mvolo,partially passable,1,,Aluakluak - Mvolo,20MT,
98,2025-10-31,Kilo 30,Manga Port,partially passable,1,,Kilo 30 – Manga Port,20MT,
99,2025-10-31,Gossinga,Raja,impassable,2,,Gossinga – Raja,,
100,2025-10-31,Gossinga,Raja,partially passable,1,Kapalala,Gossinga – Kapalala – Raja,20MT,
101,2025-10-31,Nyal,Ganyiel,impassable,2,,Nyal – Ganyiel,,
102,2025-10-31,Manyabol,Gadiang,impassable,2,,Manyabol – Gadiang,,
103,2025-10-31,Manyabol,Gumuruk,impassable,2,,Manyabol – Gumuruk,,
104,2025-10-31,Vertet,Labarab,impassable,2,,Vertet – Labarab,,"ID printed as 103 on this map (typo – 103 is Manyabol – Gumuruk), recorded as 104"
105,2025-10-31,Boma,Maruwa,impassable,2,,Boma – Maruwa,,
106,2025-10-31,Boma,Labarab,impassable,2,,Boma - Labarab,,
107,2025-10-31,Pibor,Vertet,impassable,2,,Pibor – Verthet,,
108,2025-10-31,Aduel,Amok Piny,partially passable,1,,Aduel – Amok Piny,Specialized Trucks,
109,2025-10-31,Lankien,Pading,impassable,2,Nyambor,Lankien – Nyambor – Pading,,
110,2025-10-31,Nyambor,Karam,impassable,2,Pading,Nyambor – Pading – Karam,,
111,2025-10-31,Pajut,Payuel,impassable,2,,Pajut – Payuel,,
112,2025-10-31,Aweil,Gogrial,partially passable,1,Akun,Aweil – Akun – Gogrial,20MT,
113,2025-10-31,Kapoeta,Chukudum,passable,0,,Kapoeta – Chukudum,40MT,
114,2025-10-31,Diabio,Ezo,passable,0,,Diabio – Ezo,40MT,
115,2025-10-31,Mvolo,Wulu,passable,0,,Mvolo – Wullu,40MT,
116,2025-10-31,Aluakluak,Mapuordit,partially passable,1,,Aluakluak - Mapuordit,20MT,
117,2025-10-31,Narus,Nadapal,passable,0,,Narus – Nadapal,40MT,
118,2025-10-31,Bentiu,Kilo 30,impassable,2,,Bentiu – Kilo30,,
119,2025-10-31,Gadiang,Yuai,impassable,2,,Gadiang – Yuai,,
120,2025-10-31,Pathai,Fatuet,impassable,2,,Pathai – Fatuet,,
121,2025-10-31,Walgak,Kaikuny,impassable,2,,Walgak – Kaikuny,,
122,2025-10-31,Yuai,Walgak,impassable,2,Motot; Waat,Yuai – Motot – Waat – Walgak,,
123,2025-10-31,Kuron,Boma,impassable,2,,Kuron – Boma,,
124,2025-10-31,Kapoeta,Kassangor,partially passable,1,,Kapoeta – Kassangor,20MT,
125,2025-10-31,Rumbek,Maper (Lakes),impassable,2,,Rumbek – Maper (Lakes),,
126,2025-10-31,Maruwa,Labarab,impassable,2,,Maruwa – Labarab,,
127,2025-10-31,Koch,Mirmir,impassable,2,,Koch – Mirmir,,
128,2025-10-31,Adok,Leer,partially passable,1,Piling,Adok – Piling – Leer,20MT,
129,2025-10-31,Lainya,Yei,passable,0,,Lainya – Yei,40MT,
130,2025-10-31,Mathiang,Udier,impassable,2,,Mathiang – Udier,,
131,2025-10-31,Gadiang,Payuel,impassable,2,,Gadiang – Payuel,,
132,2025-10-31,Ayod,Mogok,impassable,2,,Ayod – Mogok,,
133,2025-10-31,Kaikang,Kilo 30,partially passable,1,Roriak; Mayom,(Kaikang – Roriak )(Mayom – Kilo 30),20MT,alternative road listed as two separate stretches: Kaikang–Roriak and Mayom–Kilo 30
134,2025-10-31,Pariang,Ajuong Thok,passable,0,,Pariang – Ajuong Thok,40MT,
135,2025-10-31,Lafon,Imehejek,partially passable,1,,Lafon – Imehejek,20MT,
136,2025-10-31,Mabior,Gadiang,impassable,2,,Mabior – Gadiang,,
137,2025-10-31,Poktap,Payuel,impassable,2,,Poktap – Payuel,,
138,2025-10-31,Panakuach,Pariang,impassable,2,,Panakuach – Pariang,,new road; first appears 2024-11-01
139,2025-10-31,Mabior,Kongor,impassable,2,,Mabior – Kongor,,
140,2025-10-31,Maiwut,Pagak,impassable,2,,Maiwut – Pagak,,new road; first appears 2025-06-12 (road 20 Mathiang – Maiwut – Pagak shortened to Mathiang – Maiwut the same week)
1,2025-11-07,Kilo 30,Pariang,passable,0,,Kilo 30 – Pariang,40MT,
2,2025-11-07,Gemeiza,Bor,impassable,2,,Gemeiza – Bor,,
3,2025-11-07,Yida,Pariang,passable,0,,Yida - Pariang,40MT,
4,2025-11-07,Juba,Nimule,passable,0,,Juba – Nimule,40MT,
5,2025-11-07,Juba,Torit,partially passable,1,,Juba – Torit,20MT,
6,2025-11-07,Juba,Mangalla,passable,0,,Juba – Mangalla,40MT,
7,2025-11-07,Malakal,Baliet,impassable,2,,Malakal – Baliet,,
8,2025-11-07,Paloich,Renk,passable,0,,Paloich – Renk,40MT,
9,2025-11-07,Adar,Maban,partially passable,1,Jemaam,Adar – Jemaam – Maban,Specialized Trucks,
10,2025-11-07,Abyei,Abiemnhom,impassable,2,,Abyei – Abienhom,,
11,2025-11-07,Aweil,Gossinga,partially passable,1,,Aweil – Gossinga,20MT,
12,2025-11-07,Pathai,Walgak,impassable,2,Motot,Pathai – Motot – Walgak,,
13,2025-11-07,Juba,Lainya,passable,0,,Juba – Lainya,40MT,
14,2025-11-07,Maridi,Yambio,passable,0,,Maridi – Yambio,40MT,
15,2025-11-07,Juba,Kajo Keji,passable,0,,Juba – Kajo Keji,40MT,
16,2025-11-07,Juba,Terakeka,impassable,2,,Juba – Terakeka,,
17,2025-11-07,Narus,Kuron,partially passable,1,,Narus – Kuron,20MT,
18,2025-11-07,Mundri,Mvolo,passable,0,,Mundri - Mvolo,40MT,
19,2025-11-07,Mangalla,Gemeiza,passable,0,,Mangalla – Gemeiza,40MT,
20,2025-11-07,Mathiang,Maiwut,impassable,2,,Mathiang – Maiwut,,
21,2025-11-07,Tonj,Langdit,passable,0,,Tonj – Langdit,40MT,
22,2025-11-07,Terakeka,Mundri,passable,0,Tali,Terakeka – Tali – Mundri,40MT,
23,2025-11-07,Terakeka,Mingkaman,partially passable,1,,Terakeka – Mingkaman,20MT,
24,2025-11-07,Torit,Magwi,passable,0,,Torit – Magwi,40MT,
25,2025-11-07,Hiyala,Ikotos,passable,0,,Hiyala – Ikotos,40MT,
26,2025-11-07,Torit,Lafon,partially passable,1,,Torit – Lafon,20MT,
27,2025-11-07,Wau,Thar Kueng,partially passable,1,,Wau – Thar Kueng,20MT,
28,2025-11-07,Wau,Tonj,passable,0,,Wau – Tonj,40MT,
29,2025-11-07,Wau,Akuem,passable,0,Aweil,Wau – Aweil – Akuem,40MT,
30,2025-11-07,Likuangole,Akobo,impassable,2,,Likuangole – Akobo,,
31,2025-11-07,Amok Piny,Madol,impassable,2,,Amok Piny – Madol,,
32,2025-11-07,Akwot,Nasser,impassable,2,,Akwot – Nasser,,
33,2025-11-07,Guit,Koch,impassable,2,,Guit – Koch,,
34,2025-11-07,Abiemnhom,Mayom,impassable,2,,Abiemnhom – Mayom,,
35,2025-11-07,Kilo 30,Kaikang,impassable,2,Tumor; Mayom,Kilo30 –Tumor – Mayom – Kaikang,,
36,2025-11-07,Boma,Pochala,impassable,2,,Boma – Pochala,,
37,2025-11-07,Bor,Gadiang,impassable,2,,Bor – Gadiang,,
38,2025-11-07,Bor,Baidit,partially passable,1,,Bor – Baidit,Specialized Trucks,
39,2025-11-07,Pengko,Manyabol,impassable,2,,Pengko – Manyabol,,
40,2025-11-07,Baidit,Duk Padiet,impassable,2,Mabior,Baidit – Mabior – Duk Padiet,,
41,2025-11-07,Gadiang,Akobo,impassable,2,,Gadiang – Akobo,,
42,2025-11-07,Juba,Lafon,impassable,2,,Juba – Lafon,,
43,2025-11-07,Adar,Mathiang,impassable,2,,Adar – Mathiang,,
44,2025-11-07,Maper (Lakes),Dablual,impassable,2,,Maper (Lakes) – Dablual,,
45,2025-11-07,Akobo,Kaikuny,impassable,2,,Akobo – Kainuny,,
46,2025-11-07,Motot,Lankien,impassable,2,,Motot – Lankein,,
47,2025-11-07,Wau,Deim Zubeir,partially passable,1,,Wau – Deim Zubeir,20MT,
48,2025-11-07,Wau,Tambura,partially passable,1,,Wau – Tambura,20MT,
49,2025-11-07,Yirol,Shambe,partially passable,1,,Yirol – Shambe,20MT,
50,2025-11-07,Aluakluak,Yirol,partially passable,1,,Aluakluak - Yirol,20MT,
51,2025-11-07,Rumbek,Langdit,passable,0,,Rumbek - Langdit,40MT,
52,2025-11-07,Aluakluak,Rumbek,partially passable,1,,Aluakluak – Rumbek,20MT,
53,2025-11-07,Wunrok,Abiemnhom,impassable,2,Turalei,Wunrok – Turalei – Abiemnhom,,
54,2025-11-07,Kilo 30,Panakuach,passable,0,Roriak,Kilo 30 – Roriak – Panakuach,40MT,
55,2025-11-07,Ding Ding,Koch,impassable,2,,Ding ding - Koch,,
56,2025-11-07,Bentiu,Dhorbor,impassable,2,,Bentiu – Dhorbor,,
57,2025-11-07,Dhorbor,Guit,impassable,2,,Dhorbor – Guit,,
58,2025-11-07,Guit,Ding Ding,impassable,2,,Guit – Ding Ding,,
59,2025-11-07,Gumuruk,Pibor,impassable,2,,Gumuruk – Pibor,,
60,2025-11-07,Bor,Pengko,impassable,2,,Bor – Pengko,,
61,2025-11-07,Duk Padiet,Pajut,impassable,2,,Duk Padiat – Pajut,,
62,2025-11-07,Yuai,Karam,impassable,2,Pathai,Yaui – Pathai – Karam,,
63,2025-11-07,Yuai,Motot,impassable,2,Pieri,Yaui – Pieri – Motot,,
64,2025-11-07,Yuai,Pajut,impassable,2,,Yaui – Pajut,,
65,2025-11-07,Wulu,Rumbek,passable,0,,Wulu – Rumbek,40MT,
66,2025-11-07,Pibor,Likuangole,impassable,2,,Pibor – Likuangole,,
67,2025-11-07,Mingkaman,Yirol,partially passable,1,,Mingkaman – Yirol,20MT,
68,2025-11-07,Yambio,Tambura,passable,0,,Yambio – Tambura,40MT,
69,2025-11-07,Juba,Mundri,passable,0,,Juba – Mundri,40MT,
70,2025-11-07,Kodok,Paloich,impassable,2,,Kodok – Paloich,,
71,2025-11-07,Malakal,Kodok,impassable,2,,Malakal – Kodok,,
72,2025-11-07,Thar Kueng,Kuajok,partially passable,1,,Thar Kueng - Kuajok,20MT,
73,2025-11-07,Bentiu,Guit,impassable,2,,Bentiu – Guit,,
74,2025-11-07,Duk Padiet,Ayod,impassable,2,,Duk Padiet – Ayod,,
75,2025-11-07,Guit,Mirmir,impassable,2,,Guit – Mir mir,,
76,2025-11-07,Raja,Chandoy/Dolo2,passable,0,,Raja – Chandoy/Dolo2,40MT,
77,2025-11-07,Mundri,Maridi,passable,0,,Mundri - Maridi,40MT,
78,2025-11-07,Torit,Kapoeta,partially passable,1,,Torit – Kapoeta,20MT,
79,2025-11-07,Mayendit,Mirmir,passable,0,Rupkuai,Mayendit – Rupkuai – Mir mir,40MT,
80,2025-11-07,Mirmir,Leer,partially passable,1,,Mirmir – Leer,20MT,
81,2025-11-07,Mankien,Mayom,impassable,2,,Mankien - Mayom,,
82,2025-11-07,Ajak Kuac,Mankien,impassable,2,,Ajak Kuac – Mankien,,
83,2025-11-07,Ayod,Pathai,impassable,2,,Ayod – Pathai,,
84,2025-11-07,Nyandit,Kiech Kon,impassable,2,,Nyandit - Kiech Kon,,
85,2025-11-07,Paloich,Jemaam,passable,0,Adar,Paloich – Adar – Jemaam,40MT,
86,2025-11-07,New Fangak,Kuernyang,impassable,2,,New Fangak – Kuernyang,,
87,2025-11-07,Paguir,Keew,impassable,2,,Paguir – Keew,,
88,2025-11-07,Baliet,Kiech Kon,impassable,2,Akwot,Baliet – Akwot – Kiech kon,,
89,2025-11-07,Wunrok,Gogrial,partially passable,1,,Wunrok – Gogrial,20MT,
90,2025-11-07,Deim Zubeir,Raja,partially passable,1,,Dim Zubeir – Raja,20MT,
91,2025-11-07,Aweil,Yith Pabol,impassable,2,,Aweil – Yith Pabol,,
92,2025-11-07,Kapoeta,Narus,passable,0,,Kapoeta – Narus,40MT,
93,2025-11-07,Melut,Paloich,passable,0,,Melut – Paloich,40MT,
94,2025-11-07,Wunrok,Abyei,partially passable,1,,Wunrok – Abyei,20MT,
95,2025-11-07,Gogrial,Kuajok,partially passable,1,,Gogrial – Kuajok,20MT,
96,2025-11-07,Bentiu,Nhialdiu,impassable,2,,Bentiu – Nhialdiu,,
97,2025-11-07,Aluakluak,Mvolo,partially passable,1,,Aluakluak - Mvolo,20MT,
98,2025-11-07,Kilo 30,Manga Port,partially passable,1,,Kilo 30 – Manga Port,20MT,
99,2025-11-07,Gossinga,Raja,impassable,2,,Gossinga – Raja,,
100,2025-11-07,Gossinga,Raja,partially passable,1,Kapalala,Gossinga – Kapalala – Raja,20MT,
101,2025-11-07,Nyal,Ganyiel,impassable,2,,Nyal – Ganyiel,,
102,2025-11-07,Manyabol,Gadiang,impassable,2,,Manyabol – Gadiang,,
103,2025-11-07,Manyabol,Gumuruk,impassable,2,,Manyabol – Gumuruk,,
104,2025-11-07,Vertet,Labarab,impassable,2,,Vertet – Labarab,,"ID printed as 103 on this map (typo – 103 is Manyabol – Gumuruk), recorded as 104"
105,2025-11-07,Boma,Maruwa,impassable,2,,Boma – Maruwa,,
106,2025-11-07,Boma,Labarab,impassable,2,,Boma - Labarab,,
107,2025-11-07,Pibor,Vertet,impassable,2,,Pibor – Verthet,,
108,2025-11-07,Aduel,Amok Piny,partially passable,1,,Aduel – Amok Piny,Specialized Trucks,
109,2025-11-07,Lankien,Pading,impassable,2,Nyambor,Lankien – Nyambor – Pading,,
110,2025-11-07,Nyambor,Karam,impassable,2,Pading,Nyambor – Pading – Karam,,
111,2025-11-07,Pajut,Payuel,impassable,2,,Pajut – Payuel,,
112,2025-11-07,Aweil,Gogrial,partially passable,1,Akun,Aweil – Akun – Gogrial,20MT,
113,2025-11-07,Kapoeta,Chukudum,passable,0,,Kapoeta – Chukudum,40MT,
114,2025-11-07,Diabio,Ezo,passable,0,,Diabio – Ezo,40MT,
115,2025-11-07,Mvolo,Wulu,passable,0,,Mvolo – Wullu,40MT,
116,2025-11-07,Aluakluak,Mapuordit,partially passable,1,,Aluakluak - Mapuordit,20MT,
117,2025-11-07,Narus,Nadapal,passable,0,,Narus – Nadapal,40MT,
118,2025-11-07,Bentiu,Kilo 30,impassable,2,,Bentiu – Kilo30,,
119,2025-11-07,Gadiang,Yuai,impassable,2,,Gadiang – Yuai,,
120,2025-11-07,Pathai,Fatuet,impassable,2,,Pathai – Fatuet,,
121,2025-11-07,Walgak,Kaikuny,impassable,2,,Walgak – Kaikuny,,
122,2025-11-07,Yuai,Walgak,impassable,2,Motot; Waat,Yuai – Motot – Waat – Walgak,,
123,2025-11-07,Kuron,Boma,impassable,2,,Kuron – Boma,,
124,2025-11-07,Kapoeta,Kassangor,partially passable,1,,Kapoeta – Kassangor,20MT,
125,2025-11-07,Rumbek,Maper (Lakes),impassable,2,,Rumbek – Maper (Lakes),,
126,2025-11-07,Maruwa,Labarab,impassable,2,,Maruwa – Labarab,,
127,2025-11-07,Koch,Mirmir,impassable,2,,Koch – Mirmir,,
128,2025-11-07,Adok,Leer,partially passable,1,Piling,Adok – Piling – Leer,20MT,
129,2025-11-07,Lainya,Yei,passable,0,,Lainya – Yei,40MT,
130,2025-11-07,Mathiang,Udier,impassable,2,,Mathiang – Udier,,
131,2025-11-07,Gadiang,Payuel,impassable,2,,Gadiang – Payuel,,
132,2025-11-07,Ayod,Mogok,impassable,2,,Ayod – Mogok,,
133,2025-11-07,Kaikang,Kilo 30,partially passable,1,Roriak; Mayom,(Kaikang – Roriak )(Mayom – Kilo 30),20MT,alternative road listed as two separate stretches: Kaikang–Roriak and Mayom–Kilo 30
134,2025-11-07,Pariang,Ajuong Thok,passable,0,,Pariang – Ajuong Thok,40MT,
135,2025-11-07,Lafon,Imehejek,partially passable,1,,Lafon – Imehejek,20MT,
136,2025-11-07,Mabior,Gadiang,impassable,2,,Mabior – Gadiang,,
137,2025-11-07,Poktap,Payuel,impassable,2,,Poktap – Payuel,,
138,2025-11-07,Panakuach,Pariang,impassable,2,,Panakuach – Pariang,,new road; first appears 2024-11-01
139,2025-11-07,Mabior,Kongor,impassable,2,,Mabior – Kongor,,
140,2025-11-07,Maiwut,Pagak,impassable,2,,Maiwut – Pagak,,new road; first appears 2025-06-12 (road 20 Mathiang – Maiwut – Pagak shortened to Mathiang – Maiwut the same week)
1,2025-11-14,Kilo 30,Pariang,passable,0,,Kilo 30 – Pariang,40MT,
2,2025-11-14,Gemeiza,Bor,impassable,2,,Gemeiza – Bor,,
3,2025-11-14,Yida,Pariang,passable,0,,Yida - Pariang,40MT,
4,2025-11-14,Juba,Nimule,passable,0,,Juba – Nimule,40MT,
5,2025-11-14,Juba,Torit,partially passable,1,,Juba – Torit,20MT,
6,2025-11-14,Juba,Mangalla,passable,0,,Juba – Mangalla,40MT,
7,2025-11-14,Malakal,Baliet,impassable,2,,Malakal – Baliet,,
8,2025-11-14,Paloich,Renk,passable,0,,Paloich – Renk,40MT,
9,2025-11-14,Adar,Maban,partially passable,1,Jemaam,Adar – Jemaam – Maban,Specialized Trucks,
10,2025-11-14,Abyei,Abiemnhom,impassable,2,,Abyei – Abienhom,,
11,2025-11-14,Aweil,Gossinga,partially passable,1,,Aweil – Gossinga,20MT,
12,2025-11-14,Pathai,Walgak,impassable,2,Motot,Pathai – Motot – Walgak,,
13,2025-11-14,Juba,Lainya,passable,0,,Juba – Lainya,40MT,
14,2025-11-14,Maridi,Yambio,passable,0,,Maridi – Yambio,40MT,
15,2025-11-14,Juba,Kajo Keji,passable,0,,Juba – Kajo Keji,40MT,
16,2025-11-14,Juba,Terakeka,impassable,2,,Juba – Terakeka,,
17,2025-11-14,Narus,Kuron,partially passable,1,,Narus – Kuron,20MT,
18,2025-11-14,Mundri,Mvolo,passable,0,,Mundri - Mvolo,40MT,
19,2025-11-14,Mangalla,Gemeiza,passable,0,,Mangalla – Gemeiza,40MT,
20,2025-11-14,Mathiang,Maiwut,impassable,2,,Mathiang – Maiwut,,
21,2025-11-14,Tonj,Langdit,passable,0,,Tonj – Langdit,40MT,
22,2025-11-14,Terakeka,Mundri,passable,0,Tali,Terakeka – Tali – Mundri,40MT,
23,2025-11-14,Terakeka,Mingkaman,partially passable,1,,Terakeka – Mingkaman,20MT,
24,2025-11-14,Torit,Magwi,passable,0,,Torit – Magwi,40MT,
25,2025-11-14,Hiyala,Ikotos,passable,0,,Hiyala – Ikotos,40MT,
26,2025-11-14,Torit,Lafon,partially passable,1,,Torit – Lafon,20MT,
27,2025-11-14,Wau,Thar Kueng,partially passable,1,,Wau – Thar Kueng,20MT,
28,2025-11-14,Wau,Tonj,passable,0,,Wau – Tonj,40MT,
29,2025-11-14,Wau,Akuem,passable,0,Aweil,Wau – Aweil – Akuem,40MT,
30,2025-11-14,Likuangole,Akobo,impassable,2,,Likuangole – Akobo,,
31,2025-11-14,Amok Piny,Madol,impassable,2,,Amok Piny – Madol,,
32,2025-11-14,Akwot,Nasser,impassable,2,,Akwot – Nasser,,
33,2025-11-14,Guit,Koch,impassable,2,,Guit – Koch,,
34,2025-11-14,Abiemnhom,Mayom,impassable,2,,Abiemnhom – Mayom,,
35,2025-11-14,Kilo 30,Kaikang,impassable,2,Tumor; Mayom,Kilo30 –Tumor – Mayom – Kaikang,,
36,2025-11-14,Boma,Pochala,impassable,2,,Boma – Pochala,,
37,2025-11-14,Bor,Gadiang,impassable,2,,Bor – Gadiang,,
38,2025-11-14,Bor,Baidit,partially passable,1,,Bor – Baidit,Specialized Trucks,
39,2025-11-14,Pengko,Manyabol,impassable,2,,Pengko – Manyabol,,
40,2025-11-14,Baidit,Duk Padiet,impassable,2,Mabior,Baidit – Mabior – Duk Padiet,,
41,2025-11-14,Gadiang,Akobo,impassable,2,,Gadiang – Akobo,,
42,2025-11-14,Juba,Lafon,impassable,2,,Juba – Lafon,,
43,2025-11-14,Adar,Mathiang,impassable,2,,Adar – Mathiang,,
44,2025-11-14,Maper (Lakes),Dablual,impassable,2,,Maper (Lakes) – Dablual,,
45,2025-11-14,Akobo,Kaikuny,impassable,2,,Akobo – Kainuny,,
46,2025-11-14,Motot,Lankien,impassable,2,,Motot – Lankein,,
47,2025-11-14,Wau,Deim Zubeir,partially passable,1,,Wau – Deim Zubeir,20MT,
48,2025-11-14,Wau,Tambura,partially passable,1,,Wau – Tambura,20MT,
49,2025-11-14,Yirol,Shambe,partially passable,1,,Yirol – Shambe,20MT,
50,2025-11-14,Aluakluak,Yirol,partially passable,1,,Aluakluak - Yirol,20MT,
51,2025-11-14,Rumbek,Langdit,passable,0,,Rumbek - Langdit,40MT,
52,2025-11-14,Aluakluak,Rumbek,partially passable,1,,Aluakluak – Rumbek,20MT,
53,2025-11-14,Wunrok,Abiemnhom,impassable,2,Turalei,Wunrok – Turalei – Abiemnhom,,
54,2025-11-14,Kilo 30,Panakuach,passable,0,Roriak,Kilo 30 – Roriak – Panakuach,40MT,
55,2025-11-14,Ding Ding,Koch,impassable,2,,Ding ding - Koch,,
56,2025-11-14,Bentiu,Dhorbor,impassable,2,,Bentiu – Dhorbor,,
57,2025-11-14,Dhorbor,Guit,impassable,2,,Dhorbor – Guit,,
58,2025-11-14,Guit,Ding Ding,impassable,2,,Guit – Ding Ding,,
59,2025-11-14,Gumuruk,Pibor,impassable,2,,Gumuruk – Pibor,,
60,2025-11-14,Bor,Pengko,impassable,2,,Bor – Pengko,,
61,2025-11-14,Duk Padiet,Pajut,impassable,2,,Duk Padiat – Pajut,,
62,2025-11-14,Yuai,Karam,impassable,2,Pathai,Yaui – Pathai – Karam,,
63,2025-11-14,Yuai,Motot,impassable,2,Pieri,Yaui – Pieri – Motot,,
64,2025-11-14,Yuai,Pajut,impassable,2,,Yaui – Pajut,,
65,2025-11-14,Wulu,Rumbek,passable,0,,Wulu – Rumbek,40MT,
66,2025-11-14,Pibor,Likuangole,impassable,2,,Pibor – Likuangole,,
67,2025-11-14,Mingkaman,Yirol,partially passable,1,,Mingkaman – Yirol,20MT,
68,2025-11-14,Yambio,Tambura,passable,0,,Yambio – Tambura,40MT,
69,2025-11-14,Juba,Mundri,passable,0,,Juba – Mundri,40MT,
70,2025-11-14,Kodok,Paloich,impassable,2,,Kodok – Paloich,,
71,2025-11-14,Malakal,Kodok,impassable,2,,Malakal – Kodok,,
72,2025-11-14,Thar Kueng,Kuajok,partially passable,1,,Thar Kueng - Kuajok,20MT,
73,2025-11-14,Bentiu,Guit,impassable,2,,Bentiu – Guit,,
74,2025-11-14,Duk Padiet,Ayod,impassable,2,,Duk Padiet – Ayod,,
75,2025-11-14,Guit,Mirmir,impassable,2,,Guit – Mir mir,,
76,2025-11-14,Raja,Chandoy/Dolo2,passable,0,,Raja – Chandoy/Dolo2,40MT,
77,2025-11-14,Mundri,Maridi,passable,0,,Mundri - Maridi,40MT,
78,2025-11-14,Torit,Kapoeta,partially passable,1,,Torit – Kapoeta,20MT,
79,2025-11-14,Mayendit,Mirmir,passable,0,Rupkuai,Mayendit – Rupkuai – Mir mir,40MT,
80,2025-11-14,Mirmir,Leer,partially passable,1,,Mirmir – Leer,20MT,
81,2025-11-14,Mankien,Mayom,impassable,2,,Mankien - Mayom,,
82,2025-11-14,Ajak Kuac,Mankien,impassable,2,,Ajak Kuac – Mankien,,
83,2025-11-14,Ayod,Pathai,impassable,2,,Ayod – Pathai,,
84,2025-11-14,Nyandit,Kiech Kon,impassable,2,,Nyandit - Kiech Kon,,
85,2025-11-14,Paloich,Jemaam,passable,0,Adar,Paloich – Adar – Jemaam,40MT,
86,2025-11-14,New Fangak,Kuernyang,impassable,2,,New Fangak – Kuernyang,,
87,2025-11-14,Paguir,Keew,impassable,2,,Paguir – Keew,,
88,2025-11-14,Baliet,Kiech Kon,impassable,2,Akwot,Baliet – Akwot – Kiech kon,,
89,2025-11-14,Wunrok,Gogrial,partially passable,1,,Wunrok – Gogrial,20MT,
90,2025-11-14,Deim Zubeir,Raja,partially passable,1,,Dim Zubeir – Raja,20MT,
91,2025-11-14,Aweil,Yith Pabol,impassable,2,,Aweil – Yith Pabol,,
92,2025-11-14,Kapoeta,Narus,passable,0,,Kapoeta – Narus,40MT,
93,2025-11-14,Melut,Paloich,passable,0,,Melut – Paloich,40MT,
94,2025-11-14,Wunrok,Abyei,partially passable,1,,Wunrok – Abyei,20MT,
95,2025-11-14,Gogrial,Kuajok,partially passable,1,,Gogrial – Kuajok,20MT,
96,2025-11-14,Bentiu,Nhialdiu,impassable,2,,Bentiu – Nhialdiu,,
97,2025-11-14,Aluakluak,Mvolo,partially passable,1,,Aluakluak - Mvolo,20MT,
98,2025-11-14,Kilo 30,Manga Port,partially passable,1,,Kilo 30 – Manga Port,20MT,
99,2025-11-14,Gossinga,Raja,impassable,2,,Gossinga – Raja,,
100,2025-11-14,Gossinga,Raja,partially passable,1,Kapalala,Gossinga – Kapalala – Raja,20MT,
101,2025-11-14,Nyal,Ganyiel,impassable,2,,Nyal – Ganyiel,,
102,2025-11-14,Manyabol,Gadiang,impassable,2,,Manyabol – Gadiang,,
103,2025-11-14,Manyabol,Gumuruk,impassable,2,,Manyabol – Gumuruk,,
104,2025-11-14,Vertet,Labarab,impassable,2,,Vertet – Labarab,,"ID printed as 103 on this map (typo – 103 is Manyabol – Gumuruk), recorded as 104"
105,2025-11-14,Boma,Maruwa,impassable,2,,Boma – Maruwa,,
106,2025-11-14,Boma,Labarab,impassable,2,,Boma - Labarab,,
107,2025-11-14,Pibor,Vertet,impassable,2,,Pibor – Verthet,,
108,2025-11-14,Aduel,Amok Piny,partially passable,1,,Aduel – Amok Piny,Specialized Trucks,
109,2025-11-14,Lankien,Pading,impassable,2,Nyambor,Lankien – Nyambor – Pading,,
110,2025-11-14,Nyambor,Karam,impassable,2,Pading,Nyambor – Pading – Karam,,
111,2025-11-14,Pajut,Payuel,impassable,2,,Pajut – Payuel,,
112,2025-11-14,Aweil,Gogrial,partially passable,1,Akun,Aweil – Akun – Gogrial,20MT,
113,2025-11-14,Kapoeta,Chukudum,passable,0,,Kapoeta – Chukudum,40MT,
114,2025-11-14,Diabio,Ezo,passable,0,,Diabio – Ezo,40MT,
115,2025-11-14,Mvolo,Wulu,passable,0,,Mvolo – Wullu,40MT,
116,2025-11-14,Aluakluak,Mapuordit,partially passable,1,,Aluakluak - Mapuordit,20MT,
117,2025-11-14,Narus,Nadapal,passable,0,,Narus – Nadapal,40MT,
118,2025-11-14,Bentiu,Kilo 30,impassable,2,,Bentiu – Kilo30,,
119,2025-11-14,Gadiang,Yuai,impassable,2,,Gadiang – Yuai,,
120,2025-11-14,Pathai,Fatuet,impassable,2,,Pathai – Fatuet,,
121,2025-11-14,Walgak,Kaikuny,impassable,2,,Walgak – Kaikuny,,
122,2025-11-14,Yuai,Walgak,impassable,2,Motot; Waat,Yuai – Motot – Waat – Walgak,,
123,2025-11-14,Kuron,Boma,impassable,2,,Kuron – Boma,,
124,2025-11-14,Kapoeta,Kassangor,partially passable,1,,Kapoeta – Kassangor,20MT,
125,2025-11-14,Rumbek,Maper (Lakes),impassable,2,,Rumbek – Maper (Lakes),,
126,2025-11-14,Maruwa,Labarab,impassable,2,,Maruwa – Labarab,,
127,2025-11-14,Koch,Mirmir,impassable,2,,Koch – Mirmir,,
128,2025-11-14,Adok,Leer,partially passable,1,Piling,Adok – Piling – Leer,20MT,
129,2025-11-14,Lainya,Yei,passable,0,,Lainya – Yei,40MT,
130,2025-11-14,Mathiang,Udier,impassable,2,,Mathiang – Udier,,
131,2025-11-14,Gadiang,Payuel,impassable,2,,Gadiang – Payuel,,
132,2025-11-14,Ayod,Mogok,impassable,2,,Ayod – Mogok,,
133,2025-11-14,Kaikang,Kilo 30,partially passable,1,Roriak; Mayom,(Kaikang – Roriak )(Mayom – Kilo 30),20MT,alternative road listed as two separate stretches: Kaikang–Roriak and Mayom–Kilo 30
134,2025-11-14,Pariang,Ajuong Thok,passable,0,,Pariang – Ajuong Thok,40MT,
135,2025-11-14,Lafon,Imehejek,partially passable,1,,Lafon – Imehejek,20MT,
136,2025-11-14,Mabior,Gadiang,impassable,2,,Mabior – Gadiang,,
137,2025-11-14,Poktap,Payuel,impassable,2,,Poktap – Payuel,,
138,2025-11-14,Panakuach,Pariang,impassable,2,,Panakuach – Pariang,,new road; first appears 2024-11-01
139,2025-11-14,Mabior,Kongor,impassable,2,,Mabior – Kongor,,
140,2025-11-14,Maiwut,Pagak,impassable,2,,Maiwut – Pagak,,new road; first appears 2025-06-12 (road 20 Mathiang – Maiwut – Pagak shortened to Mathiang – Maiwut the same week)
1,2025-11-21,Kilo 30,Pariang,passable,0,,Kilo 30 – Pariang,40MT,
2,2025-11-21,Gemeiza,Bor,impassable,2,,Gemeiza – Bor,,
3,2025-11-21,Yida,Pariang,passable,0,,Yida - Pariang,40MT,
4,2025-11-21,Juba,Nimule,passable,0,,Juba – Nimule,40MT,
5,2025-11-21,Juba,Torit,partially passable,1,,Juba – Torit,20MT,
6,2025-11-21,Juba,Mangalla,passable,0,,Juba – Mangalla,40MT,
7,2025-11-21,Malakal,Baliet,impassable,2,,Malakal – Baliet,,
8,2025-11-21,Paloich,Renk,passable,0,,Paloich – Renk,40MT,
9,2025-11-21,Adar,Maban,partially passable,1,Jemaam,Adar – Jemaam – Maban,Specialized Trucks,
10,2025-11-21,Abyei,Abiemnhom,impassable,2,,Abyei – Abienhom,,
11,2025-11-21,Aweil,Gossinga,partially passable,1,,Aweil – Gossinga,20MT,
12,2025-11-21,Pathai,Walgak,impassable,2,Motot,Pathai – Motot – Walgak,,
13,2025-11-21,Juba,Lainya,passable,0,,Juba – Lainya,40MT,
14,2025-11-21,Maridi,Yambio,passable,0,,Maridi – Yambio,40MT,
15,2025-11-21,Juba,Kajo Keji,passable,0,,Juba – Kajo Keji,40MT,
16,2025-11-21,Juba,Terakeka,impassable,2,,Juba – Terakeka,,
17,2025-11-21,Narus,Kuron,partially passable,1,,Narus – Kuron,20MT,
18,2025-11-21,Mundri,Mvolo,passable,0,,Mundri - Mvolo,40MT,
19,2025-11-21,Mangalla,Gemeiza,passable,0,,Mangalla – Gemeiza,40MT,
20,2025-11-21,Mathiang,Maiwut,impassable,2,,Mathiang – Maiwut,,
21,2025-11-21,Tonj,Langdit,passable,0,,Tonj – Langdit,40MT,
22,2025-11-21,Terakeka,Mundri,passable,0,Tali,Terakeka – Tali – Mundri,40MT,
23,2025-11-21,Terakeka,Mingkaman,partially passable,1,,Terakeka – Mingkaman,20MT,
24,2025-11-21,Torit,Magwi,passable,0,,Torit – Magwi,40MT,
25,2025-11-21,Hiyala,Ikotos,passable,0,,Hiyala – Ikotos,40MT,
26,2025-11-21,Torit,Lafon,partially passable,1,,Torit – Lafon,20MT,
27,2025-11-21,Wau,Thar Kueng,partially passable,1,,Wau – Thar Kueng,20MT,
28,2025-11-21,Wau,Tonj,passable,0,,Wau – Tonj,40MT,
29,2025-11-21,Wau,Akuem,passable,0,Aweil,Wau – Aweil – Akuem,40MT,
30,2025-11-21,Likuangole,Akobo,impassable,2,,Likuangole – Akobo,,
31,2025-11-21,Amok Piny,Madol,impassable,2,,Amok Piny – Madol,,
32,2025-11-21,Akwot,Nasser,impassable,2,,Akwot – Nasser,,
33,2025-11-21,Guit,Koch,impassable,2,,Guit – Koch,,
34,2025-11-21,Abiemnhom,Mayom,impassable,2,,Abiemnhom – Mayom,,
35,2025-11-21,Kilo 30,Kaikang,impassable,2,Tumor; Mayom,Kilo30 –Tumor – Mayom – Kaikang,,
36,2025-11-21,Boma,Pochala,impassable,2,,Boma – Pochala,,
37,2025-11-21,Bor,Gadiang,impassable,2,,Bor – Gadiang,,
38,2025-11-21,Bor,Baidit,partially passable,1,,Bor – Baidit,Specialized Trucks,
39,2025-11-21,Pengko,Manyabol,impassable,2,,Pengko – Manyabol,,
40,2025-11-21,Baidit,Duk Padiet,impassable,2,Mabior,Baidit – Mabior – Duk Padiet,,
41,2025-11-21,Gadiang,Akobo,impassable,2,,Gadiang – Akobo,,
42,2025-11-21,Juba,Lafon,impassable,2,,Juba – Lafon,,
43,2025-11-21,Adar,Mathiang,impassable,2,,Adar – Mathiang,,
44,2025-11-21,Maper (Lakes),Dablual,impassable,2,,Maper (Lakes) – Dablual,,
45,2025-11-21,Akobo,Kaikuny,impassable,2,,Akobo – Kainuny,,
46,2025-11-21,Motot,Lankien,impassable,2,,Motot – Lankein,,
47,2025-11-21,Wau,Deim Zubeir,partially passable,1,,Wau – Deim Zubeir,20MT,
48,2025-11-21,Wau,Tambura,partially passable,1,,Wau – Tambura,20MT,
49,2025-11-21,Yirol,Shambe,partially passable,1,,Yirol – Shambe,20MT,
50,2025-11-21,Aluakluak,Yirol,partially passable,1,,Aluakluak - Yirol,20MT,
51,2025-11-21,Rumbek,Langdit,passable,0,,Rumbek - Langdit,40MT,
52,2025-11-21,Aluakluak,Rumbek,partially passable,1,,Aluakluak – Rumbek,20MT,
53,2025-11-21,Wunrok,Abiemnhom,impassable,2,Turalei,Wunrok – Turalei – Abiemnhom,,
54,2025-11-21,Kilo 30,Panakuach,passable,0,Roriak,Kilo 30 – Roriak – Panakuach,40MT,
55,2025-11-21,Ding Ding,Koch,impassable,2,,Ding ding - Koch,,
56,2025-11-21,Bentiu,Dhorbor,impassable,2,,Bentiu – Dhorbor,,
57,2025-11-21,Dhorbor,Guit,impassable,2,,Dhorbor – Guit,,
58,2025-11-21,Guit,Ding Ding,impassable,2,,Guit – Ding Ding,,
59,2025-11-21,Gumuruk,Pibor,impassable,2,,Gumuruk – Pibor,,
60,2025-11-21,Bor,Pengko,impassable,2,,Bor – Pengko,,
61,2025-11-21,Duk Padiet,Pajut,impassable,2,,Duk Padiat – Pajut,,
62,2025-11-21,Yuai,Karam,impassable,2,Pathai,Yaui – Pathai – Karam,,
63,2025-11-21,Yuai,Motot,impassable,2,Pieri,Yaui – Pieri – Motot,,
64,2025-11-21,Yuai,Pajut,impassable,2,,Yaui – Pajut,,
65,2025-11-21,Wulu,Rumbek,passable,0,,Wulu – Rumbek,40MT,
66,2025-11-21,Pibor,Likuangole,impassable,2,,Pibor – Likuangole,,
67,2025-11-21,Mingkaman,Yirol,partially passable,1,,Mingkaman – Yirol,20MT,
68,2025-11-21,Yambio,Tambura,passable,0,,Yambio – Tambura,40MT,
69,2025-11-21,Juba,Mundri,passable,0,,Juba – Mundri,40MT,
70,2025-11-21,Kodok,Paloich,impassable,2,,Kodok – Paloich,,
71,2025-11-21,Malakal,Kodok,impassable,2,,Malakal – Kodok,,
72,2025-11-21,Thar Kueng,Kuajok,partially passable,1,,Thar Kueng - Kuajok,20MT,
73,2025-11-21,Bentiu,Guit,impassable,2,,Bentiu – Guit,,
74,2025-11-21,Duk Padiet,Ayod,impassable,2,,Duk Padiet – Ayod,,
75,2025-11-21,Guit,Mirmir,impassable,2,,Guit – Mir mir,,
76,2025-11-21,Raja,Chandoy/Dolo2,passable,0,,Raja – Chandoy/Dolo2,40MT,
77,2025-11-21,Mundri,Maridi,passable,0,,Mundri - Maridi,40MT,
78,2025-11-21,Torit,Kapoeta,partially passable,1,,Torit – Kapoeta,20MT,
79,2025-11-21,Mayendit,Mirmir,passable,0,Rupkuai,Mayendit – Rupkuai – Mir mir,40MT,
80,2025-11-21,Mirmir,Leer,partially passable,1,,Mirmir – Leer,20MT,
81,2025-11-21,Mankien,Mayom,impassable,2,,Mankien - Mayom,,
82,2025-11-21,Ajak Kuac,Mankien,impassable,2,,Ajak Kuac – Mankien,,
83,2025-11-21,Ayod,Pathai,impassable,2,,Ayod – Pathai,,
84,2025-11-21,Nyandit,Kiech Kon,impassable,2,,Nyandit - Kiech Kon,,
85,2025-11-21,Paloich,Jemaam,passable,0,Adar,Paloich – Adar – Jemaam,40MT,
86,2025-11-21,New Fangak,Kuernyang,impassable,2,,New Fangak – Kuernyang,,
87,2025-11-21,Paguir,Keew,impassable,2,,Paguir – Keew,,
88,2025-11-21,Baliet,Kiech Kon,impassable,2,Akwot,Baliet – Akwot – Kiech kon,,
89,2025-11-21,Wunrok,Gogrial,partially passable,1,,Wunrok – Gogrial,20MT,
90,2025-11-21,Deim Zubeir,Raja,partially passable,1,,Dim Zubeir – Raja,20MT,
91,2025-11-21,Aweil,Yith Pabol,impassable,2,,Aweil – Yith Pabol,,
92,2025-11-21,Kapoeta,Narus,passable,0,,Kapoeta – Narus,40MT,
93,2025-11-21,Melut,Paloich,passable,0,,Melut – Paloich,40MT,
94,2025-11-21,Wunrok,Abyei,partially passable,1,,Wunrok – Abyei,20MT,
95,2025-11-21,Gogrial,Kuajok,partially passable,1,,Gogrial – Kuajok,20MT,
96,2025-11-21,Bentiu,Nhialdiu,impassable,2,,Bentiu – Nhialdiu,,
97,2025-11-21,Aluakluak,Mvolo,partially passable,1,,Aluakluak - Mvolo,20MT,
98,2025-11-21,Kilo 30,Manga Port,partially passable,1,,Kilo 30 – Manga Port,20MT,
99,2025-11-21,Gossinga,Raja,impassable,2,,Gossinga – Raja,,
100,2025-11-21,Gossinga,Raja,partially passable,1,Kapalala,Gossinga – Kapalala – Raja,20MT,
101,2025-11-21,Nyal,Ganyiel,impassable,2,,Nyal – Ganyiel,,
102,2025-11-21,Manyabol,Gadiang,impassable,2,,Manyabol – Gadiang,,
103,2025-11-21,Manyabol,Gumuruk,impassable,2,,Manyabol – Gumuruk,,
104,2025-11-21,Vertet,Labarab,impassable,2,,Vertet – Labarab,,"ID printed as 103 on this map (typo – 103 is Manyabol – Gumuruk), recorded as 104"
105,2025-11-21,Boma,Maruwa,impassable,2,,Boma – Maruwa,,
106,2025-11-21,Boma,Labarab,impassable,2,,Boma - Labarab,,
107,2025-11-21,Pibor,Vertet,impassable,2,,Pibor – Verthet,,
108,2025-11-21,Aduel,Amok Piny,partially passable,1,,Aduel – Amok Piny,Specialized Trucks,
109,2025-11-21,Lankien,Pading,impassable,2,Nyambor,Lankien – Nyambor – Pading,,
110,2025-11-21,Nyambor,Karam,impassable,2,Pading,Nyambor – Pading – Karam,,
111,2025-11-21,Pajut,Payuel,impassable,2,,Pajut – Payuel,,
112,2025-11-21,Aweil,Gogrial,partially passable,1,Akun,Aweil – Akun – Gogrial,20MT,
113,2025-11-21,Kapoeta,Chukudum,passable,0,,Kapoeta – Chukudum,40MT,
114,2025-11-21,Diabio,Ezo,passable,0,,Diabio – Ezo,40MT,
115,2025-11-21,Mvolo,Wulu,passable,0,,Mvolo – Wullu,40MT,
116,2025-11-21,Aluakluak,Mapuordit,partially passable,1,,Aluakluak - Mapuordit,20MT,
117,2025-11-21,Narus,Nadapal,passable,0,,Narus – Nadapal,40MT,
118,2025-11-21,Bentiu,Kilo 30,impassable,2,,Bentiu – Kilo30,,
119,2025-11-21,Gadiang,Yuai,impassable,2,,Gadiang – Yuai,,
120,2025-11-21,Pathai,Fatuet,impassable,2,,Pathai – Fatuet,,
121,2025-11-21,Walgak,Kaikuny,impassable,2,,Walgak – Kaikuny,,
122,2025-11-21,Yuai,Walgak,impassable,2,Motot; Waat,Yuai – Motot – Waat – Walgak,,
123,2025-11-21,Kuron,Boma,impassable,2,,Kuron – Boma,,
124,2025-11-21,Kapoeta,Kassangor,partially passable,1,,Kapoeta – Kassangor,20MT,
125,2025-11-21,Rumbek,Maper (Lakes),impassable,2,,Rumbek – Maper (Lakes),,
126,2025-11-21,Maruwa,Labarab,impassable,2,,Maruwa – Labarab,,
127,2025-11-21,Koch,Mirmir,impassable,2,,Koch – Mirmir,,
128,2025-11-21,Adok,Leer,partially passable,1,Piling,Adok – Piling – Leer,20MT,
129,2025-11-21,Lainya,Yei,passable,0,,Lainya – Yei,40MT,
130,2025-11-21,Mathiang,Udier,impassable,2,,Mathiang – Udier,,
131,2025-11-21,Gadiang,Payuel,impassable,2,,Gadiang – Payuel,,
132,2025-11-21,Ayod,Mogok,impassable,2,,Ayod – Mogok,,
133,2025-11-21,Kaikang,Kilo 30,partially passable,1,Roriak; Mayom,(Kaikang – Roriak )(Mayom – Kilo 30),20MT,alternative road listed as two separate stretches: Kaikang–Roriak and Mayom–Kilo 30
134,2025-11-21,Pariang,Ajuong Thok,passable,0,,Pariang – Ajuong Thok,40MT,
135,2025-11-21,Lafon,Imehejek,partially passable,1,,Lafon – Imehejek,20MT,
136,2025-11-21,Mabior,Gadiang,impassable,2,,Mabior – Gadiang,,
137,2025-11-21,Poktap,Payuel,impassable,2,,Poktap – Payuel,,
138,2025-11-21,Panakuach,Pariang,impassable,2,,Panakuach – Pariang,,new road; first appears 2024-11-01
139,2025-11-21,Mabior,Kongor,impassable,2,,Mabior – Kongor,,
140,2025-11-21,Maiwut,Pagak,impassable,2,,Maiwut – Pagak,,new road; first appears 2025-06-12 (road 20 Mathiang – Maiwut – Pagak shortened to Mathiang – Maiwut the same week)
1,2025-11-27,Kilo 30,Pariang,passable,0,,Kilo 30 – Pariang,40MT,
2,2025-11-27,Gemeiza,Bor,impassable,2,,Gemeiza – Bor,,
3,2025-11-27,Yida,Pariang,passable,0,,Yida - Pariang,40MT,
4,2025-11-27,Juba,Nimule,passable,0,,Juba – Nimule,40MT,
5,2025-11-27,Juba,Torit,partially passable,1,,Juba – Torit,20MT,
6,2025-11-27,Juba,Mangalla,passable,0,,Juba – Mangalla,40MT,
7,2025-11-27,Malakal,Baliet,impassable,2,,Malakal – Baliet,,
8,2025-11-27,Paloich,Renk,passable,0,,Paloich – Renk,40MT,
9,2025-11-27,Adar,Maban,passable,0,Jemaam,Adar – Jemaam – Maban,40MT,
10,2025-11-27,Abyei,Abiemnhom,impassable,2,,Abyei – Abienhom,,
11,2025-11-27,Aweil,Gossinga,partially passable,1,,Aweil – Gossinga,20MT,
12,2025-11-27,Pathai,Walgak,impassable,2,Motot,Pathai – Motot – Walgak,,
13,2025-11-27,Juba,Lainya,passable,0,,Juba – Lainya,40MT,
14,2025-11-27,Maridi,Yambio,passable,0,,Maridi – Yambio,40MT,
15,2025-11-27,Juba,Kajo Keji,passable,0,,Juba – Kajo Keji,40MT,
16,2025-11-27,Juba,Terakeka,impassable,2,,Juba – Terakeka,,
17,2025-11-27,Narus,Kuron,partially passable,1,,Narus – Kuron,20MT,
18,2025-11-27,Mundri,Mvolo,passable,0,,Mundri - Mvolo,40MT,
19,2025-11-27,Mangalla,Gemeiza,passable,0,,Mangalla – Gemeiza,40MT,
20,2025-11-27,Mathiang,Maiwut,impassable,2,,Mathiang – Maiwut,,
21,2025-11-27,Tonj,Langdit,passable,0,,Tonj – Langdit,40MT,
22,2025-11-27,Terakeka,Mundri,passable,0,Tali,Terakeka – Tali – Mundri,40MT,
23,2025-11-27,Terakeka,Mingkaman,partially passable,1,,Terakeka – Mingkaman,20MT,
24,2025-11-27,Torit,Magwi,passable,0,,Torit – Magwi,40MT,
25,2025-11-27,Hiyala,Ikotos,passable,0,,Hiyala – Ikotos,40MT,
26,2025-11-27,Torit,Lafon,partially passable,1,,Torit – Lafon,20MT,
27,2025-11-27,Wau,Thar Kueng,partially passable,1,,Wau – Thar Kueng,20MT,
28,2025-11-27,Wau,Tonj,passable,0,,Wau – Tonj,40MT,
29,2025-11-27,Wau,Akuem,passable,0,Aweil,Wau – Aweil – Akuem,40MT,
30,2025-11-27,Likuangole,Akobo,impassable,2,,Likuangole – Akobo,,
31,2025-11-27,Amok Piny,Madol,impassable,2,,Amok Piny – Madol,,
32,2025-11-27,Akwot,Nasser,impassable,2,,Akwot – Nasser,,
33,2025-11-27,Guit,Koch,impassable,2,,Guit – Koch,,
34,2025-11-27,Abiemnhom,Mayom,impassable,2,,Abiemnhom – Mayom,,
35,2025-11-27,Kilo 30,Kaikang,impassable,2,Tumor; Mayom,Kilo30 –Tumor – Mayom – Kaikang,,
36,2025-11-27,Boma,Pochala,impassable,2,,Boma – Pochala,,
37,2025-11-27,Bor,Gadiang,impassable,2,,Bor – Gadiang,,
38,2025-11-27,Bor,Baidit,partially passable,1,,Bor – Baidit,Specialized Trucks,
39,2025-11-27,Pengko,Manyabol,impassable,2,,Pengko – Manyabol,,
40,2025-11-27,Baidit,Duk Padiet,impassable,2,Mabior,Baidit – Mabior – Duk Padiet,,
41,2025-11-27,Gadiang,Akobo,impassable,2,,Gadiang – Akobo,,
42,2025-11-27,Juba,Lafon,impassable,2,,Juba – Lafon,,
43,2025-11-27,Adar,Mathiang,impassable,2,,Adar – Mathiang,,
44,2025-11-27,Maper (Lakes),Dablual,impassable,2,,Maper (Lakes) – Dablual,,
45,2025-11-27,Akobo,Kaikuny,impassable,2,,Akobo – Kainuny,,
46,2025-11-27,Motot,Lankien,impassable,2,,Motot – Lankein,,
47,2025-11-27,Wau,Deim Zubeir,partially passable,1,,Wau – Deim Zubeir,20MT,
48,2025-11-27,Wau,Tambura,partially passable,1,,Wau – Tambura,20MT,
49,2025-11-27,Yirol,Shambe,partially passable,1,,Yirol – Shambe,20MT,
50,2025-11-27,Aluakluak,Yirol,partially passable,1,,Aluakluak - Yirol,20MT,
51,2025-11-27,Rumbek,Langdit,passable,0,,Rumbek - Langdit,40MT,
52,2025-11-27,Aluakluak,Rumbek,partially passable,1,,Aluakluak – Rumbek,20MT,
53,2025-11-27,Wunrok,Abiemnhom,impassable,2,Turalei,Wunrok – Turalei – Abiemnhom,,
54,2025-11-27,Kilo 30,Panakuach,passable,0,Roriak,Kilo 30 – Roriak – Panakuach,40MT,
55,2025-11-27,Ding Ding,Koch,impassable,2,,Ding ding - Koch,,
56,2025-11-27,Bentiu,Dhorbor,impassable,2,,Bentiu – Dhorbor,,
57,2025-11-27,Dhorbor,Guit,impassable,2,,Dhorbor – Guit,,
58,2025-11-27,Guit,Ding Ding,impassable,2,,Guit – Ding Ding,,
59,2025-11-27,Gumuruk,Pibor,impassable,2,,Gumuruk – Pibor,,
60,2025-11-27,Bor,Pengko,impassable,2,,Bor – Pengko,,
61,2025-11-27,Duk Padiet,Pajut,impassable,2,,Duk Padiat – Pajut,,
62,2025-11-27,Yuai,Karam,impassable,2,Pathai,Yaui – Pathai – Karam,,
63,2025-11-27,Yuai,Motot,impassable,2,Pieri,Yaui – Pieri – Motot,,
64,2025-11-27,Yuai,Pajut,impassable,2,,Yaui – Pajut,,
65,2025-11-27,Wulu,Rumbek,passable,0,,Wulu – Rumbek,40MT,
66,2025-11-27,Pibor,Likuangole,impassable,2,,Pibor – Likuangole,,
67,2025-11-27,Mingkaman,Yirol,partially passable,1,,Mingkaman – Yirol,20MT,
68,2025-11-27,Yambio,Tambura,passable,0,,Yambio – Tambura,40MT,
69,2025-11-27,Juba,Mundri,passable,0,,Juba – Mundri,40MT,
70,2025-11-27,Kodok,Paloich,impassable,2,,Kodok – Paloich,,
71,2025-11-27,Malakal,Kodok,impassable,2,,Malakal – Kodok,,
72,2025-11-27,Thar Kueng,Kuajok,partially passable,1,,Thar Kueng - Kuajok,20MT,
73,2025-11-27,Bentiu,Guit,partially passable,1,,Bentiu – Guit,20MT,
74,2025-11-27,Duk Padiet,Ayod,impassable,2,,Duk Padiet – Ayod,,
75,2025-11-27,Guit,Mirmir,impassable,2,,Guit – Mir mir,,
76,2025-11-27,Raja,Chandoy/Dolo2,passable,0,,Raja – Chandoy/Dolo2,40MT,
77,2025-11-27,Mundri,Maridi,passable,0,,Mundri - Maridi,40MT,
78,2025-11-27,Torit,Kapoeta,partially passable,1,,Torit – Kapoeta,20MT,
79,2025-11-27,Mayendit,Mirmir,passable,0,Rupkuai,Mayendit – Rupkuai – Mir mir,40MT,
80,2025-11-27,Mirmir,Leer,partially passable,1,,Mirmir – Leer,20MT,
81,2025-11-27,Mankien,Mayom,impassable,2,,Mankien - Mayom,,
82,2025-11-27,Ajak Kuac,Mankien,impassable,2,,Ajak Kuac – Mankien,,
83,2025-11-27,Ayod,Pathai,impassable,2,,Ayod – Pathai,,
84,2025-11-27,Nyandit,Kiech Kon,impassable,2,,Nyandit - Kiech Kon,,
85,2025-11-27,Paloich,Jemaam,passable,0,Adar,Paloich – Adar – Jemaam,40MT,
86,2025-11-27,New Fangak,Kuernyang,impassable,2,,New Fangak – Kuernyang,,
87,2025-11-27,Paguir,Keew,impassable,2,,Paguir – Keew,,
88,2025-11-27,Baliet,Kiech Kon,impassable,2,Akwot,Baliet – Akwot – Kiech kon,,
89,2025-11-27,Wunrok,Gogrial,partially passable,1,,Wunrok – Gogrial,20MT,
90,2025-11-27,Deim Zubeir,Raja,partially passable,1,,Dim Zubeir – Raja,20MT,
91,2025-11-27,Aweil,Yith Pabol,impassable,2,,Aweil – Yith Pabol,,
92,2025-11-27,Kapoeta,Narus,passable,0,,Kapoeta – Narus,40MT,
93,2025-11-27,Melut,Paloich,passable,0,,Melut – Paloich,40MT,
94,2025-11-27,Wunrok,Abyei,partially passable,1,,Wunrok – Abyei,20MT,
95,2025-11-27,Gogrial,Kuajok,partially passable,1,,Gogrial – Kuajok,20MT,
96,2025-11-27,Bentiu,Nhialdiu,impassable,2,,Bentiu – Nhialdiu,,
97,2025-11-27,Aluakluak,Mvolo,partially passable,1,,Aluakluak - Mvolo,20MT,
98,2025-11-27,Kilo 30,Manga Port,passable,0,,Kilo 30 – Manga Port,20MT,
99,2025-11-27,Gossinga,Raja,impassable,2,,Gossinga – Raja,,
100,2025-11-27,Gossinga,Raja,partially passable,1,Kapalala,Gossinga – Kapalala – Raja,20MT,
101,2025-11-27,Nyal,Ganyiel,impassable,2,,Nyal – Ganyiel,,
102,2025-11-27,Manyabol,Gadiang,impassable,2,,Manyabol – Gadiang,,
103,2025-11-27,Manyabol,Gumuruk,impassable,2,,Manyabol – Gumuruk,,
104,2025-11-27,Vertet,Labarab,impassable,2,,Vertet – Labarab,,"ID printed as 103 on this map (typo – 103 is Manyabol – Gumuruk), recorded as 104"
105,2025-11-27,Boma,Maruwa,impassable,2,,Boma – Maruwa,,
106,2025-11-27,Boma,Labarab,impassable,2,,Boma - Labarab,,
107,2025-11-27,Pibor,Vertet,impassable,2,,Pibor – Verthet,,
108,2025-11-27,Aduel,Amok Piny,partially passable,1,,Aduel – Amok Piny,Specialized Trucks,
109,2025-11-27,Lankien,Pading,impassable,2,Nyambor,Lankien – Nyambor – Pading,,
110,2025-11-27,Nyambor,Karam,impassable,2,Pading,Nyambor – Pading – Karam,,
111,2025-11-27,Pajut,Payuel,impassable,2,,Pajut – Payuel,,
112,2025-11-27,Aweil,Gogrial,partially passable,1,Akun,Aweil – Akun – Gogrial,20MT,
113,2025-11-27,Kapoeta,Chukudum,passable,0,,Kapoeta – Chukudum,40MT,
114,2025-11-27,Diabio,Ezo,passable,0,,Diabio – Ezo,40MT,
115,2025-11-27,Mvolo,Wulu,passable,0,,Mvolo – Wullu,40MT,
116,2025-11-27,Aluakluak,Mapuordit,partially passable,1,,Aluakluak - Mapuordit,20MT,
117,2025-11-27,Narus,Nadapal,passable,0,,Narus – Nadapal,40MT,
118,2025-11-27,Bentiu,Kilo 30,impassable,2,,Bentiu – Kilo30,,
119,2025-11-27,Gadiang,Yuai,impassable,2,,Gadiang – Yuai,,
120,2025-11-27,Pathai,Fatuet,impassable,2,,Pathai – Fatuet,,
121,2025-11-27,Walgak,Kaikuny,impassable,2,,Walgak – Kaikuny,,
122,2025-11-27,Yuai,Walgak,impassable,2,Motot; Waat,Yuai – Motot – Waat – Walgak,,
123,2025-11-27,Kuron,Boma,impassable,2,,Kuron – Boma,,
124,2025-11-27,Kapoeta,Kassangor,partially passable,1,,Kapoeta – Kassangor,20MT,
125,2025-11-27,Rumbek,Maper (Lakes),impassable,2,,Rumbek – Maper (Lakes),,
126,2025-11-27,Maruwa,Labarab,impassable,2,,Maruwa – Labarab,,
127,2025-11-27,Koch,Mirmir,impassable,2,,Koch – Mirmir,,
128,2025-11-27,Adok,Leer,partially passable,1,Piling,Adok – Piling – Leer,20MT,
129,2025-11-27,Lainya,Yei,passable,0,,Lainya – Yei,40MT,
130,2025-11-27,Mathiang,Udier,impassable,2,,Mathiang – Udier,,
131,2025-11-27,Gadiang,Payuel,impassable,2,,Gadiang – Payuel,,
132,2025-11-27,Ayod,Mogok,impassable,2,,Ayod – Mogok,,
133,2025-11-27,Kaikang,Kilo 30,impassable,2,Roriak; Mayom,(Kaikang – Roriak )(Mayom – Kilo 30),,alternative road listed as two separate stretches: Kaikang–Roriak and Mayom–Kilo 30
134,2025-11-27,Pariang,Ajuong Thok,passable,0,,Pariang – Ajuong Thok,40MT,
135,2025-11-27,Lafon,Imehejek,partially passable,1,,Lafon – Imehejek,20MT,
136,2025-11-27,Mabior,Gadiang,impassable,2,,Mabior – Gadiang,,
137,2025-11-27,Poktap,Payuel,impassable,2,,Poktap – Payuel,,
138,2025-11-27,Panakuach,Pariang,impassable,2,,Panakuach – Pariang,,new road; first appears 2024-11-01
139,2025-11-27,Mabior,Kongor,impassable,2,,Mabior – Kongor,,
140,2025-11-27,Maiwut,Pagak,impassable,2,,Maiwut – Pagak,,new road; first appears 2025-06-12 (road 20 Mathiang – Maiwut – Pagak shortened to Mathiang – Maiwut the same week)
1,2025-12-04,Kilo 30,Pariang,passable,0,,Kilo 30 – Pariang,40MT,
2,2025-12-04,Gemeiza,Bor,impassable,2,,Gemeiza – Bor,,
3,2025-12-04,Yida,Pariang,passable,0,,Yida - Pariang,40MT,
4,2025-12-04,Juba,Nimule,passable,0,,Juba – Nimule,40MT,
5,2025-12-04,Juba,Torit,partially passable,1,,Juba – Torit,20MT,
6,2025-12-04,Juba,Mangalla,passable,0,,Juba – Mangalla,40MT,
7,2025-12-04,Malakal,Baliet,impassable,2,,Malakal – Baliet,,
8,2025-12-04,Paloich,Renk,passable,0,,Paloich – Renk,40MT,
9,2025-12-04,Adar,Maban,passable,0,Jemaam,Adar – Jemaam – Maban,40MT,
10,2025-12-04,Abyei,Abiemnhom,impassable,2,,Abyei – Abienhom,,
11,2025-12-04,Aweil,Gossinga,partially passable,1,,Aweil – Gossinga,20MT,
12,2025-12-04,Pathai,Walgak,impassable,2,Motot,Pathai – Motot – Walgak,,
13,2025-12-04,Juba,Lainya,passable,0,,Juba – Lainya,40MT,
14,2025-12-04,Maridi,Yambio,passable,0,,Maridi – Yambio,40MT,
15,2025-12-04,Juba,Kajo Keji,passable,0,,Juba – Kajo Keji,40MT,
16,2025-12-04,Juba,Terakeka,impassable,2,,Juba – Terakeka,,
17,2025-12-04,Narus,Kuron,partially passable,1,,Narus – Kuron,20MT,
18,2025-12-04,Mundri,Mvolo,passable,0,,Mundri - Mvolo,40MT,
19,2025-12-04,Mangalla,Gemeiza,passable,0,,Mangalla – Gemeiza,40MT,
20,2025-12-04,Mathiang,Maiwut,impassable,2,,Mathiang – Maiwut,,
21,2025-12-04,Tonj,Langdit,passable,0,,Tonj – Langdit,40MT,
22,2025-12-04,Terakeka,Mundri,passable,0,Tali,Terakeka – Tali – Mundri,40MT,
23,2025-12-04,Terakeka,Mingkaman,partially passable,1,,Terakeka – Mingkaman,20MT,
24,2025-12-04,Torit,Magwi,passable,0,,Torit – Magwi,40MT,
25,2025-12-04,Hiyala,Ikotos,passable,0,,Hiyala – Ikotos,40MT,
26,2025-12-04,Torit,Lafon,partially passable,1,,Torit – Lafon,20MT,
27,2025-12-04,Wau,Thar Kueng,partially passable,1,,Wau – Thar Kueng,20MT,
28,2025-12-04,Wau,Tonj,passable,0,,Wau – Tonj,40MT,
29,2025-12-04,Wau,Akuem,passable,0,Aweil,Wau – Aweil – Akuem,40MT,
30,2025-12-04,Likuangole,Akobo,impassable,2,,Likuangole – Akobo,,
31,2025-12-04,Amok Piny,Madol,impassable,2,,Amok Piny – Madol,,
32,2025-12-04,Akwot,Nasser,impassable,2,,Akwot – Nasser,,
33,2025-12-04,Guit,Koch,impassable,2,,Guit – Koch,,
34,2025-12-04,Abiemnhom,Mayom,passable,0,,Abiemnhom – Mayom,40MT,
35,2025-12-04,Kilo 30,Kaikang,impassable,2,Tumor; Mayom,Kilo30 –Tumor – Mayom – Kaikang,,
36,2025-12-04,Boma,Pochala,impassable,2,,Boma – Pochala,,
37,2025-12-04,Bor,Gadiang,impassable,2,,Bor – Gadiang,,
38,2025-12-04,Bor,Baidit,partially passable,1,,Bor – Baidit,Specialized Trucks,
39,2025-12-04,Pengko,Manyabol,impassable,2,,Pengko – Manyabol,,
40,2025-12-04,Baidit,Duk Padiet,impassable,2,Mabior,Baidit – Mabior – Duk Padiet,,
41,2025-12-04,Gadiang,Akobo,impassable,2,,Gadiang – Akobo,,
42,2025-12-04,Juba,Lafon,impassable,2,,Juba – Lafon,,
43,2025-12-04,Adar,Mathiang,impassable,2,,Adar – Mathiang,,
44,2025-12-04,Maper (Lakes),Dablual,impassable,2,,Maper (Lakes) – Dablual,,
45,2025-12-04,Akobo,Kaikuny,impassable,2,,Akobo – Kainuny,,
46,2025-12-04,Motot,Lankien,impassable,2,,Motot – Lankein,,
47,2025-12-04,Wau,Deim Zubeir,partially passable,1,,Wau – Deim Zubeir,20MT,
48,2025-12-04,Wau,Tambura,partially passable,1,,Wau – Tambura,20MT,
49,2025-12-04,Yirol,Shambe,partially passable,1,,Yirol – Shambe,20MT,
50,2025-12-04,Aluakluak,Yirol,partially passable,1,,Aluakluak - Yirol,20MT,
51,2025-12-04,Rumbek,Langdit,passable,0,,Rumbek - Langdit,40MT,
52,2025-12-04,Aluakluak,Rumbek,partially passable,1,,Aluakluak – Rumbek,20MT,
53,2025-12-04,Wunrok,Abiemnhom,impassable,2,Turalei,Wunrok – Turalei – Abiemnhom,,
54,2025-12-04,Kilo 30,Panakuach,passable,0,Roriak,Kilo 30 – Roriak – Panakuach,40MT,
55,2025-12-04,Ding Ding,Koch,impassable,2,,Ding ding - Koch,,
56,2025-12-04,Bentiu,Dhorbor,impassable,2,,Bentiu – Dhorbor,,
57,2025-12-04,Dhorbor,Guit,impassable,2,,Dhorbor – Guit,,
58,2025-12-04,Guit,Ding Ding,impassable,2,,Guit – Ding Ding,,
59,2025-12-04,Gumuruk,Pibor,impassable,2,,Gumuruk – Pibor,,
60,2025-12-04,Bor,Pengko,impassable,2,,Bor – Pengko,,
61,2025-12-04,Duk Padiet,Pajut,impassable,2,,Duk Padiat – Pajut,,
62,2025-12-04,Yuai,Karam,impassable,2,Pathai,Yaui – Pathai – Karam,,
63,2025-12-04,Yuai,Motot,impassable,2,Pieri,Yaui – Pieri – Motot,,
64,2025-12-04,Yuai,Pajut,impassable,2,,Yaui – Pajut,,
65,2025-12-04,Wulu,Rumbek,passable,0,,Wulu – Rumbek,40MT,
66,2025-12-04,Pibor,Likuangole,impassable,2,,Pibor – Likuangole,,
67,2025-12-04,Mingkaman,Yirol,partially passable,1,,Mingkaman – Yirol,20MT,
68,2025-12-04,Yambio,Tambura,passable,0,,Yambio – Tambura,40MT,
69,2025-12-04,Juba,Mundri,passable,0,,Juba – Mundri,40MT,
70,2025-12-04,Kodok,Paloich,impassable,2,,Kodok – Paloich,,
71,2025-12-04,Malakal,Kodok,impassable,2,,Malakal – Kodok,,
72,2025-12-04,Thar Kueng,Kuajok,partially passable,1,,Thar Kueng - Kuajok,20MT,
73,2025-12-04,Bentiu,Guit,partially passable,1,,Bentiu – Guit,20MT,
74,2025-12-04,Duk Padiet,Ayod,impassable,2,,Duk Padiet – Ayod,,
75,2025-12-04,Guit,Mirmir,impassable,2,,Guit – Mir mir,,
76,2025-12-04,Raja,Chandoy/Dolo2,passable,0,,Raja – Chandoy/Dolo2,40MT,
77,2025-12-04,Mundri,Maridi,passable,0,,Mundri - Maridi,40MT,
78,2025-12-04,Torit,Kapoeta,partially passable,1,,Torit – Kapoeta,20MT,
79,2025-12-04,Mayendit,Mirmir,passable,0,Rupkuai,Mayendit – Rupkuai – Mir mir,40MT,
80,2025-12-04,Mirmir,Leer,partially passable,1,,Mirmir – Leer,20MT,
81,2025-12-04,Mankien,Mayom,impassable,2,,Mankien - Mayom,,
82,2025-12-04,Ajak Kuac,Mankien,impassable,2,,Ajak Kuac – Mankien,,
83,2025-12-04,Ayod,Pathai,impassable,2,,Ayod – Pathai,,
84,2025-12-04,Nyandit,Kiech Kon,impassable,2,,Nyandit - Kiech Kon,,
85,2025-12-04,Paloich,Jemaam,passable,0,Adar,Paloich – Adar – Jemaam,40MT,
86,2025-12-04,New Fangak,Kuernyang,impassable,2,,New Fangak – Kuernyang,,
87,2025-12-04,Paguir,Keew,impassable,2,,Paguir – Keew,,
88,2025-12-04,Baliet,Kiech Kon,impassable,2,Akwot,Baliet – Akwot – Kiech kon,,
89,2025-12-04,Wunrok,Gogrial,partially passable,1,,Wunrok – Gogrial,20MT,
90,2025-12-04,Deim Zubeir,Raja,partially passable,1,,Dim Zubeir – Raja,20MT,
91,2025-12-04,Aweil,Yith Pabol,impassable,2,,Aweil – Yith Pabol,,
92,2025-12-04,Kapoeta,Narus,passable,0,,Kapoeta – Narus,40MT,
93,2025-12-04,Melut,Paloich,passable,0,,Melut – Paloich,40MT,
94,2025-12-04,Wunrok,Abyei,partially passable,1,,Wunrok – Abyei,20MT,
95,2025-12-04,Gogrial,Kuajok,partially passable,1,,Gogrial – Kuajok,20MT,
96,2025-12-04,Bentiu,Nhialdiu,impassable,2,,Bentiu – Nhialdiu,,
97,2025-12-04,Aluakluak,Mvolo,partially passable,1,,Aluakluak - Mvolo,20MT,
98,2025-12-04,Kilo 30,Manga Port,passable,0,,Kilo 30 – Manga Port,20MT,
99,2025-12-04,Gossinga,Raja,impassable,2,,Gossinga – Raja,,
100,2025-12-04,Gossinga,Raja,partially passable,1,Kapalala,Gossinga – Kapalala – Raja,20MT,
101,2025-12-04,Nyal,Ganyiel,impassable,2,,Nyal – Ganyiel,,
102,2025-12-04,Manyabol,Gadiang,impassable,2,,Manyabol – Gadiang,,
103,2025-12-04,Manyabol,Gumuruk,impassable,2,,Manyabol – Gumuruk,,
104,2025-12-04,Vertet,Labarab,impassable,2,,Vertet – Labarab,,"ID printed as 103 on this map (typo – 103 is Manyabol – Gumuruk), recorded as 104"
105,2025-12-04,Boma,Maruwa,impassable,2,,Boma – Maruwa,,
106,2025-12-04,Boma,Labarab,impassable,2,,Boma - Labarab,,
107,2025-12-04,Pibor,Vertet,impassable,2,,Pibor – Verthet,,
108,2025-12-04,Aduel,Amok Piny,partially passable,1,,Aduel – Amok Piny,Specialized Trucks,
109,2025-12-04,Lankien,Pading,impassable,2,Nyambor,Lankien – Nyambor – Pading,,
110,2025-12-04,Nyambor,Karam,impassable,2,Pading,Nyambor – Pading – Karam,,
111,2025-12-04,Pajut,Payuel,impassable,2,,Pajut – Payuel,,
112,2025-12-04,Aweil,Gogrial,partially passable,1,Akun,Aweil – Akun – Gogrial,20MT,
113,2025-12-04,Kapoeta,Chukudum,passable,0,,Kapoeta – Chukudum,40MT,
114,2025-12-04,Diabio,Ezo,passable,0,,Diabio – Ezo,40MT,
115,2025-12-04,Mvolo,Wulu,passable,0,,Mvolo – Wullu,40MT,
116,2025-12-04,Aluakluak,Mapuordit,partially passable,1,,Aluakluak - Mapuordit,20MT,
117,2025-12-04,Narus,Nadapal,passable,0,,Narus – Nadapal,40MT,
118,2025-12-04,Bentiu,Kilo 30,impassable,2,,Bentiu – Kilo30,,
119,2025-12-04,Gadiang,Yuai,impassable,2,,Gadiang – Yuai,,
120,2025-12-04,Pathai,Fatuet,impassable,2,,Pathai – Fatuet,,
121,2025-12-04,Walgak,Kaikuny,impassable,2,,Walgak – Kaikuny,,
122,2025-12-04,Yuai,Walgak,impassable,2,Motot; Waat,Yuai – Motot – Waat – Walgak,,
123,2025-12-04,Kuron,Boma,impassable,2,,Kuron – Boma,,
124,2025-12-04,Kapoeta,Kassangor,partially passable,1,,Kapoeta – Kassangor,20MT,
125,2025-12-04,Rumbek,Maper (Lakes),impassable,2,,Rumbek – Maper (Lakes),,
126,2025-12-04,Maruwa,Labarab,impassable,2,,Maruwa – Labarab,,
127,2025-12-04,Koch,Mirmir,impassable,2,,Koch – Mirmir,,
128,2025-12-04,Adok,Leer,partially passable,1,Piling,Adok – Piling – Leer,20MT,
129,2025-12-04,Lainya,Yei,passable,0,,Lainya – Yei,40MT,
130,2025-12-04,Mathiang,Udier,impassable,2,,Mathiang – Udier,,
131,2025-12-04,Gadiang,Payuel,impassable,2,,Gadiang – Payuel,,
132,2025-12-04,Ayod,Mogok,impassable,2,,Ayod – Mogok,,
133,2025-12-04,Kaikang,Kilo 30,passable,0,Roriak; Mayom,(Kaikang – Roriak )(Mayom – Kilo 30),40MT,alternative road listed as two separate stretches: Kaikang–Roriak and Mayom–Kilo 30
134,2025-12-04,Pariang,Ajuong Thok,passable,0,,Pariang – Ajuong Thok,40MT,
135,2025-12-04,Lafon,Imehejek,partially passable,1,,Lafon – Imehejek,20MT,
136,2025-12-04,Mabior,Gadiang,impassable,2,,Mabior – Gadiang,,
137,2025-12-04,Poktap,Payuel,impassable,2,,Poktap – Payuel,,
138,2025-12-04,Panakuach,Pariang,passable,0,,Panakuach – Pariang,40MT,new road; first appears 2024-11-01
139,2025-12-04,Mabior,Kongor,impassable,2,,Mabior – Kongor,,
140,2025-12-04,Maiwut,Pagak,impassable,2,,Maiwut – Pagak,,new road; first appears 2025-06-12 (road 20 Mathiang – Maiwut – Pagak shortened to Mathiang – Maiwut the same week)
1,2025-12-24,Kilo 30,Pariang,passable,0,,Kilo 30 – Pariang,40MT,
2,2025-12-24,Gemeiza,Bor,impassable,2,,Gemeiza – Bor,,
3,2025-12-24,Yida,Pariang,passable,0,,Yida - Pariang,40MT,
4,2025-12-24,Juba,Nimule,passable,0,,Juba – Nimule,40MT,
5,2025-12-24,Juba,Torit,partially passable,1,,Juba – Torit,20MT,
6,2025-12-24,Juba,Mangalla,passable,0,,Juba – Mangalla,40MT,
7,2025-12-24,Malakal,Baliet,impassable,2,,Malakal – Baliet,,
8,2025-12-24,Paloich,Renk,passable,0,,Paloich – Renk,40MT,
9,2025-12-24,Adar,Maban,passable,0,Jemaam,Adar – Jemaam – Maban,40MT,
10,2025-12-24,Abyei,Abiemnhom,impassable,2,,Abyei – Abienhom,,
11,2025-12-24,Aweil,Gossinga,partially passable,1,,Aweil – Gossinga,20MT,
12,2025-12-24,Pathai,Walgak,impassable,2,Motot,Pathai – Motot – Walgak,,
13,2025-12-24,Juba,Lainya,passable,0,,Juba – Lainya,40MT,
14,2025-12-24,Maridi,Yambio,passable,0,,Maridi – Yambio,40MT,
15,2025-12-24,Juba,Kajo Keji,passable,0,,Juba – Kajo Keji,40MT,
16,2025-12-24,Juba,Terakeka,impassable,2,,Juba – Terakeka,,
17,2025-12-24,Narus,Kuron,partially passable,1,,Narus – Kuron,20MT,
18,2025-12-24,Mundri,Mvolo,passable,0,,Mundri - Mvolo,40MT,
19,2025-12-24,Mangalla,Gemeiza,passable,0,,Mangalla – Gemeiza,40MT,
20,2025-12-24,Mathiang,Maiwut,impassable,2,,Mathiang – Maiwut,,
21,2025-12-24,Tonj,Langdit,passable,0,,Tonj – Langdit,40MT,
22,2025-12-24,Terakeka,Mundri,passable,0,Tali,Terakeka – Tali – Mundri,40MT,
23,2025-12-24,Terakeka,Mingkaman,partially passable,1,,Terakeka – Mingkaman,20MT,
24,2025-12-24,Torit,Magwi,passable,0,,Torit – Magwi,40MT,
25,2025-12-24,Hiyala,Ikotos,passable,0,,Hiyala – Ikotos,40MT,
26,2025-12-24,Torit,Lafon,partially passable,1,,Torit – Lafon,20MT,
27,2025-12-24,Wau,Thar Kueng,partially passable,1,,Wau – Thar Kueng,20MT,
28,2025-12-24,Wau,Tonj,passable,0,,Wau – Tonj,40MT,
29,2025-12-24,Wau,Akuem,passable,0,Aweil,Wau – Aweil – Akuem,40MT,
30,2025-12-24,Likuangole,Akobo,impassable,2,,Likuangole – Akobo,,
31,2025-12-24,Amok Piny,Madol,impassable,2,,Amok Piny – Madol,,
32,2025-12-24,Akwot,Nasser,impassable,2,,Akwot – Nasser,,
33,2025-12-24,Guit,Koch,impassable,2,,Guit – Koch,,
34,2025-12-24,Abiemnhom,Mayom,passable,0,,Abiemnhom – Mayom,40MT,
35,2025-12-24,Kilo 30,Kaikang,impassable,2,Tumor; Mayom,Kilo30 –Tumor – Mayom – Kaikang,,
36,2025-12-24,Boma,Pochala,impassable,2,,Boma – Pochala,,
37,2025-12-24,Bor,Gadiang,impassable,2,,Bor – Gadiang,,
38,2025-12-24,Bor,Baidit,partially passable,1,,Bor – Baidit,Specialized Trucks,
39,2025-12-24,Pengko,Manyabol,impassable,2,,Pengko – Manyabol,,
40,2025-12-24,Baidit,Duk Padiet,impassable,2,Mabior,Baidit – Mabior – Duk Padiet,,
41,2025-12-24,Gadiang,Akobo,impassable,2,,Gadiang – Akobo,,
42,2025-12-24,Juba,Lafon,impassable,2,,Juba – Lafon,,
43,2025-12-24,Adar,Mathiang,impassable,2,,Adar – Mathiang,,
44,2025-12-24,Maper (Lakes),Dablual,impassable,2,,Maper (Lakes) – Dablual,,
45,2025-12-24,Akobo,Kaikuny,impassable,2,,Akobo – Kainuny,,
46,2025-12-24,Motot,Lankien,impassable,2,,Motot – Lankein,,
47,2025-12-24,Wau,Deim Zubeir,partially passable,1,,Wau – Deim Zubeir,20MT,
48,2025-12-24,Wau,Tambura,partially passable,1,,Wau – Tambura,20MT,
49,2025-12-24,Yirol,Shambe,partially passable,1,,Yirol – Shambe,20MT,
50,2025-12-24,Aluakluak,Yirol,partially passable,1,,Aluakluak - Yirol,20MT,
51,2025-12-24,Rumbek,Langdit,passable,0,,Rumbek - Langdit,40MT,
52,2025-12-24,Aluakluak,Rumbek,partially passable,1,,Aluakluak – Rumbek,20MT,
53,2025-12-24,Wunrok,Abiemnhom,impassable,2,Turalei,Wunrok – Turalei – Abiemnhom,,
54,2025-12-24,Kilo 30,Panakuach,passable,0,Roriak,Kilo 30 – Roriak – Panakuach,40MT,
55,2025-12-24,Ding Ding,Koch,impassable,2,,Ding ding - Koch,,
56,2025-12-24,Bentiu,Dhorbor,impassable,2,,Bentiu – Dhorbor,,
57,2025-12-24,Dhorbor,Guit,impassable,2,,Dhorbor – Guit,,
58,2025-12-24,Guit,Ding Ding,impassable,2,,Guit – Ding Ding,,
59,2025-12-24,Gumuruk,Pibor,impassable,2,,Gumuruk – Pibor,,
60,2025-12-24,Bor,Pengko,impassable,2,,Bor – Pengko,,
61,2025-12-24,Duk Padiet,Pajut,impassable,2,,Duk Padiat – Pajut,,
62,2025-12-24,Yuai,Karam,impassable,2,Pathai,Yaui – Pathai – Karam,,
63,2025-12-24,Yuai,Motot,impassable,2,Pieri,Yaui – Pieri – Motot,,
64,2025-12-24,Yuai,Pajut,impassable,2,,Yaui – Pajut,,
65,2025-12-24,Wulu,Rumbek,passable,0,,Wulu – Rumbek,40MT,
66,2025-12-24,Pibor,Likuangole,impassable,2,,Pibor – Likuangole,,
67,2025-12-24,Mingkaman,Yirol,partially passable,1,,Mingkaman – Yirol,20MT,
68,2025-12-24,Yambio,Tambura,passable,0,,Yambio – Tambura,40MT,
69,2025-12-24,Juba,Mundri,passable,0,,Juba – Mundri,40MT,
70,2025-12-24,Kodok,Paloich,impassable,2,,Kodok – Paloich,,
71,2025-12-24,Malakal,Kodok,impassable,2,,Malakal – Kodok,,
72,2025-12-24,Thar Kueng,Kuajok,partially passable,1,,Thar Kueng - Kuajok,20MT,
73,2025-12-24,Bentiu,Guit,partially passable,1,,Bentiu – Guit,20MT,
74,2025-12-24,Duk Padiet,Ayod,impassable,2,,Duk Padiet – Ayod,,
75,2025-12-24,Guit,Mirmir,impassable,2,,Guit – Mir mir,,
76,2025-12-24,Raja,Chandoy/Dolo2,passable,0,,Raja – Chandoy/Dolo2,40MT,
77,2025-12-24,Mundri,Maridi,passable,0,,Mundri - Maridi,40MT,
78,2025-12-24,Torit,Kapoeta,partially passable,1,,Torit – Kapoeta,20MT,
79,2025-12-24,Mayendit,Mirmir,passable,0,Rupkuai,Mayendit – Rupkuai – Mir mir,40MT,
80,2025-12-24,Mirmir,Leer,partially passable,1,,Mirmir – Leer,20MT,
81,2025-12-24,Mankien,Mayom,impassable,2,,Mankien - Mayom,,
82,2025-12-24,Ajak Kuac,Mankien,impassable,2,,Ajak Kuac – Mankien,,
83,2025-12-24,Ayod,Pathai,impassable,2,,Ayod – Pathai,,
84,2025-12-24,Nyandit,Kiech Kon,impassable,2,,Nyandit - Kiech Kon,,
85,2025-12-24,Paloich,Jemaam,passable,0,Adar,Paloich – Adar – Jemaam,40MT,
86,2025-12-24,New Fangak,Kuernyang,impassable,2,,New Fangak – Kuernyang,,
87,2025-12-24,Paguir,Keew,impassable,2,,Paguir – Keew,,
88,2025-12-24,Baliet,Kiech Kon,impassable,2,Akwot,Baliet – Akwot – Kiech kon,,
89,2025-12-24,Wunrok,Gogrial,partially passable,1,,Wunrok – Gogrial,20MT,
90,2025-12-24,Deim Zubeir,Raja,partially passable,1,,Dim Zubeir – Raja,20MT,
91,2025-12-24,Aweil,Yith Pabol,impassable,2,,Aweil – Yith Pabol,,
92,2025-12-24,Kapoeta,Narus,passable,0,,Kapoeta – Narus,40MT,
93,2025-12-24,Melut,Paloich,passable,0,,Melut – Paloich,40MT,
94,2025-12-24,Wunrok,Abyei,partially passable,1,,Wunrok – Abyei,20MT,
95,2025-12-24,Gogrial,Kuajok,partially passable,1,,Gogrial – Kuajok,20MT,
96,2025-12-24,Bentiu,Nhialdiu,impassable,2,,Bentiu – Nhialdiu,,
97,2025-12-24,Aluakluak,Mvolo,partially passable,1,,Aluakluak - Mvolo,20MT,
98,2025-12-24,Kilo 30,Manga Port,passable,0,,Kilo 30 – Manga Port,20MT,
99,2025-12-24,Gossinga,Raja,impassable,2,,Gossinga – Raja,,
100,2025-12-24,Gossinga,Raja,partially passable,1,Kapalala,Gossinga – Kapalala – Raja,20MT,
101,2025-12-24,Nyal,Ganyiel,impassable,2,,Nyal – Ganyiel,,
102,2025-12-24,Manyabol,Gadiang,impassable,2,,Manyabol – Gadiang,,
103,2025-12-24,Manyabol,Gumuruk,impassable,2,,Manyabol – Gumuruk,,
104,2025-12-24,Vertet,Labarab,impassable,2,,Vertet – Labarab,,"ID printed as 103 on this map (typo – 103 is Manyabol – Gumuruk), recorded as 104"
105,2025-12-24,Boma,Maruwa,impassable,2,,Boma – Maruwa,,
106,2025-12-24,Boma,Labarab,impassable,2,,Boma - Labarab,,
107,2025-12-24,Pibor,Vertet,impassable,2,,Pibor – Verthet,,
108,2025-12-24,Aduel,Amok Piny,partially passable,1,,Aduel – Amok Piny,Specialized Trucks,
109,2025-12-24,Lankien,Pading,impassable,2,Nyambor,Lankien – Nyambor – Pading,,
110,2025-12-24,Nyambor,Karam,impassable,2,Pading,Nyambor – Pading – Karam,,
111,2025-12-24,Pajut,Payuel,impassable,2,,Pajut – Payuel,,
112,2025-12-24,Aweil,Gogrial,partially passable,1,Akun,Aweil – Akun – Gogrial,20MT,
113,2025-12-24,Kapoeta,Chukudum,passable,0,,Kapoeta – Chukudum,40MT,
114,2025-12-24,Diabio,Ezo,passable,0,,Diabio – Ezo,40MT,
115,2025-12-24,Mvolo,Wulu,passable,0,,Mvolo – Wullu,40MT,
116,2025-12-24,Aluakluak,Mapuordit,partially passable,1,,Aluakluak - Mapuordit,20MT,
117,2025-12-24,Narus,Nadapal,passable,0,,Narus – Nadapal,40MT,
118,2025-12-24,Bentiu,Kilo 30,impassable,2,,Bentiu – Kilo30,,
119,2025-12-24,Gadiang,Yuai,impassable,2,,Gadiang – Yuai,,
120,2025-12-24,Pathai,Fatuet,impassable,2,,Pathai – Fatuet,,
121,2025-12-24,Walgak,Kaikuny,impassable,2,,Walgak – Kaikuny,,
122,2025-12-24,Yuai,Walgak,impassable,2,Motot; Waat,Yuai – Motot – Waat – Walgak,,
123,2025-12-24,Kuron,Boma,impassable,2,,Kuron – Boma,,
124,2025-12-24,Kapoeta,Kassangor,partially passable,1,,Kapoeta – Kassangor,20MT,
125,2025-12-24,Rumbek,Maper (Lakes),impassable,2,,Rumbek – Maper (Lakes),,
126,2025-12-24,Maruwa,Labarab,impassable,2,,Maruwa – Labarab,,
127,2025-12-24,Koch,Mirmir,impassable,2,,Koch – Mirmir,,
128,2025-12-24,Adok,Leer,partially passable,1,Piling,Adok – Piling – Leer,20MT,
129,2025-12-24,Lainya,Yei,passable,0,,Lainya – Yei,40MT,
130,2025-12-24,Mathiang,Udier,impassable,2,,Mathiang – Udier,,
131,2025-12-24,Gadiang,Payuel,impassable,2,,Gadiang – Payuel,,
132,2025-12-24,Ayod,Mogok,impassable,2,,Ayod – Mogok,,
133,2025-12-24,Kaikang,Kilo 30,passable,0,Roriak; Mayom,(Kaikang – Roriak )(Mayom – Kilo 30),40MT,alternative road listed as two separate stretches: Kaikang–Roriak and Mayom–Kilo 30
134,2025-12-24,Pariang,Ajuong Thok,passable,0,,Pariang – Ajuong Thok,40MT,
135,2025-12-24,Lafon,Imehejek,partially passable,1,,Lafon – Imehejek,20MT,
136,2025-12-24,Mabior,Gadiang,impassable,2,,Mabior – Gadiang,,
137,2025-12-24,Poktap,Payuel,impassable,2,,Poktap – Payuel,,
138,2025-12-24,Panakuach,Pariang,passable,0,,Panakuach – Pariang,40MT,new road; first appears 2024-11-01
139,2025-12-24,Mabior,Kongor,impassable,2,,Mabior – Kongor,,
140,2025-12-24,Maiwut,Pagak,impassable,2,,Maiwut – Pagak,,new road; first appears 2025-06-12 (road 20 Mathiang – Maiwut – Pagak shortened to Mathiang – Maiwut the same week)
