road_id,issue_date,target_date,current_status,target_status,current_binary,target_binary,p_impassable_gbdt
1,2025-01-02,2025-01-16,0,0,0,0,0.008479304414645044
2,2025-01-02,2025-01-16,2,2,1,1,0.9989456508824114
3,2025-01-02,2025-01-16,0,0,0,0,0.008479304414645044
4,2025-01-02,2025-01-16,0,0,0,0,0.012836320442914526
5,2025-01-02,2025-01-16,1,1,1,1,0.9739397134994513
6,2025-01-02,2025-01-16,0,0,0,0,0.008479304414645044
7,2025-01-02,2025-01-16,2,2,1,1,0.9877668611800351
8,2025-01-02,2025-01-16,0,0,0,0,0.008479304414645044
9,2025-01-02,2025-01-16,0,0,0,0,0.023772248305385147
10,2025-01-02,2025-01-16,2,2,1,1,0.9892180311219675
11,2025-01-02,2025-01-16,1,1,1,1,0.9796435654094954
12,2025-01-02,2025-01-16,2,2,1,1,0.9891716508123536
13,2025-01-02,2025-01-16,0,0,0,0,0.009257294467308554
14,2025-01-02,2025-01-16,0,0,0,0,0.008479304414645044
15,2025-01-02,2025-01-16,0,0,0,0,0.014150947087540876
16,2025-01-02,2025-01-16,2,2,1,1,0.9989456508824114
17,2025-01-02,2025-01-16,2,2,1,1,0.9986990054575858
18,2025-01-02,2025-01-16,0,0,0,0,0.006872892429908679
19,2025-01-02,2025-01-16,0,0,0,0,0.008479304414645044
20,2025-01-02,2025-01-16,2,2,1,1,0.9970924223826324
21,2025-01-02,2025-01-16,0,0,0,0,0.006872892429908679
22,2025-01-02,2025-01-16,0,0,0,0,0.009257294467308554
23,2025-01-02,2025-01-16,1,1,1,1,0.9732225474129579
24,2025-01-02,2025-01-16,0,0,0,0,0.008479304414645044
25,2025-01-02,2025-01-16,0,0,0,0,0.008479304414645044
26,2025-01-02,2025-01-16,1,1,1,1,0.987982335328131
27,2025-01-02,2025-01-16,0,0,0,0,0.008479304414645044
28,2025-01-02,2025-01-16,0,0,0,0,0.006872892429908679
29,2025-01-02,2025-01-16,0,0,0,0,0.008479304414645044
30,2025-01-02,2025-01-16,2,2,1,1,0.998809145735317
31,2025-01-02,2025-01-16,2,2,1,1,0.9983928143831019
32,2025-01-02,2025-01-16,2,2,1,1,0.9877668611800351
33,2025-01-02,2025-01-16,2,2,1,1,0.9949776173880243
34,2025-01-02,2025-01-16,1,1,1,1,0.9429258996791776
35,2025-01-02,2025-01-16,2,2,1,1,0.9972908327753949
36,2025-01-02,2025-01-16,2,2,1,1,0.9990371368262189
37,2025-01-02,2025-01-16,2,2,1,1,0.9993083049290231
38,2025-01-02,2025-01-16,1,1,1,1,0.9367815397284333
39,2025-01-02,2025-01-16,2,2,1,1,0.9989456508824114
40,2025-01-02,2025-01-16,2,2,1,1,0.9989153839048771
41,2025-01-02,2025-01-16,2,2,1,1,0.9982991688655047
42,2025-01-02,2025-01-16,2,2,1,1,0.9986231761023218
43,2025-01-02,2025-01-16,2,2,1,1,0.9928962650839391
45,2025-01-02,2025-01-16,2,2,1,1,0.9979789258224054
46,2025-01-02,2025-01-16,2,2,1,1,0.9891716508123536
47,2025-01-02,2025-01-16,1,1,1,1,0.9396986884564377
48,2025-01-02,2025-01-16,1,1,1,1,0.9786148221724441
49,2025-01-02,2025-01-16,1,1,1,1,0.9268174581306935
50,2025-01-02,2025-01-16,1,1,1,1,0.9744322784254575
51,2025-01-02,2025-01-16,0,0,0,0,0.006872892429908679
52,2025-01-02,2025-01-16,1,1,1,1,0.9724069663767886
53,2025-01-02,2025-01-16,1,1,1,1,0.8468848483671418
54,2025-01-02,2025-01-16,0,0,0,0,0.040587328016521595
55,2025-01-02,2025-01-16,2,2,1,1,0.9891716508123536
56,2025-01-02,2025-01-16,2,2,1,1,0.9946879769939102
57,2025-01-02,2025-01-16,2,2,1,1,0.9946879769939102
58,2025-01-02,2025-01-16,2,2,1,1,0.9949558864972489
59,2025-01-02,2025-01-16,2,2,1,1,0.9986990054575858
60,2025-01-02,2025-01-16,2,2,1,1,0.9989456508824114
61,2025-01-02,2025-01-16,2,2,1,1,0.9993083049290231
62,2025-01-02,2025-01-16,2,2,1,1,0.9891716508123536
63,2025-01-02,2025-01-16,2,2,1,1,0.9891716508123536
64,2025-01-02,2025-01-16,2,2,1,1,0.9982991688655047
65,2025-01-02,2025-01-16,0,0,0,0,0.008479304414645044
66,2025-01-02,2025-01-16,2,2,1,1,0.9986990054575858
67,2025-01-02,2025-01-16,1,1,1,1,0.9801937622009028
68,2025-01-02,2025-01-16,0,0,0,0,0.008479304414645044
69,2025-01-02,2025-01-16,0,0,0,0,0.01196851452493301
70,2025-01-02,2025-01-16,2,2,1,1,0.9970924223826324
71,2025-01-02,2025-01-16,2,2,1,1,0.9972908327753949
72,2025-01-02,2025-01-16,0,0,0,0,0.008479304414645044
73,2025-01-02,2025-01-16,0,1,0,1,0.013269041276628597
74,2025-01-02,2025-01-16,2,2,1,1,0.993742808218222
75,2025-01-02,2025-01-16,2,1,1,1,0.993450661600494
76,2025-01-02,2025-01-16,0,0,0,0,0.006872892429908679
77,2025-01-02,2025-01-16,0,0,0,0,0.006872892429908679
78,2025-01-02,2025-01-16,1,1,1,1,0.9739397134994513
79,2025-01-02,2025-01-16,2,2,1,1,0.9949776173880243
80,2025-01-02,2025-01-16,2,1,1,1,0.9840826894920724
81,2025-01-02,2025-01-16,2,2,1,1,0.9840826894920724
82,2025-01-02,2025-01-16,2,2,1,1,0.993450661600494
83,2025-01-02,2025-01-16,2,2,1,1,0.9894923045688231
84,2025-01-02,2025-01-16,2,2,1,1,0.9892180311219675
85,2025-01-02,2025-01-16,0,0,0,0,0.021090886749634025
86,2025-01-02,2025-01-16,2,2,1,1,0.9949776173880243
87,2025-01-02,2025-01-16,2,2,1,1,0.9949776173880243
88,2025-01-02,2025-01-16,2,2,1,1,0.9949776173880243
89,2025-01-02,2025-01-16,0,0,0,0,0.008479304414645044
90,2025-01-02,2025-01-16,1,1,1,1,0.9194297938193067
91,2025-01-02,2025-01-16,2,2,1,1,0.9854964874513265
92,2025-01-02,2025-01-16,0,0,0,0,0.008479304414645044
93,2025-01-02,2025-01-16,0,0,0,0,0.008479304414645044
94,2025-01-02,2025-01-16,1,1,1,1,0.981148013049114
95,2025-01-02,2025-01-16,0,0,0,0,0.008479304414645044
96,2025-01-02,2025-01-16,2,2,1,1,0.9946879769939102
97,2025-01-02,2025-01-16,1,1,1,1,0.9724069663767886
98,2025-01-02,2025-01-16,0,0,0,0,0.005808723267715153
99,2025-01-02,2025-01-16,2,2,1,1,0.9983928143831019
100,2025-01-02,2025-01-16,1,1,1,1,0.9724069663767886
101,2025-01-02,2025-01-16,2,2,1,1,0.9983928143831019
102,2025-01-02,2025-01-16,2,2,1,1,0.9989456508824114
103,2025-01-02,2025-01-16,2,2,1,1,0.9990371368262189
104,2025-01-02,2025-01-16,2,2,1,1,0.9989809955797396
105,2025-01-02,2025-01-16,2,2,1,1,0.9990371368262189
106,2025-01-02,2025-01-16,2,2,1,1,0.9990371368262189
107,2025-01-02,2025-01-16,2,2,1,1,0.9990371368262189
108,2025-01-02,2025-01-16,1,1,1,1,0.9851913581784324
109,2025-01-02,2025-01-16,2,2,1,1,0.9891716508123536
110,2025-01-02,2025-01-16,2,2,1,1,0.9891716508123536
111,2025-01-02,2025-01-16,2,2,1,1,0.9983928143831019
112,2025-01-02,2025-01-16,1,1,1,1,0.981148013049114
113,2025-01-02,2025-01-16,0,0,0,0,0.012836320442914526
114,2025-01-02,2025-01-16,0,0,0,0,0.008479304414645044
115,2025-01-02,2025-01-16,0,0,0,0,0.006872892429908679
116,2025-01-02,2025-01-16,1,1,1,1,0.9724069663767886
117,2025-01-02,2025-01-16,0,0,0,0,0.008479304414645044
118,2025-01-02,2025-01-16,0,0,0,0,0.013269041276628597
119,2025-01-02,2025-01-16,2,2,1,1,0.9983928143831019
120,2025-01-02,2025-01-16,2,2,1,1,0.9988839385088927
121,2025-01-02,2025-01-16,2,2,1,1,0.9891716508123536
122,2025-01-02,2025-01-16,2,2,1,1,0.9891716508123536
123,2025-01-02,2025-01-16,2,2,1,1,0.9990371368262189
124,2025-01-02,2025-01-16,2,2,1,1,0.9986990054575858
125,2025-01-02,2025-01-16,2,2,1,1,0.9892180311219675
126,2025-01-02,2025-01-16,2,2,1,1,0.9990371368262189
127,2025-01-02,2025-01-16,2,2,1,1,0.993742808218222
128,2025-01-02,2025-01-16,2,2,1,1,0.9877143159665424
129,2025-01-02,2025-01-16,0,0,0,0,0.014150947087540876
130,2025-01-02,2025-01-16,2,2,1,1,0.993742808218222
131,2025-01-02,2025-01-16,2,2,1,1,0.9890250437104342
132,2025-01-02,2025-01-16,2,2,1,1,0.9892180311219675
133,2025-01-02,2025-01-16,1,0,1,0,0.9103731811907996
134,2025-01-02,2025-01-16,0,0,0,0,0.008479304414645044
135,2025-01-02,2025-01-16,1,1,1,1,0.987982335328131
136,2025-01-02,2025-01-16,2,2,1,1,0.9948871884872817
137,2025-01-02,2025-01-16,2,2,1,1,0.993742808218222
138,2025-01-02,2025-01-16,1,1,1,1,0.9779924702045655
139,2025-01-02,2025-01-16,2,2,1,1,0.9892180311219675
1,2025-01-10,2025-01-23,0,0,0,0,0.008111821592296157
2,2025-01-10,2025-01-23,2,2,1,1,0.9988975312558834
3,2025-01-10,2025-01-23,0,0,0,0,0.008111821592296157
4,2025-01-10,2025-01-23,0,0,0,0,0.008111821592296157
5,2025-01-10,2025-01-23,1,1,1,1,0.9363809406797654
6,2025-01-10,2025-01-23,0,0,0,0,0.008111821592296157
7,2025-01-10,2025-01-23,2,2,1,1,0.9887309592207055
8,2025-01-10,2025-01-23,0,0,0,0,0.008111821592296157
9,2025-01-10,2025-01-23,0,0,0,0,0.019265686503333313
10,2025-01-10,2025-01-23,2,2,1,1,0.9887309592207055
11,2025-01-10,2025-01-23,1,1,1,1,0.9787332687807566
12,2025-01-10,2025-01-23,2,2,1,1,0.9886825076668823
13,2025-01-10,2025-01-23,0,0,0,0,0.008111821592296157
14,2025-01-10,2025-01-23,0,0,0,0,0.008111821592296157
15,2025-01-10,2025-01-23,0,0,0,0,0.008111821592296157
16,2025-01-10,2025-01-23,2,2,1,1,0.9947493518608732
17,2025-01-10,2025-01-23,2,2,1,1,0.9887309592207055
18,2025-01-10,2025-01-23,0,0,0,0,0.008111821592296157
19,2025-01-10,2025-01-23,0,0,0,0,0.008111821592296157
20,2025-01-10,2025-01-23,2,2,1,1,0.9883823499352519
21,2025-01-10,2025-01-23,0,0,0,0,0.008111821592296157
22,2025-01-10,2025-01-23,0,0,0,0,0.008111821592296157
23,2025-01-10,2025-01-23,1,1,1,1,0.9363809406797654
24,2025-01-10,2025-01-23,0,0,0,0,0.008111821592296157
25,2025-01-10,2025-01-23,0,0,0,0,0.008111821592296157
26,2025-01-10,2025-01-23,1,1,1,1,0.9787332687807566
27,2025-01-10,2025-01-23,0,0,0,0,0.008111821592296157
28,2025-01-10,2025-01-23,0,0,0,0,0.008111821592296157
29,2025-01-10,2025-01-23,0,0,0,0,0.008111821592296157
30,2025-01-10,2025-01-23,2,2,1,1,0.9986396444660026
31,2025-01-10,2025-01-23,2,2,1,1,0.9887309592207055
32,2025-01-10,2025-01-23,2,2,1,1,0.9872150804184548
33,2025-01-10,2025-01-23,2,2,1,1,0.9947493518608732
34,2025-01-10,2025-01-23,1,0,1,0,0.9363809406797654
35,2025-01-10,2025-01-23,2,2,1,1,0.9969599803273642
36,2025-01-10,2025-01-23,2,2,1,1,0.9872150804184548
37,2025-01-10,2025-01-23,2,2,1,1,0.9969599803273642
38,2025-01-10,2025-01-23,1,1,1,1,0.9371168007395907
39,2025-01-10,2025-01-23,2,2,1,1,0.9985603602023033
40,2025-01-10,2025-01-23,2,2,1,1,0.9969599803273642
41,2025-01-10,2025-01-23,2,2,1,1,0.9947493518608732
42,2025-01-10,2025-01-23,2,2,1,1,0.9947493518608732
43,2025-01-10,2025-01-23,2,2,1,1,0.9948836464384969
45,2025-01-10,2025-01-23,2,2,1,1,0.9869435577355916
46,2025-01-10,2025-01-23,2,2,1,1,0.9886825076668823
47,2025-01-10,2025-01-23,1,1,1,1,0.9371168007395907
48,2025-01-10,2025-01-23,1,1,1,1,0.9787332687807566
49,2025-01-10,2025-01-23,1,1,1,1,0.9429832739372218
50,2025-01-10,2025-01-23,1,1,1,1,0.9803036395103647
51,2025-01-10,2025-01-23,0,0,0,0,0.008111821592296157
52,2025-01-10,2025-01-23,1,1,1,1,0.9787332687807566
53,2025-01-10,2025-01-23,1,1,1,1,0.8410014025509432
54,2025-01-10,2025-01-23,0,0,0,0,0.038882891338332184
55,2025-01-10,2025-01-23,2,2,1,1,0.9886825076668823
56,2025-01-10,2025-01-23,2,2,1,1,0.9944466208864922
57,2025-01-10,2025-01-23,2,2,1,1,0.9944466208864922
58,2025-01-10,2025-01-23,2,2,1,1,0.9947266385433239
59,2025-01-10,2025-01-23,2,2,1,1,0.9986396444660026
60,2025-01-10,2025-01-23,2,2,1,1,0.9988975312558834
61,2025-01-10,2025-01-23,2,2,1,1,0.9925741088358923
62,2025-01-10,2025-01-23,2,2,1,1,0.9886825076668823
63,2025-01-10,2025-01-23,2,2,1,1,0.9886825076668823
64,2025-01-10,2025-01-23,2,2,1,1,0.9872150804184548
65,2025-01-10,2025-01-23,0,0,0,0,0.008111821592296157
66,2025-01-10,2025-01-23,2,2,1,1,0.9986396444660026
67,2025-01-10,2025-01-23,1,1,1,1,0.9803036395103647
68,2025-01-10,2025-01-23,0,0,0,0,0.008111821592296157
69,2025-01-10,2025-01-23,0,0,0,0,0.008111821592296157
70,2025-01-10,2025-01-23,2,2,1,1,0.9883823499352519
71,2025-01-10,2025-01-23,2,2,1,1,0.9875396634541854
72,2025-01-10,2025-01-23,0,0,0,0,0.008111821592296157
73,2025-01-10,2025-01-23,0,0,0,0,0.012696635162452511
74,2025-01-10,2025-01-23,2,2,1,1,0.9934587900041452
75,2025-01-10,2025-01-23,0,1,0,1,0.022757199699079883
76,2025-01-10,2025-01-23,0,0,0,0,0.008111821592296157
77,2025-01-10,2025-01-23,0,0,0,0,0.008111821592296157
78,2025-01-10,2025-01-23,1,1,1,1,0.9363809406797654
79,2025-01-10,2025-01-23,2,2,1,1,0.9947493518608732
80,2025-01-10,2025-01-23,2,1,1,1,0.9851908440884306
81,2025-01-10,2025-01-23,2,2,1,1,0.9939106586810638
82,2025-01-10,2025-01-23,2,2,1,1,0.9939106586810638
83,2025-01-10,2025-01-23,2,2,1,1,0.9886825076668823
84,2025-01-10,2025-01-23,2,2,1,1,0.9887309592207055
85,2025-01-10,2025-01-23,0,0,0,0,0.038882891338332184
86,2025-01-10,2025-01-23,2,2,1,1,0.9947493518608732
87,2025-01-10,2025-01-23,2,2,1,1,0.9951068665677624
88,2025-01-10,2025-01-23,2,2,1,1,0.9947493518608732
89,2025-01-10,2025-01-23,0,0,0,0,0.008702451739502645
90,2025-01-10,2025-01-23,1,1,1,1,0.9371168007395907
91,2025-01-10,2025-01-23,2,2,1,1,0.9869435577355916
92,2025-01-10,2025-01-23,0,0,0,0,0.008111821592296157
93,2025-01-10,2025-01-23,0,0,0,0,0.008111821592296157
94,2025-01-10,2025-01-23,1,0,1,0,0.9803036395103647
95,2025-01-10,2025-01-23,0,0,0,0,0.008111821592296157
96,2025-01-10,2025-01-23,2,2,1,1,0.9944466208864922
97,2025-01-10,2025-01-23,1,1,1,1,0.9787332687807566
98,2025-01-10,2025-01-23,0,0,0,0,0.005556331621907267
99,2025-01-10,2025-01-23,2,2,1,1,0.9887309592207055
100,2025-01-10,2025-01-23,1,1,1,1,0.9787332687807566
101,2025-01-10,2025-01-23,2,2,1,1,0.9872150804184548
102,2025-01-10,2025-01-23,2,2,1,1,0.9988975312558834
103,2025-01-10,2025-01-23,2,2,1,1,0.9986396444660026
104,2025-01-10,2025-01-23,2,2,1,1,0.9986396444660026
105,2025-01-10,2025-01-23,2,2,1,1,0.9985603602023033
106,2025-01-10,2025-01-23,2,2,1,1,0.9985603602023033
107,2025-01-10,2025-01-23,2,2,1,1,0.9986396444660026
108,2025-01-10,2025-01-23,1,1,1,1,0.9787332687807566
109,2025-01-10,2025-01-23,2,2,1,1,0.9886825076668823
110,2025-01-10,2025-01-23,2,2,1,1,0.9886825076668823
111,2025-01-10,2025-01-23,2,2,1,1,0.9886825076668823
112,2025-01-10,2025-01-23,1,1,1,1,0.9787332687807566
113,2025-01-10,2025-01-23,0,0,0,0,0.008111821592296157
114,2025-01-10,2025-01-23,0,0,0,0,0.008111821592296157
115,2025-01-10,2025-01-23,0,0,0,0,0.008111821592296157
116,2025-01-10,2025-01-23,1,1,1,1,0.9787332687807566
117,2025-01-10,2025-01-23,0,0,0,0,0.008111821592296157
118,2025-01-10,2025-01-23,0,0,0,0,0.012696635162452511
119,2025-01-10,2025-01-23,2,2,1,1,0.9947266385433239
120,2025-01-10,2025-01-23,2,2,1,1,0.9925741088358923
121,2025-01-10,2025-01-23,2,2,1,1,0.9886825076668823
122,2025-01-10,2025-01-23,2,2,1,1,0.9886825076668823
123,2025-01-10,2025-01-23,2,2,1,1,0.9887309592207055
124,2025-01-10,2025-01-23,2,2,1,1,0.9887309592207055
125,2025-01-10,2025-01-23,2,2,1,1,0.9887309592207055
126,2025-01-10,2025-01-23,2,2,1,1,0.9986396444660026
127,2025-01-10,2025-01-23,2,2,1,1,0.9934587900041452
128,2025-01-10,2025-01-23,2,2,1,1,0.9871601959396398
129,2025-01-10,2025-01-23,0,0,0,0,0.008111821592296157
130,2025-01-10,2025-01-23,2,2,1,1,0.9890174853215509
131,2025-01-10,2025-01-23,2,2,1,1,0.9969599803273642
132,2025-01-10,2025-01-23,2,2,1,1,0.9887309592207055
133,2025-01-10,2025-01-23,0,0,0,0,0.022757199699079883
134,2025-01-10,2025-01-23,0,0,0,0,0.008111821592296157
135,2025-01-10,2025-01-23,1,1,1,1,0.9787332687807566
136,2025-01-10,2025-01-23,2,2,1,1,0.9969599803273642
137,2025-01-10,2025-01-23,2,2,1,1,0.9934587900041452
138,2025-01-10,2025-01-23,1,1,1,1,0.9778355288628828
139,2025-01-10,2025-01-23,2,2,1,1,0.9887309592207055
1,2025-01-16,2025-01-30,0,0,0,0,0.009900011487874182
2,2025-01-16,2025-01-30,2,2,1,1,0.9955679462013328
3,2025-01-16,2025-01-30,0,0,0,0,0.009900011487874182
4,2025-01-16,2025-01-30,0,0,0,0,0.010806932984381876
5,2025-01-16,2025-01-30,1,1,1,1,0.9870957970951318
6,2025-01-16,2025-01-30,0,0,0,0,0.008026624122750153
7,2025-01-16,2025-01-30,2,2,1,1,0.9907641233836565
8,2025-01-16,2025-01-30,0,0,0,0,0.009900011487874182
9,2025-01-16,2025-01-30,0,0,0,0,0.027579638608020193
10,2025-01-16,2025-01-30,2,2,1,1,0.9907641233836565
11,2025-01-16,2025-01-30,1,1,1,1,0.9825383635920957
12,2025-01-16,2025-01-30,2,2,1,1,0.9916195478859813
13,2025-01-16,2025-01-30,0,0,0,0,0.009900011487874182
14,2025-01-16,2025-01-30,0,0,0,0,0.009900011487874182
15,2025-01-16,2025-01-30,0,0,0,0,0.009900011487874182
16,2025-01-16,2025-01-30,2,2,1,1,0.9989456508824114
17,2025-01-16,2025-01-30,2,2,1,1,0.9988636518980936
18,2025-01-16,2025-01-30,0,0,0,0,0.009900011487874182
19,2025-01-16,2025-01-30,0,0,0,0,0.008026624122750153
20,2025-01-16,2025-01-30,2,2,1,1,0.9916195478859813
21,2025-01-16,2025-01-30,0,0,0,0,0.009900011487874182
22,2025-01-16,2025-01-30,0,0,0,0,0.009900011487874182
23,2025-01-16,2025-01-30,1,1,1,1,0.9522352045477714
24,2025-01-16,2025-01-30,0,0,0,0,0.01656481023517016
25,2025-01-16,2025-01-30,0,0,0,0,0.024085717818870422
26,2025-01-16,2025-01-30,1,1,1,1,0.9943299570258465
27,2025-01-16,2025-01-30,0,0,0,0,0.009900011487874182
28,2025-01-16,2025-01-30,0,0,0,0,0.009900011487874182
29,2025-01-16,2025-01-30,0,0,0,0,0.009900011487874182
30,2025-01-16,2025-01-30,2,2,1,1,0.9904884957269788
31,2025-01-16,2025-01-30,2,2,1,1,0.9983928143831019
32,2025-01-16,2025-01-30,2,2,1,1,0.9907641233836565
33,2025-01-16,2025-01-30,2,2,1,1,0.9955679462013328
34,2025-01-16,2025-01-30,1,0,1,0,0.9522352045477714
35,2025-01-16,2025-01-30,2,2,1,1,0.9956813946822335
36,2025-01-16,2025-01-30,2,2,1,1,0.9989456508824114
37,2025-01-16,2025-01-30,2,2,1,1,0.9907705183459402
38,2025-01-16,2025-01-30,1,1,1,1,0.9555870371992309
39,2025-01-16,2025-01-30,2,2,1,1,0.9904884957269788
40,2025-01-16,2025-01-30,2,2,1,1,0.9974348187296495
41,2025-01-16,2025-01-30,2,2,1,1,0.9955679462013328
42,2025-01-16,2025-01-30,2,2,1,1,0.9982991688655047
43,2025-01-16,2025-01-30,2,2,1,1,0.9958520685201755
45,2025-01-16,2025-01-30,2,2,1,1,0.9909203341076758
46,2025-01-16,2025-01-30,2,2,1,1,0.9916195478859813
47,2025-01-16,2025-01-30,1,1,1,1,0.9555870371992309
48,2025-01-16,2025-01-30,1,1,1,1,0.9825383635920957
49,2025-01-16,2025-01-30,1,1,1,1,0.9528768725333024
50,2025-01-16,2025-01-30,1,1,1,1,0.9838324011959761
51,2025-01-16,2025-01-30,0,0,0,0,0.009900011487874182
52,2025-01-16,2025-01-30,1,1,1,1,0.9825383635920957
53,2025-01-16,2025-01-30,1,0,1,0,0.8775156863955803
54,2025-01-16,2025-01-30,0,0,0,0,0.027383859215509464
55,2025-01-16,2025-01-30,2,2,1,1,0.9916195478859813
56,2025-01-16,2025-01-30,2,2,1,1,0.9953121896231562
57,2025-01-16,2025-01-30,2,2,1,1,0.9953121896231562
58,2025-01-16,2025-01-30,2,2,1,1,0.9955487581237065
59,2025-01-16,2025-01-30,2,2,1,1,0.9986990054575858
60,2025-01-16,2025-01-30,2,2,1,1,0.9955487581237065
61,2025-01-16,2025-01-30,2,2,1,1,0.9907705183459402
62,2025-01-16,2025-01-30,2,2,1,1,0.9916195478859813
63,2025-01-16,2025-01-30,2,2,1,1,0.9916195478859813
64,2025-01-16,2025-01-30,2,2,1,1,0.9907641233836565
65,2025-01-16,2025-01-30,0,0,0,0,0.009900011487874182
66,2025-01-16,2025-01-30,2,2,1,1,0.9986990054575858
67,2025-01-16,2025-01-30,1,1,1,1,0.9838324011959761
68,2025-01-16,2025-01-30,0,0,0,0,0.009900011487874182
69,2025-01-16,2025-01-30,0,0,0,0,0.008026624122750153
70,2025-01-16,2025-01-30,2,2,1,1,0.9904884957269788
71,2025-01-16,2025-01-30,2,2,1,1,0.9955487581237065
72,2025-01-16,2025-01-30,0,0,0,0,0.009900011487874182
73,2025-01-16,2025-01-30,1,0,1,0,0.7705588269622851
74,2025-01-16,2025-01-30,2,2,1,1,0.9918683093604181
75,2025-01-16,2025-01-30,1,1,1,1,0.8815374585578477
76,2025-01-16,2025-01-30,0,0,0,0,0.009900011487874182
77,2025-01-16,2025-01-30,0,0,0,0,0.008026624122750153
78,2025-01-16,2025-01-30,1,1,1,1,0.9880091125957948
79,2025-01-16,2025-01-30,2,2,1,1,0.9958699545343571
80,2025-01-16,2025-01-30,1,1,1,1,0.9512858553482432
81,2025-01-16,2025-01-30,2,2,1,1,0.9951757787805313
82,2025-01-16,2025-01-30,2,2,1,1,0.9951757787805313
83,2025-01-16,2025-01-30,2,2,1,1,0.9904884957269788
84,2025-01-16,2025-01-30,2,2,1,1,0.9907641233836565
85,2025-01-16,2025-01-30,0,0,0,0,0.05194987790239281
86,2025-01-16,2025-01-30,2,2,1,1,0.9955679462013328
87,2025-01-16,2025-01-30,2,2,1,1,0.9955679462013328
88,2025-01-16,2025-01-30,2,2,1,1,0.9955679462013328
89,2025-01-16,2025-01-30,0,0,0,0,0.009900011487874182
90,2025-01-16,2025-01-30,1,1,1,1,0.9555870371992309
91,2025-01-16,2025-01-30,2,2,1,1,0.9909203341076758
92,2025-01-16,2025-01-30,0,0,0,0,0.017254728086416992
93,2025-01-16,2025-01-30,0,0,0,0,0.009900011487874182
94,2025-01-16,2025-01-30,1,1,1,1,0.9838324011959761
95,2025-01-16,2025-01-30,0,0,0,0,0.009900011487874182
96,2025-01-16,2025-01-30,2,2,1,1,0.9953121896231562
97,2025-01-16,2025-01-30,1,1,1,1,0.9825383635920957
98,2025-01-16,2025-01-30,0,0,0,0,0.0067850365568917215
99,2025-01-16,2025-01-30,2,2,1,1,0.9907641233836565
100,2025-01-16,2025-01-30,1,1,1,1,0.9825383635920957
101,2025-01-16,2025-01-30,2,2,1,1,0.9907641233836565
102,2025-01-16,2025-01-30,2,2,1,1,0.9958699545343571
103,2025-01-16,2025-01-30,2,2,1,1,0.9983928143831019
104,2025-01-16,2025-01-30,2,2,1,1,0.9986990054575858
105,2025-01-16,2025-01-30,2,2,1,1,0.9989809955797396
106,2025-01-16,2025-01-30,2,2,1,1,0.998739727880364
107,2025-01-16,2025-01-30,2,2,1,1,0.9907641233836565
108,2025-01-16,2025-01-30,1,1,1,1,0.9825383635920957
109,2025-01-16,2025-01-30,2,2,1,1,0.9916195478859813
110,2025-01-16,2025-01-30,2,2,1,1,0.9916195478859813
111,2025-01-16,2025-01-30,2,2,1,1,0.9916195478859813
112,2025-01-16,2025-01-30,1,1,1,1,0.9825383635920957
113,2025-01-16,2025-01-30,0,0,0,0,0.012081031679305913
114,2025-01-16,2025-01-30,0,0,0,0,0.009900011487874182
115,2025-01-16,2025-01-30,0,0,0,0,0.009900011487874182
116,2025-01-16,2025-01-30,1,1,1,1,0.9825383635920957
117,2025-01-16,2025-01-30,0,0,0,0,0.017254728086416992
118,2025-01-16,2025-01-30,0,0,0,0,0.018228455492782854
119,2025-01-16,2025-01-30,2,2,1,1,0.9955487581237065
120,2025-01-16,2025-01-30,2,2,1,1,0.9918683093604181
121,2025-01-16,2025-01-30,2,2,1,1,0.9916195478859813
122,2025-01-16,2025-01-30,2,2,1,1,0.9916195478859813
123,2025-01-16,2025-01-30,2,2,1,1,0.9985216244201218
124,2025-01-16,2025-01-30,2,2,1,1,0.9992142037753557
125,2025-01-16,2025-01-30,2,2,1,1,0.9907641233836565
126,2025-01-16,2025-01-30,2,2,1,1,0.9983928143831019
127,2025-01-16,2025-01-30,2,2,1,1,0.9918683093604181
128,2025-01-16,2025-01-30,2,2,1,1,0.9916195478859813
129,2025-01-16,2025-01-30,0,0,0,0,0.009900011487874182
130,2025-01-16,2025-01-30,2,2,1,1,0.9904884957269788
131,2025-01-16,2025-01-30,2,2,1,1,0.9974348187296495
132,2025-01-16,2025-01-30,2,2,1,1,0.9907641233836565
133,2025-01-16,2025-01-30,0,0,0,0,0.03252791254585852
134,2025-01-16,2025-01-30,0,0,0,0,0.009900011487874182
135,2025-01-16,2025-01-30,1,1,1,1,0.9943299570258465
136,2025-01-16,2025-01-30,2,2,1,1,0.9974348187296495
137,2025-01-16,2025-01-30,2,2,1,1,0.9918683093604181
138,2025-01-16,2025-01-30,1,1,1,1,0.982904898903623
139,2025-01-16,2025-01-30,2,2,1,1,0.9907641233836565
1,2025-01-23,2025-02-06,0,0,0,0,0.008479304414645044
2,2025-01-23,2025-02-06,2,2,1,1,0.9949776173880243
3,2025-01-23,2025-02-06,0,0,0,0,0.008479304414645044
4,2025-01-23,2025-02-06,0,0,0,0,0.008479304414645044
5,2025-01-23,2025-02-06,1,1,1,1,0.9562882058787098
6,2025-01-23,2025-02-06,0,0,0,0,0.008479304414645044
7,2025-01-23,2025-02-06,2,2,1,1,0.9892180311219675
8,2025-01-23,2025-02-06,0,0,0,0,0.008479304414645044
9,2025-01-23,2025-02-06,0,0,0,0,0.019216076452465248
10,2025-01-23,2025-02-06,2,2,1,1,0.9892180311219675
11,2025-01-23,2025-02-06,1,1,1,1,0.9796435654094954
12,2025-01-23,2025-02-06,2,2,1,1,0.9891716508123536
13,2025-01-23,2025-02-06,0,0,0,0,0.006872892429908679
14,2025-01-23,2025-02-06,0,0,0,0,0.009257294467308554
15,2025-01-23,2025-02-06,0,0,0,0,0.006872892429908679
16,2025-01-23,2025-02-06,2,2,1,1,0.9885943598517462
17,2025-01-23,2025-02-06,2,2,1,1,0.9986990054575858
18,2025-01-23,2025-02-06,0,0,0,0,0.008479304414645044
19,2025-01-23,2025-02-06,0,0,0,0,0.008479304414645044
20,2025-01-23,2025-02-06,2,2,1,1,0.9891716508123536
21,2025-01-23,2025-02-06,0,0,0,0,0.008479304414645044
22,2025-01-23,2025-02-06,0,0,0,0,0.006872892429908679
23,2025-01-23,2025-02-06,1,1,1,1,0.9389910747126662
24,2025-01-23,2025-02-06,0,0,0,0,0.008479304414645044
25,2025-01-23,2025-02-06,0,0,0,0,0.008479304414645044
26,2025-01-23,2025-02-06,1,1,1,1,0.9796435654094954
27,2025-01-23,2025-02-06,0,0,0,0,0.008479304414645044
28,2025-01-23,2025-02-06,0,0,0,0,0.009096445985123389
29,2025-01-23,2025-02-06,0,0,0,0,0.008479304414645044
30,2025-01-23,2025-02-06,2,2,1,1,0.9989456508824114
31,2025-01-23,2025-02-06,2,2,1,1,0.9892180311219675
32,2025-01-23,2025-02-06,2,2,1,1,0.9892180311219675
33,2025-01-23,2025-02-06,2,2,1,1,0.9949776173880243
34,2025-01-23,2025-02-06,0,0,0,0,0.023772248305385147
35,2025-01-23,2025-02-06,2,2,1,1,0.9952994047892322
36,2025-01-23,2025-02-06,2,2,1,1,0.9989456508824114
37,2025-01-23,2025-02-06,2,2,1,1,0.9899050950226744
38,2025-01-23,2025-02-06,1,1,1,1,0.9441403121407264
39,2025-01-23,2025-02-06,2,2,1,1,0.9877143159665424
40,2025-01-23,2025-02-06,2,2,1,1,0.9880776048063464
41,2025-01-23,2025-02-06,2,2,1,1,0.9949776173880243
42,2025-01-23,2025-02-06,2,2,1,1,0.9877668611800351
43,2025-01-23,2025-02-06,2,2,1,1,0.9949558864972489
45,2025-01-23,2025-02-06,2,2,1,1,0.9884473237005942
46,2025-01-23,2025-02-06,2,2,1,1,0.9891716508123536
47,2025-01-23,2025-02-06,1,1,1,1,0.9398635493018856
48,2025-01-23,2025-02-06,1,1,1,1,0.9796435654094954
49,2025-01-23,2025-02-06,1,1,1,1,0.9453383430212908
50,2025-01-23,2025-02-06,1,1,1,1,0.981148013049114
51,2025-01-23,2025-02-06,0,0,0,0,0.008479304414645044
52,2025-01-23,2025-02-06,1,1,1,1,0.9796435654094954
53,2025-01-23,2025-02-06,1,0,1,0,0.9433261443704869
54,2025-01-23,2025-02-06,0,0,0,0,0.018816745406223804
55,2025-01-23,2025-02-06,2,2,1,1,0.9891716508123536
56,2025-01-23,2025-02-06,2,2,1,1,0.9946879769939102
57,2025-01-23,2025-02-06,2,2,1,1,0.9946879769939102
58,2025-01-23,2025-02-06,2,2,1,1,0.9949558864972489
59,2025-01-23,2025-02-06,2,2,1,1,0.9986990054575858
60,2025-01-23,2025-02-06,2,2,1,1,0.9885453277892939
61,2025-01-23,2025-02-06,2,2,1,1,0.9899050950226744
62,2025-01-23,2025-02-06,2,2,1,1,0.9891716508123536
63,2025-01-23,2025-02-06,2,2,1,1,0.9891716508123536
64,2025-01-23,2025-02-06,2,2,1,1,0.9892180311219675
65,2025-01-23,2025-02-06,0,0,0,0,0.008479304414645044
66,2025-01-23,2025-02-06,2,2,1,1,0.9986990054575858
67,2025-01-23,2025-02-06,1,1,1,1,0.981148013049114
68,2025-01-23,2025-02-06,0,0,0,0,0.006872892429908679
69,2025-01-23,2025-02-06,0,0,0,0,0.008479304414645044
70,2025-01-23,2025-02-06,2,2,1,1,0.9877143159665424
71,2025-01-23,2025-02-06,2,2,1,1,0.9877143159665424
72,2025-01-23,2025-02-06,0,0,0,0,0.008479304414645044
73,2025-01-23,2025-02-06,0,0,0,0,0.01590912535128113
74,2025-01-23,2025-02-06,2,2,1,1,0.9891716508123536
75,2025-01-23,2025-02-06,1,1,1,1,0.8434970635733414
76,2025-01-23,2025-02-06,0,0,0,0,0.008479304414645044
77,2025-01-23,2025-02-06,0,0,0,0,0.008479304414645044
78,2025-01-23,2025-02-06,1,1,1,1,0.9739397134994513
79,2025-01-23,2025-02-06,2,2,1,1,0.9949776173880243
80,2025-01-23,2025-02-06,1,1,1,1,0.933965127446399
81,2025-01-23,2025-02-06,2,2,1,1,0.9952589102066033
82,2025-01-23,2025-02-06,2,2,1,1,0.9952589102066033
83,2025-01-23,2025-02-06,2,2,1,1,0.9877143159665424
84,2025-01-23,2025-02-06,2,2,1,1,0.9892180311219675
85,2025-01-23,2025-02-06,0,0,0,0,0.02127385280824844
86,2025-01-23,2025-02-06,2,2,1,1,0.9949776173880243
87,2025-01-23,2025-02-06,2,2,1,1,0.9949776173880243
88,2025-01-23,2025-02-06,2,2,1,1,0.9949776173880243
89,2025-01-23,2025-02-06,0,0,0,0,0.009096445985123389
90,2025-01-23,2025-02-06,1,1,1,1,0.9398635493018856
91,2025-01-23,2025-02-06,2,2,1,1,0.9898186050326458
92,2025-01-23,2025-02-06,0,0,0,0,0.008479304414645044
93,2025-01-23,2025-02-06,0,0,0,0,0.008479304414645044
94,2025-01-23,2025-02-06,0,1,0,1,0.023772248305385147
95,2025-01-23,2025-02-06,0,0,0,0,0.008479304414645044
96,2025-01-23,2025-02-06,2,2,1,1,0.9946879769939102
97,2025-01-23,2025-02-06,1,1,1,1,0.9796435654094954
98,2025-01-23,2025-02-06,0,0,0,0,0.005808723267715153
99,2025-01-23,2025-02-06,2,2,1,1,0.9892180311219675
100,2025-01-23,2025-02-06,1,1,1,1,0.9796435654094954
101,2025-01-23,2025-02-06,2,2,1,1,0.9892180311219675
102,2025-01-23,2025-02-06,2,2,1,1,0.9899483657450605
103,2025-01-23,2025-02-06,2,2,1,1,0.9891716508123536
104,2025-01-23,2025-02-06,2,2,1,1,0.9892180311219675
105,2025-01-23,2025-02-06,2,2,1,1,0.9877668611800351
106,2025-01-23,2025-02-06,2,2,1,1,0.9892180311219675
107,2025-01-23,2025-02-06,2,2,1,1,0.9983928143831019
108,2025-01-23,2025-02-06,1,1,1,1,0.9796435654094954
109,2025-01-23,2025-02-06,2,2,1,1,0.9891716508123536
110,2025-01-23,2025-02-06,2,2,1,1,0.9891716508123536
111,2025-01-23,2025-02-06,2,2,1,1,0.9891716508123536
112,2025-01-23,2025-02-06,1,1,1,1,0.9796435654094954
113,2025-01-23,2025-02-06,0,0,0,0,0.008479304414645044
114,2025-01-23,2025-02-06,0,0,0,0,0.006872892429908679
115,2025-01-23,2025-02-06,0,0,0,0,0.008479304414645044
116,2025-01-23,2025-02-06,1,1,1,1,0.9796435654094954
117,2025-01-23,2025-02-06,0,0,0,0,0.008479304414645044
118,2025-01-23,2025-02-06,0,0,0,0,0.013269041276628597
119,2025-01-23,2025-02-06,2,2,1,1,0.9899050950226744
120,2025-01-23,2025-02-06,2,2,1,1,0.9891716508123536
121,2025-01-23,2025-02-06,2,2,1,1,0.9891716508123536
122,2025-01-23,2025-02-06,2,2,1,1,0.9891716508123536
123,2025-01-23,2025-02-06,2,2,1,1,0.9986990054575858
124,2025-01-23,2025-02-06,2,2,1,1,0.9986990054575858
125,2025-01-23,2025-02-06,2,2,1,1,0.9892180311219675
126,2025-01-23,2025-02-06,2,2,1,1,0.9892180311219675
127,2025-01-23,2025-02-06,2,2,1,1,0.9891716508123536
128,2025-01-23,2025-02-06,2,2,1,1,0.9891716508123536
129,2025-01-23,2025-02-06,0,0,0,0,0.006872892429908679
130,2025-01-23,2025-02-06,2,2,1,1,0.9949558864972489
131,2025-01-23,2025-02-06,2,2,1,1,0.9888843200750674
132,2025-01-23,2025-02-06,2,2,1,1,0.9892180311219675
133,2025-01-23,2025-02-06,0,0,0,0,0.023772248305385147
134,2025-01-23,2025-02-06,0,0,0,0,0.008479304414645044
135,2025-01-23,2025-02-06,1,1,1,1,0.9796435654094954
136,2025-01-23,2025-02-06,2,2,1,1,0.9951061023954167
137,2025-01-23,2025-02-06,2,2,1,1,0.9891716508123536
138,2025-01-23,2025-02-06,1,1,1,1,0.9826809826154707
139,2025-01-23,2025-02-06,2,2,1,1,0.9892180311219675
1,2025-02-06,2025-02-20,0,0,0,0,0.007957392501797014
2,2025-02-06,2025-02-20,2,2,1,1,0.9989456508824114
3,2025-02-06,2025-02-20,0,0,0,0,0.0077295440914111
4,2025-02-06,2025-02-20,0,0,0,0,0.00859426191237834
5,2025-02-06,2025-02-20,1,1,1,1,0.9334200218585184
6,2025-02-06,2025-02-20,0,0,0,0,0.007416950731982225
7,2025-02-06,2025-02-20,2,2,1,1,0.9881757159898724
8,2025-02-06,2025-02-20,0,0,0,0,0.0077295440914111
9,2025-02-06,2025-02-20,0,0,0,0,0.016491814268653766
10,2025-02-06,2025-02-20,2,2,1,1,0.9881757159898724
11,2025-02-06,2025-02-20,1,1,1,1,0.9776965356829604
12,2025-02-06,2025-02-20,2,2,1,1,0.9881249058246847
13,2025-02-06,2025-02-20,0,0,0,0,0.0077295440914111
14,2025-02-06,2025-02-20,0,0,0,0,0.0062642774816137935
15,2025-02-06,2025-02-20,0,0,0,0,0.0077295440914111
16,2025-02-06,2025-02-20,2,2,1,1,0.9949776173880243
17,2025-02-06,2025-02-20,2,2,1,1,0.998716533953358
18,2025-02-06,2025-02-20,0,0,0,0,0.0077295440914111
19,2025-02-06,2025-02-20,0,0,0,0,0.007957392501797014
20,2025-02-06,2025-02-20,2,2,1,1,0.9881249058246847
21,2025-02-06,2025-02-20,0,0,0,0,0.0077295440914111
22,2025-02-06,2025-02-20,0,0,0,0,0.0062642774816137935
23,2025-02-06,2025-02-20,1,1,1,1,0.9274728716179353
24,2025-02-06,2025-02-20,0,0,0,0,0.00859426191237834
25,2025-02-06,2025-02-20,0,0,0,0,0.00859426191237834
26,2025-02-06,2025-02-20,1,1,1,1,0.9754104994792591
27,2025-02-06,2025-02-20,0,0,0,0,0.0077295440914111
28,2025-02-06,2025-02-20,0,0,0,0,0.0077295440914111
29,2025-02-06,2025-02-20,0,0,0,0,0.0077295440914111
30,2025-02-06,2025-02-20,2,2,1,1,0.998235862692785
31,2025-02-06,2025-02-20,2,2,1,1,0.9881757159898724
32,2025-02-06,2025-02-20,2,2,1,1,0.9881757159898724
33,2025-02-06,2025-02-20,2,2,1,1,0.9949776173880243
34,2025-02-06,2025-02-20,0,0,0,0,0.020415503185651097
35,2025-02-06,2025-02-20,2,2,1,1,0.976829328797642
36,2025-02-06,2025-02-20,2,2,1,1,0.9989456508824114
37,2025-02-06,2025-02-20,2,1,1,1,0.9966655936728422
38,2025-02-06,2025-02-20,1,1,1,1,0.9622601391207145
39,2025-02-06,2025-02-20,2,1,1,1,0.9989456508824114
40,2025-02-06,2025-02-20,2,2,1,1,0.9761572499954954
41,2025-02-06,2025-02-20,2,2,1,1,0.9965244599565696
42,2025-02-06,2025-02-20,2,2,1,1,0.9966655936728422
43,2025-02-06,2025-02-20,2,2,1,1,0.9777523815288087
45,2025-02-06,2025-02-20,2,2,1,1,0.9872002440916275
46,2025-02-06,2025-02-20,2,1,1,1,0.9881249058246847
47,2025-02-06,2025-02-20,1,1,1,1,0.9654609966477588
48,2025-02-06,2025-02-20,1,1,1,1,0.9776965356829604
49,2025-02-06,2025-02-20,1,1,1,1,0.937932130733228
50,2025-02-06,2025-02-20,1,1,1,1,0.9767712209567662
51,2025-02-06,2025-02-20,0,0,0,0,0.0077295440914111
52,2025-02-06,2025-02-20,1,1,1,1,0.9776965356829604
53,2025-02-06,2025-02-20,0,0,0,0,0.019600006119207425
54,2025-02-06,2025-02-20,0,0,0,0,0.01716875138665342
55,2025-02-06,2025-02-20,2,2,1,1,0.9881249058246847
56,2025-02-06,2025-02-20,2,2,1,1,0.9946879769939102
57,2025-02-06,2025-02-20,2,2,1,1,0.9946879769939102
58,2025-02-06,2025-02-20,2,2,1,1,0.9949558864972489
59,2025-02-06,2025-02-20,2,1,1,1,0.998235862692785
60,2025-02-06,2025-02-20,2,1,1,1,0.998235862692785
61,2025-02-06,2025-02-20,2,2,1,1,0.9881249058246847
62,2025-02-06,2025-02-20,2,2,1,1,0.9881249058246847
63,2025-02-06,2025-02-20,2,1,1,1,0.9881249058246847
64,2025-02-06,2025-02-20,2,2,1,1,0.9881757159898724
65,2025-02-06,2025-02-20,0,0,0,0,0.0077295440914111
66,2025-02-06,2025-02-20,2,2,1,1,0.998235862692785
67,2025-02-06,2025-02-20,1,1,1,1,0.9773972607009811
68,2025-02-06,2025-02-20,0,0,0,0,0.0077295440914111
69,2025-02-06,2025-02-20,0,0,0,0,0.0062642774816137935
70,2025-02-06,2025-02-20,2,2,1,1,0.9751696960352185
71,2025-02-06,2025-02-20,2,2,1,1,0.9949558864972489
72,2025-02-06,2025-02-20,0,0,0,0,0.0077295440914111
73,2025-02-06,2025-02-20,0,0,0,0,0.01309841493937171
74,2025-02-06,2025-02-20,2,2,1,1,0.9881249058246847
75,2025-02-06,2025-02-20,1,0,1,0,0.7402613517241706
76,2025-02-06,2025-02-20,0,0,0,0,0.0077295440914111
77,2025-02-06,2025-02-20,0,0,0,0,0.0062642774816137935
78,2025-02-06,2025-02-20,1,1,1,1,0.9638362280429524
79,2025-02-06,2025-02-20,2,2,1,1,0.9949776173880243
80,2025-02-06,2025-02-20,1,0,1,0,0.8937141380735876
81,2025-02-06,2025-02-20,2,2,1,1,0.9945601952055815
82,2025-02-06,2025-02-20,2,2,1,1,0.9945601952055815
83,2025-02-06,2025-02-20,2,2,1,1,0.9889284563867797
84,2025-02-06,2025-02-20,2,2,1,1,0.9881757159898724
85,2025-02-06,2025-02-20,0,0,0,0,0.01716875138665342
86,2025-02-06,2025-02-20,2,2,1,1,0.9949776173880243
87,2025-02-06,2025-02-20,2,2,1,1,0.9769273410221273
88,2025-02-06,2025-02-20,2,2,1,1,0.9949776173880243
89,2025-02-06,2025-02-20,0,0,0,0,0.008292572920416083
90,2025-02-06,2025-02-20,1,1,1,1,0.9654609966477588
91,2025-02-06,2025-02-20,2,2,1,1,0.9872002440916275
92,2025-02-06,2025-02-20,0,0,0,0,0.0062642774816137935
93,2025-02-06,2025-02-20,0,0,0,0,0.0077295440914111
94,2025-02-06,2025-02-20,1,1,1,1,0.9207077597699801
95,2025-02-06,2025-02-20,0,0,0,0,0.0077295440914111
96,2025-02-06,2025-02-20,2,2,1,1,0.9946879769939102
97,2025-02-06,2025-02-20,1,1,1,1,0.9776965356829604
98,2025-02-06,2025-02-20,0,0,0,0,0.005079246906533514
99,2025-02-06,2025-02-20,2,2,1,1,0.9881757159898724
100,2025-02-06,2025-02-20,1,1,1,1,0.9776965356829604
101,2025-02-06,2025-02-20,2,2,1,1,0.9881757159898724
102,2025-02-06,2025-02-20,2,2,1,1,0.998235862692785
103,2025-02-06,2025-02-20,2,1,1,1,0.998235862692785
104,2025-02-06,2025-02-20,2,2,1,1,0.998235862692785
105,2025-02-06,2025-02-20,2,2,1,1,0.9893619375541212
106,2025-02-06,2025-02-20,2,2,1,1,0.998716533953358
107,2025-02-06,2025-02-20,2,2,1,1,0.998235862692785
108,2025-02-06,2025-02-20,1,1,1,1,0.9776965356829604
109,2025-02-06,2025-02-20,2,2,1,1,0.9881249058246847
110,2025-02-06,2025-02-20,2,2,1,1,0.9881249058246847
111,2025-02-06,2025-02-20,2,2,1,1,0.9761572499954954
112,2025-02-06,2025-02-20,1,1,1,1,0.9776965356829604
113,2025-02-06,2025-02-20,0,0,0,0,0.00859426191237834
114,2025-02-06,2025-02-20,0,0,0,0,0.0077295440914111
115,2025-02-06,2025-02-20,0,0,0,0,0.0077295440914111
116,2025-02-06,2025-02-20,1,1,1,1,0.9776965356829604
117,2025-02-06,2025-02-20,0,0,0,0,0.00859426191237834
118,2025-02-06,2025-02-20,0,0,0,0,0.010964180681166431
119,2025-02-06,2025-02-20,2,1,1,1,0.9881249058246847
120,2025-02-06,2025-02-20,2,2,1,1,0.9881249058246847
121,2025-02-06,2025-02-20,2,2,1,1,0.9881249058246847
122,2025-02-06,2025-02-20,2,2,1,1,0.9881249058246847
123,2025-02-06,2025-02-20,2,2,1,1,0.998716533953358
124,2025-02-06,2025-02-20,2,2,1,1,0.998235862692785
125,2025-02-06,2025-02-20,2,2,1,1,0.9889758667449624
126,2025-02-06,2025-02-20,2,2,1,1,0.990082622161021
127,2025-02-06,2025-02-20,2,2,1,1,0.9881249058246847
128,2025-02-06,2025-02-20,2,2,1,1,0.9881249058246847
129,2025-02-06,2025-02-20,0,0,0,0,0.00859426191237834
130,2025-02-06,2025-02-20,2,2,1,1,0.976829328797642
131,2025-02-06,2025-02-20,2,2,1,1,0.9952994047892322
132,2025-02-06,2025-02-20,2,2,1,1,0.9881757159898724
133,2025-02-06,2025-02-20,0,0,0,0,0.017276912043742577
134,2025-02-06,2025-02-20,0,0,0,0,0.0077295440914111
135,2025-02-06,2025-02-20,1,1,1,1,0.9837661644514365
136,2025-02-06,2025-02-20,2,2,1,1,0.9952994047892322
137,2025-02-06,2025-02-20,2,2,1,1,0.9881249058246847
138,2025-02-06,2025-02-20,1,1,1,1,0.9749586876978301
139,2025-02-06,2025-02-20,2,2,1,1,0.9881757159898724
1,2025-02-14,2025-02-27,0,0,0,0,0.007394312653455292
2,2025-02-14,2025-02-27,2,2,1,1,0.9947493518608732
3,2025-02-14,2025-02-27,0,0,0,0,0.007394312653455292
4,2025-02-14,2025-02-27,0,0,0,0,0.005992211102790864
5,2025-02-14,2025-02-27,1,1,1,1,0.9075595213291294
6,2025-02-14,2025-02-27,0,0,0,0,0.005749470765829331
7,2025-02-14,2025-02-27,2,2,1,1,0.9990371368262189
8,2025-02-14,2025-02-27,0,0,0,0,0.005992211102790864
9,2025-02-14,2025-02-27,0,0,0,0,0.012810453474470917
10,2025-02-14,2025-02-27,2,2,1,1,0.9876421460721755
11,2025-02-14,2025-02-27,1,1,1,1,0.976701242715864
12,2025-02-14,2025-02-27,2,2,1,1,0.9990371368262189
13,2025-02-14,2025-02-27,0,0,0,0,0.007394312653455292
14,2025-02-14,2025-02-27,0,0,0,0,0.005992211102790864
15,2025-02-14,2025-02-27,0,0,0,0,0.005992211102790864
16,2025-02-14,2025-02-27,2,2,1,1,0.9858004599407819
17,2025-02-14,2025-02-27,2,2,1,1,0.9986579716666462
18,2025-02-14,2025-02-27,0,0,0,0,0.007394312653455292
19,2025-02-14,2025-02-27,0,0,0,0,0.007095179572737212
20,2025-02-14,2025-02-27,2,2,1,1,0.9990371368262189
21,2025-02-14,2025-02-27,0,0,0,0,0.007394312653455292
22,2025-02-14,2025-02-27,0,0,0,0,0.007394312653455292
23,2025-02-14,2025-02-27,1,1,1,1,0.9371852806226972
24,2025-02-14,2025-02-27,0,0,0,0,0.005992211102790864
25,2025-02-14,2025-02-27,0,0,0,0,0.005992211102790864
26,2025-02-14,2025-02-27,1,1,1,1,0.9743158719811087
27,2025-02-14,2025-02-27,0,0,0,0,0.007394312653455292
28,2025-02-14,2025-02-27,0,0,0,0,0.007394312653455292
29,2025-02-14,2025-02-27,0,0,0,0,0.005992211102790864
30,2025-02-14,2025-02-27,2,2,1,1,0.9990371368262189
31,2025-02-14,2025-02-27,2,2,1,1,0.9965137772696185
32,2025-02-14,2025-02-27,2,2,1,1,0.9990371368262189
33,2025-02-14,2025-02-27,2,2,1,1,0.9947493518608732
34,2025-02-14,2025-02-27,0,0,0,0,0.01473355305231663
35,2025-02-14,2025-02-27,2,2,1,1,0.9740646339441724
36,2025-02-14,2025-02-27,2,2,1,1,0.997569539605501
37,2025-02-14,2025-02-27,1,1,1,1,0.9279648351309153
38,2025-02-14,2025-02-27,1,1,1,1,0.96747739507023
39,2025-02-14,2025-02-27,1,1,1,1,0.95653389951643
40,2025-02-14,2025-02-27,2,2,1,1,0.9965137772696185
41,2025-02-14,2025-02-27,2,2,1,1,0.9990371368262189
42,2025-02-14,2025-02-27,2,2,1,1,0.9971769386526828
43,2025-02-14,2025-02-27,2,2,1,1,0.9987146631589037
45,2025-02-14,2025-02-27,2,2,1,1,0.9975336416824562
46,2025-02-14,2025-02-27,1,1,1,1,0.9860089927173035
47,2025-02-14,2025-02-27,1,1,1,1,0.9621481393490935
48,2025-02-14,2025-02-27,1,1,1,1,0.9830370295470207
49,2025-02-14,2025-02-27,1,1,1,1,0.9453844897973732
50,2025-02-14,2025-02-27,1,1,1,1,0.967156398853428
51,2025-02-14,2025-02-27,0,0,0,0,0.007394312653455292
52,2025-02-14,2025-02-27,1,1,1,1,0.976701242715864
53,2025-02-14,2025-02-27,0,0,0,0,0.018759684199239488
54,2025-02-14,2025-02-27,0,0,0,0,0.016430919055573756
55,2025-02-14,2025-02-27,2,2,1,1,0.9875890718984759
56,2025-02-14,2025-02-27,2,2,1,1,0.9944466208864922
57,2025-02-14,2025-02-27,2,2,1,1,0.9944466208864922
58,2025-02-14,2025-02-27,2,2,1,1,0.9947266385433239
59,2025-02-14,2025-02-27,1,1,1,1,0.9411857289484952
60,2025-02-14,2025-02-27,1,1,1,1,0.9279648351309153
61,2025-02-14,2025-02-27,2,2,1,1,0.9990371368262189
62,2025-02-14,2025-02-27,2,2,1,1,0.9990371368262189
63,2025-02-14,2025-02-27,1,1,1,1,0.9860089927173035
64,2025-02-14,2025-02-27,2,2,1,1,0.9990371368262189
65,2025-02-14,2025-02-27,0,0,0,0,0.007394312653455292
66,2025-02-14,2025-02-27,2,2,1,1,0.9986579716666462
67,2025-02-14,2025-02-27,1,1,1,1,0.9768599644990105
68,2025-02-14,2025-02-27,0,0,0,0,0.005992211102790864
69,2025-02-14,2025-02-27,0,0,0,0,0.007394312653455292
70,2025-02-14,2025-02-27,2,2,1,1,0.9963662411259921
71,2025-02-14,2025-02-27,2,2,1,1,0.9981787854173438
72,2025-02-14,2025-02-27,0,0,0,0,0.005992211102790864
73,2025-02-14,2025-02-27,0,0,0,0,0.009830045603240497
74,2025-02-14,2025-02-27,2,2,1,1,0.9990371368262189
75,2025-02-14,2025-02-27,1,0,1,0,0.8855163195662372
76,2025-02-14,2025-02-27,0,0,0,0,0.007394312653455292
77,2025-02-14,2025-02-27,0,0,0,0,0.007394312653455292
78,2025-02-14,2025-02-27,1,1,1,1,0.9860849227225253
79,2025-02-14,2025-02-27,2,2,1,1,0.9758985688754299
80,2025-02-14,2025-02-27,1,0,1,0,0.8893950993266335
81,2025-02-14,2025-02-27,2,2,1,1,0.9943130664220836
82,2025-02-14,2025-02-27,2,2,1,1,0.9943130664220836
83,2025-02-14,2025-02-27,2,2,1,1,0.9990371368262189
84,2025-02-14,2025-02-27,2,2,1,1,0.9990371368262189
85,2025-02-14,2025-02-27,0,0,0,0,0.013338331637311681
86,2025-02-14,2025-02-27,2,2,1,1,0.9947493518608732
87,2025-02-14,2025-02-27,2,2,1,1,0.9947493518608732
88,2025-02-14,2025-02-27,2,2,1,1,0.9990152716864225
89,2025-02-14,2025-02-27,0,0,0,0,0.005992211102790864
90,2025-02-14,2025-02-27,1,1,1,1,0.9639398306932191
91,2025-02-14,2025-02-27,2,2,1,1,0.9866232519432698
92,2025-02-14,2025-02-27,0,0,0,0,0.008221838283263259
93,2025-02-14,2025-02-27,0,0,0,0,0.007394312653455292
94,2025-02-14,2025-02-27,1,0,1,0,0.9050551407438581
95,2025-02-14,2025-02-27,0,0,0,0,0.005992211102790864
96,2025-02-14,2025-02-27,2,2,1,1,0.9944466208864922
97,2025-02-14,2025-02-27,1,1,1,1,0.976701242715864
98,2025-02-14,2025-02-27,0,0,0,0,0.004858396445793163
99,2025-02-14,2025-02-27,2,2,1,1,0.9876421460721755
100,2025-02-14,2025-02-27,1,1,1,1,0.976701242715864
101,2025-02-14,2025-02-27,2,2,1,1,0.9981554087341136
102,2025-02-14,2025-02-27,2,2,1,1,0.9986579716666462
103,2025-02-14,2025-02-27,1,1,1,1,0.9167182743268774
104,2025-02-14,2025-02-27,2,2,1,1,0.9981554087341136
105,2025-02-14,2025-02-27,2,2,1,1,0.9981554087341136
106,2025-02-14,2025-02-27,2,2,1,1,0.9981554087341136
107,2025-02-14,2025-02-27,2,2,1,1,0.9981554087341136
108,2025-02-14,2025-02-27,1,1,1,1,0.9830370295470207
109,2025-02-14,2025-02-27,2,2,1,1,0.9990371368262189
110,2025-02-14,2025-02-27,2,2,1,1,0.9990371368262189
111,2025-02-14,2025-02-27,2,2,1,1,0.9981787854173438
112,2025-02-14,2025-02-27,1,1,1,1,0.9684523482405589
113,2025-02-14,2025-02-27,0,0,0,0,0.018308887770004237
114,2025-02-14,2025-02-27,0,0,0,0,0.005992211102790864
115,2025-02-14,2025-02-27,0,0,0,0,0.007394312653455292
116,2025-02-14,2025-02-27,1,1,1,1,0.976701242715864
117,2025-02-14,2025-02-27,0,0,0,0,0.007394312653455292
118,2025-02-14,2025-02-27,0,0,0,0,0.010490145680557854
119,2025-02-14,2025-02-27,1,1,1,1,0.9860089927173035
120,2025-02-14,2025-02-27,2,2,1,1,0.9990371368262189
121,2025-02-14,2025-02-27,2,2,1,1,0.9990371368262189
122,2025-02-14,2025-02-27,2,2,1,1,0.9990371368262189
123,2025-02-14,2025-02-27,2,2,1,1,0.9981554087341136
124,2025-02-14,2025-02-27,2,2,1,1,0.9981554087341136
125,2025-02-14,2025-02-27,2,2,1,1,0.9981554087341136
126,2025-02-14,2025-02-27,2,2,1,1,0.9981554087341136
127,2025-02-14,2025-02-27,2,2,1,1,0.9875890718984759
128,2025-02-14,2025-02-27,1,2,1,1,0.920482636086354
129,2025-02-14,2025-02-27,0,0,0,0,0.005992211102790864
130,2025-02-14,2025-02-27,2,2,1,1,0.9987146631589037
131,2025-02-14,2025-02-27,2,2,1,1,0.9981554087341136
132,2025-02-14,2025-02-27,2,2,1,1,0.9987146631589037
133,2025-02-14,2025-02-27,0,0,0,0,0.014062376808677227
134,2025-02-14,2025-02-27,0,0,0,0,0.007394312653455292
135,2025-02-14,2025-02-27,1,1,1,1,0.9768599644990105
136,2025-02-14,2025-02-27,2,2,1,1,0.9988975312558834
137,2025-02-14,2025-02-27,2,2,1,1,0.9981554087341136
138,2025-02-14,2025-02-27,1,1,1,1,0.973844486647
139,2025-02-14,2025-02-27,2,2,1,1,0.9981554087341136
1,2025-02-20,2025-03-06,0,0,0,0,0.009025772390952936
2,2025-02-20,2025-03-06,2,2,1,1,0.9989456508824114
3,2025-02-20,2025-03-06,0,0,0,0,0.009025772390952936
4,2025-02-20,2025-03-06,0,0,0,0,0.009025772390952936
5,2025-02-20,2025-03-06,1,1,1,1,0.9379487235293529
6,2025-02-20,2025-03-06,0,0,0,0,0.009682298659437365
7,2025-02-20,2025-03-06,2,2,1,1,0.9908875842849167
8,2025-02-20,2025-03-06,0,0,0,0,0.007316595504377131
9,2025-02-20,2025-03-06,0,0,0,0,0.01901054285609511
10,2025-02-20,2025-03-06,2,2,1,1,0.9898697415628231
11,2025-02-20,2025-03-06,1,1,1,1,0.9808628035375149
12,2025-02-20,2025-03-06,2,2,1,1,0.9990371368262189
13,2025-02-20,2025-03-06,0,0,0,0,0.007316595504377131
14,2025-02-20,2025-03-06,0,0,0,0,0.021341092883207402
15,2025-02-20,2025-03-06,0,0,0,0,0.009025772390952936
16,2025-02-20,2025-03-06,2,2,1,1,0.9898697415628231
17,2025-02-20,2025-03-06,2,2,1,1,0.9975730730652196
18,2025-02-20,2025-03-06,0,0,0,0,0.021341092883207402
19,2025-02-20,2025-03-06,0,0,0,0,0.008661215350627539
20,2025-02-20,2025-03-06,2,2,1,1,0.9990371368262189
21,2025-02-20,2025-03-06,0,0,0,0,0.007316595504377131
22,2025-02-20,2025-03-06,0,0,0,0,0.010472553391433978
23,2025-02-20,2025-03-06,1,1,1,1,0.9379487235293529
24,2025-02-20,2025-03-06,0,0,0,0,0.010472553391433978
25,2025-02-20,2025-03-06,0,0,0,0,0.010034035189607153
26,2025-02-20,2025-03-06,1,1,1,1,0.9856552841548093
27,2025-02-20,2025-03-06,0,0,0,0,0.009025772390952936
28,2025-02-20,2025-03-06,0,0,0,0,0.007316595504377131
29,2025-02-20,2025-03-06,0,0,0,0,0.009025772390952936
30,2025-02-20,2025-03-06,2,2,1,1,0.9981787854173438
31,2025-02-20,2025-03-06,2,2,1,1,0.9965244599565696
32,2025-02-20,2025-03-06,2,2,1,1,0.998716533953358
33,2025-02-20,2025-03-06,2,2,1,1,0.9955679462013328
34,2025-02-20,2025-03-06,0,0,0,0,0.021843802041766957
35,2025-02-20,2025-03-06,2,2,1,1,0.9807212355666507
36,2025-02-20,2025-03-06,2,2,1,1,0.9990371368262189
37,2025-02-20,2025-03-06,1,1,1,1,0.9872936961370977
38,2025-02-20,2025-03-06,1,1,1,1,0.9870637436317297
39,2025-02-20,2025-03-06,1,1,1,1,0.9872936961370977
40,2025-02-20,2025-03-06,2,2,1,1,0.9990371368262189
41,2025-02-20,2025-03-06,2,2,1,1,0.9990152716864225
42,2025-02-20,2025-03-06,2,2,1,1,0.9898697415628231
43,2025-02-20,2025-03-06,2,2,1,1,0.9988241254684855
45,2025-02-20,2025-03-06,2,2,1,1,0.9988168238774379
46,2025-02-20,2025-03-06,1,1,1,1,0.9928764382765671
47,2025-02-20,2025-03-06,1,1,1,1,0.9559321712983853
48,2025-02-20,2025-03-06,1,1,1,1,0.9856552841548093
49,2025-02-20,2025-03-06,1,1,1,1,0.9820160686363998
50,2025-02-20,2025-03-06,1,1,1,1,0.9943299570258465
51,2025-02-20,2025-03-06,0,0,0,0,0.01396560424399251
52,2025-02-20,2025-03-06,1,1,1,1,0.9943299570258465
53,2025-02-20,2025-03-06,0,0,0,0,0.021843802041766957
54,2025-02-20,2025-03-06,0,0,0,0,0.022126396986491596
55,2025-02-20,2025-03-06,2,2,1,1,0.9908072348743548
56,2025-02-20,2025-03-06,2,2,1,1,0.9953121896231562
57,2025-02-20,2025-03-06,2,2,1,1,0.9953121896231562
58,2025-02-20,2025-03-06,2,2,1,1,0.9955487581237065
59,2025-02-20,2025-03-06,1,1,1,1,0.9543786899787652
60,2025-02-20,2025-03-06,1,1,1,1,0.9872936961370977
61,2025-02-20,2025-03-06,2,2,1,1,0.9990371368262189
62,2025-02-20,2025-03-06,2,2,1,1,0.9990371368262189
63,2025-02-20,2025-03-06,1,1,1,1,0.9928764382765671
64,2025-02-20,2025-03-06,2,2,1,1,0.9990371368262189
65,2025-02-20,2025-03-06,0,0,0,0,0.021341092883207402
66,2025-02-20,2025-03-06,2,2,1,1,0.9987707546357358
67,2025-02-20,2025-03-06,1,1,1,1,0.9943299570258465
68,2025-02-20,2025-03-06,0,0,0,0,0.01396560424399251
69,2025-02-20,2025-03-06,0,0,0,0,0.007316595504377131
70,2025-02-20,2025-03-06,2,2,1,1,0.9975730730652196
71,2025-02-20,2025-03-06,2,2,1,1,0.9922930649808339
72,2025-02-20,2025-03-06,0,0,0,0,0.010034035189607153
73,2025-02-20,2025-03-06,0,0,0,0,0.014609003773772616
74,2025-02-20,2025-03-06,2,2,1,1,0.9990371368262189
75,2025-02-20,2025-03-06,0,0,0,0,0.027758159668714758
76,2025-02-20,2025-03-06,0,0,0,0,0.009025772390952936
77,2025-02-20,2025-03-06,0,0,0,0,0.010472553391433978
78,2025-02-20,2025-03-06,1,1,1,1,0.9679690669936417
79,2025-02-20,2025-03-06,2,2,1,1,0.9955679462013328
80,2025-02-20,2025-03-06,0,0,0,0,0.02890308598154437
81,2025-02-20,2025-03-06,2,2,1,1,0.9956438916248785
82,2025-02-20,2025-03-06,2,2,1,1,0.9959407459968581
83,2025-02-20,2025-03-06,2,2,1,1,0.9990371368262189
84,2025-02-20,2025-03-06,2,2,1,1,0.998716533953358
85,2025-02-20,2025-03-06,0,0,0,0,0.017981418528073514
86,2025-02-20,2025-03-06,2,2,1,1,0.9955679462013328
87,2025-02-20,2025-03-06,2,2,1,1,0.9955679462013328
88,2025-02-20,2025-03-06,2,2,1,1,0.9989456508824114
89,2025-02-20,2025-03-06,0,0,0,0,0.009025772390952936
90,2025-02-20,2025-03-06,1,1,1,1,0.9512021447770382
91,2025-02-20,2025-03-06,2,2,1,1,0.9910027900406051
92,2025-02-20,2025-03-06,0,0,0,0,0.009025772390952936
93,2025-02-20,2025-03-06,0,0,0,0,0.007316595504377131
94,2025-02-20,2025-03-06,1,0,1,0,0.9231268302842722
95,2025-02-20,2025-03-06,0,0,0,0,0.010034035189607153
96,2025-02-20,2025-03-06,2,2,1,1,0.9953121896231562
97,2025-02-20,2025-03-06,1,1,1,1,0.9943299570258465
98,2025-02-20,2025-03-06,0,0,0,0,0.005933683702784409
99,2025-02-20,2025-03-06,2,2,1,1,0.9898697415628231
100,2025-02-20,2025-03-06,1,1,1,1,0.9808628035375149
101,2025-02-20,2025-03-06,2,2,1,1,0.998235862692785
102,2025-02-20,2025-03-06,2,2,1,1,0.9990371368262189
103,2025-02-20,2025-03-06,1,1,1,1,0.9664069085167669
104,2025-02-20,2025-03-06,2,2,1,1,0.998235862692785
105,2025-02-20,2025-03-06,2,2,1,1,0.998716533953358
106,2025-02-20,2025-03-06,2,2,1,1,0.9987707546357358
107,2025-02-20,2025-03-06,2,2,1,1,0.998235862692785
108,2025-02-20,2025-03-06,1,1,1,1,0.9943299570258465
109,2025-02-20,2025-03-06,2,2,1,1,0.9990371368262189
110,2025-02-20,2025-03-06,2,2,1,1,0.9990371368262189
111,2025-02-20,2025-03-06,2,2,1,1,0.9990371368262189
112,2025-02-20,2025-03-06,1,1,1,1,0.9808628035375149
113,2025-02-20,2025-03-06,0,0,0,0,0.010034035189607153
114,2025-02-20,2025-03-06,0,0,0,0,0.01396560424399251
115,2025-02-20,2025-03-06,0,0,0,0,0.021341092883207402
116,2025-02-20,2025-03-06,1,1,1,1,0.9943299570258465
117,2025-02-20,2025-03-06,0,0,0,0,0.009025772390952936
118,2025-02-20,2025-03-06,0,0,0,0,0.019099874123423552
119,2025-02-20,2025-03-06,1,1,1,1,0.9872936961370977
120,2025-02-20,2025-03-06,2,2,1,1,0.9990371368262189
121,2025-02-20,2025-03-06,2,2,1,1,0.9990371368262189
122,2025-02-20,2025-03-06,2,2,1,1,0.9990371368262189
123,2025-02-20,2025-03-06,2,2,1,1,0.998716533953358
124,2025-02-20,2025-03-06,2,2,1,1,0.998716533953358
125,2025-02-20,2025-03-06,2,2,1,1,0.998235862692785
126,2025-02-20,2025-03-06,2,2,1,1,0.998716533953358
127,2025-02-20,2025-03-06,2,2,1,1,0.9908072348743548
128,2025-02-20,2025-03-06,2,2,1,1,0.9823932009552485
129,2025-02-20,2025-03-06,0,0,0,0,0.010472553391433978
130,2025-02-20,2025-03-06,2,2,1,1,0.9990371368262189
131,2025-02-20,2025-03-06,2,2,1,1,0.9981787854173438
132,2025-02-20,2025-03-06,2,2,1,1,0.9990371368262189
133,2025-02-20,2025-03-06,0,0,0,0,0.023387099770947165
134,2025-02-20,2025-03-06,0,0,0,0,0.009025772390952936
135,2025-02-20,2025-03-06,1,1,1,1,0.9740481547592418
136,2025-02-20,2025-03-06,2,2,1,1,0.9990152716864225
137,2025-02-20,2025-03-06,2,2,1,1,0.9990371368262189
138,2025-02-20,2025-03-06,1,1,1,1,0.9804651712376529
139,2025-02-20,2025-03-06,2,2,1,1,0.9990371368262189
1,2025-02-27,2025-03-13,0,0,0,0,0.0077295440914111
2,2025-02-27,2025-03-13,2,2,1,1,0.9949776173880243
3,2025-02-27,2025-03-13,0,0,0,0,0.0077295440914111
4,2025-02-27,2025-03-13,0,0,0,0,0.00859426191237834
5,2025-02-27,2025-03-13,1,1,1,1,0.9347058548305838
6,2025-02-27,2025-03-13,0,0,0,0,0.007416950731982225
7,2025-02-27,2025-03-13,2,2,1,1,0.9881757159898724
8,2025-02-27,2025-03-13,0,0,0,0,0.00859426191237834
9,2025-02-27,2025-03-13,0,0,0,0,0.019003699697559873
10,2025-02-27,2025-03-13,2,2,1,1,0.9881757159898724
11,2025-02-27,2025-03-13,1,1,1,1,0.9776965356829604
12,2025-02-27,2025-03-13,2,2,1,1,0.989316169594562
13,2025-02-27,2025-03-13,0,0,0,0,0.00859426191237834
14,2025-02-27,2025-03-13,0,0,0,0,0.00859426191237834
15,2025-02-27,2025-03-13,0,0,0,0,0.0062642774816137935
16,2025-02-27,2025-03-13,2,2,1,1,0.9762580360244953
17,2025-02-27,2025-03-13,2,2,1,1,0.9881757159898724
18,2025-02-27,2025-03-13,0,0,0,0,0.00859426191237834
19,2025-02-27,2025-03-13,0,0,0,0,0.007416950731982225
20,2025-02-27,2025-03-13,2,0,1,0,0.989316169594562
21,2025-02-27,2025-03-13,0,0,0,0,0.00859426191237834
22,2025-02-27,2025-03-13,0,0,0,0,0.00859426191237834
23,2025-02-27,2025-03-13,1,1,1,1,0.9397645373880796
24,2025-02-27,2025-03-13,0,0,0,0,0.00859426191237834
25,2025-02-27,2025-03-13,0,0,0,0,0.00859426191237834
26,2025-02-27,2025-03-13,1,1,1,1,0.9799126668480533
27,2025-02-27,2025-03-13,0,0,0,0,0.0077295440914111
28,2025-02-27,2025-03-13,0,0,0,0,0.00859426191237834
29,2025-02-27,2025-03-13,0,0,0,0,0.0077295440914111
30,2025-02-27,2025-03-13,2,1,1,1,0.998716533953358
31,2025-02-27,2025-03-13,2,2,1,1,0.990082622161021
32,2025-02-27,2025-03-13,2,2,1,1,0.9893619375541212
33,2025-02-27,2025-03-13,2,2,1,1,0.9949776173880243
34,2025-02-27,2025-03-13,0,0,0,0,0.01768172353793708
35,2025-02-27,2025-03-13,2,2,1,1,0.9751696960352185
36,2025-02-27,2025-03-13,2,2,1,1,0.998716533953358
37,2025-02-27,2025-03-13,1,1,1,1,0.9861433455920023
38,2025-02-27,2025-03-13,1,1,1,1,0.9620599571574195
39,2025-02-27,2025-03-13,1,1,1,1,0.9403606787007461
40,2025-02-27,2025-03-13,2,2,1,1,0.998716533953358
41,2025-02-27,2025-03-13,2,2,1,1,0.998716533953358
42,2025-02-27,2025-03-13,2,2,1,1,0.9881757159898724
43,2025-02-27,2025-03-13,2,0,1,0,0.989316169594562
45,2025-02-27,2025-03-13,2,2,1,1,0.9884831852488644
46,2025-02-27,2025-03-13,1,1,1,1,0.9353486169254972
47,2025-02-27,2025-03-13,1,1,1,1,0.9356374482188452
48,2025-02-27,2025-03-13,1,1,1,1,0.9778486308532893
49,2025-02-27,2025-03-13,1,1,1,1,0.9414711612367381
50,2025-02-27,2025-03-13,1,1,1,1,0.9781472927347096
51,2025-02-27,2025-03-13,0,0,0,0,0.00859426191237834
52,2025-02-27,2025-03-13,1,1,1,1,0.9799126668480533
53,2025-02-27,2025-03-13,0,0,0,0,0.01539635808653799
54,2025-02-27,2025-03-13,0,0,0,0,0.01716875138665342
55,2025-02-27,2025-03-13,2,2,1,1,0.9881249058246847
56,2025-02-27,2025-03-13,2,2,1,1,0.9946879769939102
57,2025-02-27,2025-03-13,2,2,1,1,0.9946879769939102
58,2025-02-27,2025-03-13,2,2,1,1,0.9949558864972489
59,2025-02-27,2025-03-13,1,1,1,1,0.917305904981065
60,2025-02-27,2025-03-13,1,1,1,1,0.9403606787007461
61,2025-02-27,2025-03-13,2,2,1,1,0.989316169594562
62,2025-02-27,2025-03-13,2,2,1,1,0.989316169594562
63,2025-02-27,2025-03-13,1,1,1,1,0.9403606787007461
64,2025-02-27,2025-03-13,2,2,1,1,0.9893619375541212
65,2025-02-27,2025-03-13,0,0,0,0,0.00859426191237834
66,2025-02-27,2025-03-13,2,1,1,1,0.998716533953358
67,2025-02-27,2025-03-13,1,1,1,1,0.9799126668480533
68,2025-02-27,2025-03-13,0,0,0,0,0.00859426191237834
69,2025-02-27,2025-03-13,0,0,0,0,0.00859426191237834
70,2025-02-27,2025-03-13,2,2,1,1,0.9751696960352185
71,2025-02-27,2025-03-13,2,2,1,1,0.9881249058246847
72,2025-02-27,2025-03-13,0,0,0,0,0.0077295440914111
73,2025-02-27,2025-03-13,0,0,0,0,0.00980448987094309
74,2025-02-27,2025-03-13,2,2,1,1,0.989316169594562
75,2025-02-27,2025-03-13,0,0,0,0,0.019600006119207425
76,2025-02-27,2025-03-13,0,0,0,0,0.0077295440914111
77,2025-02-27,2025-03-13,0,0,0,0,0.00859426191237834
78,2025-02-27,2025-03-13,1,1,1,1,0.9397645373880796
79,2025-02-27,2025-03-13,2,0,1,0,0.9769273410221273
80,2025-02-27,2025-03-13,0,0,0,0,0.020415503185651097
81,2025-02-27,2025-03-13,2,0,1,0,0.994930523882283
82,2025-02-27,2025-03-13,2,2,1,1,0.994930523882283
83,2025-02-27,2025-03-13,2,2,1,1,0.989316169594562
84,2025-02-27,2025-03-13,2,2,1,1,0.9893619375541212
85,2025-02-27,2025-03-13,0,0,0,0,0.019069156562231133
86,2025-02-27,2025-03-13,2,2,1,1,0.9949776173880243
87,2025-02-27,2025-03-13,2,2,1,1,0.9889758667449624
88,2025-02-27,2025-03-13,2,2,1,1,0.9949776173880243
89,2025-02-27,2025-03-13,0,0,0,0,0.0077295440914111
90,2025-02-27,2025-03-13,1,1,1,1,0.9356374482188452
91,2025-02-27,2025-03-13,2,2,1,1,0.9872002440916275
92,2025-02-27,2025-03-13,0,0,0,0,0.0077295440914111
93,2025-02-27,2025-03-13,0,0,0,0,0.0077295440914111
94,2025-02-27,2025-03-13,0,0,0,0,0.020415503185651097
95,2025-02-27,2025-03-13,0,0,0,0,0.0077295440914111
96,2025-02-27,2025-03-13,2,2,1,1,0.9946879769939102
97,2025-02-27,2025-03-13,1,1,1,1,0.9799126668480533
98,2025-02-27,2025-03-13,0,0,0,0,0.005079246906533514
99,2025-02-27,2025-03-13,2,2,1,1,0.9881757159898724
100,2025-02-27,2025-03-13,1,1,1,1,0.9776965356829604
101,2025-02-27,2025-03-13,2,2,1,1,0.998716533953358
102,2025-02-27,2025-03-13,2,2,1,1,0.9988241254684855
103,2025-02-27,2025-03-13,1,1,1,1,0.917305904981065
104,2025-02-27,2025-03-13,2,2,1,1,0.998716533953358
105,2025-02-27,2025-03-13,2,2,1,1,0.998716533953358
106,2025-02-27,2025-03-13,2,2,1,1,0.998716533953358
107,2025-02-27,2025-03-13,2,2,1,1,0.998716533953358
108,2025-02-27,2025-03-13,1,1,1,1,0.9799126668480533
109,2025-02-27,2025-03-13,2,2,1,1,0.989316169594562
110,2025-02-27,2025-03-13,2,2,1,1,0.989316169594562
111,2025-02-27,2025-03-13,2,2,1,1,0.989316169594562
112,2025-02-27,2025-03-13,1,1,1,1,0.9776965356829604
113,2025-02-27,2025-03-13,0,0,0,0,0.00859426191237834
114,2025-02-27,2025-03-13,0,0,0,0,0.00859426191237834
115,2025-02-27,2025-03-13,0,0,0,0,0.00859426191237834
116,2025-02-27,2025-03-13,1,1,1,1,0.9799126668480533
117,2025-02-27,2025-03-13,0,0,0,0,0.0077295440914111
118,2025-02-27,2025-03-13,0,0,0,0,0.013451193945741402
119,2025-02-27,2025-03-13,1,1,1,1,0.9805833742561646
120,2025-02-27,2025-03-13,2,2,1,1,0.989316169594562
121,2025-02-27,2025-03-13,2,2,1,1,0.989316169594562
122,2025-02-27,2025-03-13,2,2,1,1,0.989316169594562
123,2025-02-27,2025-03-13,2,2,1,1,0.9893619375541212
124,2025-02-27,2025-03-13,2,2,1,1,0.9893619375541212
125,2025-02-27,2025-03-13,2,2,1,1,0.9893619375541212
126,2025-02-27,2025-03-13,2,2,1,1,0.998716533953358
127,2025-02-27,2025-03-13,2,0,1,0,0.9881249058246847
128,2025-02-27,2025-03-13,2,0,1,0,0.9806137828912406
129,2025-02-27,2025-03-13,0,0,0,0,0.00859426191237834
130,2025-02-27,2025-03-13,2,2,1,1,0.989316169594562
131,2025-02-27,2025-03-13,2,2,1,1,0.9988241254684855
132,2025-02-27,2025-03-13,2,2,1,1,0.9893619375541212
133,2025-02-27,2025-03-13,0,0,0,0,0.016491814268653766
134,2025-02-27,2025-03-13,0,0,0,0,0.0077295440914111
135,2025-02-27,2025-03-13,1,1,1,1,0.9776965356829604
136,2025-02-27,2025-03-13,2,2,1,1,0.9988241254684855
137,2025-02-27,2025-03-13,2,2,1,1,0.989316169594562
138,2025-02-27,2025-03-13,1,1,1,1,0.9749586876978301
139,2025-02-27,2025-03-13,2,2,1,1,0.9988241254684855
1,2025-03-13,2025-03-27,0,0,0,0,0.00739292183684157
2,2025-03-13,2025-03-27,2,2,1,1,0.9966893691082841
3,2025-03-13,2025-03-27,0,0,0,0,0.00739292183684157
4,2025-03-13,2025-03-27,0,0,0,0,0.018677202154675672
5,2025-03-13,2025-03-27,1,1,1,1,0.9944236606851369
6,2025-03-13,2025-03-27,0,0,0,0,0.00822029310410981
7,2025-03-13,2025-03-27,2,1,1,1,0.9983671580745321
8,2025-03-13,2025-03-27,0,0,0,0,0.00739292183684157
9,2025-03-13,2025-03-27,0,0,0,0,0.01736015951852288
10,2025-03-13,2025-03-27,2,2,1,1,0.9983671580745321
11,2025-03-13,2025-03-27,1,1,1,1,0.9654432032957444
12,2025-03-13,2025-03-27,2,1,1,1,0.9986940904075328
13,2025-03-13,2025-03-27,0,0,0,0,0.00822029310410981
14,2025-03-13,2025-03-27,0,0,0,0,0.00822029310410981
15,2025-03-13,2025-03-27,0,0,0,0,0.01786799899379437
16,2025-03-13,2025-03-27,2,2,1,1,0.9986940904075328
17,2025-03-13,2025-03-27,2,2,1,1,0.9988442980124917
18,2025-03-13,2025-03-27,0,0,0,0,0.00822029310410981
19,2025-03-13,2025-03-27,0,0,0,0,0.008818750955218415
20,2025-03-13,2025-03-27,0,0,0,0,0.018778562673613997
21,2025-03-13,2025-03-27,0,0,0,0,0.011678489336564369
22,2025-03-13,2025-03-27,0,0,0,0,0.00822029310410981
23,2025-03-13,2025-03-27,1,1,1,1,0.9799398526424079
24,2025-03-13,2025-03-27,0,0,0,0,0.013082665891214791
25,2025-03-13,2025-03-27,0,0,0,0,0.013082665891214791
26,2025-03-13,2025-03-27,1,1,1,1,0.9969787911400988
27,2025-03-13,2025-03-27,0,0,0,0,0.00822029310410981
28,2025-03-13,2025-03-27,0,0,0,0,0.006583099278995471
29,2025-03-13,2025-03-27,0,0,0,0,0.00739292183684157
30,2025-03-13,2025-03-27,1,0,1,0,0.9734131663214588
31,2025-03-13,2025-03-27,2,2,1,1,0.9829230537944038
32,2025-03-13,2025-03-27,2,2,1,1,0.9829230537944038
33,2025-03-13,2025-03-27,2,2,1,1,0.9910507559138059
34,2025-03-13,2025-03-27,0,0,0,0,0.012161311075800436
35,2025-03-13,2025-03-27,2,2,1,1,0.9669434418569395
36,2025-03-13,2025-03-27,2,2,1,1,0.9985255808488446
37,2025-03-13,2025-03-27,1,1,1,1,0.8944809116160405
38,2025-03-13,2025-03-27,1,1,1,1,0.9086194579904228
39,2025-03-13,2025-03-27,1,0,1,0,0.9889343745567049
40,2025-03-13,2025-03-27,2,1,1,1,0.9986940904075328
41,2025-03-13,2025-03-27,2,2,1,1,0.9966893691082841
42,2025-03-13,2025-03-27,2,2,1,1,0.9975642730648617
43,2025-03-13,2025-03-27,0,0,0,0,0.018778562673613997
45,2025-03-13,2025-03-27,2,0,1,0,0.998610539016077
46,2025-03-13,2025-03-27,1,1,1,1,0.8563987965289367
47,2025-03-13,2025-03-27,1,1,1,1,0.9086194579904228
48,2025-03-13,2025-03-27,1,1,1,1,0.9723717316792304
49,2025-03-13,2025-03-27,1,1,1,1,0.9597365108446008
50,2025-03-13,2025-03-27,1,1,1,1,0.9688380520438101
51,2025-03-13,2025-03-27,0,0,0,0,0.006583099278995471
52,2025-03-13,2025-03-27,1,1,1,1,0.9688380520438101
53,2025-03-13,2025-03-27,0,0,0,0,0.01364791222161045
54,2025-03-13,2025-03-27,0,0,0,0,0.014209802673964126
55,2025-03-13,2025-03-27,2,2,1,1,0.9876196063669164
56,2025-03-13,2025-03-27,2,2,1,1,0.990536807608861
57,2025-03-13,2025-03-27,2,2,1,1,0.990536807608861
58,2025-03-13,2025-03-27,2,2,1,1,0.9941792909516046
59,2025-03-13,2025-03-27,1,0,1,0,0.968428872743303
60,2025-03-13,2025-03-27,1,0,1,0,0.955713422100958
61,2025-03-13,2025-03-27,2,2,1,1,0.9988272732946939
62,2025-03-13,2025-03-27,2,2,1,1,0.9983671580745321
63,2025-03-13,2025-03-27,1,1,1,1,0.955713422100958
64,2025-03-13,2025-03-27,2,2,1,1,0.9990397149674262
65,2025-03-13,2025-03-27,0,0,0,0,0.00739292183684157
66,2025-03-13,2025-03-27,1,0,1,0,0.9734131663214588
67,2025-03-13,2025-03-27,1,1,1,1,0.9751034765346818
68,2025-03-13,2025-03-27,0,0,0,0,0.008752409673600386
69,2025-03-13,2025-03-27,0,0,0,0,0.00822029310410981
70,2025-03-13,2025-03-27,2,2,1,1,0.9876196063669164
71,2025-03-13,2025-03-27,2,2,1,1,0.9876196063669164
72,2025-03-13,2025-03-27,0,0,0,0,0.011678489336564369
73,2025-03-13,2025-03-27,0,0,0,0,0.006273125243930673
74,2025-03-13,2025-03-27,2,1,1,1,0.9990397149674262
75,2025-03-13,2025-03-27,0,0,0,0,0.009871001532696004
76,2025-03-13,2025-03-27,0,0,0,0,0.00739292183684157
77,2025-03-13,2025-03-27,0,0,0,0,0.00822029310410981
78,2025-03-13,2025-03-27,1,1,1,1,0.9904351827808696
79,2025-03-13,2025-03-27,0,0,0,0,0.012585351414397768
80,2025-03-13,2025-03-27,0,0,0,0,0.014299593595424057
81,2025-03-13,2025-03-27,0,2,0,1,0.012585351414397768
82,2025-03-13,2025-03-27,2,2,1,1,0.9937230630636421
83,2025-03-13,2025-03-27,2,1,1,1,0.9990397149674262
84,2025-03-13,2025-03-27,2,2,1,1,0.9829230537944038
85,2025-03-13,2025-03-27,0,0,0,0,0.014209802673964126
86,2025-03-13,2025-03-27,2,2,1,1,0.9910507559138059
87,2025-03-13,2025-03-27,2,2,1,1,0.9910507559138059
88,2025-03-13,2025-03-27,2,2,1,1,0.9988123851878573
89,2025-03-13,2025-03-27,0,0,0,0,0.00739292183684157
90,2025-03-13,2025-03-27,1,1,1,1,0.8993458323864533
91,2025-03-13,2025-03-27,2,2,1,1,0.9866561305016921
92,2025-03-13,2025-03-27,0,0,0,0,0.013082665891214791
93,2025-03-13,2025-03-27,0,0,0,0,0.00739292183684157
94,2025-03-13,2025-03-27,0,0,0,0,0.015070485619026455
95,2025-03-13,2025-03-27,0,0,0,0,0.011678489336564369
96,2025-03-13,2025-03-27,2,2,1,1,0.990536807608861
97,2025-03-13,2025-03-27,1,1,1,1,0.9688380520438101
98,2025-03-13,2025-03-27,0,0,0,0,0.0037571631385025245
99,2025-03-13,2025-03-27,2,2,1,1,0.9810326144018174
100,2025-03-13,2025-03-27,1,1,1,1,0.9654432032957444
101,2025-03-13,2025-03-27,2,2,1,1,0.9829230537944038
102,2025-03-13,2025-03-27,2,2,1,1,0.9988272732946939
103,2025-03-13,2025-03-27,1,0,1,0,0.9887549770837091
104,2025-03-13,2025-03-27,2,2,1,1,0.9990657135541685
105,2025-03-13,2025-03-27,2,2,1,1,0.9992163081779183
106,2025-03-13,2025-03-27,2,2,1,1,0.9992163081779183
107,2025-03-13,2025-03-27,2,2,1,1,0.9992152388212485
108,2025-03-13,2025-03-27,1,1,1,1,0.9688380520438101
109,2025-03-13,2025-03-27,2,2,1,1,0.9876196063669164
110,2025-03-13,2025-03-27,2,2,1,1,0.9951316184104357
111,2025-03-13,2025-03-27,2,2,1,1,0.9990397149674262
112,2025-03-13,2025-03-27,1,1,1,1,0.9654432032957444
113,2025-03-13,2025-03-27,0,0,0,0,0.01616851246454556
114,2025-03-13,2025-03-27,0,0,0,0,0.006583099278995471
115,2025-03-13,2025-03-27,0,0,0,0,0.00822029310410981
116,2025-03-13,2025-03-27,1,1,1,1,0.9688380520438101
117,2025-03-13,2025-03-27,0,0,0,0,0.01616851246454556
118,2025-03-13,2025-03-27,0,0,0,0,0.006921171411731479
119,2025-03-13,2025-03-27,1,1,1,1,0.9921894606515148
120,2025-03-13,2025-03-27,2,2,1,1,0.9987740451607577
121,2025-03-13,2025-03-27,2,0,1,0,0.9986940904075328
122,2025-03-13,2025-03-27,2,2,1,1,0.9986940904075328
123,2025-03-13,2025-03-27,2,2,1,1,0.9985255808488446
124,2025-03-13,2025-03-27,2,2,1,1,0.9990657135541685
125,2025-03-13,2025-03-27,2,2,1,1,0.9829230537944038
126,2025-03-13,2025-03-27,2,2,1,1,0.9990397149674262
127,2025-03-13,2025-03-27,0,0,0,0,0.01690661853725559
128,2025-03-13,2025-03-27,0,0,0,0,0.01690661853725559
129,2025-03-13,2025-03-27,0,0,0,0,0.01786799899379437
130,2025-03-13,2025-03-27,2,2,1,1,0.9888609884159676
131,2025-03-13,2025-03-27,2,2,1,1,0.9986940904075328
132,2025-03-13,2025-03-27,2,2,1,1,0.9983671580745321
133,2025-03-13,2025-03-27,0,0,0,0,0.01364791222161045
134,2025-03-13,2025-03-27,0,0,0,0,0.00739292183684157
135,2025-03-13,2025-03-27,1,1,1,1,0.9969787911400988
136,2025-03-13,2025-03-27,2,2,1,1,0.9888609884159676
137,2025-03-13,2025-03-27,2,2,1,1,0.9986940904075328
138,2025-03-13,2025-03-27,1,1,1,1,0.963840750715822
139,2025-03-13,2025-03-27,2,2,1,1,0.9829230537944038
1,2025-03-21,2025-04-04,0,0,0,0,0.00837319075190933
2,2025-03-21,2025-04-04,2,2,1,1,0.9989208671617181
3,2025-03-21,2025-04-04,0,0,0,0,0.006297273768498176
4,2025-03-21,2025-04-04,0,0,0,0,0.013629563785892598
5,2025-03-21,2025-04-04,1,1,1,1,0.9904351827808696
6,2025-03-21,2025-04-04,0,0,0,0,0.013629563785892598
7,2025-03-21,2025-04-04,2,1,1,1,0.9984806550279349
8,2025-03-21,2025-04-04,0,0,0,0,0.007072185700797225
9,2025-03-21,2025-04-04,0,0,0,0,0.01190843336555171
10,2025-03-21,2025-04-04,2,2,1,1,0.9990397149674262
11,2025-03-21,2025-04-04,1,1,1,1,0.9879751271350062
12,2025-03-21,2025-04-04,1,0,1,0,0.9928436086679261
13,2025-03-21,2025-04-04,0,0,0,0,0.020501933982043672
14,2025-03-21,2025-04-04,0,0,0,0,0.01616851246454556
15,2025-03-21,2025-04-04,0,0,0,0,0.013036148003860581
16,2025-03-21,2025-04-04,2,2,1,1,0.9986777888375266
17,2025-03-21,2025-04-04,2,2,1,1,0.9987454517356894
18,2025-03-21,2025-04-04,0,0,0,0,0.020501933982043672
19,2025-03-21,2025-04-04,0,0,0,0,0.013036148003860581
20,2025-03-21,2025-04-04,0,0,0,0,0.014421503743725448
21,2025-03-21,2025-04-04,0,0,0,0,0.011678489336564369
22,2025-03-21,2025-04-04,0,0,0,0,0.013082665891214791
23,2025-03-21,2025-04-04,1,1,1,1,0.9937729542173142
24,2025-03-21,2025-04-04,0,0,0,0,0.014929397583246547
25,2025-03-21,2025-04-04,0,0,0,0,0.018367491517255616
26,2025-03-21,2025-04-04,1,1,1,1,0.9960259836820167
27,2025-03-21,2025-04-04,0,0,0,0,0.020501933982043672
28,2025-03-21,2025-04-04,0,0,0,0,0.02295826356086868
29,2025-03-21,2025-04-04,0,0,0,0,0.01786799899379437
30,2025-03-21,2025-04-04,1,0,1,0,0.9890136204409097
31,2025-03-21,2025-04-04,2,2,1,1,0.9967501254566291
32,2025-03-21,2025-04-04,2,2,1,1,0.9990397149674262
33,2025-03-21,2025-04-04,2,2,1,1,0.9988907960240496
34,2025-03-21,2025-04-04,0,0,0,0,0.030189712366086134
35,2025-03-21,2025-04-04,2,2,1,1,0.9976714723876862
36,2025-03-21,2025-04-04,2,2,1,1,0.9990160268165549
37,2025-03-21,2025-04-04,1,0,1,0,0.9835221321492247
38,2025-03-21,2025-04-04,1,0,1,0,0.9954916068016078
39,2025-03-21,2025-04-04,1,0,1,0,0.9883787471533282
40,2025-03-21,2025-04-04,1,0,1,0,0.9863422881326561
41,2025-03-21,2025-04-04,2,2,1,1,0.9989291258815162
42,2025-03-21,2025-04-04,2,2,1,1,0.9986777888375266
43,2025-03-21,2025-04-04,0,0,0,0,0.014421503743725448
45,2025-03-21,2025-04-04,2,0,1,0,0.9983991050002187
46,2025-03-21,2025-04-04,1,0,1,0,0.9887549770837091
47,2025-03-21,2025-04-04,1,1,1,1,0.9904351827808696
48,2025-03-21,2025-04-04,1,1,1,1,0.9948083295656119
49,2025-03-21,2025-04-04,1,1,1,1,0.9965087593972064
50,2025-03-21,2025-04-04,1,1,1,1,0.9962254315508472
51,2025-03-21,2025-04-04,0,0,0,0,0.02295826356086868
52,2025-03-21,2025-04-04,1,1,1,1,0.9969787911400988
53,2025-03-21,2025-04-04,0,0,0,0,0.030189712366086134
54,2025-03-21,2025-04-04,0,0,0,0,0.02235800628051078
55,2025-03-21,2025-04-04,2,2,1,1,0.999082038041062
56,2025-03-21,2025-04-04,2,2,1,1,0.9988907960240496
57,2025-03-21,2025-04-04,2,2,1,1,0.9988907960240496
58,2025-03-21,2025-04-04,2,2,1,1,0.9988907960240496
59,2025-03-21,2025-04-04,1,0,1,0,0.9822020702991305
60,2025-03-21,2025-04-04,1,0,1,0,0.9883787471533282
61,2025-03-21,2025-04-04,2,0,1,0,0.9992163081779183
62,2025-03-21,2025-04-04,2,0,1,0,0.9990397149674262
63,2025-03-21,2025-04-04,1,0,1,0,0.9835221321492247
64,2025-03-21,2025-04-04,2,0,1,0,0.9987135735306968
65,2025-03-21,2025-04-04,0,0,0,0,0.01786799899379437
66,2025-03-21,2025-04-04,1,0,1,0,0.9863422881326561
67,2025-03-21,2025-04-04,1,1,1,1,0.9967057323278029
68,2025-03-21,2025-04-04,0,0,0,0,0.016635795438818452
69,2025-03-21,2025-04-04,0,0,0,0,0.013082665891214791
70,2025-03-21,2025-04-04,2,2,1,1,0.987061270619601
71,2025-03-21,2025-04-04,2,2,1,1,0.9982926816361476
72,2025-03-21,2025-04-04,0,0,0,0,0.01786799899379437
73,2025-03-21,2025-04-04,0,0,0,0,0.010499594250227109
74,2025-03-21,2025-04-04,1,0,1,0,0.992515814457097
75,2025-03-21,2025-04-04,0,0,0,0,0.028054402672532938
76,2025-03-21,2025-04-04,0,0,0,0,0.006297273768498176
77,2025-03-21,2025-04-04,0,0,0,0,0.013082665891214791
78,2025-03-21,2025-04-04,1,1,1,1,0.9923353167358662
79,2025-03-21,2025-04-04,0,0,0,0,0.0240967441972368
80,2025-03-21,2025-04-04,0,0,0,0,0.030189712366086134
81,2025-03-21,2025-04-04,0,2,0,1,0.04268741807654165
82,2025-03-21,2025-04-04,2,2,1,1,0.9988198148796639
83,2025-03-21,2025-04-04,1,0,1,0,0.9926011593807772
84,2025-03-21,2025-04-04,2,2,1,1,0.9982926816361476
85,2025-03-21,2025-04-04,0,0,0,0,0.012116209043827299
86,2025-03-21,2025-04-04,2,2,1,1,0.9987581909854645
87,2025-03-21,2025-04-04,2,2,1,1,0.9982926816361476
88,2025-03-21,2025-04-04,2,2,1,1,0.9987581909854645
89,2025-03-21,2025-04-04,0,0,0,0,0.018677202154675672
90,2025-03-21,2025-04-04,1,1,1,1,0.9627596446713784
91,2025-03-21,2025-04-04,2,2,1,1,0.9981834950403072
92,2025-03-21,2025-04-04,0,0,0,0,0.017852449982335223
93,2025-03-21,2025-04-04,0,0,0,0,0.007072185700797225
94,2025-03-21,2025-04-04,0,0,0,0,0.017751840963808267
95,2025-03-21,2025-04-04,0,0,0,0,0.01786799899379437
96,2025-03-21,2025-04-04,2,2,1,1,0.9988907960240496
97,2025-03-21,2025-04-04,1,1,1,1,0.9969787911400988
98,2025-03-21,2025-04-04,0,0,0,0,0.009517931140162311
99,2025-03-21,2025-04-04,2,2,1,1,0.9982926816361476
100,2025-03-21,2025-04-04,1,1,1,1,0.9676854433172664
101,2025-03-21,2025-04-04,2,2,1,1,0.9987181036405756
102,2025-03-21,2025-04-04,2,2,1,1,0.9989291258815162
103,2025-03-21,2025-04-04,1,0,1,0,0.9883787471533282
104,2025-03-21,2025-04-04,2,2,1,1,0.9987135735306968
105,2025-03-21,2025-04-04,2,2,1,1,0.9985255808488446
106,2025-03-21,2025-04-04,2,2,1,1,0.9985255808488446
107,2025-03-21,2025-04-04,2,2,1,1,0.9963818023044507
108,2025-03-21,2025-04-04,1,1,1,1,0.9969787911400988
109,2025-03-21,2025-04-04,2,0,1,0,0.9990397149674262
110,2025-03-21,2025-04-04,2,0,1,0,0.9990397149674262
111,2025-03-21,2025-04-04,2,0,1,0,0.9985255808488446
112,2025-03-21,2025-04-04,1,1,1,1,0.9969787911400988
113,2025-03-21,2025-04-04,0,0,0,0,0.013343721232070003
114,2025-03-21,2025-04-04,0,0,0,0,0.013082665891214791
115,2025-03-21,2025-04-04,0,0,0,0,0.01786799899379437
116,2025-03-21,2025-04-04,1,1,1,1,0.9969787911400988
117,2025-03-21,2025-04-04,0,0,0,0,0.013343721232070003
118,2025-03-21,2025-04-04,0,0,0,0,0.016092440224269918
119,2025-03-21,2025-04-04,1,0,1,0,0.9822020702991305
120,2025-03-21,2025-04-04,2,0,1,0,0.999082038041062
121,2025-03-21,2025-04-04,2,0,1,0,0.9989291258815162
122,2025-03-21,2025-04-04,2,0,1,0,0.9992152388212485
123,2025-03-21,2025-04-04,2,2,1,1,0.9990146844431061
124,2025-03-21,2025-04-04,2,2,1,1,0.9985255808488446
125,2025-03-21,2025-04-04,2,2,1,1,0.9990397149674262
126,2025-03-21,2025-04-04,2,2,1,1,0.9985255808488446
127,2025-03-21,2025-04-04,0,0,0,0,0.04456963074421059
128,2025-03-21,2025-04-04,0,0,0,0,0.017881023455827146
129,2025-03-21,2025-04-04,0,0,0,0,0.013082665891214791
130,2025-03-21,2025-04-04,2,2,1,1,0.9982926816361476
131,2025-03-21,2025-04-04,2,0,1,0,0.9985255808488446
132,2025-03-21,2025-04-04,2,0,1,0,0.9990397149674262
133,2025-03-21,2025-04-04,0,0,0,0,0.031304478630980744
134,2025-03-21,2025-04-04,0,0,0,0,0.006297273768498176
135,2025-03-21,2025-04-04,1,1,1,1,0.9958433459797584
136,2025-03-21,2025-04-04,2,0,1,0,0.9989291258815162
137,2025-03-21,2025-04-04,2,0,1,0,0.9985255808488446
138,2025-03-21,2025-04-04,1,1,1,1,0.9874038830072583
139,2025-03-21,2025-04-04,2,2,1,1,0.9989291258815162
1,2025-03-27,2025-04-10,0,0,0,0,0.009598022934588779
2,2025-03-27,2025-04-10,2,2,1,1,0.9990397149674262
3,2025-03-27,2025-04-10,0,0,0,0,0.008633190438981598
4,2025-03-27,2025-04-10,0,0,0,0,0.015262793214332744
5,2025-03-27,2025-04-10,1,1,1,1,0.9916460942946996
6,2025-03-27,2025-04-10,0,0,0,0,0.016016837562627607
7,2025-03-27,2025-04-10,1,1,1,1,0.9932071548285155
8,2025-03-27,2025-04-10,0,0,0,0,0.00768856088243714
9,2025-03-27,2025-04-10,0,0,0,0,0.019827415097817526
10,2025-03-27,2025-04-10,2,2,1,1,0.9986940904075328
11,2025-03-27,2025-04-10,1,1,1,1,0.9732274606729239
12,2025-03-27,2025-04-10,1,0,1,0,0.9932071548285155
13,2025-03-27,2025-04-10,0,0,0,0,0.015262793214332744
14,2025-03-27,2025-04-10,0,0,0,0,0.023867913716056545
15,2025-03-27,2025-04-10,0,0,0,0,0.015262793214332744
16,2025-03-27,2025-04-10,2,2,1,1,0.9985623653801965
17,2025-03-27,2025-04-10,2,1,1,1,0.9986777888375266
18,2025-03-27,2025-04-10,0,0,0,0,0.02082873604828739
19,2025-03-27,2025-04-10,0,0,0,0,0.02082873604828739
20,2025-03-27,2025-04-10,0,0,0,0,0.08391241160196561
21,2025-03-27,2025-04-10,0,0,0,0,0.009598022934588779
22,2025-03-27,2025-04-10,0,0,0,0,0.02082873604828739
23,2025-03-27,2025-04-10,1,1,1,1,0.9961335707053192
24,2025-03-27,2025-04-10,0,0,0,0,0.016967562062218708
25,2025-03-27,2025-04-10,0,0,0,0,0.015208642930888298
26,2025-03-27,2025-04-10,1,1,1,1,0.9969222012114142
27,2025-03-27,2025-04-10,0,0,0,0,0.009598022934588779
28,2025-03-27,2025-04-10,0,0,0,0,0.009598022934588779
29,2025-03-27,2025-04-10,0,0,0,0,0.009598022934588779
30,2025-03-27,2025-04-10,0,0,0,0,0.05986847453482469
31,2025-03-27,2025-04-10,2,2,1,1,0.9990397149674262
32,2025-03-27,2025-04-10,2,2,1,1,0.9985255808488446
33,2025-03-27,2025-04-10,2,2,1,1,0.9926356226765487
34,2025-03-27,2025-04-10,0,0,0,0,0.0215171265921636
35,2025-03-27,2025-04-10,2,2,1,1,0.9986940904075328
36,2025-03-27,2025-04-10,2,2,1,1,0.9987454517356894
37,2025-03-27,2025-04-10,1,0,1,0,0.9889665886114535
38,2025-03-27,2025-04-10,1,0,1,0,0.9926709580540416
39,2025-03-27,2025-04-10,0,0,0,0,0.10639591930504202
40,2025-03-27,2025-04-10,1,0,1,0,0.9945759682394417
41,2025-03-27,2025-04-10,2,2,1,1,0.9990397149674262
42,2025-03-27,2025-04-10,2,2,1,1,0.9986777888375266
43,2025-03-27,2025-04-10,0,0,0,0,0.03406155779080085
45,2025-03-27,2025-04-10,0,0,0,0,0.05986847453482469
46,2025-03-27,2025-04-10,1,0,1,0,0.9897901454785183
47,2025-03-27,2025-04-10,1,1,1,1,0.9482054748516772
48,2025-03-27,2025-04-10,1,1,1,1,0.9963660447519179
49,2025-03-27,2025-04-10,1,1,1,1,0.997250681966679
50,2025-03-27,2025-04-10,1,1,1,1,0.9970273844341414
51,2025-03-27,2025-04-10,0,0,0,0,0.009598022934588779
52,2025-03-27,2025-04-10,1,1,1,1,0.9970273844341414
53,2025-03-27,2025-04-10,0,0,0,0,0.0215171265921636
54,2025-03-27,2025-04-10,0,0,0,0,0.02035512541925278
55,2025-03-27,2025-04-10,2,2,1,1,0.9913785028799941
56,2025-03-27,2025-04-10,2,2,1,1,0.9916447241750708
57,2025-03-27,2025-04-10,2,2,1,1,0.9916447241750708
58,2025-03-27,2025-04-10,2,2,1,1,0.995212785965951
59,2025-03-27,2025-04-10,0,0,0,0,0.05986847453482469
60,2025-03-27,2025-04-10,0,0,0,0,0.11150120026427048
61,2025-03-27,2025-04-10,2,0,1,0,0.9990397149674262
62,2025-03-27,2025-04-10,2,0,1,0,0.9990657135541685
63,2025-03-27,2025-04-10,1,0,1,0,0.9929107321366183
64,2025-03-27,2025-04-10,2,0,1,0,0.9990397149674262
65,2025-03-27,2025-04-10,0,0,0,0,0.009598022934588779
66,2025-03-27,2025-04-10,0,0,0,0,0.05986847453482469
67,2025-03-27,2025-04-10,1,1,1,1,0.9970273844341414
68,2025-03-27,2025-04-10,0,0,0,0,0.02082873604828739
69,2025-03-27,2025-04-10,0,0,0,0,0.02082873604828739
70,2025-03-27,2025-04-10,2,1,1,1,0.9951316184104357
71,2025-03-27,2025-04-10,2,1,1,1,0.9985469436484841
72,2025-03-27,2025-04-10,0,0,0,0,0.009598022934588779
73,2025-03-27,2025-04-10,0,0,0,0,0.009505283592757196
74,2025-03-27,2025-04-10,1,0,1,0,0.9935048676949889
75,2025-03-27,2025-04-10,0,0,0,0,0.014249121759634302
76,2025-03-27,2025-04-10,0,0,0,0,0.008633190438981598
77,2025-03-27,2025-04-10,0,0,0,0,0.02082873604828739
78,2025-03-27,2025-04-10,1,1,1,1,0.9927123519220377
79,2025-03-27,2025-04-10,0,0,0,0,0.019007605663637347
80,2025-03-27,2025-04-10,0,0,0,0,0.0215171265921636
81,2025-03-27,2025-04-10,2,2,1,1,0.9606188548020343
82,2025-03-27,2025-04-10,2,2,1,1,0.9991431970100556
83,2025-03-27,2025-04-10,1,0,1,0,0.9900252194383199
84,2025-03-27,2025-04-10,2,2,1,1,0.999082038041062
85,2025-03-27,2025-04-10,0,0,0,0,0.018328957069711375
86,2025-03-27,2025-04-10,2,2,1,1,0.9988123851878573
87,2025-03-27,2025-04-10,2,2,1,1,0.9985469436484841
88,2025-03-27,2025-04-10,2,2,1,1,0.9986860460362772
89,2025-03-27,2025-04-10,0,0,0,0,0.009598022934588779
90,2025-03-27,2025-04-10,1,1,1,1,0.9279509135202065
91,2025-03-27,2025-04-10,2,2,1,1,0.9950227315059685
92,2025-03-27,2025-04-10,0,0,0,0,0.016016837562627607
93,2025-03-27,2025-04-10,0,0,0,0,0.00768856088243714
94,2025-03-27,2025-04-10,0,0,0,0,0.022535974152372185
95,2025-03-27,2025-04-10,0,0,0,0,0.009598022934588779
96,2025-03-27,2025-04-10,2,2,1,1,0.9916447241750708
97,2025-03-27,2025-04-10,1,1,1,1,0.9970273844341414
98,2025-03-27,2025-04-10,0,0,0,0,0.0046718818423939785
99,2025-03-27,2025-04-10,2,2,1,1,0.9837331620593156
100,2025-03-27,2025-04-10,1,1,1,1,0.9702961424197296
101,2025-03-27,2025-04-10,2,2,1,1,0.9986940904075328
102,2025-03-27,2025-04-10,2,2,1,1,0.9986777888375266
103,2025-03-27,2025-04-10,0,0,0,0,0.10639591930504202
104,2025-03-27,2025-04-10,2,2,1,1,0.9987454517356894
105,2025-03-27,2025-04-10,2,2,1,1,0.9987454517356894
106,2025-03-27,2025-04-10,2,2,1,1,0.9987454517356894
107,2025-03-27,2025-04-10,2,2,1,1,0.9986777888375266
108,2025-03-27,2025-04-10,1,1,1,1,0.9969787911400988
109,2025-03-27,2025-04-10,2,0,1,0,0.9990397149674262
110,2025-03-27,2025-04-10,2,0,1,0,0.9992163081779183
111,2025-03-27,2025-04-10,2,0,1,0,0.9990397149674262
112,2025-03-27,2025-04-10,1,1,1,1,0.9732274606729239
113,2025-03-27,2025-04-10,0,0,0,0,0.01483349475870177
114,2025-03-27,2025-04-10,0,0,0,0,0.016016837562627607
115,2025-03-27,2025-04-10,0,0,0,0,0.013627852383562766
116,2025-03-27,2025-04-10,1,1,1,1,0.9970273844341414
117,2025-03-27,2025-04-10,0,0,0,0,0.01556666528129802
118,2025-03-27,2025-04-10,0,0,0,0,0.010483705783212638
119,2025-03-27,2025-04-10,1,0,1,0,0.9929107321366183
120,2025-03-27,2025-04-10,2,0,1,0,0.9990397149674262
121,2025-03-27,2025-04-10,0,0,0,0,0.05986847453482469
122,2025-03-27,2025-04-10,2,0,1,0,0.9990397149674262
123,2025-03-27,2025-04-10,2,2,1,1,0.9990160268165549
124,2025-03-27,2025-04-10,2,1,1,1,0.9985255808488446
125,2025-03-27,2025-04-10,2,2,1,1,0.9988272732946939
126,2025-03-27,2025-04-10,2,2,1,1,0.9987454517356894
127,2025-03-27,2025-04-10,0,0,0,0,0.02660408310020802
128,2025-03-27,2025-04-10,0,0,0,0,0.02660408310020802
129,2025-03-27,2025-04-10,0,0,0,0,0.015208642930888298
130,2025-03-27,2025-04-10,2,2,1,1,0.9990397149674262
131,2025-03-27,2025-04-10,2,0,1,0,0.9990397149674262
132,2025-03-27,2025-04-10,2,0,1,0,0.9989193951082903
133,2025-03-27,2025-04-10,0,0,0,0,0.02231902433296761
134,2025-03-27,2025-04-10,0,0,0,0,0.008633190438981598
135,2025-03-27,2025-04-10,1,1,1,1,0.9969222012114142
136,2025-03-27,2025-04-10,2,0,1,0,0.9990397149674262
137,2025-03-27,2025-04-10,2,0,1,0,0.9990397149674262
138,2025-03-27,2025-04-10,1,1,1,1,0.9959005966752034
139,2025-03-27,2025-04-10,2,2,1,1,0.9990397149674262
1,2025-04-04,2025-04-17,0,0,0,0,0.020501933982043672
2,2025-04-04,2025-04-17,2,2,1,1,0.9988217083484969
3,2025-04-04,2025-04-17,0,0,0,0,0.017931445490648193
4,2025-04-04,2025-04-17,0,0,0,0,0.013730504837583538
5,2025-04-04,2025-04-17,1,1,1,1,0.9933913689261692
6,2025-04-04,2025-04-17,0,0,0,0,0.013036148003860581
7,2025-04-04,2025-04-17,1,1,1,1,0.992515814457097
8,2025-04-04,2025-04-17,0,0,0,0,0.018677202154675672
9,2025-04-04,2025-04-17,0,0,0,0,0.056898307699658625
10,2025-04-04,2025-04-17,2,2,1,1,0.999082038041062
11,2025-04-04,2025-04-17,1,1,1,1,0.9967057323278029
12,2025-04-04,2025-04-17,0,1,0,1,0.04268741807654165
13,2025-04-04,2025-04-17,0,0,0,0,0.013730504837583538
14,2025-04-04,2025-04-17,0,0,0,0,0.012713896435213356
15,2025-04-04,2025-04-17,0,0,0,0,0.012000705275951148
16,2025-04-04,2025-04-17,2,2,1,1,0.9989208671617181
17,2025-04-04,2025-04-17,2,1,1,1,0.9985623653801965
18,2025-04-04,2025-04-17,0,0,0,0,0.013082665891214791
19,2025-04-04,2025-04-17,0,0,0,0,0.013082665891214791
20,2025-04-04,2025-04-17,0,0,0,0,0.06853222887860075
21,2025-04-04,2025-04-17,0,0,0,0,0.013082665891214791
22,2025-04-04,2025-04-17,0,0,0,0,0.013082665891214791
23,2025-04-04,2025-04-17,1,1,1,1,0.9933420741831382
24,2025-04-04,2025-04-17,0,0,0,0,0.013343721232070003
25,2025-04-04,2025-04-17,0,0,0,0,0.013730504837583538
26,2025-04-04,2025-04-17,1,1,1,1,0.9961188718618729
27,2025-04-04,2025-04-17,0,0,0,0,0.018677202154675672
28,2025-04-04,2025-04-17,0,0,0,0,0.018677202154675672
29,2025-04-04,2025-04-17,0,0,0,0,0.02431686465471451
30,2025-04-04,2025-04-17,0,1,0,1,0.06824992101394756
31,2025-04-04,2025-04-17,2,2,1,1,0.9990397149674262
32,2025-04-04,2025-04-17,2,2,1,1,0.9990397149674262
33,2025-04-04,2025-04-17,2,2,1,1,0.9973705493510734
34,2025-04-04,2025-04-17,0,0,0,0,0.02760873909653332
35,2025-04-04,2025-04-17,2,2,1,1,0.9990657135541685
36,2025-04-04,2025-04-17,2,2,1,1,0.9986777888375266
37,2025-04-04,2025-04-17,0,1,0,1,0.07695539322344558
38,2025-04-04,2025-04-17,0,1,0,1,0.08077570131535025
39,2025-04-04,2025-04-17,0,1,0,1,0.08077570131535025
40,2025-04-04,2025-04-17,0,1,0,1,0.04268741807654165
41,2025-04-04,2025-04-17,2,2,1,1,0.9986777888375266
42,2025-04-04,2025-04-17,2,2,1,1,0.9986777888375266
43,2025-04-04,2025-04-17,0,0,0,0,0.027875641019474543
45,2025-04-04,2025-04-17,0,1,0,1,0.04268741807654165
46,2025-04-04,2025-04-17,0,1,0,1,0.04268741807654165
47,2025-04-04,2025-04-17,1,1,1,1,0.9959055031132975
48,2025-04-04,2025-04-17,1,1,1,1,0.9975585958121926
49,2025-04-04,2025-04-17,1,1,1,1,0.9971116836316287
50,2025-04-04,2025-04-17,1,1,1,1,0.9966403213070221
51,2025-04-04,2025-04-17,0,0,0,0,0.020501933982043672
52,2025-04-04,2025-04-17,1,1,1,1,0.9948083295656119
53,2025-04-04,2025-04-17,0,0,0,0,0.030189712366086134
54,2025-04-04,2025-04-17,0,0,0,0,0.05064053603993439
55,2025-04-04,2025-04-17,2,2,1,1,0.999082038041062
56,2025-04-04,2025-04-17,2,2,1,1,0.9988907960240496
57,2025-04-04,2025-04-17,2,2,1,1,0.9988907960240496
58,2025-04-04,2025-04-17,2,2,1,1,0.9988907960240496
59,2025-04-04,2025-04-17,0,1,0,1,0.08022196240027375
60,2025-04-04,2025-04-17,0,1,0,1,0.08077570131535025
61,2025-04-04,2025-04-17,0,1,0,1,0.04268741807654165
62,2025-04-04,2025-04-17,0,1,0,1,0.04268741807654165
63,2025-04-04,2025-04-17,0,1,0,1,0.04268741807654165
64,2025-04-04,2025-04-17,0,1,0,1,0.04268741807654165
65,2025-04-04,2025-04-17,0,0,0,0,0.017931445490648193
66,2025-04-04,2025-04-17,0,1,0,1,0.06824992101394756
67,2025-04-04,2025-04-17,1,1,1,1,0.9960259836820167
68,2025-04-04,2025-04-17,0,0,0,0,0.013082665891214791
69,2025-04-04,2025-04-17,0,0,0,0,0.013629563785892598
70,2025-04-04,2025-04-17,2,1,1,1,0.9977515366214814
71,2025-04-04,2025-04-17,2,1,1,1,0.9987181036405756
72,2025-04-04,2025-04-17,0,0,0,0,0.01786799899379437
73,2025-04-04,2025-04-17,0,0,0,0,0.033526711253812
74,2025-04-04,2025-04-17,0,0,0,0,0.04268741807654165
75,2025-04-04,2025-04-17,0,0,0,0,0.03377732125045428
76,2025-04-04,2025-04-17,0,0,0,0,0.017931445490648193
77,2025-04-04,2025-04-17,0,0,0,0,0.01616851246454556
78,2025-04-04,2025-04-17,1,1,1,1,0.9942199593133871
79,2025-04-04,2025-04-17,0,0,0,0,0.02937350146227615
80,2025-04-04,2025-04-17,0,0,0,0,0.030189712366086134
81,2025-04-04,2025-04-17,2,2,1,1,0.9935762148620958
82,2025-04-04,2025-04-17,2,2,1,1,0.9993978086241914
83,2025-04-04,2025-04-17,0,1,0,1,0.04268741807654165
84,2025-04-04,2025-04-17,2,2,1,1,0.9990397149674262
85,2025-04-04,2025-04-17,0,0,0,0,0.06553713161765068
86,2025-04-04,2025-04-17,2,2,1,1,0.9988907960240496
87,2025-04-04,2025-04-17,2,2,1,1,0.9977515366214814
88,2025-04-04,2025-04-17,2,2,1,1,0.9988907960240496
89,2025-04-04,2025-04-17,0,0,0,0,0.01786799899379437
90,2025-04-04,2025-04-17,1,1,1,1,0.9913092351727153
91,2025-04-04,2025-04-17,2,2,1,1,0.9993700351238635
92,2025-04-04,2025-04-17,0,0,0,0,0.012000705275951148
93,2025-04-04,2025-04-17,0,0,0,0,0.01786799899379437
94,2025-04-04,2025-04-17,0,0,0,0,0.030189712366086134
95,2025-04-04,2025-04-17,0,0,0,0,0.01786799899379437
96,2025-04-04,2025-04-17,2,2,1,1,0.9988907960240496
97,2025-04-04,2025-04-17,1,1,1,1,0.9954681313789033
98,2025-04-04,2025-04-17,0,0,0,0,0.013147702740703942
99,2025-04-04,2025-04-17,2,2,1,1,0.9990657135541685
100,2025-04-04,2025-04-17,1,1,1,1,0.9967057323278029
101,2025-04-04,2025-04-17,2,2,1,1,0.999082038041062
102,2025-04-04,2025-04-17,2,2,1,1,0.9987454517356894
103,2025-04-04,2025-04-17,0,1,0,1,0.07695539322344558
104,2025-04-04,2025-04-17,2,2,1,1,0.9990160268165549
105,2025-04-04,2025-04-17,2,2,1,1,0.9986777888375266
106,2025-04-04,2025-04-17,2,2,1,1,0.9986777888375266
107,2025-04-04,2025-04-17,2,2,1,1,0.9986777888375266
108,2025-04-04,2025-04-17,1,1,1,1,0.9948083295656119
109,2025-04-04,2025-04-17,0,0,0,0,0.04268741807654165
110,2025-04-04,2025-04-17,0,1,0,1,0.04268741807654165
111,2025-04-04,2025-04-17,0,1,0,1,0.04268741807654165
112,2025-04-04,2025-04-17,1,1,1,1,0.9969787911400988
113,2025-04-04,2025-04-17,0,0,0,0,0.013343721232070003
114,2025-04-04,2025-04-17,0,0,0,0,0.013082665891214791
115,2025-04-04,2025-04-17,0,0,0,0,0.013082665891214791
116,2025-04-04,2025-04-17,1,1,1,1,0.9948083295656119
117,2025-04-04,2025-04-17,0,0,0,0,0.013730504837583538
118,2025-04-04,2025-04-17,0,0,0,0,0.024511344083367092
119,2025-04-04,2025-04-17,0,1,0,1,0.04268741807654165
120,2025-04-04,2025-04-17,0,1,0,1,0.04268741807654165
121,2025-04-04,2025-04-17,0,1,0,1,0.04268741807654165
122,2025-04-04,2025-04-17,0,1,0,1,0.04268741807654165
123,2025-04-04,2025-04-17,2,2,1,1,0.9985623653801965
124,2025-04-04,2025-04-17,2,1,1,1,0.9985623653801965
125,2025-04-04,2025-04-17,2,2,1,1,0.9992163081779183
126,2025-04-04,2025-04-17,2,2,1,1,0.9986777888375266
127,2025-04-04,2025-04-17,0,0,0,0,0.033016397054169894
128,2025-04-04,2025-04-17,0,0,0,0,0.017751840963808267
129,2025-04-04,2025-04-17,0,0,0,0,0.013730504837583538
130,2025-04-04,2025-04-17,2,2,1,1,0.9987135735306968
131,2025-04-04,2025-04-17,0,1,0,1,0.04268741807654165
132,2025-04-04,2025-04-17,0,0,0,0,0.0240967441972368
133,2025-04-04,2025-04-17,0,0,0,0,0.033742443162021185
134,2025-04-04,2025-04-17,0,0,0,0,0.017931445490648193
135,2025-04-04,2025-04-17,1,1,1,1,0.9955541738083162
136,2025-04-04,2025-04-17,0,1,0,1,0.04268741807654165
137,2025-04-04,2025-04-17,0,1,0,1,0.08022196240027375
138,2025-04-04,2025-04-17,1,1,1,1,0.9985492953674726
139,2025-04-04,2025-04-17,2,2,1,1,0.9990397149674262
1,2025-04-10,2025-04-24,0,0,0,0,0.02082873604828739
2,2025-04-10,2025-04-24,2,2,1,1,0.9966910244075136
3,2025-04-10,2025-04-24,0,0,0,0,0.02082873604828739
4,2025-04-10,2025-04-24,0,0,0,0,0.01459650295378809
5,2025-04-10,2025-04-24,1,1,1,1,0.9933797029175272
6,2025-04-10,2025-04-24,0,0,0,0,0.01483349475870177
7,2025-04-10,2025-04-24,1,0,1,0,0.9942840667177423
8,2025-04-10,2025-04-24,0,0,0,0,0.009598022934588779
9,2025-04-10,2025-04-24,0,0,0,0,0.043528482363096005
10,2025-04-10,2025-04-24,2,2,1,1,0.9985255808488446
11,2025-04-10,2025-04-24,1,1,1,1,0.9958433459797584
12,2025-04-10,2025-04-24,0,1,0,1,0.10466219285605846
13,2025-04-10,2025-04-24,0,0,0,0,0.0188530494040815
14,2025-04-10,2025-04-24,0,0,0,0,0.01459650295378809
15,2025-04-10,2025-04-24,0,0,0,0,0.01459650295378809
16,2025-04-10,2025-04-24,2,2,1,1,0.9962631459311035
17,2025-04-10,2025-04-24,1,1,1,1,0.9935916343098028
18,2025-04-10,2025-04-24,0,0,0,0,0.01483349475870177
19,2025-04-10,2025-04-24,0,0,0,0,0.01483349475870177
20,2025-04-10,2025-04-24,0,0,0,0,0.1033363375719273
21,2025-04-10,2025-04-24,0,0,0,0,0.019556391327088887
22,2025-04-10,2025-04-24,0,0,0,0,0.0188530494040815
23,2025-04-10,2025-04-24,1,1,1,1,0.9933797029175272
24,2025-04-10,2025-04-24,0,0,0,0,0.014780844705405602
25,2025-04-10,2025-04-24,0,0,0,0,0.016016837562627607
26,2025-04-10,2025-04-24,1,1,1,1,0.9958433459797584
27,2025-04-10,2025-04-24,0,0,0,0,0.02176905259255729
28,2025-04-10,2025-04-24,0,0,0,0,0.015262793214332744
29,2025-04-10,2025-04-24,0,0,0,0,0.02082873604828739
30,2025-04-10,2025-04-24,0,1,0,1,0.0947017197564428
31,2025-04-10,2025-04-24,2,2,1,1,0.9985255808488446
32,2025-04-10,2025-04-24,2,2,1,1,0.9985255808488446
33,2025-04-10,2025-04-24,2,2,1,1,0.9990397149674262
34,2025-04-10,2025-04-24,0,0,0,0,0.04411519437172463
35,2025-04-10,2025-04-24,2,2,1,1,0.9990397149674262
36,2025-04-10,2025-04-24,2,2,1,1,0.9985255808488446
37,2025-04-10,2025-04-24,0,1,0,1,0.10197875148786495
38,2025-04-10,2025-04-24,0,1,0,1,0.10197875148786495
39,2025-04-10,2025-04-24,0,1,0,1,0.08171242224344315
40,2025-04-10,2025-04-24,0,1,0,1,0.10197875148786495
41,2025-04-10,2025-04-24,2,2,1,1,0.9962631459311035
42,2025-04-10,2025-04-24,2,2,1,1,0.9957809900454428
43,2025-04-10,2025-04-24,0,0,0,0,0.09127065328704172
45,2025-04-10,2025-04-24,0,1,0,1,0.08391241160196561
46,2025-04-10,2025-04-24,0,1,0,1,0.10466219285605846
47,2025-04-10,2025-04-24,1,1,1,1,0.992410339085646
48,2025-04-10,2025-04-24,1,1,1,1,0.9958020592694
49,2025-04-10,2025-04-24,1,1,1,1,0.9958086685258136
50,2025-04-10,2025-04-24,1,1,1,1,0.9958086685258136
51,2025-04-10,2025-04-24,0,0,0,0,0.015262793214332744
52,2025-04-10,2025-04-24,1,1,1,1,0.9948083295656119
53,2025-04-10,2025-04-24,0,0,0,0,0.04605733303356698
54,2025-04-10,2025-04-24,0,0,0,0,0.05077890692936387
55,2025-04-10,2025-04-24,2,2,1,1,0.9990397149674262
56,2025-04-10,2025-04-24,2,2,1,1,0.9988907960240496
57,2025-04-10,2025-04-24,2,2,1,1,0.9988907960240496
58,2025-04-10,2025-04-24,2,2,1,1,0.9972495345115571
59,2025-04-10,2025-04-24,0,1,0,1,0.08171242224344315
60,2025-04-10,2025-04-24,0,1,0,1,0.10197875148786495
61,2025-04-10,2025-04-24,0,1,0,1,0.10197875148786495
62,2025-04-10,2025-04-24,0,1,0,1,0.10197875148786495
63,2025-04-10,2025-04-24,0,1,0,1,0.10197875148786495
64,2025-04-10,2025-04-24,0,1,0,1,0.10197875148786495
65,2025-04-10,2025-04-24,0,0,0,0,0.015262793214332744
66,2025-04-10,2025-04-24,0,1,0,1,0.08171242224344315
67,2025-04-10,2025-04-24,1,1,1,1,0.9958086685258136
68,2025-04-10,2025-04-24,0,0,0,0,0.01483349475870177
69,2025-04-10,2025-04-24,0,0,0,0,0.0188530494040815
70,2025-04-10,2025-04-24,1,1,1,1,0.9786191236769363
71,2025-04-10,2025-04-24,1,1,1,1,0.9915946945066043
72,2025-04-10,2025-04-24,0,0,0,0,0.02082873604828739
73,2025-04-10,2025-04-24,0,0,0,0,0.047202516790170256
74,2025-04-10,2025-04-24,0,0,0,0,0.10197875148786495
75,2025-04-10,2025-04-24,0,0,0,0,0.04256427800235304
76,2025-04-10,2025-04-24,0,0,0,0,0.02082873604828739
77,2025-04-10,2025-04-24,0,0,0,0,0.01692313321640029
78,2025-04-10,2025-04-24,1,1,1,1,0.9949532669716113
79,2025-04-10,2025-04-24,0,0,0,0,0.0810880483889138
80,2025-04-10,2025-04-24,0,0,0,0,0.044441313123772336
81,2025-04-10,2025-04-24,2,2,1,1,0.998671646976379
82,2025-04-10,2025-04-24,2,2,1,1,0.9990684265448118
83,2025-04-10,2025-04-24,0,1,0,1,0.10197875148786495
84,2025-04-10,2025-04-24,2,2,1,1,0.9987135735306968
85,2025-04-10,2025-04-24,0,0,0,0,0.05077890692936387
86,2025-04-10,2025-04-24,2,2,1,1,0.9988907960240496
87,2025-04-10,2025-04-24,2,2,1,1,0.9972495345115571
88,2025-04-10,2025-04-24,2,2,1,1,0.9973705493510734
89,2025-04-10,2025-04-24,0,0,0,0,0.02176905259255729
90,2025-04-10,2025-04-24,1,1,1,1,0.9961335707053192
91,2025-04-10,2025-04-24,2,2,1,1,0.9985715903440358
92,2025-04-10,2025-04-24,0,0,0,0,0.016016837562627607
93,2025-04-10,2025-04-24,0,0,0,0,0.009598022934588779
94,2025-04-10,2025-04-24,0,0,0,0,0.06864026224535988
95,2025-04-10,2025-04-24,0,0,0,0,0.02082873604828739
96,2025-04-10,2025-04-24,2,2,1,1,0.9988907960240496
97,2025-04-10,2025-04-24,1,1,1,1,0.9958086685258136
98,2025-04-10,2025-04-24,0,0,0,0,0.02082873604828739
99,2025-04-10,2025-04-24,2,2,1,1,0.9990397149674262
100,2025-04-10,2025-04-24,1,1,1,1,0.9970273844341414
101,2025-04-10,2025-04-24,2,2,1,1,0.9985255808488446
102,2025-04-10,2025-04-24,2,2,1,1,0.9985255808488446
103,2025-04-10,2025-04-24,0,1,0,1,0.08171242224344315
104,2025-04-10,2025-04-24,2,2,1,1,0.9985255808488446
105,2025-04-10,2025-04-24,2,2,1,1,0.9987135735306968
106,2025-04-10,2025-04-24,2,2,1,1,0.9987135735306968
107,2025-04-10,2025-04-24,2,2,1,1,0.9985255808488446
108,2025-04-10,2025-04-24,1,1,1,1,0.9948083295656119
109,2025-04-10,2025-04-24,0,0,0,0,0.08391241160196561
110,2025-04-10,2025-04-24,0,1,0,1,0.10466219285605846
111,2025-04-10,2025-04-24,0,1,0,1,0.10197875148786495
112,2025-04-10,2025-04-24,1,1,1,1,0.9969787911400988
113,2025-04-10,2025-04-24,0,0,0,0,0.014003090279128652
114,2025-04-10,2025-04-24,0,0,0,0,0.01483349475870177
115,2025-04-10,2025-04-24,0,0,0,0,0.01483349475870177
116,2025-04-10,2025-04-24,1,1,1,1,0.9958086685258136
117,2025-04-10,2025-04-24,0,0,0,0,0.02082873604828739
118,2025-04-10,2025-04-24,0,0,0,0,0.0626453505732048
119,2025-04-10,2025-04-24,0,1,0,1,0.08171242224344315
120,2025-04-10,2025-04-24,0,1,0,1,0.10197875148786495
121,2025-04-10,2025-04-24,0,1,0,1,0.10466219285605846
122,2025-04-10,2025-04-24,0,1,0,1,0.10197875148786495
123,2025-04-10,2025-04-24,2,2,1,1,0.9986777888375266
124,2025-04-10,2025-04-24,1,1,1,1,0.9915467630230153
125,2025-04-10,2025-04-24,2,2,1,1,0.9985255808488446
126,2025-04-10,2025-04-24,2,2,1,1,0.9985255808488446
127,2025-04-10,2025-04-24,0,0,0,0,0.044534360880039495
128,2025-04-10,2025-04-24,0,0,0,0,0.0717268517431252
129,2025-04-10,2025-04-24,0,0,0,0,0.01483349475870177
130,2025-04-10,2025-04-24,2,2,1,1,0.9989208671617181
131,2025-04-10,2025-04-24,0,1,0,1,0.08171242224344315
132,2025-04-10,2025-04-24,0,0,0,0,0.10466219285605846
133,2025-04-10,2025-04-24,0,0,0,0,0.053713491453509524
134,2025-04-10,2025-04-24,0,0,0,0,0.02082873604828739
135,2025-04-10,2025-04-24,1,1,1,1,0.9969359662831757
136,2025-04-10,2025-04-24,0,1,0,1,0.10197875148786495
137,2025-04-10,2025-04-24,0,1,0,1,0.08171242224344315
138,2025-04-10,2025-04-24,1,1,1,1,0.9972301473955966
139,2025-04-10,2025-04-24,2,2,1,1,0.9988442980124917
1,2025-05-02,2025-05-15,0,0,0,0,0.023866577838618862
2,2025-05-02,2025-05-15,2,2,1,1,0.9986860460362772
3,2025-05-02,2025-05-15,0,0,0,0,0.02414707747514105
4,2025-05-02,2025-05-15,0,0,0,0,0.017077001264121747
5,2025-05-02,2025-05-15,1,1,1,1,0.9945365567796908
6,2025-05-02,2025-05-15,0,0,0,0,0.01668483098872618
7,2025-05-02,2025-05-15,0,0,0,0,0.09798006519513358
8,2025-05-02,2025-05-15,0,0,0,0,0.02283777368106834
9,2025-05-02,2025-05-15,0,0,0,0,0.11696663280443446
10,2025-05-02,2025-05-15,2,2,1,1,0.9992163081779183
11,2025-05-02,2025-05-15,1,1,1,1,0.9958433459797584
12,2025-05-02,2025-05-15,1,1,1,1,0.9937016337867903
13,2025-05-02,2025-05-15,0,0,0,0,0.018562597135943503
14,2025-05-02,2025-05-15,0,0,0,0,0.021786610253516945
15,2025-05-02,2025-05-15,0,0,0,0,0.01757007139092881
16,2025-05-02,2025-05-15,2,2,1,1,0.9986777888375266
17,2025-05-02,2025-05-15,1,1,1,1,0.9918232047581608
18,2025-05-02,2025-05-15,0,0,0,0,0.017647753520040846
19,2025-05-02,2025-05-15,0,0,0,0,0.02393461157646183
20,2025-05-02,2025-05-15,0,1,0,1,0.10493096579204451
21,2025-05-02,2025-05-15,0,0,0,0,0.017647753520040846
22,2025-05-02,2025-05-15,0,0,0,0,0.017647753520040846
23,2025-05-02,2025-05-15,1,1,1,1,0.9913092351727153
24,2025-05-02,2025-05-15,0,0,0,0,0.017077001264121747
25,2025-05-02,2025-05-15,0,0,0,0,0.01757007139092881
26,2025-05-02,2025-05-15,1,1,1,1,0.9958086685258136
27,2025-05-02,2025-05-15,0,0,0,0,0.017647753520040846
28,2025-05-02,2025-05-15,0,0,0,0,0.017647753520040846
29,2025-05-02,2025-05-15,0,0,0,0,0.02393461157646183
30,2025-05-02,2025-05-15,1,1,1,1,0.9901920350914022
31,2025-05-02,2025-05-15,2,2,1,1,0.9989208671617181
32,2025-05-02,2025-05-15,2,2,1,1,0.9975642730648617
33,2025-05-02,2025-05-15,2,2,1,1,0.9963176354262349
34,2025-05-02,2025-05-15,0,0,0,0,0.04171409732031072
35,2025-05-02,2025-05-15,2,2,1,1,0.9990397149674262
36,2025-05-02,2025-05-15,2,2,1,1,0.9985255808488446
37,2025-05-02,2025-05-15,1,1,1,1,0.9849644567782332
38,2025-05-02,2025-05-15,1,1,1,1,0.9849644567782332
39,2025-05-02,2025-05-15,1,1,1,1,0.9849644567782332
40,2025-05-02,2025-05-15,1,1,1,1,0.9849644567782332
41,2025-05-02,2025-05-15,2,2,1,1,0.998736043062898
42,2025-05-02,2025-05-15,2,2,1,1,0.9987454517356894
43,2025-05-02,2025-05-15,0,0,0,0,0.08751451461933474
45,2025-05-02,2025-05-15,1,1,1,1,0.9937016337867903
46,2025-05-02,2025-05-15,1,1,1,1,0.9937016337867903
47,2025-05-02,2025-05-15,1,1,1,1,0.9913092351727153
48,2025-05-02,2025-05-15,1,1,1,1,0.9948083295656119
49,2025-05-02,2025-05-15,1,1,1,1,0.9948083295656119
50,2025-05-02,2025-05-15,1,1,1,1,0.9948083295656119
51,2025-05-02,2025-05-15,0,0,0,0,0.017647753520040846
52,2025-05-02,2025-05-15,1,1,1,1,0.9948083295656119
53,2025-05-02,2025-05-15,0,0,0,0,0.049277541815455274
54,2025-05-02,2025-05-15,0,0,0,0,0.05615744309053151
55,2025-05-02,2025-05-15,2,2,1,1,0.9987135735306968
56,2025-05-02,2025-05-15,2,2,1,1,0.9988907960240496
57,2025-05-02,2025-05-15,2,2,1,1,0.9988907960240496
58,2025-05-02,2025-05-15,2,2,1,1,0.9990947501161666
59,2025-05-02,2025-05-15,1,1,1,1,0.9849644567782332
60,2025-05-02,2025-05-15,1,1,1,1,0.9849644567782332
61,2025-05-02,2025-05-15,1,1,1,1,0.9897440417468379
62,2025-05-02,2025-05-15,1,1,1,1,0.9937016337867903
63,2025-05-02,2025-05-15,1,1,1,1,0.9937016337867903
64,2025-05-02,2025-05-15,1,1,1,1,0.9937016337867903
65,2025-05-02,2025-05-15,0,0,0,0,0.017647753520040846
66,2025-05-02,2025-05-15,1,1,1,1,0.9849644567782332
67,2025-05-02,2025-05-15,1,1,1,1,0.9948083295656119
68,2025-05-02,2025-05-15,0,0,0,0,0.021786610253516945
69,2025-05-02,2025-05-15,0,0,0,0,0.017647753520040846
70,2025-05-02,2025-05-15,1,0,1,0,0.9894387169464974
71,2025-05-02,2025-05-15,1,0,1,0,0.990227381404299
72,2025-05-02,2025-05-15,0,0,0,0,0.027583556127846943
73,2025-05-02,2025-05-15,0,0,0,0,0.047206333476956464
74,2025-05-02,2025-05-15,0,0,0,0,0.09903789832591846
75,2025-05-02,2025-05-15,0,0,0,0,0.10174067749718023
76,2025-05-02,2025-05-15,0,0,0,0,0.02393461157646183
77,2025-05-02,2025-05-15,0,0,0,0,0.021786610253516945
78,2025-05-02,2025-05-15,1,1,1,1,0.9955036172809476
79,2025-05-02,2025-05-15,0,0,0,0,0.09903789832591846
80,2025-05-02,2025-05-15,0,0,0,0,0.047840139019871476
81,2025-05-02,2025-05-15,2,2,1,1,0.9980106823171602
82,2025-05-02,2025-05-15,2,2,1,1,0.9992163081779183
83,2025-05-02,2025-05-15,1,1,1,1,0.9937016337867903
84,2025-05-02,2025-05-15,2,2,1,1,0.9990397149674262
85,2025-05-02,2025-05-15,0,0,0,0,0.09146589759533486
86,2025-05-02,2025-05-15,2,2,1,1,0.9986860460362772
87,2025-05-02,2025-05-15,2,2,1,1,0.9989396755031834
88,2025-05-02,2025-05-15,2,2,1,1,0.9988907960240496
89,2025-05-02,2025-05-15,0,0,0,0,0.020178410106468328
90,2025-05-02,2025-05-15,1,1,1,1,0.9913092351727153
91,2025-05-02,2025-05-15,2,2,1,1,0.9990397149674262
92,2025-05-02,2025-05-15,0,0,0,0,0.015364090026253004
93,2025-05-02,2025-05-15,0,0,0,0,0.02283777368106834
94,2025-05-02,2025-05-15,0,0,0,0,0.04819240589611338
95,2025-05-02,2025-05-15,0,0,0,0,0.023866577838618862
96,2025-05-02,2025-05-15,2,2,1,1,0.9988907960240496
97,2025-05-02,2025-05-15,1,1,1,1,0.9948083295656119
98,2025-05-02,2025-05-15,0,0,0,0,0.02283777368106834
99,2025-05-02,2025-05-15,2,2,1,1,0.9986777888375266
100,2025-05-02,2025-05-15,1,1,1,1,0.9966252325558855
101,2025-05-02,2025-05-15,2,2,1,1,0.9989208671617181
102,2025-05-02,2025-05-15,2,2,1,1,0.9985255808488446
103,2025-05-02,2025-05-15,1,1,1,1,0.9849644567782332
104,2025-05-02,2025-05-15,2,2,1,1,0.9990146844431061
105,2025-05-02,2025-05-15,2,2,1,1,0.9988474819974257
106,2025-05-02,2025-05-15,2,2,1,1,0.9987135735306968
107,2025-05-02,2025-05-15,2,2,1,1,0.9987135735306968
108,2025-05-02,2025-05-15,1,1,1,1,0.9948083295656119
109,2025-05-02,2025-05-15,0,0,0,0,0.046164592737343156
110,2025-05-02,2025-05-15,1,1,1,1,0.9937016337867903
111,2025-05-02,2025-05-15,1,1,1,1,0.9917555813873958
112,2025-05-02,2025-05-15,1,1,1,1,0.9971116836316287
113,2025-05-02,2025-05-15,0,0,0,0,0.017077001264121747
114,2025-05-02,2025-05-15,0,0,0,0,0.021786610253516945
115,2025-05-02,2025-05-15,0,0,0,0,0.017647753520040846
116,2025-05-02,2025-05-15,1,1,1,1,0.9948083295656119
117,2025-05-02,2025-05-15,0,0,0,0,0.014931985586213293
118,2025-05-02,2025-05-15,0,0,0,0,0.15564108050046033
119,2025-05-02,2025-05-15,1,1,1,1,0.9917555813873958
120,2025-05-02,2025-05-15,1,1,1,1,0.9937016337867903
121,2025-05-02,2025-05-15,1,1,1,1,0.9937016337867903
122,2025-05-02,2025-05-15,1,1,1,1,0.9937016337867903
123,2025-05-02,2025-05-15,2,2,1,1,0.9987454517356894
124,2025-05-02,2025-05-15,1,1,1,1,0.990826528733978
125,2025-05-02,2025-05-15,2,2,1,1,0.9987135735306968
126,2025-05-02,2025-05-15,2,2,1,1,0.9986777888375266
127,2025-05-02,2025-05-15,0,0,0,0,0.046164592737343156
128,2025-05-02,2025-05-15,0,0,0,0,0.09903789832591846
129,2025-05-02,2025-05-15,0,0,0,0,0.01621619336793929
130,2025-05-02,2025-05-15,2,0,1,0,0.9964086725146838
131,2025-05-02,2025-05-15,1,1,1,1,0.9901920350914022
132,2025-05-02,2025-05-15,0,0,0,0,0.09837236485330161
133,2025-05-02,2025-05-15,0,0,0,0,0.026702534248584354
134,2025-05-02,2025-05-15,0,0,0,0,0.017647753520040846
135,2025-05-02,2025-05-15,1,1,1,1,0.9948083295656119
136,2025-05-02,2025-05-15,1,1,1,1,0.9901920350914022
137,2025-05-02,2025-05-15,1,1,1,1,0.9901920350914022
138,2025-05-02,2025-05-15,1,1,1,1,0.9969787911400988
139,2025-05-02,2025-05-15,2,2,1,1,0.9989193951082903
1,2025-05-09,2025-05-22,0,0,0,0,0.02283777368106834
2,2025-05-09,2025-05-22,2,2,1,1,0.9957809900454428
3,2025-05-09,2025-05-22,0,0,0,0,0.010535456511153151
4,2025-05-09,2025-05-22,0,0,0,0,0.017152541455541407
5,2025-05-09,2025-05-22,1,1,1,1,0.993868568792034
6,2025-05-09,2025-05-22,0,0,0,0,0.01668483098872618
7,2025-05-09,2025-05-22,0,0,0,0,0.06202359137033383
8,2025-05-09,2025-05-22,0,0,0,0,0.010535456511153151
9,2025-05-09,2025-05-22,0,0,0,0,0.23774342612146038
10,2025-05-09,2025-05-22,2,2,1,1,0.9990397149674262
11,2025-05-09,2025-05-22,1,1,1,1,0.9970273844341414
12,2025-05-09,2025-05-22,1,1,1,1,0.9838161875884339
13,2025-05-09,2025-05-22,0,0,0,0,0.01757007139092881
14,2025-05-09,2025-05-22,0,0,0,0,0.017077001264121747
15,2025-05-09,2025-05-22,0,0,0,0,0.017152541455541407
16,2025-05-09,2025-05-22,2,2,1,1,0.9986777888375266
17,2025-05-09,2025-05-22,1,1,1,1,0.9904308617648636
18,2025-05-09,2025-05-22,0,0,0,0,0.02404136984309061
19,2025-05-09,2025-05-22,0,0,0,0,0.017152541455541407
20,2025-05-09,2025-05-22,0,0,0,0,0.11317929455715786
21,2025-05-09,2025-05-22,0,0,0,0,0.026162263052887685
22,2025-05-09,2025-05-22,0,0,0,0,0.017152541455541407
23,2025-05-09,2025-05-22,1,1,1,1,0.9933797029175272
24,2025-05-09,2025-05-22,0,0,0,0,0.01621619336793929
25,2025-05-09,2025-05-22,0,0,0,0,0.017152541455541407
26,2025-05-09,2025-05-22,1,1,1,1,0.9961188718618729
27,2025-05-09,2025-05-22,0,0,0,0,0.02283777368106834
28,2025-05-09,2025-05-22,0,0,0,0,0.02283777368106834
29,2025-05-09,2025-05-22,0,0,0,0,0.02283777368106834
30,2025-05-09,2025-05-22,1,1,1,1,0.9903619601669509
31,2025-05-09,2025-05-22,2,2,1,1,0.9986777888375266
32,2025-05-09,2025-05-22,2,2,1,1,0.9985255808488446
33,2025-05-09,2025-05-22,2,2,1,1,0.9990397149674262
34,2025-05-09,2025-05-22,0,0,0,0,0.047206333476956464
35,2025-05-09,2025-05-22,2,2,1,1,0.9992152388212485
36,2025-05-09,2025-05-22,2,2,1,1,0.9986777888375266
37,2025-05-09,2025-05-22,1,1,1,1,0.9876495412721191
38,2025-05-09,2025-05-22,1,1,1,1,0.9876495412721191
39,2025-05-09,2025-05-22,1,1,1,1,0.9904308617648636
40,2025-05-09,2025-05-22,1,1,1,1,0.9876495412721191
41,2025-05-09,2025-05-22,2,2,1,1,0.9985255808488446
42,2025-05-09,2025-05-22,2,2,1,1,0.9987454517356894
43,2025-05-09,2025-05-22,0,0,0,0,0.0890222152873705
45,2025-05-09,2025-05-22,1,2,1,1,0.984267624579073
46,2025-05-09,2025-05-22,1,1,1,1,0.9838161875884339
47,2025-05-09,2025-05-22,1,1,1,1,0.9961335707053192
48,2025-05-09,2025-05-22,1,1,1,1,0.9955541738083162
49,2025-05-09,2025-05-22,1,1,1,1,0.9958086685258136
50,2025-05-09,2025-05-22,1,1,1,1,0.9958433459797584
51,2025-05-09,2025-05-22,0,0,0,0,0.015364090026253004
52,2025-05-09,2025-05-22,1,1,1,1,0.9958433459797584
53,2025-05-09,2025-05-22,0,0,0,0,0.047206333476956464
54,2025-05-09,2025-05-22,0,0,0,0,0.10888377849714762
55,2025-05-09,2025-05-22,2,2,1,1,0.9990397149674262
56,2025-05-09,2025-05-22,2,2,1,1,0.9986860460362772
57,2025-05-09,2025-05-22,2,2,1,1,0.9986860460362772
58,2025-05-09,2025-05-22,2,2,1,1,0.9988907960240496
59,2025-05-09,2025-05-22,1,1,1,1,0.990826528733978
60,2025-05-09,2025-05-22,1,1,1,1,0.9876495412721191
61,2025-05-09,2025-05-22,1,1,1,1,0.9838161875884339
62,2025-05-09,2025-05-22,1,1,1,1,0.9838161875884339
63,2025-05-09,2025-05-22,1,1,1,1,0.9838161875884339
64,2025-05-09,2025-05-22,1,1,1,1,0.9838161875884339
65,2025-05-09,2025-05-22,0,0,0,0,0.01757007139092881
66,2025-05-09,2025-05-22,1,1,1,1,0.98968398041275
67,2025-05-09,2025-05-22,1,1,1,1,0.9958086685258136
68,2025-05-09,2025-05-22,0,0,0,0,0.014931985586213293
69,2025-05-09,2025-05-22,0,0,0,0,0.01621619336793929
70,2025-05-09,2025-05-22,1,0,1,0,0.9921894606515148
71,2025-05-09,2025-05-22,1,0,1,0,0.9921894606515148
72,2025-05-09,2025-05-22,0,0,0,0,0.02283777368106834
73,2025-05-09,2025-05-22,0,0,0,0,0.08575632655142545
74,2025-05-09,2025-05-22,0,0,0,0,0.0890222152873705
75,2025-05-09,2025-05-22,0,0,0,0,0.047840139019871476
76,2025-05-09,2025-05-22,0,0,0,0,0.01757007139092881
77,2025-05-09,2025-05-22,0,0,0,0,0.01621619336793929
78,2025-05-09,2025-05-22,1,1,1,1,0.9949003438113784
79,2025-05-09,2025-05-22,0,0,0,0,0.09444261435245885
80,2025-05-09,2025-05-22,0,0,0,0,0.10174067749718023
81,2025-05-09,2025-05-22,2,2,1,1,0.9980106823171602
82,2025-05-09,2025-05-22,2,2,1,1,0.9990397149674262
83,2025-05-09,2025-05-22,1,1,1,1,0.9838161875884339
84,2025-05-09,2025-05-22,2,2,1,1,0.9985255808488446
85,2025-05-09,2025-05-22,0,0,0,0,0.05615744309053151
86,2025-05-09,2025-05-22,2,2,1,1,0.9988217083484969
87,2025-05-09,2025-05-22,2,2,1,1,0.9969056069757017
88,2025-05-09,2025-05-22,2,2,1,1,0.9988736288928669
89,2025-05-09,2025-05-22,0,0,0,0,0.02283777368106834
90,2025-05-09,2025-05-22,1,1,1,1,0.9961335707053192
91,2025-05-09,2025-05-22,2,2,1,1,0.9990397149674262
92,2025-05-09,2025-05-22,0,0,0,0,0.01621619336793929
93,2025-05-09,2025-05-22,0,0,0,0,0.010535456511153151
94,2025-05-09,2025-05-22,0,0,0,0,0.047840139019871476
95,2025-05-09,2025-05-22,0,0,0,0,0.02283777368106834
96,2025-05-09,2025-05-22,2,2,1,1,0.9986860460362772
97,2025-05-09,2025-05-22,1,1,1,1,0.9961188718618729
98,2025-05-09,2025-05-22,0,0,0,0,0.017647753520040846
99,2025-05-09,2025-05-22,2,2,1,1,0.9987454517356894
100,2025-05-09,2025-05-22,1,1,1,1,0.9955541738083162
101,2025-05-09,2025-05-22,2,2,1,1,0.9987454517356894
102,2025-05-09,2025-05-22,2,2,1,1,0.9985255808488446
103,2025-05-09,2025-05-22,1,1,1,1,0.989516606827869
104,2025-05-09,2025-05-22,2,2,1,1,0.9987454517356894
105,2025-05-09,2025-05-22,2,2,1,1,0.9990160268165549
106,2025-05-09,2025-05-22,2,2,1,1,0.9990160268165549
107,2025-05-09,2025-05-22,2,2,1,1,0.9985623653801965
108,2025-05-09,2025-05-22,1,1,1,1,0.9958433459797584
109,2025-05-09,2025-05-22,0,0,0,0,0.0890222152873705
110,2025-05-09,2025-05-22,1,1,1,1,0.9838161875884339
111,2025-05-09,2025-05-22,1,1,1,1,0.9876495412721191
112,2025-05-09,2025-05-22,1,1,1,1,0.9970273844341414
113,2025-05-09,2025-05-22,0,0,0,0,0.0168791335056058
114,2025-05-09,2025-05-22,0,0,0,0,0.014931985586213293
115,2025-05-09,2025-05-22,0,0,0,0,0.01757007139092881
116,2025-05-09,2025-05-22,1,1,1,1,0.9961188718618729
117,2025-05-09,2025-05-22,0,0,0,0,0.018562597135943503
118,2025-05-09,2025-05-22,0,0,0,0,0.10225441726622489
119,2025-05-09,2025-05-22,1,1,1,1,0.9876495412721191
120,2025-05-09,2025-05-22,1,1,1,1,0.9838161875884339
121,2025-05-09,2025-05-22,1,2,1,1,0.9838161875884339
122,2025-05-09,2025-05-22,1,1,1,1,0.9838161875884339
123,2025-05-09,2025-05-22,2,2,1,1,0.998692400082843
124,2025-05-09,2025-05-22,1,1,1,1,0.9892663086280613
125,2025-05-09,2025-05-22,2,2,1,1,0.9987454517356894
126,2025-05-09,2025-05-22,2,2,1,1,0.9988474819974257
127,2025-05-09,2025-05-22,0,0,0,0,0.09837236485330161
128,2025-05-09,2025-05-22,0,0,0,0,0.10423041237371564
129,2025-05-09,2025-05-22,0,0,0,0,0.025462395553915888
130,2025-05-09,2025-05-22,2,0,1,0,0.9985255808488446
131,2025-05-09,2025-05-22,1,1,1,1,0.9876495412721191
132,2025-05-09,2025-05-22,0,0,0,0,0.09903789832591846
133,2025-05-09,2025-05-22,0,0,0,0,0.049277541815455274
134,2025-05-09,2025-05-22,0,0,0,0,0.010535456511153151
135,2025-05-09,2025-05-22,1,1,1,1,0.9961188718618729
136,2025-05-09,2025-05-22,1,1,1,1,0.9876495412721191
137,2025-05-09,2025-05-22,1,1,1,1,0.9876495412721191
138,2025-05-09,2025-05-22,1,1,1,1,0.9969787911400988
139,2025-05-09,2025-05-22,2,2,1,1,0.9988442980124917
1,2025-05-22,2025-06-05,0,0,0,0,0.01757007139092881
2,2025-05-22,2025-06-05,2,2,1,1,0.9958859658549788
3,2025-05-22,2025-06-05,0,0,0,0,0.01668483098872618
4,2025-05-22,2025-06-05,0,0,0,0,0.015364090026253004
5,2025-05-22,2025-06-05,1,1,1,1,0.9942199593133871
6,2025-05-22,2025-06-05,0,0,0,0,0.017620254866977315
7,2025-05-22,2025-06-05,0,2,0,1,0.046164592737343156
8,2025-05-22,2025-06-05,0,0,0,0,0.01668483098872618
9,2025-05-22,2025-06-05,0,0,0,0,0.24740631351471357
10,2025-05-22,2025-06-05,2,2,1,1,0.9985623653801965
11,2025-05-22,2025-06-05,1,1,1,1,0.9955541738083162
12,2025-05-22,2025-06-05,1,1,1,1,0.9921894606515148
13,2025-05-22,2025-06-05,0,0,0,0,0.015364090026253004
14,2025-05-22,2025-06-05,0,0,0,0,0.015364090026253004
15,2025-05-22,2025-06-05,0,0,0,0,0.015364090026253004
16,2025-05-22,2025-06-05,2,2,1,1,0.9985623653801965
17,2025-05-22,2025-06-05,1,1,1,1,0.9928584019388159
18,2025-05-22,2025-06-05,0,0,0,0,0.015364090026253004
19,2025-05-22,2025-06-05,0,0,0,0,0.015364090026253004
20,2025-05-22,2025-06-05,0,0,0,0,0.13141020774475157
21,2025-05-22,2025-06-05,0,0,0,0,0.015364090026253004
22,2025-05-22,2025-06-05,0,0,0,0,0.015364090026253004
23,2025-05-22,2025-06-05,1,1,1,1,0.9942199593133871
24,2025-05-22,2025-06-05,0,0,0,0,0.014931985586213293
25,2025-05-22,2025-06-05,0,0,0,0,0.01621619336793929
26,2025-05-22,2025-06-05,1,1,1,1,0.9955541738083162
27,2025-05-22,2025-06-05,0,0,0,0,0.015364090026253004
28,2025-05-22,2025-06-05,0,0,0,0,0.015364090026253004
29,2025-05-22,2025-06-05,0,0,0,0,0.015364090026253004
30,2025-05-22,2025-06-05,1,1,1,1,0.990826528733978
31,2025-05-22,2025-06-05,2,2,1,1,0.9985623653801965
32,2025-05-22,2025-06-05,2,2,1,1,0.9990397149674262
33,2025-05-22,2025-06-05,2,2,1,1,0.9985623653801965
34,2025-05-22,2025-06-05,0,0,0,0,0.08940189141218263
35,2025-05-22,2025-06-05,2,2,1,1,0.9985623653801965
36,2025-05-22,2025-06-05,2,2,1,1,0.9985623653801965
37,2025-05-22,2025-06-05,1,1,1,1,0.990826528733978
38,2025-05-22,2025-06-05,1,1,1,1,0.990826528733978
39,2025-05-22,2025-06-05,1,1,1,1,0.990826528733978
40,2025-05-22,2025-06-05,1,1,1,1,0.990826528733978
41,2025-05-22,2025-06-05,2,2,1,1,0.9985623653801965
42,2025-05-22,2025-06-05,2,2,1,1,0.9963561688199043
43,2025-05-22,2025-06-05,0,0,0,0,0.10242641035321527
45,2025-05-22,2025-06-05,2,2,1,1,0.9814998863773682
46,2025-05-22,2025-06-05,1,1,1,1,0.9921894606515148
47,2025-05-22,2025-06-05,1,1,1,1,0.9930369517604939
48,2025-05-22,2025-06-05,1,1,1,1,0.9961188718618729
49,2025-05-22,2025-06-05,1,1,1,1,0.9958876798257773
50,2025-05-22,2025-06-05,1,1,1,1,0.9955541738083162
51,2025-05-22,2025-06-05,0,0,0,0,0.01757007139092881
52,2025-05-22,2025-06-05,1,1,1,1,0.9955541738083162
53,2025-05-22,2025-06-05,0,0,0,0,0.08940189141218263
54,2025-05-22,2025-06-05,0,0,0,0,0.08473573007110995
55,2025-05-22,2025-06-05,2,2,1,1,0.9985623653801965
56,2025-05-22,2025-06-05,2,2,1,1,0.9988217083484969
57,2025-05-22,2025-06-05,2,2,1,1,0.9988217083484969
58,2025-05-22,2025-06-05,2,2,1,1,0.9988217083484969
59,2025-05-22,2025-06-05,1,1,1,1,0.9921894606515148
60,2025-05-22,2025-06-05,1,1,1,1,0.990826528733978
61,2025-05-22,2025-06-05,1,1,1,1,0.990826528733978
62,2025-05-22,2025-06-05,1,1,1,1,0.990826528733978
63,2025-05-22,2025-06-05,1,1,1,1,0.9921894606515148
64,2025-05-22,2025-06-05,1,1,1,1,0.990826528733978
65,2025-05-22,2025-06-05,0,0,0,0,0.015364090026253004
66,2025-05-22,2025-06-05,1,1,1,1,0.990826528733978
67,2025-05-22,2025-06-05,1,1,1,1,0.9955541738083162
68,2025-05-22,2025-06-05,0,0,0,0,0.015364090026253004
69,2025-05-22,2025-06-05,0,0,0,0,0.01757007139092881
70,2025-05-22,2025-06-05,0,0,0,0,0.115287043630115
71,2025-05-22,2025-06-05,0,0,0,0,0.06202359137033383
72,2025-05-22,2025-06-05,0,0,0,0,0.015364090026253004
73,2025-05-22,2025-06-05,0,0,0,0,0.10714984686664136
74,2025-05-22,2025-06-05,0,0,0,0,0.0992972509929815
75,2025-05-22,2025-06-05,0,0,0,0,0.09478190532134208
76,2025-05-22,2025-06-05,0,0,0,0,0.017647753520040846
77,2025-05-22,2025-06-05,0,0,0,0,0.015364090026253004
78,2025-05-22,2025-06-05,1,1,1,1,0.9955036172809476
79,2025-05-22,2025-06-05,0,0,0,0,0.11644358420942488
80,2025-05-22,2025-06-05,0,0,0,0,0.10714984686664136
81,2025-05-22,2025-06-05,2,2,1,1,0.9980161015536984
82,2025-05-22,2025-06-05,2,2,1,1,0.9985623653801965
83,2025-05-22,2025-06-05,1,1,1,1,0.990826528733978
84,2025-05-22,2025-06-05,2,2,1,1,0.9985623653801965
85,2025-05-22,2025-06-05,0,0,0,0,0.09593168741149487
86,2025-05-22,2025-06-05,2,2,1,1,0.9988217083484969
87,2025-05-22,2025-06-05,2,2,1,1,0.9987454517356894
88,2025-05-22,2025-06-05,2,2,1,1,0.9972495345115571
89,2025-05-22,2025-06-05,0,0,0,0,0.02283777368106834
90,2025-05-22,2025-06-05,1,1,1,1,0.9939261894807383
91,2025-05-22,2025-06-05,2,2,1,1,0.9985623653801965
92,2025-05-22,2025-06-05,0,0,0,0,0.017077001264121747
93,2025-05-22,2025-06-05,0,0,0,0,0.01757007139092881
94,2025-05-22,2025-06-05,0,0,0,0,0.10909628992534223
95,2025-05-22,2025-06-05,0,0,0,0,0.015364090026253004
96,2025-05-22,2025-06-05,2,2,1,1,0.9988217083484969
97,2025-05-22,2025-06-05,1,1,1,1,0.9955541738083162
98,2025-05-22,2025-06-05,0,0,0,0,0.015364090026253004
99,2025-05-22,2025-06-05,2,2,1,1,0.9987135735306968
100,2025-05-22,2025-06-05,1,1,1,1,0.9954681313789033
101,2025-05-22,2025-06-05,2,2,1,1,0.9985623653801965
102,2025-05-22,2025-06-05,2,2,1,1,0.9985623653801965
103,2025-05-22,2025-06-05,1,1,1,1,0.990826528733978
104,2025-05-22,2025-06-05,2,2,1,1,0.9985623653801965
105,2025-05-22,2025-06-05,2,2,1,1,0.9985623653801965
106,2025-05-22,2025-06-05,2,2,1,1,0.9985623653801965
107,2025-05-22,2025-06-05,2,2,1,1,0.9985623653801965
108,2025-05-22,2025-06-05,1,1,1,1,0.9955541738083162
109,2025-05-22,2025-06-05,0,0,0,0,0.0992972509929815
110,2025-05-22,2025-06-05,1,1,1,1,0.9921894606515148
111,2025-05-22,2025-06-05,1,1,1,1,0.990826528733978
112,2025-05-22,2025-06-05,1,1,1,1,0.9955541738083162
113,2025-05-22,2025-06-05,0,0,0,0,0.01601914939876345
114,2025-05-22,2025-06-05,0,0,0,0,0.015364090026253004
115,2025-05-22,2025-06-05,0,0,0,0,0.015364090026253004
116,2025-05-22,2025-06-05,1,1,1,1,0.9955541738083162
117,2025-05-22,2025-06-05,0,0,0,0,0.015364090026253004
118,2025-05-22,2025-06-05,0,0,0,0,0.09593168741149487
119,2025-05-22,2025-06-05,1,1,1,1,0.990826528733978
120,2025-05-22,2025-06-05,1,1,1,1,0.990826528733978
121,2025-05-22,2025-06-05,2,1,1,1,0.9862851591145697
122,2025-05-22,2025-06-05,1,1,1,1,0.9921894606515148
123,2025-05-22,2025-06-05,2,2,1,1,0.9986777888375266
124,2025-05-22,2025-06-05,1,1,1,1,0.9919868874775386
125,2025-05-22,2025-06-05,2,2,1,1,0.9985623653801965
126,2025-05-22,2025-06-05,2,2,1,1,0.9985623653801965
127,2025-05-22,2025-06-05,0,0,0,0,0.10312680336245027
128,2025-05-22,2025-06-05,0,0,0,0,0.11644358420942488
129,2025-05-22,2025-06-05,0,0,0,0,0.01757007139092881
130,2025-05-22,2025-06-05,0,0,0,0,0.12201604392336313
131,2025-05-22,2025-06-05,1,1,1,1,0.990826528733978
132,2025-05-22,2025-06-05,0,0,0,0,0.0992972509929815
133,2025-05-22,2025-06-05,0,0,0,0,0.10359704837098575
134,2025-05-22,2025-06-05,0,0,0,0,0.019097727970527834
135,2025-05-22,2025-06-05,1,1,1,1,0.9955541738083162
136,2025-05-22,2025-06-05,1,1,1,1,0.990826528733978
137,2025-05-22,2025-06-05,1,1,1,1,0.990826528733978
138,2025-05-22,2025-06-05,1,1,1,1,0.9961188718618729
139,2025-05-22,2025-06-05,2,2,1,1,0.9985623653801965
1,2025-05-30,2025-06-12,0,0,0,0,0.01757007139092881
2,2025-05-30,2025-06-12,2,2,1,1,0.9957809900454428
3,2025-05-30,2025-06-12,0,0,0,0,0.015364090026253004
4,2025-05-30,2025-06-12,0,0,0,0,0.01621619336793929
5,2025-05-30,2025-06-12,1,1,1,1,0.9942200119017363
6,2025-05-30,2025-06-12,0,0,0,0,0.017152541455541407
7,2025-05-30,2025-06-12,0,2,0,1,0.0890222152873705
8,2025-05-30,2025-06-12,0,0,0,0,0.02283777368106834
9,2025-05-30,2025-06-12,0,0,0,0,0.0961404868101823
10,2025-05-30,2025-06-12,2,2,1,1,0.9987454517356894
11,2025-05-30,2025-06-12,1,1,1,1,0.9960259836820167
12,2025-05-30,2025-06-12,1,1,1,1,0.9838161875884339
13,2025-05-30,2025-06-12,0,0,0,0,0.017077001264121747
14,2025-05-30,2025-06-12,0,0,0,0,0.017152541455541407
15,2025-05-30,2025-06-12,0,0,0,0,0.018562597135943503
16,2025-05-30,2025-06-12,2,2,1,1,0.9975008802842747
17,2025-05-30,2025-06-12,1,1,1,1,0.9936404924526487
18,2025-05-30,2025-06-12,0,0,0,0,0.017152541455541407
19,2025-05-30,2025-06-12,0,0,0,0,0.01961360334255654
20,2025-05-30,2025-06-12,0,0,0,0,0.1011532116393409
21,2025-05-30,2025-06-12,0,0,0,0,0.017647753520040846
22,2025-05-30,2025-06-12,0,0,0,0,0.017152541455541407
23,2025-05-30,2025-06-12,1,1,1,1,0.9933797029175272
24,2025-05-30,2025-06-12,0,0,0,0,0.01621619336793929
25,2025-05-30,2025-06-12,0,0,0,0,0.017077001264121747
26,2025-05-30,2025-06-12,1,1,1,1,0.9959341636410178
27,2025-05-30,2025-06-12,0,0,0,0,0.01668483098872618
28,2025-05-30,2025-06-12,0,0,0,0,0.01668483098872618
29,2025-05-30,2025-06-12,0,0,0,0,0.017647753520040846
30,2025-05-30,2025-06-12,1,1,1,1,0.9876495412721191
31,2025-05-30,2025-06-12,2,2,1,1,0.9986777888375266
32,2025-05-30,2025-06-12,2,2,1,1,0.9985255808488446
33,2025-05-30,2025-06-12,2,2,1,1,0.9968193248676132
34,2025-05-30,2025-06-12,0,0,0,0,0.11164255126909496
35,2025-05-30,2025-06-12,2,2,1,1,0.9989193951082903
36,2025-05-30,2025-06-12,2,2,1,1,0.9986777888375266
37,2025-05-30,2025-06-12,1,1,1,1,0.9876495412721191
38,2025-05-30,2025-06-12,1,1,1,1,0.984267624579073
39,2025-05-30,2025-06-12,1,1,1,1,0.984267624579073
40,2025-05-30,2025-06-12,1,1,1,1,0.9903619601669509
41,2025-05-30,2025-06-12,2,2,1,1,0.9957809900454428
42,2025-05-30,2025-06-12,2,2,1,1,0.9975042798808779
43,2025-05-30,2025-06-12,0,0,0,0,0.09642890893654871
45,2025-05-30,2025-06-12,2,2,1,1,0.9975522333144415
46,2025-05-30,2025-06-12,1,1,1,1,0.9838161875884339
47,2025-05-30,2025-06-12,1,1,1,1,0.9942199593133871
48,2025-05-30,2025-06-12,1,1,1,1,0.9968416392877134
49,2025-05-30,2025-06-12,1,1,1,1,0.9961231578301533
50,2025-05-30,2025-06-12,1,1,1,1,0.9958086685258136
51,2025-05-30,2025-06-12,0,0,0,0,0.017152541455541407
52,2025-05-30,2025-06-12,1,1,1,1,0.9958086685258136
53,2025-05-30,2025-06-12,0,0,0,0,0.10114624600686024
54,2025-05-30,2025-06-12,0,0,0,0,0.09593168741149487
55,2025-05-30,2025-06-12,2,2,1,1,0.9987454517356894
56,2025-05-30,2025-06-12,2,2,1,1,0.9988217083484969
57,2025-05-30,2025-06-12,2,2,1,1,0.9988217083484969
58,2025-05-30,2025-06-12,2,2,1,1,0.9988217083484969
59,2025-05-30,2025-06-12,1,1,1,1,0.9876495412721191
60,2025-05-30,2025-06-12,1,1,1,1,0.9876495412721191
61,2025-05-30,2025-06-12,1,1,1,1,0.9838161875884339
62,2025-05-30,2025-06-12,1,1,1,1,0.9838161875884339
63,2025-05-30,2025-06-12,1,1,1,1,0.9838161875884339
64,2025-05-30,2025-06-12,1,1,1,1,0.9838161875884339
65,2025-05-30,2025-06-12,0,0,0,0,0.017152541455541407
66,2025-05-30,2025-06-12,1,1,1,1,0.9876495412721191
67,2025-05-30,2025-06-12,1,1,1,1,0.9958086685258136
68,2025-05-30,2025-06-12,0,0,0,0,0.017152541455541407
69,2025-05-30,2025-06-12,0,0,0,0,0.025462395553915888
70,2025-05-30,2025-06-12,0,0,0,0,0.115287043630115
71,2025-05-30,2025-06-12,0,0,0,0,0.11452619634974374
72,2025-05-30,2025-06-12,0,0,0,0,0.01744140258844244
73,2025-05-30,2025-06-12,0,0,0,0,0.11696663280443446
74,2025-05-30,2025-06-12,0,0,0,0,0.0890222152873705
75,2025-05-30,2025-06-12,0,0,0,0,0.10714984686664136
76,2025-05-30,2025-06-12,0,0,0,0,0.01668483098872618
77,2025-05-30,2025-06-12,0,0,0,0,0.017152541455541407
78,2025-05-30,2025-06-12,1,1,1,1,0.9942199593133871
79,2025-05-30,2025-06-12,0,0,0,0,0.11644358420942488
80,2025-05-30,2025-06-12,0,0,0,0,0.10714984686664136
81,2025-05-30,2025-06-12,2,2,1,1,0.998253174425448
82,2025-05-30,2025-06-12,2,2,1,1,0.998736043062898
83,2025-05-30,2025-06-12,1,1,1,1,0.9838161875884339
84,2025-05-30,2025-06-12,2,2,1,1,0.9985255808488446
85,2025-05-30,2025-06-12,0,0,0,0,0.09146589759533486
86,2025-05-30,2025-06-12,2,2,1,1,0.9988217083484969
87,2025-05-30,2025-06-12,2,2,1,1,0.9986777888375266
88,2025-05-30,2025-06-12,2,2,1,1,0.9985255808488446
89,2025-05-30,2025-06-12,0,0,0,0,0.017647753520040846
90,2025-05-30,2025-06-12,1,1,1,1,0.9949532669716113
91,2025-05-30,2025-06-12,2,2,1,1,0.9985255808488446
92,2025-05-30,2025-06-12,0,0,0,0,0.015364090026253004
93,2025-05-30,2025-06-12,0,0,0,0,0.02283777368106834
94,2025-05-30,2025-06-12,0,0,0,0,0.10114624600686024
95,2025-05-30,2025-06-12,0,0,0,0,0.017647753520040846
96,2025-05-30,2025-06-12,2,2,1,1,0.9988217083484969
97,2025-05-30,2025-06-12,1,1,1,1,0.9958086685258136
98,2025-05-30,2025-06-12,0,0,0,0,0.01668483098872618
99,2025-05-30,2025-06-12,2,2,1,1,0.9987454517356894
100,2025-05-30,2025-06-12,1,1,1,1,0.9955541738083162
101,2025-05-30,2025-06-12,2,2,1,1,0.9987454517356894
102,2025-05-30,2025-06-12,2,2,1,1,0.9985255808488446
103,2025-05-30,2025-06-12,1,1,1,1,0.9876495412721191
104,2025-05-30,2025-06-12,2,2,1,1,0.9957809900454428
105,2025-05-30,2025-06-12,2,2,1,1,0.9986777888375266
106,2025-05-30,2025-06-12,2,2,1,1,0.9990160268165549
107,2025-05-30,2025-06-12,2,2,1,1,0.9988442980124917
108,2025-05-30,2025-06-12,1,1,1,1,0.9958086685258136
109,2025-05-30,2025-06-12,0,0,0,0,0.0890222152873705
110,2025-05-30,2025-06-12,1,1,1,1,0.9838161875884339
111,2025-05-30,2025-06-12,1,1,1,1,0.9838161875884339
112,2025-05-30,2025-06-12,1,1,1,1,0.9948083295656119
113,2025-05-30,2025-06-12,0,0,0,0,0.014931985586213293
114,2025-05-30,2025-06-12,0,0,0,0,0.017152541455541407
115,2025-05-30,2025-06-12,0,0,0,0,0.017152541455541407
116,2025-05-30,2025-06-12,1,1,1,1,0.9958086685258136
117,2025-05-30,2025-06-12,0,0,0,0,0.015364090026253004
118,2025-05-30,2025-06-12,0,0,0,0,0.09593168741149487
119,2025-05-30,2025-06-12,1,1,1,1,0.984267624579073
120,2025-05-30,2025-06-12,1,1,1,1,0.9838161875884339
121,2025-05-30,2025-06-12,2,1,1,1,0.9975522333144415
122,2025-05-30,2025-06-12,1,1,1,1,0.9838161875884339
123,2025-05-30,2025-06-12,2,2,1,1,0.9985623653801965
124,2025-05-30,2025-06-12,1,1,1,1,0.9936404924526487
125,2025-05-30,2025-06-12,2,2,1,1,0.9986777888375266
126,2025-05-30,2025-06-12,2,2,1,1,0.9990160268165549
127,2025-05-30,2025-06-12,0,1,0,1,0.11644358420942488
128,2025-05-30,2025-06-12,0,0,0,0,0.11644358420942488
129,2025-05-30,2025-06-12,0,0,0,0,0.02404136984309061
130,2025-05-30,2025-06-12,0,0,0,0,0.1011532116393409
131,2025-05-30,2025-06-12,1,1,1,1,0.984267624579073
132,2025-05-30,2025-06-12,0,0,0,0,0.0890222152873705
133,2025-05-30,2025-06-12,0,0,0,0,0.11619615674914095
134,2025-05-30,2025-06-12,0,0,0,0,0.015364090026253004
135,2025-05-30,2025-06-12,1,1,1,1,0.9959341636410178
136,2025-05-30,2025-06-12,1,1,1,1,0.9903619601669509
137,2025-05-30,2025-06-12,1,1,1,1,0.9838161875884339
138,2025-05-30,2025-06-12,1,1,1,1,0.9958433459797584
139,2025-05-30,2025-06-12,2,2,1,1,0.9988474819974257
1,2025-06-05,2025-06-19,0,0,0,0,0.028102972933250536
2,2025-06-05,2025-06-19,2,2,1,1,0.9989208911214985
3,2025-06-05,2025-06-19,0,0,0,0,0.028102972933250536
4,2025-06-05,2025-06-19,0,0,0,0,0.018939644196952113
5,2025-06-05,2025-06-19,1,1,1,1,0.9929428708152336
6,2025-06-05,2025-06-19,0,0,0,0,0.018939644196952113
7,2025-06-05,2025-06-19,2,2,1,1,0.9852644453420959
8,2025-06-05,2025-06-19,0,0,0,0,0.020561331541737816
9,2025-06-05,2025-06-19,0,0,0,0,0.12818326766153246
10,2025-06-05,2025-06-19,2,2,1,1,0.9990371368262189
11,2025-06-05,2025-06-19,1,1,1,1,0.9963683251286405
12,2025-06-05,2025-06-19,1,1,1,1,0.9859500097129994
13,2025-06-05,2025-06-19,0,0,0,0,0.018939644196952113
14,2025-06-05,2025-06-19,0,0,0,0,0.021042667563276912
15,2025-06-05,2025-06-19,0,0,0,0,0.018939644196952113
16,2025-06-05,2025-06-19,2,2,1,1,0.9987420845611216
17,2025-06-05,2025-06-19,1,1,1,1,0.9916937088565229
18,2025-06-05,2025-06-19,0,0,0,0,0.018408859841436778
19,2025-06-05,2025-06-19,0,0,0,0,0.018939644196952113
20,2025-06-05,2025-06-19,0,1,0,1,0.25004407729815087
21,2025-06-05,2025-06-19,0,0,0,0,0.018939644196952113
22,2025-06-05,2025-06-19,0,0,0,0,0.018939644196952113
23,2025-06-05,2025-06-19,1,1,1,1,0.9929428708152336
24,2025-06-05,2025-06-19,0,0,0,0,0.018408859841436778
25,2025-06-05,2025-06-19,0,0,0,0,0.018939644196952113
26,2025-06-05,2025-06-19,1,1,1,1,0.994570267402695
27,2025-06-05,2025-06-19,0,0,0,0,0.021647717963817814
28,2025-06-05,2025-06-19,0,0,0,0,0.021647717963817814
29,2025-06-05,2025-06-19,0,0,0,0,0.028102972933250536
30,2025-06-05,2025-06-19,1,1,1,1,0.9859500097129994
31,2025-06-05,2025-06-19,2,2,1,1,0.9985585075159007
32,2025-06-05,2025-06-19,2,2,1,1,0.9985585075159007
33,2025-06-05,2025-06-19,2,2,1,1,0.9968108045269669
34,2025-06-05,2025-06-19,0,1,0,1,0.2669859529871753
35,2025-06-05,2025-06-19,2,2,1,1,0.9990371368262189
36,2025-06-05,2025-06-19,2,2,1,1,0.9985585075159007
37,2025-06-05,2025-06-19,1,1,1,1,0.9859500097129994
38,2025-06-05,2025-06-19,1,1,1,1,0.9859500097129994
39,2025-06-05,2025-06-19,1,1,1,1,0.9859500097129994
40,2025-06-05,2025-06-19,1,1,1,1,0.9859500097129994
41,2025-06-05,2025-06-19,2,2,1,1,0.9989208911214985
42,2025-06-05,2025-06-19,2,2,1,1,0.9985585075159007
43,2025-06-05,2025-06-19,0,0,0,0,0.25190084319159667
45,2025-06-05,2025-06-19,2,2,1,1,0.9981954547319536
46,2025-06-05,2025-06-19,1,1,1,1,0.9880287078897622
47,2025-06-05,2025-06-19,1,1,1,1,0.9924615040340715
48,2025-06-05,2025-06-19,1,1,1,1,0.994570267402695
49,2025-06-05,2025-06-19,1,1,1,1,0.9827692280143999
50,2025-06-05,2025-06-19,1,1,1,1,0.994570267402695
51,2025-06-05,2025-06-19,0,0,0,0,0.018939644196952113
52,2025-06-05,2025-06-19,1,1,1,1,0.994570267402695
53,2025-06-05,2025-06-19,0,0,0,0,0.24115169308356768
54,2025-06-05,2025-06-19,0,0,0,0,0.08633389881079964
55,2025-06-05,2025-06-19,2,2,1,1,0.9987420845611216
56,2025-06-05,2025-06-19,2,2,1,1,0.9990152716864225
57,2025-06-05,2025-06-19,2,2,1,1,0.9990152716864225
58,2025-06-05,2025-06-19,2,2,1,1,0.9975577433900826
59,2025-06-05,2025-06-19,1,1,1,1,0.9880287078897622
60,2025-06-05,2025-06-19,1,1,1,1,0.9859500097129994
61,2025-06-05,2025-06-19,1,1,1,1,0.98499886601797
62,2025-06-05,2025-06-19,1,1,1,1,0.9859500097129994
63,2025-06-05,2025-06-19,1,1,1,1,0.9859500097129994
64,2025-06-05,2025-06-19,1,1,1,1,0.98499886601797
65,2025-06-05,2025-06-19,0,0,0,0,0.018939644196952113
66,2025-06-05,2025-06-19,1,1,1,1,0.9859500097129994
67,2025-06-05,2025-06-19,1,1,1,1,0.994570267402695
68,2025-06-05,2025-06-19,0,0,0,0,0.021042667563276912
69,2025-06-05,2025-06-19,0,0,0,0,0.018408859841436778
70,2025-06-05,2025-06-19,0,0,0,0,0.2228641484122628
71,2025-06-05,2025-06-19,0,0,0,0,0.23077572351401546
72,2025-06-05,2025-06-19,0,0,0,0,0.021647717963817814
73,2025-06-05,2025-06-19,0,1,0,1,0.16959498719382335
74,2025-06-05,2025-06-19,0,0,0,0,0.23210642738950513
75,2025-06-05,2025-06-19,0,1,0,1,0.23630458874303176
76,2025-06-05,2025-06-19,0,0,0,0,0.028102972933250536
77,2025-06-05,2025-06-19,0,0,0,0,0.021042667563276912
78,2025-06-05,2025-06-19,1,1,1,1,0.9929428708152336
79,2025-06-05,2025-06-19,0,0,0,0,0.27846407972700543
80,2025-06-05,2025-06-19,0,0,0,0,0.23630458874303176
81,2025-06-05,2025-06-19,2,2,1,1,0.9984818888156093
82,2025-06-05,2025-06-19,2,2,1,1,0.9987420845611216
83,2025-06-05,2025-06-19,1,1,1,1,0.9859500097129994
84,2025-06-05,2025-06-19,2,2,1,1,0.9990371368262189
85,2025-06-05,2025-06-19,0,0,0,0,0.14421532492447778
86,2025-06-05,2025-06-19,2,2,1,1,0.9963464123318463
87,2025-06-05,2025-06-19,2,2,1,1,0.9987420845611216
88,2025-06-05,2025-06-19,2,2,1,1,0.9985585075159007
89,2025-06-05,2025-06-19,0,0,0,0,0.028102972933250536
90,2025-06-05,2025-06-19,1,1,1,1,0.9924615040340715
91,2025-06-05,2025-06-19,2,2,1,1,0.9990371368262189
92,2025-06-05,2025-06-19,0,0,0,0,0.028102972933250536
93,2025-06-05,2025-06-19,0,0,0,0,0.028102972933250536
94,2025-06-05,2025-06-19,0,0,0,0,0.11990133350700401
95,2025-06-05,2025-06-19,0,0,0,0,0.028102972933250536
96,2025-06-05,2025-06-19,2,2,1,1,0.9975577433900826
97,2025-06-05,2025-06-19,1,1,1,1,0.994570267402695
98,2025-06-05,2025-06-19,0,0,0,0,0.028102972933250536
99,2025-06-05,2025-06-19,2,2,1,1,0.9990371368262189
100,2025-06-05,2025-06-19,1,1,1,1,0.9963683251286405
101,2025-06-05,2025-06-19,2,2,1,1,0.9968108045269669
102,2025-06-05,2025-06-19,2,2,1,1,0.9985585075159007
103,2025-06-05,2025-06-19,1,1,1,1,0.9880287078897622
104,2025-06-05,2025-06-19,2,2,1,1,0.9985585075159007
105,2025-06-05,2025-06-19,2,2,1,1,0.9990371368262189
106,2025-06-05,2025-06-19,2,2,1,1,0.9985585075159007
107,2025-06-05,2025-06-19,2,2,1,1,0.9990371368262189
108,2025-06-05,2025-06-19,1,1,1,1,0.994570267402695
109,2025-06-05,2025-06-19,0,0,0,0,0.2086863421630789
110,2025-06-05,2025-06-19,1,1,1,1,0.9859500097129994
111,2025-06-05,2025-06-19,1,1,1,1,0.98499886601797
112,2025-06-05,2025-06-19,1,1,1,1,0.9963683251286405
113,2025-06-05,2025-06-19,0,0,0,0,0.018939644196952113
114,2025-06-05,2025-06-19,0,0,0,0,0.019986025185040987
115,2025-06-05,2025-06-19,0,0,0,0,0.018939644196952113
116,2025-06-05,2025-06-19,1,1,1,1,0.994570267402695
117,2025-06-05,2025-06-19,0,0,0,0,0.01300212263728893
118,2025-06-05,2025-06-19,0,0,0,0,0.08633389881079964
119,2025-06-05,2025-06-19,1,1,1,1,0.98499886601797
120,2025-06-05,2025-06-19,1,1,1,1,0.9859500097129994
121,2025-06-05,2025-06-19,1,1,1,1,0.9876107160572842
122,2025-06-05,2025-06-19,1,1,1,1,0.9859500097129994
123,2025-06-05,2025-06-19,2,2,1,1,0.9985585075159007
124,2025-06-05,2025-06-19,1,1,1,1,0.9916937088565229
125,2025-06-05,2025-06-19,2,2,1,1,0.9985585075159007
126,2025-06-05,2025-06-19,2,2,1,1,0.9990371368262189
127,2025-06-05,2025-06-19,0,1,0,1,0.25190084319159667
128,2025-06-05,2025-06-19,0,0,0,0,0.27846407972700543
129,2025-06-05,2025-06-19,0,0,0,0,0.018408859841436778
130,2025-06-05,2025-06-19,0,0,0,0,0.2086863421630789
131,2025-06-05,2025-06-19,1,1,1,1,0.98499886601797
132,2025-06-05,2025-06-19,0,0,0,0,0.24377510396929644
133,2025-06-05,2025-06-19,0,0,0,0,0.4170212417262857
134,2025-06-05,2025-06-19,0,0,0,0,0.028102972933250536
135,2025-06-05,2025-06-19,1,1,1,1,0.994570267402695
136,2025-06-05,2025-06-19,1,1,1,1,0.98499886601797
137,2025-06-05,2025-06-19,1,1,1,1,0.9877195575999426
138,2025-06-05,2025-06-19,1,1,1,1,0.9963683251286405
139,2025-06-05,2025-06-19,2,2,1,1,0.9987420845611216
1,2025-06-12,2025-06-26,0,0,0,0,0.01906373114831954
2,2025-06-12,2025-06-26,2,2,1,1,0.9989539289598967
3,2025-06-12,2025-06-26,0,0,0,0,0.01906373114831954
4,2025-06-12,2025-06-26,0,0,0,0,0.018024965613817907
5,2025-06-12,2025-06-26,1,1,1,1,0.9893185729988672
6,2025-06-12,2025-06-26,0,0,0,0,0.018979936573718145
7,2025-06-12,2025-06-26,2,2,1,1,0.9837779404765894
8,2025-06-12,2025-06-26,0,0,0,0,0.018024965613817907
9,2025-06-12,2025-06-26,0,0,0,0,0.1173934915377853
10,2025-06-12,2025-06-26,2,2,1,1,0.9985216244201218
11,2025-06-12,2025-06-26,1,1,1,1,0.9857796592812288
12,2025-06-12,2025-06-26,1,1,1,1,0.98376857154228
13,2025-06-12,2025-06-26,0,0,0,0,0.01659993286922458
14,2025-06-12,2025-06-26,0,0,0,0,0.01659993286922458
15,2025-06-12,2025-06-26,0,0,0,0,0.018979936573718145
16,2025-06-12,2025-06-26,2,2,1,1,0.9985585075159007
17,2025-06-12,2025-06-26,1,1,1,1,0.9771584106695923
18,2025-06-12,2025-06-26,0,0,0,0,0.01659993286922458
19,2025-06-12,2025-06-26,0,0,0,0,0.018979936573718145
20,2025-06-12,2025-06-26,0,1,0,1,0.17788975845463675
21,2025-06-12,2025-06-26,0,0,0,0,0.018979936573718145
22,2025-06-12,2025-06-26,0,0,0,0,0.018979936573718145
23,2025-06-12,2025-06-26,1,1,1,1,0.9893185729988672
24,2025-06-12,2025-06-26,0,0,0,0,0.018448044256192505
25,2025-06-12,2025-06-26,0,0,0,0,0.018979936573718145
26,2025-06-12,2025-06-26,1,1,1,1,0.9941992568563147
27,2025-06-12,2025-06-26,0,0,0,0,0.018979936573718145
28,2025-06-12,2025-06-26,0,0,0,0,0.024659722169554435
29,2025-06-12,2025-06-26,0,0,0,0,0.018024965613817907
30,2025-06-12,2025-06-26,1,1,1,1,0.9888146973827319
31,2025-06-12,2025-06-26,2,2,1,1,0.9986742402985861
32,2025-06-12,2025-06-26,2,2,1,1,0.9990371368262189
33,2025-06-12,2025-06-26,2,2,1,1,0.9989539289598967
34,2025-06-12,2025-06-26,0,1,0,1,0.17854176665718113
35,2025-06-12,2025-06-26,2,2,1,1,0.9986742402985861
36,2025-06-12,2025-06-26,2,2,1,1,0.9986742402985861
37,2025-06-12,2025-06-26,1,1,1,1,0.9908497569007053
38,2025-06-12,2025-06-26,1,1,1,1,0.9901387043015275
39,2025-06-12,2025-06-26,1,1,1,1,0.9765751979514992
40,2025-06-12,2025-06-26,1,1,1,1,0.9908497569007053
41,2025-06-12,2025-06-26,2,2,1,1,0.9990371368262189
42,2025-06-12,2025-06-26,2,2,1,1,0.9968108045269669
43,2025-06-12,2025-06-26,0,1,0,1,0.08886115713015263
45,2025-06-12,2025-06-26,2,2,1,1,0.9983081479619643
46,2025-06-12,2025-06-26,1,1,1,1,0.9841755912271387
47,2025-06-12,2025-06-26,1,1,1,1,0.9893185729988672
48,2025-06-12,2025-06-26,1,1,1,1,0.994570267402695
49,2025-06-12,2025-06-26,1,1,1,1,0.9918007725949036
50,2025-06-12,2025-06-26,1,1,1,1,0.9911387706686043
51,2025-06-12,2025-06-26,0,0,0,0,0.018024965613817907
52,2025-06-12,2025-06-26,1,1,1,1,0.9911387706686043
53,2025-06-12,2025-06-26,0,0,0,0,0.17854176665718113
54,2025-06-12,2025-06-26,0,0,0,0,0.11785957328622322
55,2025-06-12,2025-06-26,2,2,1,1,0.9986742402985861
56,2025-06-12,2025-06-26,2,2,1,1,0.9990152716864225
57,2025-06-12,2025-06-26,2,2,1,1,0.9990152716864225
58,2025-06-12,2025-06-26,2,2,1,1,0.9989539289598967
59,2025-06-12,2025-06-26,1,1,1,1,0.9841755912271387
60,2025-06-12,2025-06-26,1,1,1,1,0.988525608999827
61,2025-06-12,2025-06-26,1,1,1,1,0.9908497569007053
62,2025-06-12,2025-06-26,1,1,1,1,0.975341325164537
63,2025-06-12,2025-06-26,1,1,1,1,0.9888146973827319
64,2025-06-12,2025-06-26,1,1,1,1,0.9892555794855102
65,2025-06-12,2025-06-26,0,0,0,0,0.020627602213105375
66,2025-06-12,2025-06-26,1,1,1,1,0.988525608999827
67,2025-06-12,2025-06-26,1,1,1,1,0.9915889863654215
68,2025-06-12,2025-06-26,0,0,0,0,0.01659993286922458
69,2025-06-12,2025-06-26,0,0,0,0,0.01659993286922458
70,2025-06-12,2025-06-26,0,0,0,0,0.17788975845463675
71,2025-06-12,2025-06-26,0,0,0,0,0.17788975845463675
72,2025-06-12,2025-06-26,0,0,0,0,0.018979936573718145
73,2025-06-12,2025-06-26,0,1,0,1,0.1983209276574972
74,2025-06-12,2025-06-26,0,0,0,0,0.0900014031903108
75,2025-06-12,2025-06-26,0,1,0,1,0.1736609373505764
76,2025-06-12,2025-06-26,0,0,0,0,0.021792931897014034
77,2025-06-12,2025-06-26,0,0,0,0,0.018448044256192505
78,2025-06-12,2025-06-26,1,1,1,1,0.9879111107315972
79,2025-06-12,2025-06-26,0,0,0,0,0.1736609373505764
80,2025-06-12,2025-06-26,0,0,0,0,0.1736609373505764
81,2025-06-12,2025-06-26,2,2,1,1,0.9984608117272672
82,2025-06-12,2025-06-26,2,2,1,1,0.9990133851409967
83,2025-06-12,2025-06-26,1,1,1,1,0.988525608999827
84,2025-06-12,2025-06-26,2,2,1,1,0.9986742402985861
85,2025-06-12,2025-06-26,0,0,0,0,0.0694040756371973
86,2025-06-12,2025-06-26,2,2,1,1,0.9989539289598967
87,2025-06-12,2025-06-26,2,2,1,1,0.9966391493473586
88,2025-06-12,2025-06-26,2,2,1,1,0.9989539289598967
89,2025-06-12,2025-06-26,0,0,0,0,0.021792931897014034
90,2025-06-12,2025-06-26,1,1,1,1,0.9837251793104841
91,2025-06-12,2025-06-26,2,2,1,1,0.9985216244201218
92,2025-06-12,2025-06-26,0,0,0,0,0.024659722169554435
93,2025-06-12,2025-06-26,0,0,0,0,0.021792931897014034
94,2025-06-12,2025-06-26,0,0,0,0,0.1558630319312772
95,2025-06-12,2025-06-26,0,0,0,0,0.018024965613817907
96,2025-06-12,2025-06-26,2,2,1,1,0.9990586710446945
97,2025-06-12,2025-06-26,1,1,1,1,0.9941992568563147
98,2025-06-12,2025-06-26,0,0,0,0,0.021792931897014034
99,2025-06-12,2025-06-26,2,2,1,1,0.9986742402985861
100,2025-06-12,2025-06-26,1,1,1,1,0.991526362067446
101,2025-06-12,2025-06-26,2,2,1,1,0.9986742402985861
102,2025-06-12,2025-06-26,2,2,1,1,0.9990371368262189
103,2025-06-12,2025-06-26,1,1,1,1,0.975341325164537
104,2025-06-12,2025-06-26,2,2,1,1,0.9986742402985861
105,2025-06-12,2025-06-26,2,2,1,1,0.9986742402985861
106,2025-06-12,2025-06-26,2,2,1,1,0.9987420845611216
107,2025-06-12,2025-06-26,2,2,1,1,0.9986742402985861
108,2025-06-12,2025-06-26,1,1,1,1,0.9934306384164748
109,2025-06-12,2025-06-26,0,0,0,0,0.17567950881738775
110,2025-06-12,2025-06-26,1,1,1,1,0.9765751979514992
111,2025-06-12,2025-06-26,1,1,1,1,0.9892555794855102
112,2025-06-12,2025-06-26,1,1,1,1,0.992831283520732
113,2025-06-12,2025-06-26,0,0,0,0,0.0185295349317937
114,2025-06-12,2025-06-26,0,0,0,0,0.01659993286922458
115,2025-06-12,2025-06-26,0,0,0,0,0.018024965613817907
116,2025-06-12,2025-06-26,1,1,1,1,0.9911387706686043
117,2025-06-12,2025-06-26,0,0,0,0,0.025768437716425632
118,2025-06-12,2025-06-26,0,0,0,0,0.0694040756371973
119,2025-06-12,2025-06-26,1,1,1,1,0.9892555794855102
120,2025-06-12,2025-06-26,1,1,1,1,0.988525608999827
121,2025-06-12,2025-06-26,1,1,1,1,0.987655506665974
122,2025-06-12,2025-06-26,1,1,1,1,0.9888146973827319
123,2025-06-12,2025-06-26,2,2,1,1,0.9987420845611216
124,2025-06-12,2025-06-26,1,1,1,1,0.9771584106695923
125,2025-06-12,2025-06-26,2,2,1,1,0.9987420845611216
126,2025-06-12,2025-06-26,2,2,1,1,0.9990371368262189
127,2025-06-12,2025-06-26,1,1,1,1,0.973980845794813
128,2025-06-12,2025-06-26,0,0,0,0,0.1813388672680413
129,2025-06-12,2025-06-26,0,0,0,0,0.01659993286922458
130,2025-06-12,2025-06-26,0,0,0,0,0.17032748090615427
131,2025-06-12,2025-06-26,1,1,1,1,0.9892555794855102
132,2025-06-12,2025-06-26,0,0,0,0,0.1638704621257201
133,2025-06-12,2025-06-26,0,0,0,0,0.3910919748870746
134,2025-06-12,2025-06-26,0,0,0,0,0.01906373114831954
135,2025-06-12,2025-06-26,1,1,1,1,0.9941992568563147
136,2025-06-12,2025-06-26,1,1,1,1,0.9908497569007053
137,2025-06-12,2025-06-26,1,1,1,1,0.9892555794855102
138,2025-06-12,2025-06-26,1,1,1,1,0.9857796592812288
139,2025-06-12,2025-06-26,2,2,1,1,0.9990371368262189
140,2025-06-12,2025-06-26,0,1,0,1,0.05055937301045036
1,2025-07-11,2025-07-25,0,0,0,0,0.035625225109866834
2,2025-07-11,2025-07-25,2,2,1,1,0.9988172893621398
3,2025-07-11,2025-07-25,0,0,0,0,0.035625225109866834
4,2025-07-11,2025-07-25,0,0,0,0,0.035625225109866834
5,2025-07-11,2025-07-25,1,1,1,1,0.9921272097583941
6,2025-07-11,2025-07-25,0,0,0,0,0.041917409432751136
7,2025-07-11,2025-07-25,2,2,1,1,0.9981381974207129
8,2025-07-11,2025-07-25,0,0,0,0,0.04062720334415285
9,2025-07-11,2025-07-25,0,0,0,0,0.1963208860599653
10,2025-07-11,2025-07-25,2,2,1,1,0.9988172893621398
11,2025-07-11,2025-07-25,1,1,1,1,0.995471002580542
12,2025-07-11,2025-07-25,1,1,1,1,0.9791243185884233
13,2025-07-11,2025-07-25,0,0,0,0,0.03742517582302938
14,2025-07-11,2025-07-25,0,0,0,0,0.035625225109866834
15,2025-07-11,2025-07-25,0,0,0,0,0.035625225109866834
16,2025-07-11,2025-07-25,2,2,1,1,0.9990595437540032
17,2025-07-11,2025-07-25,1,1,1,1,0.9888725011760332
18,2025-07-11,2025-07-25,0,0,0,0,0.04062720334415285
19,2025-07-11,2025-07-25,0,0,0,0,0.041917409432751136
20,2025-07-11,2025-07-25,1,2,1,1,0.9629769647772852
21,2025-07-11,2025-07-25,0,0,0,0,0.028443369940453322
22,2025-07-11,2025-07-25,0,0,0,0,0.04062720334415285
23,2025-07-11,2025-07-25,1,1,1,1,0.9880792053349836
24,2025-07-11,2025-07-25,0,0,0,0,0.027374762538307364
25,2025-07-11,2025-07-25,0,0,0,0,0.027374762538307364
26,2025-07-11,2025-07-25,1,1,1,1,0.9954146349057034
27,2025-07-11,2025-07-25,0,0,0,0,0.028101996816987607
28,2025-07-11,2025-07-25,0,0,0,0,0.028101996816987607
29,2025-07-11,2025-07-25,0,0,0,0,0.03250053811335944
30,2025-07-11,2025-07-25,1,1,1,1,0.9826705729952154
31,2025-07-11,2025-07-25,2,2,1,1,0.9987362456753701
32,2025-07-11,2025-07-25,2,2,1,1,0.9985704553152338
33,2025-07-11,2025-07-25,2,2,1,1,0.9986855359670453
34,2025-07-11,2025-07-25,2,2,1,1,0.982620745871698
35,2025-07-11,2025-07-25,2,2,1,1,0.9988172893621398
36,2025-07-11,2025-07-25,2,2,1,1,0.9990582606920434
37,2025-07-11,2025-07-25,1,1,1,1,0.9815987927693155
38,2025-07-11,2025-07-25,1,1,1,1,0.9826705729952154
39,2025-07-11,2025-07-25,1,1,1,1,0.9826705729952154
40,2025-07-11,2025-07-25,1,1,1,1,0.9778381581033263
41,2025-07-11,2025-07-25,2,2,1,1,0.9988172893621398
42,2025-07-11,2025-07-25,2,2,1,1,0.9987362456753701
43,2025-07-11,2025-07-25,1,2,1,1,0.9655520406132602
45,2025-07-11,2025-07-25,2,2,1,1,0.9981381974207129
46,2025-07-11,2025-07-25,1,1,1,1,0.9826705729952154
47,2025-07-11,2025-07-25,1,1,1,1,0.9943091163811986
48,2025-07-11,2025-07-25,1,1,1,1,0.9948906211100008
49,2025-07-11,2025-07-25,1,1,1,1,0.9931303935039052
50,2025-07-11,2025-07-25,1,1,1,1,0.9931303935039052
51,2025-07-11,2025-07-25,0,0,0,0,0.028443369940453322
52,2025-07-11,2025-07-25,1,1,1,1,0.9940021560669384
53,2025-07-11,2025-07-25,0,2,0,1,0.3842340656680394
54,2025-07-11,2025-07-25,0,0,0,0,0.2025288075414925
55,2025-07-11,2025-07-25,2,2,1,1,0.9986855359670453
56,2025-07-11,2025-07-25,2,2,1,1,0.9990564823383542
57,2025-07-11,2025-07-25,2,2,1,1,0.9990564823383542
58,2025-07-11,2025-07-25,2,2,1,1,0.9983871165186449
59,2025-07-11,2025-07-25,1,1,1,1,0.9896834946507308
60,2025-07-11,2025-07-25,1,1,1,1,0.9826705729952154
61,2025-07-11,2025-07-25,1,1,1,1,0.9791243185884233
62,2025-07-11,2025-07-25,1,1,1,1,0.9791243185884233
63,2025-07-11,2025-07-25,1,1,1,1,0.9826705729952154
64,2025-07-11,2025-07-25,1,1,1,1,0.9791243185884233
65,2025-07-11,2025-07-25,0,0,0,0,0.03742517582302938
66,2025-07-11,2025-07-25,1,1,1,1,0.9896834946507308
67,2025-07-11,2025-07-25,1,1,1,1,0.9927007208450683
68,2025-07-11,2025-07-25,0,0,0,0,0.035625225109866834
69,2025-07-11,2025-07-25,0,0,0,0,0.03536074637109888
70,2025-07-11,2025-07-25,0,1,0,1,0.48088454128499575
71,2025-07-11,2025-07-25,0,1,0,1,0.48088454128499575
72,2025-07-11,2025-07-25,0,0,0,0,0.027374762538307364
73,2025-07-11,2025-07-25,2,2,1,1,0.9837033782116266
74,2025-07-11,2025-07-25,0,0,0,0,0.45655997842164225
75,2025-07-11,2025-07-25,2,2,1,1,0.9811001343382586
76,2025-07-11,2025-07-25,0,0,0,0,0.027045857657611645
77,2025-07-11,2025-07-25,0,0,0,0,0.027374762538307364
78,2025-07-11,2025-07-25,1,1,1,1,0.9908156274330141
79,2025-07-11,2025-07-25,0,0,0,0,0.48928556937266376
80,2025-07-11,2025-07-25,1,1,1,1,0.9892913956604256
81,2025-07-11,2025-07-25,2,2,1,1,0.998782586244872
82,2025-07-11,2025-07-25,2,2,1,1,0.9988172893621398
83,2025-07-11,2025-07-25,1,1,1,1,0.9791243185884233
84,2025-07-11,2025-07-25,2,2,1,1,0.9988172893621398
85,2025-07-11,2025-07-25,0,0,0,0,0.2025288075414925
86,2025-07-11,2025-07-25,2,2,1,1,0.9990284837559661
87,2025-07-11,2025-07-25,2,2,1,1,0.9987822014573725
88,2025-07-11,2025-07-25,2,2,1,1,0.9985704553152338
89,2025-07-11,2025-07-25,0,1,0,1,0.035625225109866834
90,2025-07-11,2025-07-25,1,1,1,1,0.9923902950809049
91,2025-07-11,2025-07-25,2,2,1,1,0.9988172893621398
92,2025-07-11,2025-07-25,0,0,0,0,0.030064158461318147
93,2025-07-11,2025-07-25,0,0,0,0,0.04062720334415285
94,2025-07-11,2025-07-25,0,1,0,1,0.5114042166597358
95,2025-07-11,2025-07-25,0,1,0,1,0.03742517582302938
96,2025-07-11,2025-07-25,2,2,1,1,0.9991768393567757
97,2025-07-11,2025-07-25,1,1,1,1,0.9931303935039052
98,2025-07-11,2025-07-25,0,0,0,0,0.035625225109866834
99,2025-07-11,2025-07-25,2,2,1,1,0.998669122725707
100,2025-07-11,2025-07-25,1,1,1,1,0.9948906211100008
101,2025-07-11,2025-07-25,2,2,1,1,0.9987362456753701
102,2025-07-11,2025-07-25,2,2,1,1,0.9988172893621398
103,2025-07-11,2025-07-25,1,1,1,1,0.9896834946507308
104,2025-07-11,2025-07-25,2,2,1,1,0.9987362456753701
105,2025-07-11,2025-07-25,2,2,1,1,0.9988984447343122
106,2025-07-11,2025-07-25,2,2,1,1,0.9988984447343122
107,2025-07-11,2025-07-25,2,2,1,1,0.9986855359670453
108,2025-07-11,2025-07-25,1,1,1,1,0.9955298368017912
109,2025-07-11,2025-07-25,0,0,0,0,0.5038986529275851
110,2025-07-11,2025-07-25,1,1,1,1,0.9826705729952154
111,2025-07-11,2025-07-25,1,1,1,1,0.9791243185884233
112,2025-07-11,2025-07-25,1,1,1,1,0.9931303935039052
113,2025-07-11,2025-07-25,0,0,0,0,0.02790105850036622
114,2025-07-11,2025-07-25,0,0,0,0,0.03337901214106011
115,2025-07-11,2025-07-25,0,0,0,0,0.035625225109866834
116,2025-07-11,2025-07-25,1,1,1,1,0.9931303935039052
117,2025-07-11,2025-07-25,0,0,0,0,0.030064158461318147
118,2025-07-11,2025-07-25,0,0,0,0,0.2025288075414925
119,2025-07-11,2025-07-25,1,1,1,1,0.9778381581033263
120,2025-07-11,2025-07-25,1,1,1,1,0.9791243185884233
121,2025-07-11,2025-07-25,1,1,1,1,0.9629769647772852
122,2025-07-11,2025-07-25,1,1,1,1,0.9791243185884233
123,2025-07-11,2025-07-25,2,2,1,1,0.9987362456753701
124,2025-07-11,2025-07-25,1,1,1,1,0.9888725011760332
125,2025-07-11,2025-07-25,2,2,1,1,0.9987362456753701
126,2025-07-11,2025-07-25,2,2,1,1,0.9990595437540032
127,2025-07-11,2025-07-25,2,2,1,1,0.9843488579935049
128,2025-07-11,2025-07-25,1,1,1,1,0.9848258198618742
129,2025-07-11,2025-07-25,0,0,0,0,0.035625225109866834
130,2025-07-11,2025-07-25,0,0,0,0,0.48088454128499575
131,2025-07-11,2025-07-25,1,1,1,1,0.9778381581033263
132,2025-07-11,2025-07-25,0,0,0,0,0.5038986529275851
133,2025-07-11,2025-07-25,0,0,0,0,0.270341065102526
134,2025-07-11,2025-07-25,0,0,0,0,0.035625225109866834
135,2025-07-11,2025-07-25,1,1,1,1,0.9947135174356754
136,2025-07-11,2025-07-25,1,1,1,1,0.9778381581033263
137,2025-07-11,2025-07-25,1,1,1,1,0.9778381581033263
138,2025-07-11,2025-07-25,1,1,1,1,0.9931303935039052
139,2025-07-11,2025-07-25,2,2,1,1,0.9981278152430945
140,2025-07-11,2025-07-25,1,2,1,1,0.96539291026202
1,2025-07-18,2025-07-31,0,0,0,0,0.023337466049866765
2,2025-07-18,2025-07-31,2,2,1,1,0.9980497140982288
3,2025-07-18,2025-07-31,0,0,0,0,0.023622368081648828
4,2025-07-18,2025-07-31,0,0,0,0,0.026216660476179827
5,2025-07-18,2025-07-31,1,1,1,1,0.9923902950809049
6,2025-07-18,2025-07-31,0,0,0,0,0.029933487023108617
7,2025-07-18,2025-07-31,1,2,1,1,0.9855035594648371
8,2025-07-18,2025-07-31,0,0,0,0,0.029933487023108617
9,2025-07-18,2025-07-31,0,0,0,0,0.16581980235298294
10,2025-07-18,2025-07-31,2,2,1,1,0.9984711858314361
11,2025-07-18,2025-07-31,1,1,1,1,0.99385543395798
12,2025-07-18,2025-07-31,1,2,1,1,0.99194911516337
13,2025-07-18,2025-07-31,0,0,0,0,0.028101996816987607
14,2025-07-18,2025-07-31,0,0,0,0,0.028101996816987607
15,2025-07-18,2025-07-31,0,0,0,0,0.026216660476179827
16,2025-07-18,2025-07-31,2,2,1,1,0.9988009206922405
17,2025-07-18,2025-07-31,1,1,1,1,0.9888725011760332
18,2025-07-18,2025-07-31,0,0,0,0,0.026216660476179827
19,2025-07-18,2025-07-31,0,0,0,0,0.029933487023108617
20,2025-07-18,2025-07-31,1,2,1,1,0.9869661394463549
21,2025-07-18,2025-07-31,0,0,0,0,0.023622368081648828
22,2025-07-18,2025-07-31,0,0,0,0,0.026216660476179827
23,2025-07-18,2025-07-31,1,1,1,1,0.9938906032700567
24,2025-07-18,2025-07-31,0,0,0,0,0.023337466049866765
25,2025-07-18,2025-07-31,0,0,0,0,0.023337466049866765
26,2025-07-18,2025-07-31,1,1,1,1,0.9956228412380517
27,2025-07-18,2025-07-31,0,1,0,1,0.030548054987864826
28,2025-07-18,2025-07-31,0,0,0,0,0.032340930186826856
29,2025-07-18,2025-07-31,0,0,0,0,0.023622368081648828
30,2025-07-18,2025-07-31,1,1,1,1,0.991358553635025
31,2025-07-18,2025-07-31,2,2,1,1,0.9984711858314361
32,2025-07-18,2025-07-31,2,2,1,1,0.9987204648167274
33,2025-07-18,2025-07-31,2,2,1,1,0.9978624426744754
34,2025-07-18,2025-07-31,2,2,1,1,0.9780810649991744
35,2025-07-18,2025-07-31,2,2,1,1,0.9984711858314361
36,2025-07-18,2025-07-31,2,2,1,1,0.9988009206922405
37,2025-07-18,2025-07-31,1,1,1,1,0.991358553635025
38,2025-07-18,2025-07-31,1,1,1,1,0.991358553635025
39,2025-07-18,2025-07-31,1,1,1,1,0.991358553635025
40,2025-07-18,2025-07-31,1,2,1,1,0.991358553635025
41,2025-07-18,2025-07-31,2,2,1,1,0.9986259182321386
42,2025-07-18,2025-07-31,2,2,1,1,0.9988009206922405
43,2025-07-18,2025-07-31,1,2,1,1,0.9869661394463549
45,2025-07-18,2025-07-31,2,2,1,1,0.9982023101407717
46,2025-07-18,2025-07-31,1,2,1,1,0.99194911516337
47,2025-07-18,2025-07-31,1,1,1,1,0.989331637655788
48,2025-07-18,2025-07-31,1,1,1,1,0.99385543395798
49,2025-07-18,2025-07-31,1,1,1,1,0.9953004840983292
50,2025-07-18,2025-07-31,1,1,1,1,0.9953004840983292
51,2025-07-18,2025-07-31,0,0,0,0,0.023622368081648828
52,2025-07-18,2025-07-31,1,1,1,1,0.9940611128535894
53,2025-07-18,2025-07-31,0,2,0,1,0.2796436781978771
54,2025-07-18,2025-07-31,0,0,0,0,0.1426083309066617
55,2025-07-18,2025-07-31,2,2,1,1,0.9984305929621659
56,2025-07-18,2025-07-31,2,2,1,1,0.9972697816307811
57,2025-07-18,2025-07-31,2,2,1,1,0.9984816803369051
58,2025-07-18,2025-07-31,2,2,1,1,0.9972697816307811
59,2025-07-18,2025-07-31,1,1,1,1,0.99194911516337
60,2025-07-18,2025-07-31,1,1,1,1,0.9903057944929906
61,2025-07-18,2025-07-31,1,2,1,1,0.99194911516337
62,2025-07-18,2025-07-31,1,2,1,1,0.99194911516337
63,2025-07-18,2025-07-31,1,2,1,1,0.9924521288255965
64,2025-07-18,2025-07-31,1,2,1,1,0.991358553635025
65,2025-07-18,2025-07-31,0,0,0,0,0.023622368081648828
66,2025-07-18,2025-07-31,1,1,1,1,0.99194911516337
67,2025-07-18,2025-07-31,1,1,1,1,0.9947254023364127
68,2025-07-18,2025-07-31,0,0,0,0,0.028101996816987607
69,2025-07-18,2025-07-31,0,0,0,0,0.029933487023108617
70,2025-07-18,2025-07-31,0,1,0,1,0.4663115342731899
71,2025-07-18,2025-07-31,0,1,0,1,0.4485967950866723
72,2025-07-18,2025-07-31,0,1,0,1,0.023622368081648828
73,2025-07-18,2025-07-31,2,2,1,1,0.974527971153594
74,2025-07-18,2025-07-31,0,2,0,1,0.48928556937266376
75,2025-07-18,2025-07-31,2,2,1,1,0.976601568434708
76,2025-07-18,2025-07-31,0,0,0,0,0.026216660476179827
77,2025-07-18,2025-07-31,0,0,0,0,0.028101996816987607
78,2025-07-18,2025-07-31,1,1,1,1,0.9922822969120038
79,2025-07-18,2025-07-31,0,0,0,0,0.4572309702450848
80,2025-07-18,2025-07-31,1,1,1,1,0.9649974658947806
81,2025-07-18,2025-07-31,2,2,1,1,0.9984579572358988
82,2025-07-18,2025-07-31,2,2,1,1,0.9984711858314361
83,2025-07-18,2025-07-31,1,2,1,1,0.99194911516337
84,2025-07-18,2025-07-31,2,2,1,1,0.9987204648167274
85,2025-07-18,2025-07-31,0,0,0,0,0.16581980235298294
86,2025-07-18,2025-07-31,2,2,1,1,0.9978888465129354
87,2025-07-18,2025-07-31,2,2,1,1,0.9978888465129354
88,2025-07-18,2025-07-31,2,2,1,1,0.9978888465129354
89,2025-07-18,2025-07-31,0,1,0,1,0.023622368081648828
90,2025-07-18,2025-07-31,1,1,1,1,0.9943091163811986
91,2025-07-18,2025-07-31,2,2,1,1,0.9984711858314361
92,2025-07-18,2025-07-31,0,0,0,0,0.028443369940453322
93,2025-07-18,2025-07-31,0,0,0,0,0.028101996816987607
94,2025-07-18,2025-07-31,0,1,0,1,0.4953704835235982
95,2025-07-18,2025-07-31,0,1,0,1,0.023622368081648828
96,2025-07-18,2025-07-31,2,2,1,1,0.9984816803369051
97,2025-07-18,2025-07-31,1,1,1,1,0.9953004840983292
98,2025-07-18,2025-07-31,0,0,0,0,0.023337466049866765
99,2025-07-18,2025-07-31,2,2,1,1,0.9986259182321386
100,2025-07-18,2025-07-31,1,1,1,1,0.9958972724104088
101,2025-07-18,2025-07-31,2,2,1,1,0.9984711858314361
102,2025-07-18,2025-07-31,2,2,1,1,0.9986259182321386
103,2025-07-18,2025-07-31,1,1,1,1,0.99194911516337
104,2025-07-18,2025-07-31,2,2,1,1,0.9988009206922405
105,2025-07-18,2025-07-31,2,2,1,1,0.9988009206922405
106,2025-07-18,2025-07-31,2,2,1,1,0.9988009206922405
107,2025-07-18,2025-07-31,2,2,1,1,0.9987204648167274
108,2025-07-18,2025-07-31,1,1,1,1,0.9940611128535894
109,2025-07-18,2025-07-31,0,2,0,1,0.48928556937266376
110,2025-07-18,2025-07-31,1,2,1,1,0.99194911516337
111,2025-07-18,2025-07-31,1,2,1,1,0.991358553635025
112,2025-07-18,2025-07-31,1,1,1,1,0.99385543395798
113,2025-07-18,2025-07-31,0,0,0,0,0.023788040986139215
114,2025-07-18,2025-07-31,0,0,0,0,0.023337466049866765
115,2025-07-18,2025-07-31,0,0,0,0,0.028101996816987607
116,2025-07-18,2025-07-31,1,1,1,1,0.9953004840983292
117,2025-07-18,2025-07-31,0,0,0,0,0.026216660476179827
118,2025-07-18,2025-07-31,0,0,0,0,0.13455788352742737
119,2025-07-18,2025-07-31,1,2,1,1,0.991358553635025
120,2025-07-18,2025-07-31,1,2,1,1,0.99194911516337
121,2025-07-18,2025-07-31,1,2,1,1,0.9878532031335321
122,2025-07-18,2025-07-31,1,2,1,1,0.99194911516337
123,2025-07-18,2025-07-31,2,2,1,1,0.9987362456753701
124,2025-07-18,2025-07-31,1,1,1,1,0.991358553635025
125,2025-07-18,2025-07-31,2,2,1,1,0.9986946884795102
126,2025-07-18,2025-07-31,2,2,1,1,0.9986259182321386
127,2025-07-18,2025-07-31,2,2,1,1,0.9737907927083441
128,2025-07-18,2025-07-31,1,1,1,1,0.9815291101755461
129,2025-07-18,2025-07-31,0,0,0,0,0.023337466049866765
130,2025-07-18,2025-07-31,0,0,0,0,0.4825233921589521
131,2025-07-18,2025-07-31,1,2,1,1,0.991358553635025
132,2025-07-18,2025-07-31,0,2,0,1,0.48928556937266376
133,2025-07-18,2025-07-31,0,0,0,0,0.1952702232228399
134,2025-07-18,2025-07-31,0,0,0,0,0.023337466049866765
135,2025-07-18,2025-07-31,1,1,1,1,0.9956228412380517
136,2025-07-18,2025-07-31,1,2,1,1,0.991358553635025
137,2025-07-18,2025-07-31,1,2,1,1,0.991358553635025
138,2025-07-18,2025-07-31,1,1,1,1,0.9937790846518705
139,2025-07-18,2025-07-31,2,2,1,1,0.9986259182321386
140,2025-07-18,2025-07-31,1,2,1,1,0.9869661394463549
1,2025-07-25,2025-08-07,0,0,0,0,0.023337466049866765
2,2025-07-25,2025-08-07,2,2,1,1,0.9988880385033319
3,2025-07-25,2025-08-07,0,0,0,0,0.023337466049866765
4,2025-07-25,2025-08-07,0,0,0,0,0.032340930186826856
5,2025-07-25,2025-08-07,1,1,1,1,0.989331637655788
6,2025-07-25,2025-08-07,0,0,0,0,0.02832902403668274
7,2025-07-25,2025-08-07,2,2,1,1,0.9853197027695197
8,2025-07-25,2025-08-07,0,0,0,0,0.024702228573936842
9,2025-07-25,2025-08-07,0,0,0,0,0.16581980235298294
10,2025-07-25,2025-08-07,2,2,1,1,0.9987204648167274
11,2025-07-25,2025-08-07,1,1,1,1,0.9953004840983292
12,2025-07-25,2025-08-07,1,2,1,1,0.9924521288255965
13,2025-07-25,2025-08-07,0,0,0,0,0.030548054987864826
14,2025-07-25,2025-08-07,0,0,0,0,0.029933487023108617
15,2025-07-25,2025-08-07,0,0,0,0,0.02832902403668274
16,2025-07-25,2025-08-07,2,2,1,1,0.9986929082977131
17,2025-07-25,2025-08-07,1,1,1,1,0.9924521288255965
18,2025-07-25,2025-08-07,0,0,0,0,0.02832902403668274
19,2025-07-25,2025-08-07,0,0,0,0,0.032340930186826856
20,2025-07-25,2025-08-07,2,2,1,1,0.9818169059842636
21,2025-07-25,2025-08-07,0,0,0,0,0.028101996816987607
22,2025-07-25,2025-08-07,0,0,0,0,0.032340930186826856
23,2025-07-25,2025-08-07,1,1,1,1,0.988876021357613
24,2025-07-25,2025-08-07,0,0,0,0,0.023622368081648828
25,2025-07-25,2025-08-07,0,0,0,0,0.028101996816987607
26,2025-07-25,2025-08-07,1,1,1,1,0.99385543395798
27,2025-07-25,2025-08-07,0,1,0,1,0.026216660476179827
28,2025-07-25,2025-08-07,0,0,0,0,0.026216660476179827
29,2025-07-25,2025-08-07,0,0,0,0,0.026216660476179827
30,2025-07-25,2025-08-07,1,1,1,1,0.9924521288255965
31,2025-07-25,2025-08-07,2,2,1,1,0.9981838355150935
32,2025-07-25,2025-08-07,2,2,1,1,0.9988009206922405
33,2025-07-25,2025-08-07,2,2,1,1,0.9984521002251948
34,2025-07-25,2025-08-07,2,2,1,1,0.9979750153978255
35,2025-07-25,2025-08-07,2,2,1,1,0.9984521002251948
36,2025-07-25,2025-08-07,2,2,1,1,0.9986259182321386
37,2025-07-25,2025-08-07,1,1,1,1,0.9796865104763014
38,2025-07-25,2025-08-07,1,1,1,1,0.9796865104763014
39,2025-07-25,2025-08-07,1,1,1,1,0.9899135301015343
40,2025-07-25,2025-08-07,1,1,1,1,0.9888725011760332
41,2025-07-25,2025-08-07,2,2,1,1,0.9987362456753701
42,2025-07-25,2025-08-07,2,2,1,1,0.9982195509887009
43,2025-07-25,2025-08-07,2,2,1,1,0.9818169059842636
45,2025-07-25,2025-08-07,2,2,1,1,0.9986802457072893
46,2025-07-25,2025-08-07,1,2,1,1,0.9924521288255965
47,2025-07-25,2025-08-07,1,1,1,1,0.9943091163811986
48,2025-07-25,2025-08-07,1,1,1,1,0.9953004840983292
49,2025-07-25,2025-08-07,1,1,1,1,0.9913116919906216
50,2025-07-25,2025-08-07,1,1,1,1,0.9913116919906216
51,2025-07-25,2025-08-07,0,0,0,0,0.028101996816987607
52,2025-07-25,2025-08-07,1,1,1,1,0.9956228412380517
53,2025-07-25,2025-08-07,2,2,1,1,0.9832102264830819
54,2025-07-25,2025-08-07,0,0,0,0,0.1410957548121503
55,2025-07-25,2025-08-07,2,2,1,1,0.9984521002251948
56,2025-07-25,2025-08-07,2,2,1,1,0.9988407533620202
57,2025-07-25,2025-08-07,2,2,1,1,0.9988407533620202
58,2025-07-25,2025-08-07,2,2,1,1,0.9978888465129354
59,2025-07-25,2025-08-07,1,1,1,1,0.9904557831619496
60,2025-07-25,2025-08-07,1,1,1,1,0.9888725011760332
61,2025-07-25,2025-08-07,1,2,1,1,0.9924521288255965
62,2025-07-25,2025-08-07,1,2,1,1,0.9924521288255965
63,2025-07-25,2025-08-07,1,2,1,1,0.9899135301015343
64,2025-07-25,2025-08-07,1,2,1,1,0.9924521288255965
65,2025-07-25,2025-08-07,0,0,0,0,0.028101996816987607
66,2025-07-25,2025-08-07,1,1,1,1,0.991358553635025
67,2025-07-25,2025-08-07,1,1,1,1,0.9913116919906216
68,2025-07-25,2025-08-07,0,0,0,0,0.029933487023108617
69,2025-07-25,2025-08-07,0,0,0,0,0.032340930186826856
70,2025-07-25,2025-08-07,1,1,1,1,0.9885081393517702
71,2025-07-25,2025-08-07,1,1,1,1,0.9899587808792988
72,2025-07-25,2025-08-07,0,1,0,1,0.026216660476179827
73,2025-07-25,2025-08-07,2,2,1,1,0.9982642785219629
74,2025-07-25,2025-08-07,0,1,0,1,0.5055395549525036
75,2025-07-25,2025-08-07,2,2,1,1,0.9979750153978255
76,2025-07-25,2025-08-07,0,0,0,0,0.028443369940453322
77,2025-07-25,2025-08-07,0,0,0,0,0.023622368081648828
78,2025-07-25,2025-08-07,1,1,1,1,0.9896871716478767
79,2025-07-25,2025-08-07,0,0,0,0,0.44929852749916754
80,2025-07-25,2025-08-07,1,1,1,1,0.9847309098297966
81,2025-07-25,2025-08-07,2,2,1,1,0.9984387067430551
82,2025-07-25,2025-08-07,2,2,1,1,0.9987204648167274
83,2025-07-25,2025-08-07,1,2,1,1,0.9924521288255965
84,2025-07-25,2025-08-07,2,2,1,1,0.9987362456753701
85,2025-07-25,2025-08-07,0,0,0,0,0.17501054693932086
86,2025-07-25,2025-08-07,2,2,1,1,0.9990028664440892
87,2025-07-25,2025-08-07,2,2,1,1,0.9986259182321386
88,2025-07-25,2025-08-07,2,2,1,1,0.9982979765927629
89,2025-07-25,2025-08-07,1,1,1,1,0.9885081393517702
90,2025-07-25,2025-08-07,1,1,1,1,0.9920295586181285
91,2025-07-25,2025-08-07,2,2,1,1,0.9986259182321386
92,2025-07-25,2025-08-07,0,0,0,0,0.029933487023108617
93,2025-07-25,2025-08-07,0,0,0,0,0.026216660476179827
94,2025-07-25,2025-08-07,1,1,1,1,0.9885081393517702
95,2025-07-25,2025-08-07,1,1,1,1,0.9885081393517702
96,2025-07-25,2025-08-07,2,2,1,1,0.9984521002251948
97,2025-07-25,2025-08-07,1,1,1,1,0.9948035632484513
98,2025-07-25,2025-08-07,0,0,0,0,0.023337466049866765
99,2025-07-25,2025-08-07,2,2,1,1,0.9988009206922405
100,2025-07-25,2025-08-07,1,1,1,1,0.9958972724104088
101,2025-07-25,2025-08-07,2,2,1,1,0.9987204648167274
102,2025-07-25,2025-08-07,2,2,1,1,0.9987362456753701
103,2025-07-25,2025-08-07,1,1,1,1,0.991358553635025
104,2025-07-25,2025-08-07,2,2,1,1,0.9988009206922405
105,2025-07-25,2025-08-07,2,2,1,1,0.9988009206922405
106,2025-07-25,2025-08-07,2,2,1,1,0.9986259182321386
107,2025-07-25,2025-08-07,2,2,1,1,0.9986259182321386
108,2025-07-25,2025-08-07,1,1,1,1,0.9937790846518705
109,2025-07-25,2025-08-07,0,2,0,1,0.5055395549525036
110,2025-07-25,2025-08-07,1,2,1,1,0.9924521288255965
111,2025-07-25,2025-08-07,1,2,1,1,0.9899135301015343
112,2025-07-25,2025-08-07,1,1,1,1,0.9953004840983292
113,2025-07-25,2025-08-07,0,0,0,0,0.021848458377794994
114,2025-07-25,2025-08-07,0,0,0,0,0.026216660476179827
115,2025-07-25,2025-08-07,0,0,0,0,0.028101996816987607
116,2025-07-25,2025-08-07,1,1,1,1,0.9947802685828624
117,2025-07-25,2025-08-07,0,0,0,0,0.03431311380073157
118,2025-07-25,2025-08-07,0,0,0,0,0.1410957548121503
119,2025-07-25,2025-08-07,1,2,1,1,0.9888725011760332
120,2025-07-25,2025-08-07,1,2,1,1,0.9924521288255965
121,2025-07-25,2025-08-07,1,2,1,1,0.9920978966857742
122,2025-07-25,2025-08-07,1,2,1,1,0.9924521288255965
123,2025-07-25,2025-08-07,2,2,1,1,0.9986259182321386
124,2025-07-25,2025-08-07,1,1,1,1,0.9888725011760332
125,2025-07-25,2025-08-07,2,2,1,1,0.9987204648167274
126,2025-07-25,2025-08-07,2,2,1,1,0.9988009206922405
127,2025-07-25,2025-08-07,2,2,1,1,0.9979750153978255
128,2025-07-25,2025-08-07,1,1,1,1,0.9847309098297966
129,2025-07-25,2025-08-07,0,0,0,0,0.024078307993321238
130,2025-07-25,2025-08-07,0,0,0,0,0.49862934545971727
131,2025-07-25,2025-08-07,1,2,1,1,0.9888725011760332
132,2025-07-25,2025-08-07,0,1,0,1,0.5055395549525036
133,2025-07-25,2025-08-07,0,0,0,0,0.1410957548121503
134,2025-07-25,2025-08-07,0,0,0,0,0.023337466049866765
135,2025-07-25,2025-08-07,1,1,1,1,0.99385543395798
136,2025-07-25,2025-08-07,1,2,1,1,0.9888725011760332
137,2025-07-25,2025-08-07,1,2,1,1,0.9888725011760332
138,2025-07-25,2025-08-07,1,1,1,1,0.9940611128535894
139,2025-07-25,2025-08-07,2,1,1,1,0.9987362456753701
140,2025-07-25,2025-08-07,2,2,1,1,0.9818169059842636
1,2025-07-31,2025-08-14,0,0,0,0,0.029870649456454366
2,2025-07-31,2025-08-14,2,2,1,1,0.9986259182321386
3,2025-07-31,2025-08-14,0,0,0,0,0.029870649456454366
4,2025-07-31,2025-08-14,0,0,0,0,0.029870649456454366
5,2025-07-31,2025-08-14,1,1,1,1,0.9938906032700567
6,2025-07-31,2025-08-14,0,0,0,0,0.029870649456454366
7,2025-07-31,2025-08-14,2,2,1,1,0.9866668433425585
8,2025-07-31,2025-08-14,0,0,0,0,0.032133291698109835
9,2025-07-31,2025-08-14,0,0,0,0,0.2118370250408203
10,2025-07-31,2025-08-14,2,2,1,1,0.9984521002251948
11,2025-07-31,2025-08-14,1,1,1,1,0.9947254023364127
12,2025-07-31,2025-08-14,2,2,1,1,0.9800790309360385
13,2025-07-31,2025-08-14,0,0,0,0,0.029870649456454366
14,2025-07-31,2025-08-14,0,0,0,0,0.03681622740618302
15,2025-07-31,2025-08-14,0,0,0,0,0.029870649456454366
16,2025-07-31,2025-08-14,2,2,1,1,0.9986259182321386
17,2025-07-31,2025-08-14,1,1,1,1,0.9907952916732831
18,2025-07-31,2025-08-14,0,0,0,0,0.0347841746254868
19,2025-07-31,2025-08-14,0,0,0,0,0.029870649456454366
20,2025-07-31,2025-08-14,2,2,1,1,0.9866668433425585
21,2025-07-31,2025-08-14,0,0,0,0,0.032397384852441244
22,2025-07-31,2025-08-14,0,0,0,0,0.03408738065421764
23,2025-07-31,2025-08-14,1,1,1,1,0.9938906032700567
24,2025-07-31,2025-08-14,0,0,0,0,0.03201011975455614
25,2025-07-31,2025-08-14,0,0,0,0,0.029870649456454366
26,2025-07-31,2025-08-14,1,1,1,1,0.9953004840983292
27,2025-07-31,2025-08-14,1,1,1,1,0.9883222975749325
28,2025-07-31,2025-08-14,0,0,0,0,0.0369970772365729
29,2025-07-31,2025-08-14,0,0,0,0,0.03408738065421764
30,2025-07-31,2025-08-14,1,1,1,1,0.9931493114557698
31,2025-07-31,2025-08-14,2,2,1,1,0.9981838355150935
32,2025-07-31,2025-08-14,2,2,1,1,0.9987204648167274
33,2025-07-31,2025-08-14,2,2,1,1,0.9986259182321386
34,2025-07-31,2025-08-14,2,2,1,1,0.9981630036576257
35,2025-07-31,2025-08-14,2,2,1,1,0.9986259182321386
36,2025-07-31,2025-08-14,2,2,1,1,0.9987704502241478
37,2025-07-31,2025-08-14,1,1,1,1,0.9931493114557698
38,2025-07-31,2025-08-14,1,1,1,1,0.9931493114557698
39,2025-07-31,2025-08-14,1,1,1,1,0.9923130228552764
40,2025-07-31,2025-08-14,2,1,1,1,0.9834800922538552
41,2025-07-31,2025-08-14,2,2,1,1,0.9988009206922405
42,2025-07-31,2025-08-14,2,2,1,1,0.9986259182321386
43,2025-07-31,2025-08-14,2,2,1,1,0.9857838029545926
45,2025-07-31,2025-08-14,2,2,1,1,0.998738271389355
46,2025-07-31,2025-08-14,2,2,1,1,0.9855720858497728
47,2025-07-31,2025-08-14,1,1,1,1,0.994665471782272
48,2025-07-31,2025-08-14,1,1,1,1,0.9958972724104088
49,2025-07-31,2025-08-14,1,1,1,1,0.9947802685828624
50,2025-07-31,2025-08-14,1,1,1,1,0.9948035632484513
51,2025-07-31,2025-08-14,0,0,0,0,0.03408738065421764
52,2025-07-31,2025-08-14,1,1,1,1,0.995471002580542
53,2025-07-31,2025-08-14,2,2,1,1,0.9857838029545926
54,2025-07-31,2025-08-14,0,0,0,0,0.1899562352021113
55,2025-07-31,2025-08-14,2,2,1,1,0.9986259182321386
56,2025-07-31,2025-08-14,2,2,1,1,0.9989713725963169
57,2025-07-31,2025-08-14,2,2,1,1,0.9989713725963169
58,2025-07-31,2025-08-14,2,2,1,1,0.9989713725963169
59,2025-07-31,2025-08-14,1,1,1,1,0.9898969613543531
60,2025-07-31,2025-08-14,1,1,1,1,0.9931493114557698
61,2025-07-31,2025-08-14,2,2,1,1,0.977313871208795
62,2025-07-31,2025-08-14,2,2,1,1,0.9800790309360385
63,2025-07-31,2025-08-14,2,2,1,1,0.9800790309360385
64,2025-07-31,2025-08-14,2,2,1,1,0.977313871208795
65,2025-07-31,2025-08-14,0,0,0,0,0.032397384852441244
66,2025-07-31,2025-08-14,1,1,1,1,0.9923130228552764
67,2025-07-31,2025-08-14,1,1,1,1,0.9956228412380517
68,2025-07-31,2025-08-14,0,0,0,0,0.032397384852441244
69,2025-07-31,2025-08-14,0,0,0,0,0.029870649456454366
70,2025-07-31,2025-08-14,1,1,1,1,0.987695759461188
71,2025-07-31,2025-08-14,1,1,1,1,0.9908841539590707
72,2025-07-31,2025-08-14,1,1,1,1,0.9894142495659592
73,2025-07-31,2025-08-14,2,2,1,1,0.9973517794275899
74,2025-07-31,2025-08-14,2,1,1,1,0.9800790309360385
75,2025-07-31,2025-08-14,2,2,1,1,0.9983692321064918
76,2025-07-31,2025-08-14,0,0,0,0,0.032397384852441244
77,2025-07-31,2025-08-14,0,0,0,0,0.0347841746254868
78,2025-07-31,2025-08-14,1,1,1,1,0.993250554658739
79,2025-07-31,2025-08-14,0,0,0,0,0.5621857065700687
80,2025-07-31,2025-08-14,1,1,1,1,0.9890072399888402
81,2025-07-31,2025-08-14,2,2,1,1,0.9988292833679112
82,2025-07-31,2025-08-14,2,2,1,1,0.9987204648167274
83,2025-07-31,2025-08-14,2,2,1,1,0.9800790309360385
84,2025-07-31,2025-08-14,2,2,1,1,0.9987204648167274
85,2025-07-31,2025-08-14,0,0,0,0,0.2118370250408203
86,2025-07-31,2025-08-14,2,2,1,1,0.9990028664440892
87,2025-07-31,2025-08-14,2,2,1,1,0.9982979765927629
88,2025-07-31,2025-08-14,2,2,1,1,0.9990028664440892
89,2025-07-31,2025-08-14,1,1,1,1,0.9908841539590707
90,2025-07-31,2025-08-14,1,1,1,1,0.994665471782272
91,2025-07-31,2025-08-14,2,2,1,1,0.9988009206922405
92,2025-07-31,2025-08-14,0,0,0,0,0.02815124322313557
93,2025-07-31,2025-08-14,0,0,0,0,0.02815124322313557
94,2025-07-31,2025-08-14,1,1,1,1,0.9887110850254389
95,2025-07-31,2025-08-14,1,1,1,1,0.9908841539590707
96,2025-07-31,2025-08-14,2,2,1,1,0.9989713725963169
97,2025-07-31,2025-08-14,1,1,1,1,0.995471002580542
98,2025-07-31,2025-08-14,0,0,0,0,0.029870649456454366
99,2025-07-31,2025-08-14,2,2,1,1,0.9988009206922405
100,2025-07-31,2025-08-14,1,1,1,1,0.9958972724104088
101,2025-07-31,2025-08-14,2,2,1,1,0.9987362456753701
102,2025-07-31,2025-08-14,2,2,1,1,0.9988009206922405
103,2025-07-31,2025-08-14,1,1,1,1,0.9931493114557698
104,2025-07-31,2025-08-14,2,2,1,1,0.9988009206922405
105,2025-07-31,2025-08-14,2,2,1,1,0.9987362456753701
106,2025-07-31,2025-08-14,2,2,1,1,0.9987362456753701
107,2025-07-31,2025-08-14,2,2,1,1,0.9988009206922405
108,2025-07-31,2025-08-14,1,1,1,1,0.995471002580542
109,2025-07-31,2025-08-14,2,2,1,1,0.9834800922538552
110,2025-07-31,2025-08-14,2,2,1,1,0.9855720858497728
111,2025-07-31,2025-08-14,2,2,1,1,0.9800790309360385
112,2025-07-31,2025-08-14,1,1,1,1,0.9958972724104088
113,2025-07-31,2025-08-14,0,0,0,0,0.029870649456454366
114,2025-07-31,2025-08-14,0,0,0,0,0.03408738065421764
115,2025-07-31,2025-08-14,0,0,0,0,0.03408738065421764
116,2025-07-31,2025-08-14,1,1,1,1,0.995471002580542
117,2025-07-31,2025-08-14,0,0,0,0,0.02815124322313557
118,2025-07-31,2025-08-14,0,0,0,0,0.1899562352021113
119,2025-07-31,2025-08-14,2,2,1,1,0.9800790309360385
120,2025-07-31,2025-08-14,2,2,1,1,0.9800790309360385
121,2025-07-31,2025-08-14,2,2,1,1,0.9855720858497728
122,2025-07-31,2025-08-14,2,2,1,1,0.9855720858497728
123,2025-07-31,2025-08-14,2,2,1,1,0.9988984447343122
124,2025-07-31,2025-08-14,1,1,1,1,0.9931493114557698
125,2025-07-31,2025-08-14,2,2,1,1,0.9988009206922405
126,2025-07-31,2025-08-14,2,2,1,1,0.9988009206922405
127,2025-07-31,2025-08-14,2,2,1,1,0.9983692321064918
128,2025-07-31,2025-08-14,1,1,1,1,0.990395491145304
129,2025-07-31,2025-08-14,0,0,0,0,0.029870649456454366
130,2025-07-31,2025-08-14,0,0,0,0,0.5942035727235125
131,2025-07-31,2025-08-14,2,2,1,1,0.9800790309360385
132,2025-07-31,2025-08-14,2,1,1,1,0.9866668433425585
133,2025-07-31,2025-08-14,0,2,0,1,0.1899562352021113
134,2025-07-31,2025-08-14,0,0,0,0,0.029870649456454366
135,2025-07-31,2025-08-14,1,1,1,1,0.9953004840983292
136,2025-07-31,2025-08-14,2,2,1,1,0.9800790309360385
137,2025-07-31,2025-08-14,2,2,1,1,0.9800790309360385
138,2025-07-31,2025-08-14,1,1,1,1,0.9953004840983292
139,2025-07-31,2025-08-14,2,1,1,1,0.9986946884795102
140,2025-07-31,2025-08-14,2,2,1,1,0.9834800922538552
1,2025-08-07,2025-08-21,0,0,0,0,0.014093276359053053
2,2025-08-07,2025-08-21,2,2,1,1,0.9984972964124166
3,2025-08-07,2025-08-21,0,0,0,0,0.014093276359053053
4,2025-08-07,2025-08-21,0,0,0,0,0.013846973335749486
5,2025-08-07,2025-08-21,1,1,1,1,0.9854099411873999
6,2025-08-07,2025-08-21,0,0,0,0,0.014093276359053053
7,2025-08-07,2025-08-21,2,2,1,1,0.9975053233703928
8,2025-08-07,2025-08-21,0,0,0,0,0.014322216427035479
9,2025-08-07,2025-08-21,0,0,0,0,0.07434284324666436
10,2025-08-07,2025-08-21,2,2,1,1,0.998466487780515
11,2025-08-07,2025-08-21,1,1,1,1,0.9913116919906216
12,2025-08-07,2025-08-21,2,2,1,1,0.9768355107802655
13,2025-08-07,2025-08-21,0,0,0,0,0.014093276359053053
14,2025-08-07,2025-08-21,0,0,0,0,0.011580155329731256
15,2025-08-07,2025-08-21,0,0,0,0,0.014093276359053053
16,2025-08-07,2025-08-21,2,2,1,1,0.9986888907059559
17,2025-08-07,2025-08-21,1,1,1,1,0.9806230571695391
18,2025-08-07,2025-08-21,0,0,0,0,0.011580155329731256
19,2025-08-07,2025-08-21,0,0,0,0,0.014093276359053053
20,2025-08-07,2025-08-21,2,2,1,1,0.9982639906364968
21,2025-08-07,2025-08-21,0,0,0,0,0.011723247868766313
22,2025-08-07,2025-08-21,0,0,0,0,0.015214672347729228
23,2025-08-07,2025-08-21,1,1,1,1,0.9862628472254445
24,2025-08-07,2025-08-21,0,0,0,0,0.0150871855461813
25,2025-08-07,2025-08-21,0,0,0,0,0.014093276359053053
26,2025-08-07,2025-08-21,1,1,1,1,0.991532251042554
27,2025-08-07,2025-08-21,1,1,1,1,0.9642042414770049
28,2025-08-07,2025-08-21,0,0,0,0,0.011723247868766313
29,2025-08-07,2025-08-21,0,0,0,0,0.016122592626892442
30,2025-08-07,2025-08-21,1,1,1,1,0.9749692378287925
31,2025-08-07,2025-08-21,2,2,1,1,0.997908458481537
32,2025-08-07,2025-08-21,2,2,1,1,0.9986742402985861
33,2025-08-07,2025-08-21,2,2,1,1,0.9988605593108715
34,2025-08-07,2025-08-21,2,2,1,1,0.9975053233703928
35,2025-08-07,2025-08-21,2,2,1,1,0.9986888907059559
36,2025-08-07,2025-08-21,2,2,1,1,0.9986888907059559
37,2025-08-07,2025-08-21,1,1,1,1,0.9862585115964491
38,2025-08-07,2025-08-21,1,1,1,1,0.9749692378287925
39,2025-08-07,2025-08-21,1,1,1,1,0.9749692378287925
40,2025-08-07,2025-08-21,1,1,1,1,0.9826510469153318
41,2025-08-07,2025-08-21,2,2,1,1,0.998466487780515
42,2025-08-07,2025-08-21,2,2,1,1,0.9981957953803104
43,2025-08-07,2025-08-21,2,2,1,1,0.9982639906364968
45,2025-08-07,2025-08-21,2,2,1,1,0.9982196736129746
46,2025-08-07,2025-08-21,2,2,1,1,0.9768355107802655
47,2025-08-07,2025-08-21,1,1,1,1,0.9862628472254445
48,2025-08-07,2025-08-21,1,1,1,1,0.9952640586280639
49,2025-08-07,2025-08-21,1,1,1,1,0.99385543395798
50,2025-08-07,2025-08-21,1,1,1,1,0.9940611128535894
51,2025-08-07,2025-08-21,0,0,0,0,0.014093276359053053
52,2025-08-07,2025-08-21,1,1,1,1,0.99385543395798
53,2025-08-07,2025-08-21,2,2,1,1,0.9975053233703928
54,2025-08-07,2025-08-21,0,0,0,0,0.0833950151136999
55,2025-08-07,2025-08-21,2,2,1,1,0.9984972964124166
56,2025-08-07,2025-08-21,2,2,1,1,0.9987652470844421
57,2025-08-07,2025-08-21,2,2,1,1,0.9987652470844421
58,2025-08-07,2025-08-21,2,2,1,1,0.9988605593108715
59,2025-08-07,2025-08-21,1,1,1,1,0.9749692378287925
60,2025-08-07,2025-08-21,1,1,1,1,0.9749692378287925
61,2025-08-07,2025-08-21,2,2,1,1,0.9800470134078648
62,2025-08-07,2025-08-21,2,2,1,1,0.9800470134078648
63,2025-08-07,2025-08-21,2,2,1,1,0.9768355107802655
64,2025-08-07,2025-08-21,2,2,1,1,0.9800470134078648
65,2025-08-07,2025-08-21,0,0,0,0,0.015214672347729228
66,2025-08-07,2025-08-21,1,1,1,1,0.9749692378287925
67,2025-08-07,2025-08-21,1,1,1,1,0.99385543395798
68,2025-08-07,2025-08-21,0,0,0,0,0.011723247868766313
69,2025-08-07,2025-08-21,0,0,0,0,0.014093276359053053
70,2025-08-07,2025-08-21,1,1,1,1,0.9692727001257546
71,2025-08-07,2025-08-21,1,1,1,1,0.9692727001257546
72,2025-08-07,2025-08-21,1,1,1,1,0.9642042414770049
73,2025-08-07,2025-08-21,2,2,1,1,0.997834856940088
74,2025-08-07,2025-08-21,1,1,1,1,0.982437937605251
75,2025-08-07,2025-08-21,2,2,1,1,0.997834856940088
76,2025-08-07,2025-08-21,0,0,0,0,0.015214672347729228
77,2025-08-07,2025-08-21,0,0,0,0,0.011580155329731256
78,2025-08-07,2025-08-21,1,1,1,1,0.9862628472254445
79,2025-08-07,2025-08-21,0,0,0,0,0.13634829813771743
80,2025-08-07,2025-08-21,1,1,1,1,0.9575003203566431
81,2025-08-07,2025-08-21,2,2,1,1,0.9983683982860055
82,2025-08-07,2025-08-21,2,2,1,1,0.998466487780515
83,2025-08-07,2025-08-21,2,2,1,1,0.9768355107802655
84,2025-08-07,2025-08-21,2,2,1,1,0.9987420845611216
85,2025-08-07,2025-08-21,0,0,0,0,0.07080334447012047
86,2025-08-07,2025-08-21,2,2,1,1,0.9982116465864617
87,2025-08-07,2025-08-21,2,2,1,1,0.9984972964124166
88,2025-08-07,2025-08-21,2,2,1,1,0.998466487780515
89,2025-08-07,2025-08-21,1,1,1,1,0.9807883294731847
90,2025-08-07,2025-08-21,1,1,1,1,0.9862628472254445
91,2025-08-07,2025-08-21,2,2,1,1,0.9990133851409967
92,2025-08-07,2025-08-21,0,0,0,0,0.020097569589773906
93,2025-08-07,2025-08-21,0,0,0,0,0.014322216427035479
94,2025-08-07,2025-08-21,1,1,1,1,0.9807883294731847
95,2025-08-07,2025-08-21,1,1,1,1,0.960440666871728
96,2025-08-07,2025-08-21,2,2,1,1,0.9987652470844421
97,2025-08-07,2025-08-21,1,1,1,1,0.99385543395798
98,2025-08-07,2025-08-21,0,0,0,0,0.014093276359053053
99,2025-08-07,2025-08-21,2,2,1,1,0.9984972964124166
100,2025-08-07,2025-08-21,1,1,1,1,0.9913116919906216
101,2025-08-07,2025-08-21,2,2,1,1,0.998466487780515
102,2025-08-07,2025-08-21,2,2,1,1,0.9986888907059559
103,2025-08-07,2025-08-21,1,1,1,1,0.9749692378287925
104,2025-08-07,2025-08-21,2,2,1,1,0.9981957953803104
105,2025-08-07,2025-08-21,2,2,1,1,0.9981957953803104
106,2025-08-07,2025-08-21,2,2,1,1,0.9981957953803104
107,2025-08-07,2025-08-21,2,2,1,1,0.9984972964124166
108,2025-08-07,2025-08-21,1,1,1,1,0.99385543395798
109,2025-08-07,2025-08-21,2,2,1,1,0.9799147699235563
110,2025-08-07,2025-08-21,2,2,1,1,0.982706924586123
111,2025-08-07,2025-08-21,2,2,1,1,0.9800470134078648
112,2025-08-07,2025-08-21,1,1,1,1,0.9947802685828624
113,2025-08-07,2025-08-21,0,0,0,0,0.013846973335749486
114,2025-08-07,2025-08-21,0,0,0,0,0.016122592626892442
115,2025-08-07,2025-08-21,0,0,0,0,0.011723247868766313
116,2025-08-07,2025-08-21,1,1,1,1,0.99385543395798
117,2025-08-07,2025-08-21,0,0,0,0,0.01282502486255685
118,2025-08-07,2025-08-21,0,0,0,0,0.07232220977669747
119,2025-08-07,2025-08-21,2,2,1,1,0.9768355107802655
120,2025-08-07,2025-08-21,2,2,1,1,0.9800470134078648
121,2025-08-07,2025-08-21,2,2,1,1,0.9768355107802655
122,2025-08-07,2025-08-21,2,2,1,1,0.9768355107802655
123,2025-08-07,2025-08-21,2,2,1,1,0.998466487780515
124,2025-08-07,2025-08-21,1,1,1,1,0.9734340266702829
125,2025-08-07,2025-08-21,2,2,1,1,0.9986906763523024
126,2025-08-07,2025-08-21,2,2,1,1,0.9981957953803104
127,2025-08-07,2025-08-21,2,2,1,1,0.9975053233703928
128,2025-08-07,2025-08-21,1,1,1,1,0.979327821786088
129,2025-08-07,2025-08-21,0,0,0,0,0.014949068261146562
130,2025-08-07,2025-08-21,0,0,0,0,0.16544508897016258
131,2025-08-07,2025-08-21,2,2,1,1,0.9768355107802655
132,2025-08-07,2025-08-21,1,1,1,1,0.9826510469153318
133,2025-08-07,2025-08-21,0,2,0,1,0.07900294159387698
134,2025-08-07,2025-08-21,0,0,0,0,0.016122592626892442
135,2025-08-07,2025-08-21,1,1,1,1,0.991532251042554
136,2025-08-07,2025-08-21,2,2,1,1,0.9765526697400478
137,2025-08-07,2025-08-21,2,2,1,1,0.9800470134078648
138,2025-08-07,2025-08-21,1,1,1,1,0.9924124870117474
139,2025-08-07,2025-08-21,1,1,1,1,0.9832254434506497
140,2025-08-07,2025-08-21,2,2,1,1,0.9982639906364968
1,2025-08-14,2025-08-28,0,0,0,0,0.013373299624430426
2,2025-08-14,2025-08-28,2,2,1,1,0.997908458481537
3,2025-08-14,2025-08-28,0,0,0,0,0.013373299624430426
4,2025-08-14,2025-08-28,0,0,0,0,0.011580155329731256
5,2025-08-14,2025-08-28,1,1,1,1,0.9922822969120038
6,2025-08-14,2025-08-28,0,0,0,0,0.011723247868766313
7,2025-08-14,2025-08-28,2,2,1,1,0.998147574622132
8,2025-08-14,2025-08-28,0,0,0,0,0.013538246028696225
9,2025-08-14,2025-08-28,0,0,0,0,0.07353108533817002
10,2025-08-14,2025-08-28,2,2,1,1,0.9985585075159007
11,2025-08-14,2025-08-28,1,1,1,1,0.994570267402695
12,2025-08-14,2025-08-28,2,2,1,1,0.9974742105085701
13,2025-08-14,2025-08-28,0,0,0,0,0.011517881072740226
14,2025-08-14,2025-08-28,0,0,0,0,0.011723247868766313
15,2025-08-14,2025-08-28,0,0,0,0,0.011580155329731256
16,2025-08-14,2025-08-28,2,2,1,1,0.998466487780515
17,2025-08-14,2025-08-28,1,1,1,1,0.9923560038096649
18,2025-08-14,2025-08-28,0,0,0,0,0.013373299624430426
19,2025-08-14,2025-08-28,0,0,0,0,0.011723247868766313
20,2025-08-14,2025-08-28,2,2,1,1,0.9972969547963093
21,2025-08-14,2025-08-28,0,0,0,0,0.011723247868766313
22,2025-08-14,2025-08-28,0,0,0,0,0.011580155329731256
23,2025-08-14,2025-08-28,1,1,1,1,0.9902702694150373
24,2025-08-14,2025-08-28,0,0,0,0,0.011377266358369904
25,2025-08-14,2025-08-28,0,0,0,0,0.011580155329731256
26,2025-08-14,2025-08-28,1,1,1,1,0.9936244782670088
27,2025-08-14,2025-08-28,1,1,1,1,0.9873448898491571
28,2025-08-14,2025-08-28,0,0,0,0,0.013373299624430426
29,2025-08-14,2025-08-28,0,0,0,0,0.012463425985829125
30,2025-08-14,2025-08-28,1,1,1,1,0.9890909982914889
31,2025-08-14,2025-08-28,2,2,1,1,0.998466487780515
32,2025-08-14,2025-08-28,2,2,1,1,0.998466487780515
33,2025-08-14,2025-08-28,2,2,1,1,0.9984473436153462
34,2025-08-14,2025-08-28,2,2,1,1,0.998147574622132
35,2025-08-14,2025-08-28,2,2,1,1,0.9986576862018595
36,2025-08-14,2025-08-28,2,2,1,1,0.9986576862018595
37,2025-08-14,2025-08-28,1,1,1,1,0.9860890879774181
38,2025-08-14,2025-08-28,1,1,1,1,0.9860890879774181
39,2025-08-14,2025-08-28,1,1,1,1,0.9915826059811006
40,2025-08-14,2025-08-28,1,1,1,1,0.982437937605251
41,2025-08-14,2025-08-28,2,2,1,1,0.998466487780515
42,2025-08-14,2025-08-28,2,2,1,1,0.998332649428339
43,2025-08-14,2025-08-28,2,2,1,1,0.9975053233703928
45,2025-08-14,2025-08-28,2,2,1,1,0.9984094663898804
46,2025-08-14,2025-08-28,2,2,1,1,0.9975053233703928
47,2025-08-14,2025-08-28,1,1,1,1,0.9936119093708808
48,2025-08-14,2025-08-28,1,1,1,1,0.9954228033642455
49,2025-08-14,2025-08-28,1,1,1,1,0.9940611128535894
50,2025-08-14,2025-08-28,1,1,1,1,0.9937790846518705
51,2025-08-14,2025-08-28,0,0,0,0,0.011580155329731256
52,2025-08-14,2025-08-28,1,1,1,1,0.9940611128535894
53,2025-08-14,2025-08-28,2,2,1,1,0.9980107807213128
54,2025-08-14,2025-08-28,0,0,0,0,0.06999019780605525
55,2025-08-14,2025-08-28,2,2,1,1,0.9984473436153462
56,2025-08-14,2025-08-28,2,2,1,1,0.998332649428339
57,2025-08-14,2025-08-28,2,2,1,1,0.9984473436153462
58,2025-08-14,2025-08-28,2,2,1,1,0.9984473436153462
59,2025-08-14,2025-08-28,1,1,1,1,0.9915826059811006
60,2025-08-14,2025-08-28,1,1,1,1,0.9867150853836817
61,2025-08-14,2025-08-28,2,2,1,1,0.9975053233703928
62,2025-08-14,2025-08-28,2,2,1,1,0.9974742105085701
63,2025-08-14,2025-08-28,2,2,1,1,0.9974742105085701
64,2025-08-14,2025-08-28,2,2,1,1,0.9975053233703928
65,2025-08-14,2025-08-28,0,0,0,0,0.011580155329731256
66,2025-08-14,2025-08-28,1,1,1,1,0.9915826059811006
67,2025-08-14,2025-08-28,1,1,1,1,0.9940611128535894
68,2025-08-14,2025-08-28,0,0,0,0,0.011580155329731256
69,2025-08-14,2025-08-28,0,0,0,0,0.011723247868766313
70,2025-08-14,2025-08-28,1,2,1,1,0.9889407279705197
71,2025-08-14,2025-08-28,1,2,1,1,0.9856407265658383
72,2025-08-14,2025-08-28,1,1,1,1,0.9873448898491571
73,2025-08-14,2025-08-28,2,2,1,1,0.9978574682795838
74,2025-08-14,2025-08-28,1,1,1,1,0.9832254434506497
75,2025-08-14,2025-08-28,2,2,1,1,0.9978574682795838
76,2025-08-14,2025-08-28,0,0,0,0,0.012463425985829125
77,2025-08-14,2025-08-28,0,0,0,0,0.011580155329731256
78,2025-08-14,2025-08-28,1,1,1,1,0.9922822969120038
79,2025-08-14,2025-08-28,0,0,0,0,0.13634829813771743
80,2025-08-14,2025-08-28,1,1,1,1,0.979327821786088
81,2025-08-14,2025-08-28,2,2,1,1,0.9983480316104707
82,2025-08-14,2025-08-28,2,2,1,1,0.9986576862018595
83,2025-08-14,2025-08-28,2,2,1,1,0.9978574682795838
84,2025-08-14,2025-08-28,2,2,1,1,0.9986888907059559
85,2025-08-14,2025-08-28,0,0,0,0,0.08040271336726555
86,2025-08-14,2025-08-28,2,2,1,1,0.9984473436153462
87,2025-08-14,2025-08-28,2,2,1,1,0.9984473436153462
88,2025-08-14,2025-08-28,2,2,1,1,0.997908458481537
89,2025-08-14,2025-08-28,1,1,1,1,0.9873448898491571
90,2025-08-14,2025-08-28,1,1,1,1,0.9936119093708808
91,2025-08-14,2025-08-28,2,2,1,1,0.9985585075159007
92,2025-08-14,2025-08-28,0,0,0,0,0.014093276359053053
93,2025-08-14,2025-08-28,0,0,0,0,0.013538246028696225
94,2025-08-14,2025-08-28,1,1,1,1,0.9873448898491571
95,2025-08-14,2025-08-28,1,1,1,1,0.9873448898491571
96,2025-08-14,2025-08-28,2,2,1,1,0.9984473436153462
97,2025-08-14,2025-08-28,1,1,1,1,0.9954228033642455
98,2025-08-14,2025-08-28,0,1,0,1,0.012463425985829125
99,2025-08-14,2025-08-28,2,2,1,1,0.9985585075159007
100,2025-08-14,2025-08-28,1,1,1,1,0.9944845783526748
101,2025-08-14,2025-08-28,2,2,1,1,0.998466487780515
102,2025-08-14,2025-08-28,2,2,1,1,0.9984473436153462
103,2025-08-14,2025-08-28,1,1,1,1,0.9915826059811006
104,2025-08-14,2025-08-28,2,2,1,1,0.998332649428339
105,2025-08-14,2025-08-28,2,2,1,1,0.9985585075159007
106,2025-08-14,2025-08-28,2,2,1,1,0.9985585075159007
107,2025-08-14,2025-08-28,2,2,1,1,0.9984473436153462
108,2025-08-14,2025-08-28,1,1,1,1,0.9940611128535894
109,2025-08-14,2025-08-28,2,2,1,1,0.9975053233703928
110,2025-08-14,2025-08-28,2,2,1,1,0.9975053233703928
111,2025-08-14,2025-08-28,2,2,1,1,0.9975053233703928
112,2025-08-14,2025-08-28,1,1,1,1,0.995085787090403
113,2025-08-14,2025-08-28,0,0,0,0,0.011517881072740226
114,2025-08-14,2025-08-28,0,0,0,0,0.011580155329731256
115,2025-08-14,2025-08-28,0,0,0,0,0.013373299624430426
116,2025-08-14,2025-08-28,1,1,1,1,0.9940611128535894
117,2025-08-14,2025-08-28,0,0,0,0,0.014093276359053053
118,2025-08-14,2025-08-28,0,1,0,1,0.05710805608472696
119,2025-08-14,2025-08-28,2,2,1,1,0.9975053233703928
120,2025-08-14,2025-08-28,2,2,1,1,0.9975053233703928
121,2025-08-14,2025-08-28,2,2,1,1,0.9974742105085701
122,2025-08-14,2025-08-28,2,2,1,1,0.9974742105085701
123,2025-08-14,2025-08-28,2,2,1,1,0.9986576862018595
124,2025-08-14,2025-08-28,1,1,1,1,0.9934938309297843
125,2025-08-14,2025-08-28,2,2,1,1,0.998466487780515
126,2025-08-14,2025-08-28,2,2,1,1,0.9985585075159007
127,2025-08-14,2025-08-28,2,2,1,1,0.9972969547963093
128,2025-08-14,2025-08-28,1,1,1,1,0.979327821786088
129,2025-08-14,2025-08-28,0,0,0,0,0.011377266358369904
130,2025-08-14,2025-08-28,0,0,0,0,0.11419920395940907
131,2025-08-14,2025-08-28,2,2,1,1,0.9975053233703928
132,2025-08-14,2025-08-28,1,1,1,1,0.9826510469153318
133,2025-08-14,2025-08-28,2,2,1,1,0.982706924586123
134,2025-08-14,2025-08-28,0,0,0,0,0.013373299624430426
135,2025-08-14,2025-08-28,1,1,1,1,0.9936244782670088
136,2025-08-14,2025-08-28,2,2,1,1,0.9974742105085701
137,2025-08-14,2025-08-28,2,2,1,1,0.9975053233703928
138,2025-08-14,2025-08-28,1,1,1,1,0.9954228033642455
139,2025-08-14,2025-08-28,1,1,1,1,0.9832254434506497
140,2025-08-14,2025-08-28,2,2,1,1,0.9975053233703928
1,2025-08-21,2025-09-04,0,0,0,0,0.011723247868766313
2,2025-08-21,2025-09-04,2,2,1,1,0.9984473436153462
3,2025-08-21,2025-09-04,0,0,0,0,0.011723247868766313
4,2025-08-21,2025-09-04,0,0,0,0,0.011580155329731256
5,2025-08-21,2025-09-04,1,1,1,1,0.9905948199266171
6,2025-08-21,2025-09-04,0,0,0,0,0.012463425985829125
7,2025-08-21,2025-09-04,2,2,1,1,0.9975053233703928
8,2025-08-21,2025-09-04,0,0,0,0,0.016122592626892442
9,2025-08-21,2025-09-04,0,0,0,0,0.07900294159387698
10,2025-08-21,2025-09-04,2,2,1,1,0.9983716474141388
11,2025-08-21,2025-09-04,1,1,1,1,0.9907693224631664
12,2025-08-21,2025-09-04,2,2,1,1,0.9967339576276076
13,2025-08-21,2025-09-04,0,0,0,0,0.011580155329731256
14,2025-08-21,2025-09-04,0,0,0,0,0.013373299624430426
15,2025-08-21,2025-09-04,0,0,0,0,0.011580155329731256
16,2025-08-21,2025-09-04,2,2,1,1,0.9985585075159007
17,2025-08-21,2025-09-04,1,1,1,1,0.9855630225412773
18,2025-08-21,2025-09-04,0,0,0,0,0.01425896021570532
19,2025-08-21,2025-09-04,0,0,0,0,0.011580155329731256
20,2025-08-21,2025-09-04,2,2,1,1,0.9970053907113621
21,2025-08-21,2025-09-04,0,0,0,0,0.013373299624430426
22,2025-08-21,2025-09-04,0,0,0,0,0.013373299624430426
23,2025-08-21,2025-09-04,1,1,1,1,0.9922822969120038
24,2025-08-21,2025-09-04,0,0,0,0,0.011377266358369904
25,2025-08-21,2025-09-04,0,0,0,0,0.01725711153748724
26,2025-08-21,2025-09-04,1,1,1,1,0.99385543395798
27,2025-08-21,2025-09-04,1,1,1,1,0.979327821786088
28,2025-08-21,2025-09-04,0,0,0,0,0.013373299624430426
29,2025-08-21,2025-09-04,0,0,0,0,0.016122592626892442
30,2025-08-21,2025-09-04,1,2,1,1,0.9859274441046123
31,2025-08-21,2025-09-04,2,2,1,1,0.9984473436153462
32,2025-08-21,2025-09-04,2,2,1,1,0.998158816731775
33,2025-08-21,2025-09-04,2,2,1,1,0.9984473436153462
34,2025-08-21,2025-09-04,2,2,1,1,0.9975053233703928
35,2025-08-21,2025-09-04,2,2,1,1,0.998466487780515
36,2025-08-21,2025-09-04,2,2,1,1,0.9980320482729467
37,2025-08-21,2025-09-04,1,2,1,1,0.99009103957706
38,2025-08-21,2025-09-04,1,1,1,1,0.9899683879125754
39,2025-08-21,2025-09-04,1,2,1,1,0.9859274441046123
40,2025-08-21,2025-09-04,1,2,1,1,0.9807883294731847
41,2025-08-21,2025-09-04,2,2,1,1,0.9984257703658983
42,2025-08-21,2025-09-04,2,2,1,1,0.9984473436153462
43,2025-08-21,2025-09-04,2,2,1,1,0.9970053907113621
45,2025-08-21,2025-09-04,2,2,1,1,0.9980410859929272
46,2025-08-21,2025-09-04,2,2,1,1,0.9967339576276076
47,2025-08-21,2025-09-04,1,1,1,1,0.9924945763191508
48,2025-08-21,2025-09-04,1,1,1,1,0.9957097221053564
49,2025-08-21,2025-09-04,1,1,1,1,0.9954228033642455
50,2025-08-21,2025-09-04,1,1,1,1,0.995085787090403
51,2025-08-21,2025-09-04,0,0,0,0,0.013373299624430426
52,2025-08-21,2025-09-04,1,1,1,1,0.9954228033642455
53,2025-08-21,2025-09-04,2,2,1,1,0.9975053233703928
54,2025-08-21,2025-09-04,0,0,0,0,0.061792030997505035
55,2025-08-21,2025-09-04,2,2,1,1,0.9984473436153462
56,2025-08-21,2025-09-04,2,2,1,1,0.998466487780515
57,2025-08-21,2025-09-04,2,2,1,1,0.998466487780515
58,2025-08-21,2025-09-04,2,2,1,1,0.998466487780515
59,2025-08-21,2025-09-04,1,2,1,1,0.9859274441046123
60,2025-08-21,2025-09-04,1,2,1,1,0.99009103957706
61,2025-08-21,2025-09-04,2,2,1,1,0.9975053233703928
62,2025-08-21,2025-09-04,2,2,1,1,0.9972969547963093
63,2025-08-21,2025-09-04,2,2,1,1,0.9967339576276076
64,2025-08-21,2025-09-04,2,2,1,1,0.9972969547963093
65,2025-08-21,2025-09-04,0,0,0,0,0.01425896021570532
66,2025-08-21,2025-09-04,1,2,1,1,0.9859274441046123
67,2025-08-21,2025-09-04,1,1,1,1,0.9954228033642455
68,2025-08-21,2025-09-04,0,0,0,0,0.012463425985829125
69,2025-08-21,2025-09-04,0,0,0,0,0.012463425985829125
70,2025-08-21,2025-09-04,1,2,1,1,0.9575003203566431
71,2025-08-21,2025-09-04,1,2,1,1,0.979327821786088
72,2025-08-21,2025-09-04,1,1,1,1,0.979327821786088
73,2025-08-21,2025-09-04,2,2,1,1,0.9975053233703928
74,2025-08-21,2025-09-04,1,2,1,1,0.9807883294731847
75,2025-08-21,2025-09-04,2,2,1,1,0.9978574682795838
76,2025-08-21,2025-09-04,0,0,0,0,0.014322216427035479
77,2025-08-21,2025-09-04,0,0,0,0,0.013373299624430426
78,2025-08-21,2025-09-04,1,1,1,1,0.9896635667273149
79,2025-08-21,2025-09-04,0,0,0,0,0.06441504334071067
80,2025-08-21,2025-09-04,1,1,1,1,0.9835651021941363
81,2025-08-21,2025-09-04,2,2,1,1,0.9983723282935859
82,2025-08-21,2025-09-04,2,2,1,1,0.9986906763523024
83,2025-08-21,2025-09-04,2,2,1,1,0.9975053233703928
84,2025-08-21,2025-09-04,2,2,1,1,0.998158816731775
85,2025-08-21,2025-09-04,0,0,0,0,0.0833950151136999
86,2025-08-21,2025-09-04,2,2,1,1,0.997991720245822
87,2025-08-21,2025-09-04,2,2,1,1,0.998158816731775
88,2025-08-21,2025-09-04,2,2,1,1,0.9974891106543983
89,2025-08-21,2025-09-04,1,1,1,1,0.9549432026491609
90,2025-08-21,2025-09-04,1,1,1,1,0.9936513496160287
91,2025-08-21,2025-09-04,2,2,1,1,0.9980320482729467
92,2025-08-21,2025-09-04,0,0,0,0,0.015214672347729228
93,2025-08-21,2025-09-04,0,0,0,0,0.014093276359053053
94,2025-08-21,2025-09-04,1,1,1,1,0.9549432026491609
95,2025-08-21,2025-09-04,1,1,1,1,0.979327821786088
96,2025-08-21,2025-09-04,2,2,1,1,0.998466487780515
97,2025-08-21,2025-09-04,1,1,1,1,0.995085787090403
98,2025-08-21,2025-09-04,0,1,0,1,0.015214672347729228
99,2025-08-21,2025-09-04,2,2,1,1,0.9984972964124166
100,2025-08-21,2025-09-04,1,1,1,1,0.9913116919906216
101,2025-08-21,2025-09-04,2,2,1,1,0.9984473436153462
102,2025-08-21,2025-09-04,2,2,1,1,0.9984257703658983
103,2025-08-21,2025-09-04,1,2,1,1,0.9859274441046123
104,2025-08-21,2025-09-04,2,2,1,1,0.998158816731775
105,2025-08-21,2025-09-04,2,2,1,1,0.9981957953803104
106,2025-08-21,2025-09-04,2,2,1,1,0.9982828595637644
107,2025-08-21,2025-09-04,2,2,1,1,0.9984257703658983
108,2025-08-21,2025-09-04,1,1,1,1,0.9954228033642455
109,2025-08-21,2025-09-04,2,2,1,1,0.9972969547963093
110,2025-08-21,2025-09-04,2,2,1,1,0.9972969547963093
111,2025-08-21,2025-09-04,2,2,1,1,0.9975053233703928
112,2025-08-21,2025-09-04,1,1,1,1,0.9913116919906216
113,2025-08-21,2025-09-04,0,0,0,0,0.012552142006945002
114,2025-08-21,2025-09-04,0,0,0,0,0.012463425985829125
115,2025-08-21,2025-09-04,0,0,0,0,0.012463425985829125
116,2025-08-21,2025-09-04,1,1,1,1,0.995085787090403
117,2025-08-21,2025-09-04,0,0,0,0,0.014949068261146562
118,2025-08-21,2025-09-04,0,1,0,1,0.061792030997505035
119,2025-08-21,2025-09-04,2,2,1,1,0.9972969547963093
120,2025-08-21,2025-09-04,2,2,1,1,0.9972969547963093
121,2025-08-21,2025-09-04,2,2,1,1,0.9970053907113621
122,2025-08-21,2025-09-04,2,2,1,1,0.9967339576276076
123,2025-08-21,2025-09-04,2,2,1,1,0.9982828595637644
124,2025-08-21,2025-09-04,1,1,1,1,0.99009103957706
125,2025-08-21,2025-09-04,2,2,1,1,0.9986576862018595
126,2025-08-21,2025-09-04,2,2,1,1,0.9980320482729467
127,2025-08-21,2025-09-04,2,2,1,1,0.9978574682795838
128,2025-08-21,2025-09-04,1,1,1,1,0.9800100068101792
129,2025-08-21,2025-09-04,0,0,0,0,0.011580155329731256
130,2025-08-21,2025-09-04,0,0,0,0,0.12138374876072448
131,2025-08-21,2025-09-04,2,2,1,1,0.9975053233703928
132,2025-08-21,2025-09-04,1,2,1,1,0.9796025537349418
133,2025-08-21,2025-09-04,2,2,1,1,0.9768355107802655
134,2025-08-21,2025-09-04,0,0,0,0,0.011723247868766313
135,2025-08-21,2025-09-04,1,1,1,1,0.9934708121986209
136,2025-08-21,2025-09-04,2,2,1,1,0.9975053233703928
137,2025-08-21,2025-09-04,2,2,1,1,0.9975053233703928
138,2025-08-21,2025-09-04,1,1,1,1,0.99385543395798
139,2025-08-21,2025-09-04,1,2,1,1,0.9807883294731847
140,2025-08-21,2025-09-04,2,2,1,1,0.9970053907113621
1,2025-08-28,2025-09-11,0,0,0,0,0.012463425985829125
2,2025-08-28,2025-09-11,2,2,1,1,0.9984473436153462
3,2025-08-28,2025-09-11,0,0,0,0,0.012463425985829125
4,2025-08-28,2025-09-11,0,0,0,0,0.013373299624430426
5,2025-08-28,2025-09-11,1,1,1,1,0.9922822969120038
6,2025-08-28,2025-09-11,0,0,0,0,0.013373299624430426
7,2025-08-28,2025-09-11,2,2,1,1,0.9980107807213128
8,2025-08-28,2025-09-11,0,0,0,0,0.013373299624430426
9,2025-08-28,2025-09-11,0,0,0,0,0.0610755730676997
10,2025-08-28,2025-09-11,2,2,1,1,0.9985585075159007
11,2025-08-28,2025-09-11,1,1,1,1,0.9944845783526748
12,2025-08-28,2025-09-11,2,2,1,1,0.9978574682795838
13,2025-08-28,2025-09-11,0,0,0,0,0.013373299624430426
14,2025-08-28,2025-09-11,0,0,0,0,0.011723247868766313
15,2025-08-28,2025-09-11,0,0,0,0,0.012463425985829125
16,2025-08-28,2025-09-11,2,2,1,1,0.9986576862018595
17,2025-08-28,2025-09-11,1,1,1,1,0.9934938309297843
18,2025-08-28,2025-09-11,0,0,0,0,0.013846973335749486
19,2025-08-28,2025-09-11,0,0,0,0,0.013373299624430426
20,2025-08-28,2025-09-11,2,2,1,1,0.9976993006130345
21,2025-08-28,2025-09-11,0,0,0,0,0.013373299624430426
22,2025-08-28,2025-09-11,0,0,0,0,0.016122592626892442
23,2025-08-28,2025-09-11,1,1,1,1,0.9922822969120038
24,2025-08-28,2025-09-11,0,0,0,0,0.011377266358369904
25,2025-08-28,2025-09-11,0,0,0,0,0.012399059020860956
26,2025-08-28,2025-09-11,1,1,1,1,0.9940611128535894
27,2025-08-28,2025-09-11,1,1,1,1,0.9873026180988288
28,2025-08-28,2025-09-11,0,0,0,0,0.01425896021570532
29,2025-08-28,2025-09-11,0,0,0,0,0.012463425985829125
30,2025-08-28,2025-09-11,1,2,1,1,0.9934938309297843
31,2025-08-28,2025-09-11,2,2,1,1,0.998466487780515
32,2025-08-28,2025-09-11,2,2,1,1,0.998332649428339
33,2025-08-28,2025-09-11,2,2,1,1,0.9984473436153462
34,2025-08-28,2025-09-11,2,2,1,1,0.9980107807213128
35,2025-08-28,2025-09-11,2,2,1,1,0.9986576862018595
36,2025-08-28,2025-09-11,2,2,1,1,0.9985585075159007
37,2025-08-28,2025-09-11,1,2,1,1,0.9921398361308333
38,2025-08-28,2025-09-11,1,1,1,1,0.99009103957706
39,2025-08-28,2025-09-11,1,2,1,1,0.9915631456852372
40,2025-08-28,2025-09-11,1,2,1,1,0.9800100068101792
41,2025-08-28,2025-09-11,2,2,1,1,0.9984473436153462
42,2025-08-28,2025-09-11,2,2,1,1,0.9986576862018595
43,2025-08-28,2025-09-11,2,2,1,1,0.9978574682795838
45,2025-08-28,2025-09-11,2,2,1,1,0.9982260143146623
46,2025-08-28,2025-09-11,2,2,1,1,0.9978574682795838
47,2025-08-28,2025-09-11,1,1,1,1,0.9902702694150373
48,2025-08-28,2025-09-11,1,1,1,1,0.9957097221053564
49,2025-08-28,2025-09-11,1,1,1,1,0.9919382760184028
50,2025-08-28,2025-09-11,1,1,1,1,0.991532251042554
51,2025-08-28,2025-09-11,0,0,0,0,0.011723247868766313
52,2025-08-28,2025-09-11,1,1,1,1,0.9907693224631664
53,2025-08-28,2025-09-11,2,2,1,1,0.9980107807213128
54,2025-08-28,2025-09-11,0,0,0,0,0.06548396841680117
55,2025-08-28,2025-09-11,2,2,1,1,0.9984473436153462
56,2025-08-28,2025-09-11,2,2,1,1,0.9989208911214985
57,2025-08-28,2025-09-11,2,2,1,1,0.9989208911214985
58,2025-08-28,2025-09-11,2,2,1,1,0.9984473436153462
59,2025-08-28,2025-09-11,1,2,1,1,0.9934938309297843
60,2025-08-28,2025-09-11,1,2,1,1,0.9921398361308333
61,2025-08-28,2025-09-11,2,2,1,1,0.9978574682795838
62,2025-08-28,2025-09-11,2,2,1,1,0.9978574682795838
63,2025-08-28,2025-09-11,2,2,1,1,0.9978574682795838
64,2025-08-28,2025-09-11,2,2,1,1,0.9978574682795838
65,2025-08-28,2025-09-11,0,0,0,0,0.014093276359053053
66,2025-08-28,2025-09-11,1,2,1,1,0.9934938309297843
67,2025-08-28,2025-09-11,1,1,1,1,0.9924124870117474
68,2025-08-28,2025-09-11,0,0,0,0,0.01425896021570532
69,2025-08-28,2025-09-11,0,0,0,0,0.011723247868766313
70,2025-08-28,2025-09-11,2,2,1,1,0.982706924586123
71,2025-08-28,2025-09-11,2,2,1,1,0.9814510922038108
72,2025-08-28,2025-09-11,1,1,1,1,0.9863759004919972
73,2025-08-28,2025-09-11,2,2,1,1,0.9967704100266117
74,2025-08-28,2025-09-11,1,2,1,1,0.9835651021941363
75,2025-08-28,2025-09-11,2,2,1,1,0.9978574682795838
76,2025-08-28,2025-09-11,0,0,0,0,0.012463425985829125
77,2025-08-28,2025-09-11,0,0,0,0,0.013846973335749486
78,2025-08-28,2025-09-11,1,1,1,1,0.9922822969120038
79,2025-08-28,2025-09-11,0,0,0,0,0.06999019780605525
80,2025-08-28,2025-09-11,1,1,1,1,0.9873026180988288
81,2025-08-28,2025-09-11,2,2,1,1,0.998469989492911
82,2025-08-28,2025-09-11,2,2,1,1,0.9985585075159007
83,2025-08-28,2025-09-11,2,2,1,1,0.9978574682795838
84,2025-08-28,2025-09-11,2,2,1,1,0.9984473436153462
85,2025-08-28,2025-09-11,0,0,0,0,0.06548396841680117
86,2025-08-28,2025-09-11,2,2,1,1,0.9984473436153462
87,2025-08-28,2025-09-11,2,2,1,1,0.998332649428339
88,2025-08-28,2025-09-11,2,2,1,1,0.998332649428339
89,2025-08-28,2025-09-11,1,1,1,1,0.9863759004919972
90,2025-08-28,2025-09-11,1,1,1,1,0.990149814160153
91,2025-08-28,2025-09-11,2,2,1,1,0.9985585075159007
92,2025-08-28,2025-09-11,0,0,0,0,0.012463425985829125
93,2025-08-28,2025-09-11,0,0,0,0,0.012463425985829125
94,2025-08-28,2025-09-11,1,1,1,1,0.9863759004919972
95,2025-08-28,2025-09-11,1,1,1,1,0.9863759004919972
96,2025-08-28,2025-09-11,2,2,1,1,0.9989539289598967
97,2025-08-28,2025-09-11,1,1,1,1,0.9907693224631664
98,2025-08-28,2025-09-11,1,1,1,1,0.9644824089763245
99,2025-08-28,2025-09-11,2,2,1,1,0.9985585075159007
100,2025-08-28,2025-09-11,1,1,1,1,0.995085787090403
101,2025-08-28,2025-09-11,2,2,1,1,0.9984473436153462
102,2025-08-28,2025-09-11,2,2,1,1,0.9984473436153462
103,2025-08-28,2025-09-11,1,2,1,1,0.9934938309297843
104,2025-08-28,2025-09-11,2,2,1,1,0.9985585075159007
105,2025-08-28,2025-09-11,2,2,1,1,0.9985585075159007
106,2025-08-28,2025-09-11,2,2,1,1,0.9985585075159007
107,2025-08-28,2025-09-11,2,2,1,1,0.9985585075159007
108,2025-08-28,2025-09-11,1,1,1,1,0.9944779602993274
109,2025-08-28,2025-09-11,2,2,1,1,0.9978574682795838
110,2025-08-28,2025-09-11,2,2,1,1,0.9978574682795838
111,2025-08-28,2025-09-11,2,2,1,1,0.9978574682795838
112,2025-08-28,2025-09-11,1,1,1,1,0.995085787090403
113,2025-08-28,2025-09-11,0,0,0,0,0.011377266358369904
114,2025-08-28,2025-09-11,0,0,0,0,0.01425896021570532
115,2025-08-28,2025-09-11,0,0,0,0,0.013846973335749486
116,2025-08-28,2025-09-11,1,1,1,1,0.9907693224631664
117,2025-08-28,2025-09-11,0,0,0,0,0.012463425985829125
118,2025-08-28,2025-09-11,1,1,1,1,0.987986879982963
119,2025-08-28,2025-09-11,2,2,1,1,0.9978574682795838
120,2025-08-28,2025-09-11,2,2,1,1,0.9978574682795838
121,2025-08-28,2025-09-11,2,2,1,1,0.9978574682795838
122,2025-08-28,2025-09-11,2,2,1,1,0.9978574682795838
123,2025-08-28,2025-09-11,2,2,1,1,0.9985585075159007
124,2025-08-28,2025-09-11,1,1,1,1,0.9934938309297843
125,2025-08-28,2025-09-11,2,2,1,1,0.998466487780515
126,2025-08-28,2025-09-11,2,2,1,1,0.9985585075159007
127,2025-08-28,2025-09-11,2,2,1,1,0.998147574622132
128,2025-08-28,2025-09-11,1,1,1,1,0.9863759004919972
129,2025-08-28,2025-09-11,0,0,0,0,0.011580155329731256
130,2025-08-28,2025-09-11,0,0,0,0,0.10599143884478239
131,2025-08-28,2025-09-11,2,2,1,1,0.9978574682795838
132,2025-08-28,2025-09-11,1,2,1,1,0.9835651021941363
133,2025-08-28,2025-09-11,2,2,1,1,0.9980107807213128
134,2025-08-28,2025-09-11,0,0,0,0,0.013373299624430426
135,2025-08-28,2025-09-11,1,1,1,1,0.9940611128535894
136,2025-08-28,2025-09-11,2,2,1,1,0.9978574682795838
137,2025-08-28,2025-09-11,2,2,1,1,0.9978574682795838
138,2025-08-28,2025-09-11,1,1,1,1,0.995085787090403
139,2025-08-28,2025-09-11,1,2,1,1,0.9800100068101792
140,2025-08-28,2025-09-11,2,2,1,1,0.9978574682795838
1,2025-09-04,2025-09-18,0,0,0,0,0.012838272225713083
2,2025-09-04,2025-09-18,2,2,1,1,0.9988957043502903
3,2025-09-04,2025-09-18,0,0,0,0,0.012838272225713083
4,2025-09-04,2025-09-18,0,0,0,0,0.012681744478918611
5,2025-09-04,2025-09-18,1,1,1,1,0.9948498634805543
6,2025-09-04,2025-09-18,0,0,0,0,0.011818358287448776
7,2025-09-04,2025-09-18,2,2,1,1,0.998147574622132
8,2025-09-04,2025-09-18,0,0,0,0,0.012681744478918611
9,2025-09-04,2025-09-18,0,0,0,0,0.06226775458435502
10,2025-09-04,2025-09-18,2,2,1,1,0.9985728906862613
11,2025-09-04,2025-09-18,1,1,1,1,0.9948337234856739
12,2025-09-04,2025-09-18,2,2,1,1,0.9976307009463138
13,2025-09-04,2025-09-18,0,0,0,0,0.011818358287448776
14,2025-09-04,2025-09-18,0,0,0,0,0.011818358287448776
15,2025-09-04,2025-09-18,0,0,0,0,0.01352223381440894
16,2025-09-04,2025-09-18,2,2,1,1,0.9985585075159007
17,2025-09-04,2025-09-18,1,1,1,1,0.993839720162787
18,2025-09-04,2025-09-18,0,0,0,0,0.011818358287448776
19,2025-09-04,2025-09-18,0,0,0,0,0.01352223381440894
20,2025-09-04,2025-09-18,2,2,1,1,0.9980107807213128
21,2025-09-04,2025-09-18,0,0,0,0,0.01352223381440894
22,2025-09-04,2025-09-18,0,0,0,0,0.012681744478918611
23,2025-09-04,2025-09-18,1,1,1,1,0.9952029813768446
24,2025-09-04,2025-09-18,0,0,0,0,0.011556066980312644
25,2025-09-04,2025-09-18,0,0,0,0,0.011818358287448776
26,2025-09-04,2025-09-18,1,1,1,1,0.9960392556037982
27,2025-09-04,2025-09-18,1,1,1,1,0.9851736061177836
28,2025-09-04,2025-09-18,0,0,0,0,0.016089209176503073
29,2025-09-04,2025-09-18,0,0,0,0,0.013818235607016586
30,2025-09-04,2025-09-18,2,2,1,1,0.9796687444427888
31,2025-09-04,2025-09-18,2,2,1,1,0.9985585075159007
32,2025-09-04,2025-09-18,2,2,1,1,0.9985585075159007
33,2025-09-04,2025-09-18,2,2,1,1,0.9985585075159007
34,2025-09-04,2025-09-18,2,2,1,1,0.9976307009463138
35,2025-09-04,2025-09-18,2,2,1,1,0.9986742402985861
36,2025-09-04,2025-09-18,2,2,1,1,0.9986742402985861
37,2025-09-04,2025-09-18,2,2,1,1,0.9810331280071392
38,2025-09-04,2025-09-18,1,1,1,1,0.9924054844721605
39,2025-09-04,2025-09-18,2,2,1,1,0.9810331280071392
40,2025-09-04,2025-09-18,2,2,1,1,0.9810331280071392
41,2025-09-04,2025-09-18,2,2,1,1,0.9985254470792573
42,2025-09-04,2025-09-18,2,2,1,1,0.9979540934478054
43,2025-09-04,2025-09-18,2,2,1,1,0.9980107807213128
45,2025-09-04,2025-09-18,2,2,1,1,0.9984311229284693
46,2025-09-04,2025-09-18,2,2,1,1,0.9979651838424956
47,2025-09-04,2025-09-18,1,1,1,1,0.9927924529761166
48,2025-09-04,2025-09-18,1,1,1,1,0.9967587095745941
49,2025-09-04,2025-09-18,1,1,1,1,0.9960392556037982
50,2025-09-04,2025-09-18,1,1,1,1,0.9960392556037982
51,2025-09-04,2025-09-18,0,0,0,0,0.01352223381440894
52,2025-09-04,2025-09-18,1,1,1,1,0.9960392556037982
53,2025-09-04,2025-09-18,2,2,1,1,0.9976307009463138
54,2025-09-04,2025-09-18,0,0,0,0,0.06734469929041481
55,2025-09-04,2025-09-18,2,2,1,1,0.9985585075159007
56,2025-09-04,2025-09-18,2,2,1,1,0.9982145062391146
57,2025-09-04,2025-09-18,2,2,1,1,0.9982145062391146
58,2025-09-04,2025-09-18,2,2,1,1,0.9985585075159007
59,2025-09-04,2025-09-18,2,2,1,1,0.9837779404765894
60,2025-09-04,2025-09-18,2,2,1,1,0.9779767772958565
61,2025-09-04,2025-09-18,2,2,1,1,0.9976307009463138
62,2025-09-04,2025-09-18,2,2,1,1,0.9979651838424956
63,2025-09-04,2025-09-18,2,2,1,1,0.9976307009463138
64,2025-09-04,2025-09-18,2,2,1,1,0.9976307009463138
65,2025-09-04,2025-09-18,0,0,0,0,0.011818358287448776
66,2025-09-04,2025-09-18,2,2,1,1,0.9837779404765894
67,2025-09-04,2025-09-18,1,1,1,1,0.995452523172964
68,2025-09-04,2025-09-18,0,0,0,0,0.014703212273744957
69,2025-09-04,2025-09-18,0,0,0,0,0.012681744478918611
70,2025-09-04,2025-09-18,2,2,1,1,0.9837779404765894
71,2025-09-04,2025-09-18,2,2,1,1,0.9837779404765894
72,2025-09-04,2025-09-18,1,1,1,1,0.9842541514746178
73,2025-09-04,2025-09-18,2,2,1,1,0.9982639906364968
74,2025-09-04,2025-09-18,2,2,1,1,0.9779767772958565
75,2025-09-04,2025-09-18,2,2,1,1,0.9980107807213128
76,2025-09-04,2025-09-18,0,0,0,0,0.014064034748092204
77,2025-09-04,2025-09-18,0,0,0,0,0.011556066980312644
78,2025-09-04,2025-09-18,1,1,1,1,0.9940879839746216
79,2025-09-04,2025-09-18,0,0,0,0,0.06656842806114464
80,2025-09-04,2025-09-18,1,1,1,1,0.9948693770009798
81,2025-09-04,2025-09-18,2,2,1,1,0.9984872220693994
82,2025-09-04,2025-09-18,2,2,1,1,0.9985728906862613
83,2025-09-04,2025-09-18,2,2,1,1,0.9976011479957725
84,2025-09-04,2025-09-18,2,2,1,1,0.9985585075159007
85,2025-09-04,2025-09-18,0,0,0,0,0.07072445846394765
86,2025-09-04,2025-09-18,2,2,1,1,0.9985585075159007
87,2025-09-04,2025-09-18,2,2,1,1,0.9985585075159007
88,2025-09-04,2025-09-18,2,2,1,1,0.9980947781563972
89,2025-09-04,2025-09-18,1,1,1,1,0.9842541514746178
90,2025-09-04,2025-09-18,1,1,1,1,0.9925431667225989
91,2025-09-04,2025-09-18,2,2,1,1,0.9985728906862613
92,2025-09-04,2025-09-18,0,0,0,0,0.012681744478918611
93,2025-09-04,2025-09-18,0,0,0,0,0.01352223381440894
94,2025-09-04,2025-09-18,1,1,1,1,0.9851736061177836
95,2025-09-04,2025-09-18,1,1,1,1,0.9855477132783854
96,2025-09-04,2025-09-18,2,2,1,1,0.9982145062391146
97,2025-09-04,2025-09-18,1,1,1,1,0.9960392556037982
98,2025-09-04,2025-09-18,1,2,1,1,0.9771566181002113
99,2025-09-04,2025-09-18,2,2,1,1,0.9985728906862613
100,2025-09-04,2025-09-18,1,1,1,1,0.9948337234856739
101,2025-09-04,2025-09-18,2,2,1,1,0.9985585075159007
102,2025-09-04,2025-09-18,2,2,1,1,0.9986576862018595
103,2025-09-04,2025-09-18,2,2,1,1,0.982706924586123
104,2025-09-04,2025-09-18,2,2,1,1,0.9987420845611216
105,2025-09-04,2025-09-18,2,2,1,1,0.9987420845611216
106,2025-09-04,2025-09-18,2,2,1,1,0.9987420845611216
107,2025-09-04,2025-09-18,2,2,1,1,0.9985585075159007
108,2025-09-04,2025-09-18,1,1,1,1,0.9960392556037982
109,2025-09-04,2025-09-18,2,2,1,1,0.9979651838424956
110,2025-09-04,2025-09-18,2,2,1,1,0.9979651838424956
111,2025-09-04,2025-09-18,2,2,1,1,0.9976011479957725
112,2025-09-04,2025-09-18,1,1,1,1,0.9945099999142454
113,2025-09-04,2025-09-18,0,0,0,0,0.01252605741149081
114,2025-09-04,2025-09-18,0,0,0,0,0.019065010672053694
115,2025-09-04,2025-09-18,0,0,0,0,0.011818358287448776
116,2025-09-04,2025-09-18,1,1,1,1,0.9960392556037982
117,2025-09-04,2025-09-18,0,0,0,0,0.014703212273744957
118,2025-09-04,2025-09-18,1,2,1,1,0.9938838024764172
119,2025-09-04,2025-09-18,2,2,1,1,0.9976011479957725
120,2025-09-04,2025-09-18,2,2,1,1,0.9976011479957725
121,2025-09-04,2025-09-18,2,2,1,1,0.9976307009463138
122,2025-09-04,2025-09-18,2,2,1,1,0.9976307009463138
123,2025-09-04,2025-09-18,2,2,1,1,0.9986742402985861
124,2025-09-04,2025-09-18,1,1,1,1,0.994757859223758
125,2025-09-04,2025-09-18,2,2,1,1,0.9985585075159007
126,2025-09-04,2025-09-18,2,2,1,1,0.9987420845611216
127,2025-09-04,2025-09-18,2,2,1,1,0.9982639906364968
128,2025-09-04,2025-09-18,1,1,1,1,0.9920260699948943
129,2025-09-04,2025-09-18,0,0,0,0,0.012681744478918611
130,2025-09-04,2025-09-18,0,0,0,0,0.08920143780743375
131,2025-09-04,2025-09-18,2,2,1,1,0.9979651838424956
132,2025-09-04,2025-09-18,2,2,1,1,0.9779767772958565
133,2025-09-04,2025-09-18,2,2,1,1,0.9976307009463138
134,2025-09-04,2025-09-18,0,0,0,0,0.01352223381440894
135,2025-09-04,2025-09-18,1,1,1,1,0.9960392556037982
136,2025-09-04,2025-09-18,2,2,1,1,0.9979651838424956
137,2025-09-04,2025-09-18,2,2,1,1,0.9979651838424956
138,2025-09-04,2025-09-18,1,2,1,1,0.9961830711035055
139,2025-09-04,2025-09-18,2,2,1,1,0.982706924586123
140,2025-09-04,2025-09-18,2,2,1,1,0.9980107807213128
1,2025-09-11,2025-09-25,0,0,0,0,0.01352223381440894
2,2025-09-11,2025-09-25,2,2,1,1,0.9979540934478054
3,2025-09-11,2025-09-25,0,0,0,0,0.01352223381440894
4,2025-09-11,2025-09-25,0,0,0,0,0.01169886538976465
5,2025-09-11,2025-09-25,1,1,1,1,0.9939477405398369
6,2025-09-11,2025-09-25,0,0,0,0,0.012838272225713083
7,2025-09-11,2025-09-25,2,2,1,1,0.9976307009463138
8,2025-09-11,2025-09-25,0,0,0,0,0.011818358287448776
9,2025-09-11,2025-09-25,0,0,0,0,0.06734469929041481
10,2025-09-11,2025-09-25,2,2,1,1,0.9985585075159007
11,2025-09-11,2025-09-25,1,1,1,1,0.995452523172964
12,2025-09-11,2025-09-25,2,2,1,1,0.9980107807213128
13,2025-09-11,2025-09-25,0,0,0,0,0.013582266761465425
14,2025-09-11,2025-09-25,0,0,0,0,0.014064034748092204
15,2025-09-11,2025-09-25,0,0,0,0,0.012838272225713083
16,2025-09-11,2025-09-25,2,2,1,1,0.9986742402985861
17,2025-09-11,2025-09-25,1,1,1,1,0.9941167687232801
18,2025-09-11,2025-09-25,0,0,0,0,0.012838272225713083
19,2025-09-11,2025-09-25,0,0,0,0,0.012838272225713083
20,2025-09-11,2025-09-25,2,2,1,1,0.9975456714430178
21,2025-09-11,2025-09-25,0,0,0,0,0.014064034748092204
22,2025-09-11,2025-09-25,0,0,0,0,0.012681744478918611
23,2025-09-11,2025-09-25,1,1,1,1,0.9955036172809476
24,2025-09-11,2025-09-25,0,0,0,0,0.01169886538976465
25,2025-09-11,2025-09-25,0,0,0,0,0.01352223381440894
26,2025-09-11,2025-09-25,1,1,1,1,0.9961830711035055
27,2025-09-11,2025-09-25,1,1,1,1,0.990879517649541
28,2025-09-11,2025-09-25,0,0,0,0,0.011556066980312644
29,2025-09-11,2025-09-25,0,0,0,0,0.011556066980312644
30,2025-09-11,2025-09-25,2,2,1,1,0.9814510922038108
31,2025-09-11,2025-09-25,2,2,1,1,0.9985728906862613
32,2025-09-11,2025-09-25,2,2,1,1,0.9986742402985861
33,2025-09-11,2025-09-25,2,2,1,1,0.9985585075159007
34,2025-09-11,2025-09-25,2,2,1,1,0.9980107807213128
35,2025-09-11,2025-09-25,2,2,1,1,0.9985585075159007
36,2025-09-11,2025-09-25,2,2,1,1,0.9987420845611216
37,2025-09-11,2025-09-25,2,2,1,1,0.9814510922038108
38,2025-09-11,2025-09-25,1,1,1,1,0.994757859223758
39,2025-09-11,2025-09-25,2,2,1,1,0.9814510922038108
40,2025-09-11,2025-09-25,2,2,1,1,0.9814510922038108
41,2025-09-11,2025-09-25,2,2,1,1,0.9985585075159007
42,2025-09-11,2025-09-25,2,2,1,1,0.9988443883525412
43,2025-09-11,2025-09-25,2,2,1,1,0.9978430083043865
45,2025-09-11,2025-09-25,2,2,1,1,0.9984662949257097
46,2025-09-11,2025-09-25,2,2,1,1,0.9980107807213128
47,2025-09-11,2025-09-25,1,1,1,1,0.9920770578595544
48,2025-09-11,2025-09-25,1,1,1,1,0.9952948042967192
49,2025-09-11,2025-09-25,1,1,1,1,0.9952948042967192
50,2025-09-11,2025-09-25,1,1,1,1,0.9952948042967192
51,2025-09-11,2025-09-25,0,0,0,0,0.012838272225713083
52,2025-09-11,2025-09-25,1,1,1,1,0.9963111254960504
53,2025-09-11,2025-09-25,2,2,1,1,0.9980107807213128
54,2025-09-11,2025-09-25,0,0,0,0,0.07072445846394765
55,2025-09-11,2025-09-25,2,2,1,1,0.9987420845611216
56,2025-09-11,2025-09-25,2,2,1,1,0.9989208911214985
57,2025-09-11,2025-09-25,2,2,1,1,0.9989208911214985
58,2025-09-11,2025-09-25,2,2,1,1,0.9985585075159007
59,2025-09-11,2025-09-25,2,2,1,1,0.9814510922038108
60,2025-09-11,2025-09-25,2,2,1,1,0.9814510922038108
61,2025-09-11,2025-09-25,2,2,1,1,0.9980107807213128
62,2025-09-11,2025-09-25,2,2,1,1,0.9980107807213128
63,2025-09-11,2025-09-25,2,2,1,1,0.9980107807213128
64,2025-09-11,2025-09-25,2,2,1,1,0.9980107807213128
65,2025-09-11,2025-09-25,0,0,0,0,0.01352223381440894
66,2025-09-11,2025-09-25,2,2,1,1,0.9814510922038108
67,2025-09-11,2025-09-25,1,1,1,1,0.9963111254960504
68,2025-09-11,2025-09-25,0,0,0,0,0.01169886538976465
69,2025-09-11,2025-09-25,0,0,0,0,0.012838272225713083
70,2025-09-11,2025-09-25,2,2,1,1,0.9981196358420559
71,2025-09-11,2025-09-25,2,2,1,1,0.9978430083043865
72,2025-09-11,2025-09-25,1,1,1,1,0.990879517649541
73,2025-09-11,2025-09-25,2,2,1,1,0.9967704100266117
74,2025-09-11,2025-09-25,2,2,1,1,0.9814510922038108
75,2025-09-11,2025-09-25,2,2,1,1,0.9980107807213128
76,2025-09-11,2025-09-25,0,0,0,0,0.012681744478918611
77,2025-09-11,2025-09-25,0,0,0,0,0.01169886538976465
78,2025-09-11,2025-09-25,1,1,1,1,0.9927924529761166
79,2025-09-11,2025-09-25,0,0,0,0,0.07072445846394765
80,2025-09-11,2025-09-25,1,1,1,1,0.9951908193281468
81,2025-09-11,2025-09-25,2,2,1,1,0.9985585075159007
82,2025-09-11,2025-09-25,2,2,1,1,0.9985585075159007
83,2025-09-11,2025-09-25,2,2,1,1,0.9980107807213128
84,2025-09-11,2025-09-25,2,2,1,1,0.9988443883525412
85,2025-09-11,2025-09-25,0,0,0,0,0.06734469929041481
86,2025-09-11,2025-09-25,2,2,1,1,0.9990882145319123
87,2025-09-11,2025-09-25,2,2,1,1,0.9986742402985861
88,2025-09-11,2025-09-25,2,2,1,1,0.9985436296378275
89,2025-09-11,2025-09-25,1,1,1,1,0.9920515651096317
90,2025-09-11,2025-09-25,1,1,1,1,0.9927924529761166
91,2025-09-11,2025-09-25,2,2,1,1,0.9985254470792573
92,2025-09-11,2025-09-25,0,0,0,0,0.011818358287448776
93,2025-09-11,2025-09-25,0,0,0,0,0.01352223381440894
94,2025-09-11,2025-09-25,1,1,1,1,0.9920515651096317
95,2025-09-11,2025-09-25,1,1,1,1,0.9902112715198024
96,2025-09-11,2025-09-25,2,2,1,1,0.9979540934478054
97,2025-09-11,2025-09-25,1,1,1,1,0.9961830711035055
98,2025-09-11,2025-09-25,1,2,1,1,0.9935548925171126
99,2025-09-11,2025-09-25,2,2,1,1,0.9985585075159007
100,2025-09-11,2025-09-25,1,1,1,1,0.9963111254960504
101,2025-09-11,2025-09-25,2,2,1,1,0.9985728906862613
102,2025-09-11,2025-09-25,2,2,1,1,0.9985585075159007
103,2025-09-11,2025-09-25,2,2,1,1,0.9814510922038108
104,2025-09-11,2025-09-25,2,2,1,1,0.9985585075159007
105,2025-09-11,2025-09-25,2,2,1,1,0.9986742402985861
106,2025-09-11,2025-09-25,2,2,1,1,0.9987420845611216
107,2025-09-11,2025-09-25,2,2,1,1,0.9985585075159007
108,2025-09-11,2025-09-25,1,1,1,1,0.9963111254960504
109,2025-09-11,2025-09-25,2,2,1,1,0.998147574622132
110,2025-09-11,2025-09-25,2,2,1,1,0.9980107807213128
111,2025-09-11,2025-09-25,2,2,1,1,0.9980107807213128
112,2025-09-11,2025-09-25,1,1,1,1,0.9951176844181499
113,2025-09-11,2025-09-25,0,0,0,0,0.011556066980312644
114,2025-09-11,2025-09-25,0,0,0,0,0.01169886538976465
115,2025-09-11,2025-09-25,0,0,0,0,0.012838272225713083
116,2025-09-11,2025-09-25,1,1,1,1,0.9961830711035055
117,2025-09-11,2025-09-25,0,0,0,0,0.011818358287448776
118,2025-09-11,2025-09-25,1,2,1,1,0.9935548925171126
119,2025-09-11,2025-09-25,2,2,1,1,0.9980107807213128
120,2025-09-11,2025-09-25,2,2,1,1,0.9980107807213128
121,2025-09-11,2025-09-25,2,2,1,1,0.9980107807213128
122,2025-09-11,2025-09-25,2,2,1,1,0.9980107807213128
123,2025-09-11,2025-09-25,2,2,1,1,0.9987420845611216
124,2025-09-11,2025-09-25,1,1,1,1,0.993839720162787
125,2025-09-11,2025-09-25,2,2,1,1,0.9986742402985861
126,2025-09-11,2025-09-25,2,2,1,1,0.9987420845611216
127,2025-09-11,2025-09-25,2,2,1,1,0.9982639906364968
128,2025-09-11,2025-09-25,1,1,1,1,0.9944918377533851
129,2025-09-11,2025-09-25,0,0,0,0,0.013818235607016586
130,2025-09-11,2025-09-25,0,0,0,0,0.07328240719866845
131,2025-09-11,2025-09-25,2,2,1,1,0.9980107807213128
132,2025-09-11,2025-09-25,2,2,1,1,0.9814510922038108
133,2025-09-11,2025-09-25,2,2,1,1,0.9980107807213128
134,2025-09-11,2025-09-25,0,0,0,0,0.01352223381440894
135,2025-09-11,2025-09-25,1,1,1,1,0.9961830711035055
136,2025-09-11,2025-09-25,2,2,1,1,0.9982639906364968
137,2025-09-11,2025-09-25,2,2,1,1,0.9980107807213128
138,2025-09-11,2025-09-25,1,2,1,1,0.9965425537230106
139,2025-09-11,2025-09-25,2,2,1,1,0.982706924586123
140,2025-09-11,2025-09-25,2,2,1,1,0.9975456714430178
1,2025-09-18,2025-10-02,0,0,0,0,0.011818358287448776
2,2025-09-18,2025-10-02,2,2,1,1,0.9989539289598967
3,2025-09-18,2025-10-02,0,0,0,0,0.012161472421670858
4,2025-09-18,2025-10-02,0,0,0,0,0.012681744478918611
5,2025-09-18,2025-10-02,1,1,1,1,0.9925431667225989
6,2025-09-18,2025-10-02,0,0,0,0,0.012838272225713083
7,2025-09-18,2025-10-02,2,2,1,1,0.9980107807213128
8,2025-09-18,2025-10-02,0,0,0,0,0.013914118848195718
9,2025-09-18,2025-10-02,0,0,0,0,0.07072445846394765
10,2025-09-18,2025-10-02,2,2,1,1,0.9987420845611216
11,2025-09-18,2025-10-02,1,1,1,1,0.9960392556037982
12,2025-09-18,2025-10-02,2,2,1,1,0.998147574622132
13,2025-09-18,2025-10-02,0,0,0,0,0.012838272225713083
14,2025-09-18,2025-10-02,0,0,0,0,0.012681744478918611
15,2025-09-18,2025-10-02,0,0,0,0,0.01352223381440894
16,2025-09-18,2025-10-02,2,2,1,1,0.9986742402985861
17,2025-09-18,2025-10-02,1,1,1,1,0.9917977118446653
18,2025-09-18,2025-10-02,0,0,0,0,0.012681744478918611
19,2025-09-18,2025-10-02,0,0,0,0,0.012838272225713083
20,2025-09-18,2025-10-02,2,2,1,1,0.9978430083043865
21,2025-09-18,2025-10-02,0,0,0,0,0.011818358287448776
22,2025-09-18,2025-10-02,0,0,0,0,0.01169886538976465
23,2025-09-18,2025-10-02,1,1,1,1,0.9939477405398369
24,2025-09-18,2025-10-02,0,0,0,0,0.01169886538976465
25,2025-09-18,2025-10-02,0,0,0,0,0.012838272225713083
26,2025-09-18,2025-10-02,1,1,1,1,0.9952948042967192
27,2025-09-18,2025-10-02,1,1,1,1,0.9920515651096317
28,2025-09-18,2025-10-02,0,0,0,0,0.011818358287448776
29,2025-09-18,2025-10-02,0,0,0,0,0.011818358287448776
30,2025-09-18,2025-10-02,2,2,1,1,0.9976307009463138
31,2025-09-18,2025-10-02,2,2,1,1,0.9985585075159007
32,2025-09-18,2025-10-02,2,2,1,1,0.9987420845611216
33,2025-09-18,2025-10-02,2,2,1,1,0.9988443883525412
34,2025-09-18,2025-10-02,2,2,1,1,0.9983264788238763
35,2025-09-18,2025-10-02,2,2,1,1,0.9987420845611216
36,2025-09-18,2025-10-02,2,2,1,1,0.9985728906862613
37,2025-09-18,2025-10-02,2,2,1,1,0.9978430083043865
38,2025-09-18,2025-10-02,1,1,1,1,0.993839720162787
39,2025-09-18,2025-10-02,2,2,1,1,0.9975456714430178
40,2025-09-18,2025-10-02,2,2,1,1,0.9982639906364968
41,2025-09-18,2025-10-02,2,2,1,1,0.9986742402985861
42,2025-09-18,2025-10-02,2,2,1,1,0.99811826124083
43,2025-09-18,2025-10-02,2,2,1,1,0.9982639906364968
45,2025-09-18,2025-10-02,2,2,1,1,0.9985894207016421
46,2025-09-18,2025-10-02,2,2,1,1,0.9982639906364968
47,2025-09-18,2025-10-02,1,1,1,1,0.9940879839746216
48,2025-09-18,2025-10-02,1,1,1,1,0.995452523172964
49,2025-09-18,2025-10-02,1,1,1,1,0.9960392556037982
50,2025-09-18,2025-10-02,1,1,1,1,0.9963111254960504
51,2025-09-18,2025-10-02,0,0,0,0,0.012681744478918611
52,2025-09-18,2025-10-02,1,1,1,1,0.9961830711035055
53,2025-09-18,2025-10-02,2,2,1,1,0.9982639906364968
54,2025-09-18,2025-10-02,0,0,0,0,0.06226775458435502
55,2025-09-18,2025-10-02,2,2,1,1,0.9986742402985861
56,2025-09-18,2025-10-02,2,2,1,1,0.9982145062391146
57,2025-09-18,2025-10-02,2,2,1,1,0.9989539289598967
58,2025-09-18,2025-10-02,2,2,1,1,0.99811826124083
59,2025-09-18,2025-10-02,2,2,1,1,0.9975456714430178
60,2025-09-18,2025-10-02,2,2,1,1,0.9981196358420559
61,2025-09-18,2025-10-02,2,2,1,1,0.9978430083043865
62,2025-09-18,2025-10-02,2,2,1,1,0.9978430083043865
63,2025-09-18,2025-10-02,2,2,1,1,0.997816097727683
64,2025-09-18,2025-10-02,2,2,1,1,0.9978430083043865
65,2025-09-18,2025-10-02,0,0,0,0,0.012838272225713083
66,2025-09-18,2025-10-02,2,2,1,1,0.9975456714430178
67,2025-09-18,2025-10-02,1,1,1,1,0.9961355313936432
68,2025-09-18,2025-10-02,0,0,0,0,0.011556066980312644
69,2025-09-18,2025-10-02,0,0,0,0,0.012681744478918611
70,2025-09-18,2025-10-02,2,2,1,1,0.9980107807213128
71,2025-09-18,2025-10-02,2,2,1,1,0.9980107807213128
72,2025-09-18,2025-10-02,1,1,1,1,0.9920515651096317
73,2025-09-18,2025-10-02,2,2,1,1,0.9987854715515819
74,2025-09-18,2025-10-02,2,2,1,1,0.9978430083043865
75,2025-09-18,2025-10-02,2,2,1,1,0.9984608117272672
76,2025-09-18,2025-10-02,0,0,0,0,0.01169886538976465
77,2025-09-18,2025-10-02,0,0,0,0,0.012681744478918611
78,2025-09-18,2025-10-02,1,1,1,1,0.9925431667225989
79,2025-09-18,2025-10-02,0,0,0,0,0.07072445846394765
80,2025-09-18,2025-10-02,1,1,1,1,0.995719763983776
81,2025-09-18,2025-10-02,2,2,1,1,0.9985585075159007
82,2025-09-18,2025-10-02,2,2,1,1,0.9987420845611216
83,2025-09-18,2025-10-02,2,2,1,1,0.9978430083043865
84,2025-09-18,2025-10-02,2,2,1,1,0.9987420845611216
85,2025-09-18,2025-10-02,0,0,0,0,0.06226775458435502
86,2025-09-18,2025-10-02,2,2,1,1,0.9979540934478054
87,2025-09-18,2025-10-02,2,2,1,1,0.9985585075159007
88,2025-09-18,2025-10-02,2,2,1,1,0.9987420845611216
89,2025-09-18,2025-10-02,1,1,1,1,0.9944918377533851
90,2025-09-18,2025-10-02,1,1,1,1,0.9925431667225989
91,2025-09-18,2025-10-02,2,2,1,1,0.9987420845611216
92,2025-09-18,2025-10-02,0,0,0,0,0.015539161570696541
93,2025-09-18,2025-10-02,0,0,0,0,0.01352223381440894
94,2025-09-18,2025-10-02,1,1,1,1,0.9951908193281468
95,2025-09-18,2025-10-02,1,1,1,1,0.9951908193281468
96,2025-09-18,2025-10-02,2,2,1,1,0.9989539289598967
97,2025-09-18,2025-10-02,1,1,1,1,0.9963111254960504
98,2025-09-18,2025-10-02,2,2,1,1,0.9911362203699822
99,2025-09-18,2025-10-02,2,2,1,1,0.9986742402985861
100,2025-09-18,2025-10-02,1,1,1,1,0.9963111254960504
101,2025-09-18,2025-10-02,2,2,1,1,0.9985585075159007
102,2025-09-18,2025-10-02,2,2,1,1,0.9986742402985861
103,2025-09-18,2025-10-02,2,2,1,1,0.9975456714430178
104,2025-09-18,2025-10-02,2,2,1,1,0.9985216244201218
105,2025-09-18,2025-10-02,2,2,1,1,0.9985728906862613
106,2025-09-18,2025-10-02,2,2,1,1,0.9985728906862613
107,2025-09-18,2025-10-02,2,2,1,1,0.9985216244201218
108,2025-09-18,2025-10-02,1,1,1,1,0.9965425537230106
109,2025-09-18,2025-10-02,2,2,1,1,0.9982639906364968
110,2025-09-18,2025-10-02,2,2,1,1,0.998147574622132
111,2025-09-18,2025-10-02,2,2,1,1,0.9978430083043865
112,2025-09-18,2025-10-02,1,1,1,1,0.9965425537230106
113,2025-09-18,2025-10-02,0,0,0,0,0.011493920756164882
114,2025-09-18,2025-10-02,0,0,0,0,0.012681744478918611
115,2025-09-18,2025-10-02,0,0,0,0,0.012838272225713083
116,2025-09-18,2025-10-02,1,1,1,1,0.9963111254960504
117,2025-09-18,2025-10-02,0,0,0,0,0.014064034748092204
118,2025-09-18,2025-10-02,2,2,1,1,0.9911362203699822
119,2025-09-18,2025-10-02,2,2,1,1,0.9978430083043865
120,2025-09-18,2025-10-02,2,2,1,1,0.9978430083043865
121,2025-09-18,2025-10-02,2,2,1,1,0.998147574622132
122,2025-09-18,2025-10-02,2,2,1,1,0.9982639906364968
123,2025-09-18,2025-10-02,2,2,1,1,0.9985728906862613
124,2025-09-18,2025-10-02,1,1,1,1,0.993679414168293
125,2025-09-18,2025-10-02,2,2,1,1,0.9987420845611216
126,2025-09-18,2025-10-02,2,2,1,1,0.9985216244201218
127,2025-09-18,2025-10-02,2,2,1,1,0.99853956198501
128,2025-09-18,2025-10-02,1,1,1,1,0.995719763983776
129,2025-09-18,2025-10-02,0,0,0,0,0.011818358287448776
130,2025-09-18,2025-10-02,0,0,0,0,0.08487650375548246
131,2025-09-18,2025-10-02,2,2,1,1,0.9978430083043865
132,2025-09-18,2025-10-02,2,2,1,1,0.9982639906364968
133,2025-09-18,2025-10-02,2,2,1,1,0.9982639906364968
134,2025-09-18,2025-10-02,0,0,0,0,0.011818358287448776
135,2025-09-18,2025-10-02,1,1,1,1,0.9952948042967192
136,2025-09-18,2025-10-02,2,2,1,1,0.9982639906364968
137,2025-09-18,2025-10-02,2,2,1,1,0.9982639906364968
138,2025-09-18,2025-10-02,2,2,1,1,0.9814510922038108
139,2025-09-18,2025-10-02,2,2,1,1,0.9982639906364968
140,2025-09-18,2025-10-02,2,2,1,1,0.9981196358420559
1,2025-10-31,2025-11-14,0,0,0,0,0.019011676437393533
2,2025-10-31,2025-11-14,2,2,1,1,0.9989539289598967
3,2025-10-31,2025-11-14,0,0,0,0,0.019011676437393533
4,2025-10-31,2025-11-14,0,0,0,0,0.012282557074908105
5,2025-10-31,2025-11-14,1,1,1,1,0.9949137582371903
6,2025-10-31,2025-11-14,0,0,0,0,0.010816729648285724
7,2025-10-31,2025-11-14,2,2,1,1,0.9986956566068454
8,2025-10-31,2025-11-14,0,0,0,0,0.019011676437393533
9,2025-10-31,2025-11-14,1,1,1,1,0.994190382086908
10,2025-10-31,2025-11-14,2,2,1,1,0.9990371368262189
11,2025-10-31,2025-11-14,1,1,1,1,0.9955541738083162
12,2025-10-31,2025-11-14,2,2,1,1,0.9984662949257097
13,2025-10-31,2025-11-14,0,0,0,0,0.010816729648285724
14,2025-10-31,2025-11-14,0,0,0,0,0.015306627462367715
15,2025-10-31,2025-11-14,0,0,0,0,0.010816729648285724
16,2025-10-31,2025-11-14,2,2,1,1,0.9986576862018595
17,2025-10-31,2025-11-14,1,1,1,1,0.9948816999348931
18,2025-10-31,2025-11-14,0,0,0,0,0.010816729648285724
19,2025-10-31,2025-11-14,0,0,0,0,0.01160780173979933
20,2025-10-31,2025-11-14,2,2,1,1,0.9984662949257097
21,2025-10-31,2025-11-14,0,0,0,0,0.012773719128310488
22,2025-10-31,2025-11-14,0,0,0,0,0.012378007286111147
23,2025-10-31,2025-11-14,1,1,1,1,0.9941503478156779
24,2025-10-31,2025-11-14,0,0,0,0,0.013150471042897035
25,2025-10-31,2025-11-14,0,0,0,0,0.012282557074908105
26,2025-10-31,2025-11-14,1,1,1,1,0.9960884522802103
27,2025-10-31,2025-11-14,1,1,1,1,0.9949756228012914
28,2025-10-31,2025-11-14,0,0,0,0,0.012773719128310488
29,2025-10-31,2025-11-14,0,0,0,0,0.019011676437393533
30,2025-10-31,2025-11-14,2,2,1,1,0.9980107807213128
31,2025-10-31,2025-11-14,2,2,1,1,0.9985585075159007
32,2025-10-31,2025-11-14,2,2,1,1,0.9990371368262189
33,2025-10-31,2025-11-14,2,2,1,1,0.9990152716864225
34,2025-10-31,2025-11-14,2,2,1,1,0.9986956566068454
35,2025-10-31,2025-11-14,2,2,1,1,0.9986331360800588
36,2025-10-31,2025-11-14,2,2,1,1,0.9987478353973355
37,2025-10-31,2025-11-14,2,2,1,1,0.9980107807213128
38,2025-10-31,2025-11-14,1,1,1,1,0.9955036172809476
39,2025-10-31,2025-11-14,2,2,1,1,0.9980107807213128
40,2025-10-31,2025-11-14,2,2,1,1,0.9982639906364968
41,2025-10-31,2025-11-14,2,2,1,1,0.9985585075159007
42,2025-10-31,2025-11-14,2,2,1,1,0.9986576862018595
43,2025-10-31,2025-11-14,2,2,1,1,0.9986956566068454
45,2025-10-31,2025-11-14,2,2,1,1,0.9986015865833013
46,2025-10-31,2025-11-14,2,2,1,1,0.9986956566068454
47,2025-10-31,2025-11-14,1,1,1,1,0.9961335707053192
48,2025-10-31,2025-11-14,1,1,1,1,0.9963779357856568
49,2025-10-31,2025-11-14,1,1,1,1,0.9958876798257773
50,2025-10-31,2025-11-14,1,1,1,1,0.9965425537230106
51,2025-10-31,2025-11-14,0,0,0,0,0.011131091757166969
52,2025-10-31,2025-11-14,1,1,1,1,0.9961188718618729
53,2025-10-31,2025-11-14,2,2,1,1,0.9986956566068454
54,2025-10-31,2025-11-14,0,0,0,0,0.03623212495999371
55,2025-10-31,2025-11-14,2,2,1,1,0.9990371368262189
56,2025-10-31,2025-11-14,2,2,1,1,0.9990152716864225
57,2025-10-31,2025-11-14,2,2,1,1,0.9990152716864225
58,2025-10-31,2025-11-14,2,2,1,1,0.9990152716864225
59,2025-10-31,2025-11-14,2,2,1,1,0.9980107807213128
60,2025-10-31,2025-11-14,2,2,1,1,0.9982639906364968
61,2025-10-31,2025-11-14,2,2,1,1,0.9984662949257097
62,2025-10-31,2025-11-14,2,2,1,1,0.9984662949257097
63,2025-10-31,2025-11-14,2,2,1,1,0.9986956566068454
64,2025-10-31,2025-11-14,2,2,1,1,0.9986956566068454
65,2025-10-31,2025-11-14,0,0,0,0,0.012737159891312145
66,2025-10-31,2025-11-14,2,2,1,1,0.9980107807213128
67,2025-10-31,2025-11-14,1,1,1,1,0.9961830711035055
68,2025-10-31,2025-11-14,0,0,0,0,0.016219944691302963
69,2025-10-31,2025-11-14,0,0,0,0,0.010816729648285724
70,2025-10-31,2025-11-14,2,2,1,1,0.998759232046381
71,2025-10-31,2025-11-14,2,2,1,1,0.9979799267054682
72,2025-10-31,2025-11-14,1,1,1,1,0.9949756228012914
73,2025-10-31,2025-11-14,2,2,1,1,0.9988629345005215
74,2025-10-31,2025-11-14,2,2,1,1,0.9980107807213128
75,2025-10-31,2025-11-14,2,2,1,1,0.9988629345005215
76,2025-10-31,2025-11-14,0,0,0,0,0.012737159891312145
77,2025-10-31,2025-11-14,0,0,0,0,0.012378007286111147
78,2025-10-31,2025-11-14,1,1,1,1,0.9949137582371903
79,2025-10-31,2025-11-14,0,0,0,0,0.0484255768432794
80,2025-10-31,2025-11-14,1,1,1,1,0.9940959805825824
81,2025-10-31,2025-11-14,2,2,1,1,0.9990371368262189
82,2025-10-31,2025-11-14,2,2,1,1,0.9990371368262189
83,2025-10-31,2025-11-14,2,2,1,1,0.9984662949257097
84,2025-10-31,2025-11-14,2,2,1,1,0.9990371368262189
85,2025-10-31,2025-11-14,0,0,0,0,0.03623212495999371
86,2025-10-31,2025-11-14,2,2,1,1,0.9990152716864225
87,2025-10-31,2025-11-14,2,2,1,1,0.9990152716864225
88,2025-10-31,2025-11-14,2,2,1,1,0.9990152716864225
89,2025-10-31,2025-11-14,1,1,1,1,0.9949756228012914
90,2025-10-31,2025-11-14,1,1,1,1,0.9942199593133871
91,2025-10-31,2025-11-14,2,2,1,1,0.9985585075159007
92,2025-10-31,2025-11-14,0,0,0,0,0.012378007286111147
93,2025-10-31,2025-11-14,0,0,0,0,0.019011676437393533
94,2025-10-31,2025-11-14,1,1,1,1,0.9949756228012914
95,2025-10-31,2025-11-14,1,1,1,1,0.9949756228012914
96,2025-10-31,2025-11-14,2,2,1,1,0.9990152716864225
97,2025-10-31,2025-11-14,1,1,1,1,0.9965425537230106
98,2025-10-31,2025-11-14,1,1,1,1,0.9826098361856662
99,2025-10-31,2025-11-14,2,2,1,1,0.9985585075159007
100,2025-10-31,2025-11-14,1,1,1,1,0.9955541738083162
101,2025-10-31,2025-11-14,2,2,1,1,0.9985585075159007
102,2025-10-31,2025-11-14,2,2,1,1,0.9985585075159007
103,2025-10-31,2025-11-14,2,2,1,1,0.9980107807213128
104,2025-10-31,2025-11-14,2,2,1,1,0.9986576862018595
105,2025-10-31,2025-11-14,2,2,1,1,0.9986576862018595
106,2025-10-31,2025-11-14,2,2,1,1,0.9987321990791239
107,2025-10-31,2025-11-14,2,2,1,1,0.9985585075159007
108,2025-10-31,2025-11-14,1,1,1,1,0.9961188718618729
109,2025-10-31,2025-11-14,2,2,1,1,0.9984662949257097
110,2025-10-31,2025-11-14,2,2,1,1,0.9984662949257097
111,2025-10-31,2025-11-14,2,2,1,1,0.9984662949257097
112,2025-10-31,2025-11-14,1,1,1,1,0.9970273844341414
113,2025-10-31,2025-11-14,0,0,0,0,0.013150471042897035
114,2025-10-31,2025-11-14,0,0,0,0,0.016219944691302963
115,2025-10-31,2025-11-14,0,0,0,0,0.012737159891312145
116,2025-10-31,2025-11-14,1,1,1,1,0.9963779357856568
117,2025-10-31,2025-11-14,0,0,0,0,0.016565908260248483
118,2025-10-31,2025-11-14,2,2,1,1,0.998312074201762
119,2025-10-31,2025-11-14,2,2,1,1,0.9984662949257097
120,2025-10-31,2025-11-14,2,2,1,1,0.9984662949257097
121,2025-10-31,2025-11-14,2,2,1,1,0.9984662949257097
122,2025-10-31,2025-11-14,2,2,1,1,0.9984662949257097
123,2025-10-31,2025-11-14,2,2,1,1,0.9987478353973355
124,2025-10-31,2025-11-14,1,1,1,1,0.9955036172809476
125,2025-10-31,2025-11-14,2,2,1,1,0.9985585075159007
126,2025-10-31,2025-11-14,2,2,1,1,0.9987478353973355
127,2025-10-31,2025-11-14,2,2,1,1,0.9984662949257097
128,2025-10-31,2025-11-14,1,1,1,1,0.9940959805825824
129,2025-10-31,2025-11-14,0,0,0,0,0.012434219798053864
130,2025-10-31,2025-11-14,2,2,1,1,0.9814510922038108
131,2025-10-31,2025-11-14,2,2,1,1,0.9984662949257097
132,2025-10-31,2025-11-14,2,2,1,1,0.9982639906364968
133,2025-10-31,2025-11-14,1,1,1,1,0.994190382086908
134,2025-10-31,2025-11-14,0,0,0,0,0.019011676437393533
135,2025-10-31,2025-11-14,1,1,1,1,0.9960392556037982
136,2025-10-31,2025-11-14,2,2,1,1,0.9984662949257097
137,2025-10-31,2025-11-14,2,2,1,1,0.9984662949257097
138,2025-10-31,2025-11-14,2,2,1,1,0.998312074201762
139,2025-10-31,2025-11-14,2,2,1,1,0.9980107807213128
140,2025-10-31,2025-11-14,2,2,1,1,0.9984662949257097
1,2025-11-07,2025-11-21,0,0,0,0,0.010350608013655834
2,2025-11-07,2025-11-21,2,2,1,1,0.9979540934478054
3,2025-11-07,2025-11-21,0,0,0,0,0.014150947087540876
4,2025-11-07,2025-11-21,0,0,0,0,0.008970044526138846
5,2025-11-07,2025-11-21,1,1,1,1,0.9925431667225989
6,2025-11-07,2025-11-21,0,0,0,0,0.010557730270690863
7,2025-11-07,2025-11-21,2,2,1,1,0.9983948097341521
8,2025-11-07,2025-11-21,0,0,0,0,0.014150947087540876
9,2025-11-07,2025-11-21,1,1,1,1,0.9811652607777304
10,2025-11-07,2025-11-21,2,2,1,1,0.9990371368262189
11,2025-11-07,2025-11-21,1,1,1,1,0.9970273844341414
12,2025-11-07,2025-11-21,2,2,1,1,0.9986956566068454
13,2025-11-07,2025-11-21,0,0,0,0,0.010022191418002127
14,2025-11-07,2025-11-21,0,0,0,0,0.009899653783665557
15,2025-11-07,2025-11-21,0,0,0,0,0.009130402352434907
16,2025-11-07,2025-11-21,2,2,1,1,0.9987420845611216
17,2025-11-07,2025-11-21,1,1,1,1,0.9942199593133871
18,2025-11-07,2025-11-21,0,0,0,0,0.010557730270690863
19,2025-11-07,2025-11-21,0,0,0,0,0.010557730270690863
20,2025-11-07,2025-11-21,2,2,1,1,0.9983948097341521
21,2025-11-07,2025-11-21,0,0,0,0,0.015416834334507403
22,2025-11-07,2025-11-21,0,0,0,0,0.009223905666291622
23,2025-11-07,2025-11-21,1,1,1,1,0.9948498634805543
24,2025-11-07,2025-11-21,0,0,0,0,0.009658204236106032
25,2025-11-07,2025-11-21,0,0,0,0,0.010557730270690863
26,2025-11-07,2025-11-21,1,1,1,1,0.9957531522885535
27,2025-11-07,2025-11-21,1,1,1,1,0.9902658236611798
28,2025-11-07,2025-11-21,0,0,0,0,0.01328098914215912
29,2025-11-07,2025-11-21,0,0,0,0,0.014075168054366947
30,2025-11-07,2025-11-21,2,2,1,1,0.99853956198501
31,2025-11-07,2025-11-21,2,2,1,1,0.9987420845611216
32,2025-11-07,2025-11-21,2,2,1,1,0.9989179702874726
33,2025-11-07,2025-11-21,2,2,1,1,0.9979017778612375
34,2025-11-07,2025-11-21,2,2,1,1,0.9986956566068454
35,2025-11-07,2025-11-21,2,2,1,1,0.9987101209063659
36,2025-11-07,2025-11-21,2,2,1,1,0.9986576862018595
37,2025-11-07,2025-11-21,2,2,1,1,0.9983264788238763
38,2025-11-07,2025-11-21,1,1,1,1,0.9949532669716113
39,2025-11-07,2025-11-21,2,2,1,1,0.9984608117272672
40,2025-11-07,2025-11-21,2,2,1,1,0.9983264788238763
41,2025-11-07,2025-11-21,2,2,1,1,0.9987420845611216
42,2025-11-07,2025-11-21,2,2,1,1,0.9985436296378275
43,2025-11-07,2025-11-21,2,2,1,1,0.9983948097341521
45,2025-11-07,2025-11-21,2,2,1,1,0.9987420845611216
46,2025-11-07,2025-11-21,2,2,1,1,0.9986956566068454
47,2025-11-07,2025-11-21,1,1,1,1,0.9919358190552661
48,2025-11-07,2025-11-21,1,1,1,1,0.9955541738083162
49,2025-11-07,2025-11-21,1,1,1,1,0.9961188718618729
50,2025-11-07,2025-11-21,1,1,1,1,0.9961188718618729
51,2025-11-07,2025-11-21,0,0,0,0,0.009492420419346389
52,2025-11-07,2025-11-21,1,1,1,1,0.9955541738083162
53,2025-11-07,2025-11-21,2,2,1,1,0.9986956566068454
54,2025-11-07,2025-11-21,0,0,0,0,0.05603302272086137
55,2025-11-07,2025-11-21,2,2,1,1,0.9985216244201218
56,2025-11-07,2025-11-21,2,2,1,1,0.9988334720552124
57,2025-11-07,2025-11-21,2,2,1,1,0.9988334720552124
58,2025-11-07,2025-11-21,2,2,1,1,0.9988334720552124
59,2025-11-07,2025-11-21,2,2,1,1,0.9984608117272672
60,2025-11-07,2025-11-21,2,2,1,1,0.99853956198501
61,2025-11-07,2025-11-21,2,2,1,1,0.9986956566068454
62,2025-11-07,2025-11-21,2,2,1,1,0.9986956566068454
63,2025-11-07,2025-11-21,2,2,1,1,0.9986956566068454
64,2025-11-07,2025-11-21,2,2,1,1,0.9985894207016421
65,2025-11-07,2025-11-21,0,0,0,0,0.009492420419346389
66,2025-11-07,2025-11-21,2,2,1,1,0.9984608117272672
67,2025-11-07,2025-11-21,1,1,1,1,0.9955541738083162
68,2025-11-07,2025-11-21,0,0,0,0,0.009223905666291622
69,2025-11-07,2025-11-21,0,0,0,0,0.010557730270690863
70,2025-11-07,2025-11-21,2,2,1,1,0.9985286114859926
71,2025-11-07,2025-11-21,2,2,1,1,0.9975144075584393
72,2025-11-07,2025-11-21,1,1,1,1,0.9902658236611798
73,2025-11-07,2025-11-21,2,2,1,1,0.9987333736483763
74,2025-11-07,2025-11-21,2,2,1,1,0.9985767198410699
75,2025-11-07,2025-11-21,2,2,1,1,0.9977219141989124
76,2025-11-07,2025-11-21,0,0,0,0,0.009492420419346389
77,2025-11-07,2025-11-21,0,0,0,0,0.010557730270690863
78,2025-11-07,2025-11-21,1,1,1,1,0.9927924529761166
79,2025-11-07,2025-11-21,0,0,0,0,0.05247754220827341
80,2025-11-07,2025-11-21,1,1,1,1,0.9898211660724064
81,2025-11-07,2025-11-21,2,2,1,1,0.9987326506677439
82,2025-11-07,2025-11-21,2,2,1,1,0.9990371368262189
83,2025-11-07,2025-11-21,2,2,1,1,0.9986956566068454
84,2025-11-07,2025-11-21,2,2,1,1,0.9985216244201218
85,2025-11-07,2025-11-21,0,0,0,0,0.04923163075699594
86,2025-11-07,2025-11-21,2,2,1,1,0.9990000291343711
87,2025-11-07,2025-11-21,2,2,1,1,0.998461951946345
88,2025-11-07,2025-11-21,2,2,1,1,0.9981691613840832
89,2025-11-07,2025-11-21,1,1,1,1,0.9949756228012914
90,2025-11-07,2025-11-21,1,1,1,1,0.9949532669716113
91,2025-11-07,2025-11-21,2,2,1,1,0.9990371368262189
92,2025-11-07,2025-11-21,0,0,0,0,0.009492420419346389
93,2025-11-07,2025-11-21,0,0,0,0,0.014150947087540876
94,2025-11-07,2025-11-21,1,1,1,1,0.9905815429750949
95,2025-11-07,2025-11-21,1,1,1,1,0.9902658236611798
96,2025-11-07,2025-11-21,2,2,1,1,0.9988334720552124
97,2025-11-07,2025-11-21,1,1,1,1,0.9961188718618729
98,2025-11-07,2025-11-21,1,1,1,1,0.9450560871362896
99,2025-11-07,2025-11-21,2,2,1,1,0.9987420845611216
100,2025-11-07,2025-11-21,1,1,1,1,0.9961188718618729
101,2025-11-07,2025-11-21,2,2,1,1,0.9987420845611216
102,2025-11-07,2025-11-21,2,2,1,1,0.9987420845611216
103,2025-11-07,2025-11-21,2,2,1,1,0.9984608117272672
104,2025-11-07,2025-11-21,2,2,1,1,0.9987420845611216
105,2025-11-07,2025-11-21,2,2,1,1,0.9987420845611216
106,2025-11-07,2025-11-21,2,2,1,1,0.9986576862018595
107,2025-11-07,2025-11-21,2,2,1,1,0.9986742402985861
108,2025-11-07,2025-11-21,1,1,1,1,0.9955541738083162
109,2025-11-07,2025-11-21,2,2,1,1,0.9986956566068454
110,2025-11-07,2025-11-21,2,2,1,1,0.9986956566068454
111,2025-11-07,2025-11-21,2,2,1,1,0.9986956566068454
112,2025-11-07,2025-11-21,1,1,1,1,0.995179891252046
113,2025-11-07,2025-11-21,0,0,0,0,0.008402546322504789
114,2025-11-07,2025-11-21,0,0,0,0,0.009223905666291622
115,2025-11-07,2025-11-21,0,0,0,0,0.010864647863075916
116,2025-11-07,2025-11-21,1,1,1,1,0.9955541738083162
117,2025-11-07,2025-11-21,0,0,0,0,0.009492420419346389
118,2025-11-07,2025-11-21,2,2,1,1,0.9977834403721093
119,2025-11-07,2025-11-21,2,2,1,1,0.99866159969461
120,2025-11-07,2025-11-21,2,2,1,1,0.9986956566068454
121,2025-11-07,2025-11-21,2,2,1,1,0.9986956566068454
122,2025-11-07,2025-11-21,2,2,1,1,0.9986956566068454
123,2025-11-07,2025-11-21,2,2,1,1,0.9985585075159007
124,2025-11-07,2025-11-21,1,1,1,1,0.9939477405398369
125,2025-11-07,2025-11-21,2,2,1,1,0.9979540934478054
126,2025-11-07,2025-11-21,2,2,1,1,0.9985585075159007
127,2025-11-07,2025-11-21,2,2,1,1,0.9985894207016421
128,2025-11-07,2025-11-21,1,1,1,1,0.9902658236611798
129,2025-11-07,2025-11-21,0,0,0,0,0.008970044526138846
130,2025-11-07,2025-11-21,2,2,1,1,0.9772025251392189
131,2025-11-07,2025-11-21,2,2,1,1,0.99866159969461
132,2025-11-07,2025-11-21,2,2,1,1,0.9985767198410699
133,2025-11-07,2025-11-21,1,1,1,1,0.9811652607777304
134,2025-11-07,2025-11-21,0,0,0,0,0.014150947087540876
135,2025-11-07,2025-11-21,1,1,1,1,0.9957721236126421
136,2025-11-07,2025-11-21,2,2,1,1,0.99866159969461
137,2025-11-07,2025-11-21,2,2,1,1,0.9986956566068454
138,2025-11-07,2025-11-21,2,2,1,1,0.9981378009585761
139,2025-11-07,2025-11-21,2,2,1,1,0.99853956198501
140,2025-11-07,2025-11-21,2,2,1,1,0.9983948097341521
1,2025-11-14,2025-11-27,0,0,0,0,0.008312454429266711
2,2025-11-14,2025-11-27,2,2,1,1,0.9989208911214985
3,2025-11-14,2025-11-27,0,0,0,0,0.008312454429266711
4,2025-11-14,2025-11-27,0,0,0,0,0.009223905666291622
5,2025-11-14,2025-11-27,1,1,1,1,0.9942199593133871
6,2025-11-14,2025-11-27,0,0,0,0,0.009492420419346389
7,2025-11-14,2025-11-27,2,2,1,1,0.9877890982264145
8,2025-11-14,2025-11-27,0,0,0,0,0.008312454429266711
9,2025-11-14,2025-11-27,1,0,1,0,0.9926585627599361
10,2025-11-14,2025-11-27,2,2,1,1,0.9890021620487683
11,2025-11-14,2025-11-27,1,1,1,1,0.9753749419549489
12,2025-11-14,2025-11-27,2,2,1,1,0.9986956566068454
13,2025-11-14,2025-11-27,0,0,0,0,0.010895891780052193
14,2025-11-14,2025-11-27,0,0,0,0,0.010895891780052193
15,2025-11-14,2025-11-27,0,0,0,0,0.009223905666291622
16,2025-11-14,2025-11-27,2,2,1,1,0.9989208911214985
17,2025-11-14,2025-11-27,1,1,1,1,0.9942199593133871
18,2025-11-14,2025-11-27,0,0,0,0,0.009492420419346389
19,2025-11-14,2025-11-27,0,0,0,0,0.009492420419346389
20,2025-11-14,2025-11-27,2,2,1,1,0.9986956566068454
21,2025-11-14,2025-11-27,0,0,0,0,0.016231902744760416
22,2025-11-14,2025-11-27,0,0,0,0,0.009492420419346389
23,2025-11-14,2025-11-27,1,1,1,1,0.9942199593133871
24,2025-11-14,2025-11-27,0,0,0,0,0.010588101019930546
25,2025-11-14,2025-11-27,0,0,0,0,0.009492420419346389
26,2025-11-14,2025-11-27,1,1,1,1,0.9955541738083162
27,2025-11-14,2025-11-27,1,1,1,1,0.9732957609261697
28,2025-11-14,2025-11-27,0,0,0,0,0.007389312888167174
29,2025-11-14,2025-11-27,0,0,0,0,0.008312454429266711
30,2025-11-14,2025-11-27,2,2,1,1,0.9983264788238763
31,2025-11-14,2025-11-27,2,2,1,1,0.9990371368262189
32,2025-11-14,2025-11-27,2,2,1,1,0.9990371368262189
33,2025-11-14,2025-11-27,2,2,1,1,0.9949776173880243
34,2025-11-14,2025-11-27,2,2,1,1,0.9877890982264145
35,2025-11-14,2025-11-27,2,2,1,1,0.9883473851320181
36,2025-11-14,2025-11-27,2,2,1,1,0.9985585075159007
37,2025-11-14,2025-11-27,2,2,1,1,0.9983264788238763
38,2025-11-14,2025-11-27,1,1,1,1,0.9942199593133871
39,2025-11-14,2025-11-27,2,2,1,1,0.9983264788238763
40,2025-11-14,2025-11-27,2,2,1,1,0.9985767198410699
41,2025-11-14,2025-11-27,2,2,1,1,0.9990371368262189
42,2025-11-14,2025-11-27,2,2,1,1,0.9979540934478054
43,2025-11-14,2025-11-27,2,2,1,1,0.9985877853538082
45,2025-11-14,2025-11-27,2,2,1,1,0.9987420845611216
46,2025-11-14,2025-11-27,2,2,1,1,0.9986956566068454
47,2025-11-14,2025-11-27,1,1,1,1,0.9796711078448661
48,2025-11-14,2025-11-27,1,1,1,1,0.9906549928995477
49,2025-11-14,2025-11-27,1,1,1,1,0.9905157441856254
50,2025-11-14,2025-11-27,1,1,1,1,0.997250681966679
51,2025-11-14,2025-11-27,0,0,0,0,0.014150947087540876
52,2025-11-14,2025-11-27,1,1,1,1,0.9970273844341414
53,2025-11-14,2025-11-27,2,2,1,1,0.9877890982264145
54,2025-11-14,2025-11-27,0,0,0,0,0.01749468414024522
55,2025-11-14,2025-11-27,2,2,1,1,0.9883473851320181
56,2025-11-14,2025-11-27,2,2,1,1,0.9946879769939102
57,2025-11-14,2025-11-27,2,2,1,1,0.9946879769939102
58,2025-11-14,2025-11-27,2,2,1,1,0.9946766855345253
59,2025-11-14,2025-11-27,2,2,1,1,0.9983264788238763
60,2025-11-14,2025-11-27,2,2,1,1,0.9983264788238763
61,2025-11-14,2025-11-27,2,2,1,1,0.9986432689818586
62,2025-11-14,2025-11-27,2,2,1,1,0.9986956566068454
63,2025-11-14,2025-11-27,2,2,1,1,0.9986956566068454
64,2025-11-14,2025-11-27,2,2,1,1,0.9986956566068454
65,2025-11-14,2025-11-27,0,0,0,0,0.014150947087540876
66,2025-11-14,2025-11-27,2,2,1,1,0.9983264788238763
67,2025-11-14,2025-11-27,1,1,1,1,0.9958876798257773
68,2025-11-14,2025-11-27,0,0,0,0,0.016231902744760416
69,2025-11-14,2025-11-27,0,0,0,0,0.009492420419346389
70,2025-11-14,2025-11-27,2,2,1,1,0.972940919967569
71,2025-11-14,2025-11-27,2,2,1,1,0.9936432568284297
72,2025-11-14,2025-11-27,1,1,1,1,0.9732957609261697
73,2025-11-14,2025-11-27,2,1,1,1,0.993927583381712
74,2025-11-14,2025-11-27,2,2,1,1,0.9985767198410699
75,2025-11-14,2025-11-27,2,2,1,1,0.9988781761154406
76,2025-11-14,2025-11-27,0,0,0,0,0.008312454429266711
77,2025-11-14,2025-11-27,0,0,0,0,0.010895891780052193
78,2025-11-14,2025-11-27,1,1,1,1,0.9942199593133871
79,2025-11-14,2025-11-27,0,0,0,0,0.013570822936384678
80,2025-11-14,2025-11-27,1,1,1,1,0.9793007136681635
81,2025-11-14,2025-11-27,2,2,1,1,0.9986727031552102
82,2025-11-14,2025-11-27,2,2,1,1,0.9986727031552102
83,2025-11-14,2025-11-27,2,2,1,1,0.9986956566068454
84,2025-11-14,2025-11-27,2,2,1,1,0.9986727031552102
85,2025-11-14,2025-11-27,0,0,0,0,0.01749468414024522
86,2025-11-14,2025-11-27,2,2,1,1,0.9989456508824114
87,2025-11-14,2025-11-27,2,2,1,1,0.9989456508824114
88,2025-11-14,2025-11-27,2,2,1,1,0.9989456508824114
89,2025-11-14,2025-11-27,1,1,1,1,0.9792415797946682
90,2025-11-14,2025-11-27,1,1,1,1,0.9473851369168031
91,2025-11-14,2025-11-27,2,2,1,1,0.9883473851320181
92,2025-11-14,2025-11-27,0,0,0,0,0.010864647863075916
93,2025-11-14,2025-11-27,0,0,0,0,0.008312454429266711
94,2025-11-14,2025-11-27,1,1,1,1,0.933295160865912
95,2025-11-14,2025-11-27,1,1,1,1,0.9732957609261697
96,2025-11-14,2025-11-27,2,2,1,1,0.9949776173880243
97,2025-11-14,2025-11-27,1,1,1,1,0.9970273844341414
98,2025-11-14,2025-11-27,1,0,1,0,0.7548291926002803
99,2025-11-14,2025-11-27,2,2,1,1,0.9890021620487683
100,2025-11-14,2025-11-27,1,1,1,1,0.9691756744949686
101,2025-11-14,2025-11-27,2,2,1,1,0.9990371368262189
102,2025-11-14,2025-11-27,2,2,1,1,0.9985585075159007
103,2025-11-14,2025-11-27,2,2,1,1,0.9983264788238763
104,2025-11-14,2025-11-27,2,2,1,1,0.9985585075159007
105,2025-11-14,2025-11-27,2,2,1,1,0.9985585075159007
106,2025-11-14,2025-11-27,2,2,1,1,0.9985585075159007
107,2025-11-14,2025-11-27,2,2,1,1,0.9985585075159007
108,2025-11-14,2025-11-27,1,1,1,1,0.9970273844341414
109,2025-11-14,2025-11-27,2,2,1,1,0.9986956566068454
110,2025-11-14,2025-11-27,2,2,1,1,0.9986956566068454
111,2025-11-14,2025-11-27,2,2,1,1,0.9986956566068454
112,2025-11-14,2025-11-27,1,1,1,1,0.988836469105779
113,2025-11-14,2025-11-27,0,0,0,0,0.009223905666291622
114,2025-11-14,2025-11-27,0,0,0,0,0.016231902744760416
115,2025-11-14,2025-11-27,0,0,0,0,0.016231902744760416
116,2025-11-14,2025-11-27,1,1,1,1,0.9970273844341414
117,2025-11-14,2025-11-27,0,0,0,0,0.010864647863075916
118,2025-11-14,2025-11-27,2,2,1,1,0.9913329647373981
119,2025-11-14,2025-11-27,2,2,1,1,0.9986956566068454
120,2025-11-14,2025-11-27,2,2,1,1,0.9986956566068454
121,2025-11-14,2025-11-27,2,2,1,1,0.9986956566068454
122,2025-11-14,2025-11-27,2,2,1,1,0.9986956566068454
123,2025-11-14,2025-11-27,2,2,1,1,0.9987420845611216
124,2025-11-14,2025-11-27,1,1,1,1,0.9942199593133871
125,2025-11-14,2025-11-27,2,2,1,1,0.9990371368262189
126,2025-11-14,2025-11-27,2,2,1,1,0.9985585075159007
127,2025-11-14,2025-11-27,2,2,1,1,0.9985877853538082
128,2025-11-14,2025-11-27,1,1,1,1,0.9793007136681635
129,2025-11-14,2025-11-27,0,0,0,0,0.009223905666291622
130,2025-11-14,2025-11-27,2,2,1,1,0.9981682879122434
131,2025-11-14,2025-11-27,2,2,1,1,0.9986956566068454
132,2025-11-14,2025-11-27,2,2,1,1,0.9985767198410699
133,2025-11-14,2025-11-27,1,2,1,1,0.9127171120178063
134,2025-11-14,2025-11-27,0,0,0,0,0.008312454429266711
135,2025-11-14,2025-11-27,1,1,1,1,0.9955541738083162
136,2025-11-14,2025-11-27,2,2,1,1,0.9986956566068454
137,2025-11-14,2025-11-27,2,2,1,1,0.9986956566068454
138,2025-11-14,2025-11-27,2,2,1,1,0.9913329647373981
139,2025-11-14,2025-11-27,2,2,1,1,0.9985767198410699
140,2025-11-14,2025-11-27,2,2,1,1,0.9986956566068454
1,2025-11-21,2025-12-04,0,0,0,0,0.008312454429266711
2,2025-11-21,2025-12-04,2,2,1,1,0.9990152716864225
3,2025-11-21,2025-12-04,0,0,0,0,0.008312454429266711
4,2025-11-21,2025-12-04,0,0,0,0,0.010895891780052193
5,2025-11-21,2025-12-04,1,1,1,1,0.9961335707053192
6,2025-11-21,2025-12-04,0,0,0,0,0.014150947087540876
7,2025-11-21,2025-12-04,2,2,1,1,0.9877890982264145
8,2025-11-21,2025-12-04,0,0,0,0,0.007402657227291881
9,2025-11-21,2025-12-04,1,0,1,0,0.8719753397936459
10,2025-11-21,2025-12-04,2,2,1,1,0.9890021620487683
11,2025-11-21,2025-12-04,1,1,1,1,0.9691756744949686
12,2025-11-21,2025-12-04,2,2,1,1,0.9986432689818586
13,2025-11-21,2025-12-04,0,0,0,0,0.009492420419346389
14,2025-11-21,2025-12-04,0,0,0,0,0.010864647863075916
15,2025-11-21,2025-12-04,0,0,0,0,0.010895891780052193
16,2025-11-21,2025-12-04,2,2,1,1,0.9990371368262189
17,2025-11-21,2025-12-04,1,1,1,1,0.9961335707053192
18,2025-11-21,2025-12-04,0,0,0,0,0.014150947087540876
19,2025-11-21,2025-12-04,0,0,0,0,0.01517456517595526
20,2025-11-21,2025-12-04,2,2,1,1,0.9986432689818586
21,2025-11-21,2025-12-04,0,0,0,0,0.008312454429266711
22,2025-11-21,2025-12-04,0,0,0,0,0.014150947087540876
23,2025-11-21,2025-12-04,1,1,1,1,0.9961335707053192
24,2025-11-21,2025-12-04,0,0,0,0,0.016231902744760416
25,2025-11-21,2025-12-04,0,0,0,0,0.014150947087540876
26,2025-11-21,2025-12-04,1,1,1,1,0.9970273844341414
27,2025-11-21,2025-12-04,1,1,1,1,0.9002661797521669
28,2025-11-21,2025-12-04,0,0,0,0,0.008312454429266711
29,2025-11-21,2025-12-04,0,0,0,0,0.008312454429266711
30,2025-11-21,2025-12-04,2,2,1,1,0.9985767198410699
31,2025-11-21,2025-12-04,2,2,1,1,0.9986727031552102
32,2025-11-21,2025-12-04,2,2,1,1,0.9981160806872242
33,2025-11-21,2025-12-04,2,2,1,1,0.9949776173880243
34,2025-11-21,2025-12-04,2,0,1,0,0.9877890982264145
35,2025-11-21,2025-12-04,2,2,1,1,0.9883473851320181
36,2025-11-21,2025-12-04,2,2,1,1,0.9990371368262189
37,2025-11-21,2025-12-04,2,2,1,1,0.9985767198410699
38,2025-11-21,2025-12-04,1,1,1,1,0.9961335707053192
39,2025-11-21,2025-12-04,2,2,1,1,0.9985767198410699
40,2025-11-21,2025-12-04,2,2,1,1,0.9985767198410699
41,2025-11-21,2025-12-04,2,2,1,1,0.9990371368262189
42,2025-11-21,2025-12-04,2,2,1,1,0.9986331360800588
43,2025-11-21,2025-12-04,2,2,1,1,0.9985877853538082
45,2025-11-21,2025-12-04,2,2,1,1,0.9990371368262189
46,2025-11-21,2025-12-04,2,2,1,1,0.9985877853538082
47,2025-11-21,2025-12-04,1,1,1,1,0.9169172749392188
48,2025-11-21,2025-12-04,1,1,1,1,0.9956842157614479
49,2025-11-21,2025-12-04,1,1,1,1,0.997250681966679
50,2025-11-21,2025-12-04,1,1,1,1,0.997250681966679
51,2025-11-21,2025-12-04,0,0,0,0,0.01196851452493301
52,2025-11-21,2025-12-04,1,1,1,1,0.9963198663448418
53,2025-11-21,2025-12-04,2,2,1,1,0.9877890982264145
54,2025-11-21,2025-12-04,0,0,0,0,0.01749468414024522
55,2025-11-21,2025-12-04,2,2,1,1,0.9883473851320181
56,2025-11-21,2025-12-04,2,2,1,1,0.9946879769939102
57,2025-11-21,2025-12-04,2,2,1,1,0.9946879769939102
58,2025-11-21,2025-12-04,2,2,1,1,0.9946766855345253
59,2025-11-21,2025-12-04,2,2,1,1,0.9985767198410699
60,2025-11-21,2025-12-04,2,2,1,1,0.9985767198410699
61,2025-11-21,2025-12-04,2,2,1,1,0.9986956566068454
62,2025-11-21,2025-12-04,2,2,1,1,0.9986956566068454
63,2025-11-21,2025-12-04,2,2,1,1,0.9986432689818586
64,2025-11-21,2025-12-04,2,2,1,1,0.9986956566068454
65,2025-11-21,2025-12-04,0,0,0,0,0.008312454429266711
66,2025-11-21,2025-12-04,2,2,1,1,0.9985767198410699
67,2025-11-21,2025-12-04,1,1,1,1,0.997250681966679
68,2025-11-21,2025-12-04,0,0,0,0,0.014150947087540876
69,2025-11-21,2025-12-04,0,0,0,0,0.014150947087540876
70,2025-11-21,2025-12-04,2,2,1,1,0.9894379957067653
71,2025-11-21,2025-12-04,2,2,1,1,0.9839851030830257
72,2025-11-21,2025-12-04,1,1,1,1,0.9002661797521669
73,2025-11-21,2025-12-04,2,1,1,1,0.993927583381712
74,2025-11-21,2025-12-04,2,2,1,1,0.9985767198410699
75,2025-11-21,2025-12-04,2,2,1,1,0.9944199288484633
76,2025-11-21,2025-12-04,0,0,0,0,0.008312454429266711
77,2025-11-21,2025-12-04,0,0,0,0,0.014150947087540876
78,2025-11-21,2025-12-04,1,1,1,1,0.9961335707053192
79,2025-11-21,2025-12-04,0,0,0,0,0.013570822936384678
80,2025-11-21,2025-12-04,1,1,1,1,0.9155021184946055
81,2025-11-21,2025-12-04,2,2,1,1,0.9883473851320181
82,2025-11-21,2025-12-04,2,2,1,1,0.9883473851320181
83,2025-11-21,2025-12-04,2,2,1,1,0.9986956566068454
84,2025-11-21,2025-12-04,2,2,1,1,0.9890021620487683
85,2025-11-21,2025-12-04,0,0,0,0,0.01749468414024522
86,2025-11-21,2025-12-04,2,2,1,1,0.9949776173880243
87,2025-11-21,2025-12-04,2,2,1,1,0.9949776173880243
88,2025-11-21,2025-12-04,2,2,1,1,0.9949776173880243
89,2025-11-21,2025-12-04,1,1,1,1,0.8930109512318744
90,2025-11-21,2025-12-04,1,1,1,1,0.9169172749392188
91,2025-11-21,2025-12-04,2,2,1,1,0.9883473851320181
92,2025-11-21,2025-12-04,0,0,0,0,0.010626374988207368
93,2025-11-21,2025-12-04,0,0,0,0,0.008312454429266711
94,2025-11-21,2025-12-04,1,1,1,1,0.9152764924454113
95,2025-11-21,2025-12-04,1,1,1,1,0.9002661797521669
96,2025-11-21,2025-12-04,2,2,1,1,0.9949776173880243
97,2025-11-21,2025-12-04,1,1,1,1,0.9970273844341414
98,2025-11-21,2025-12-04,1,0,1,0,0.6746060900205617
99,2025-11-21,2025-12-04,2,2,1,1,0.9890021620487683
100,2025-11-21,2025-12-04,1,1,1,1,0.9691756744949686
101,2025-11-21,2025-12-04,2,2,1,1,0.9986727031552102
102,2025-11-21,2025-12-04,2,2,1,1,0.9990371368262189
103,2025-11-21,2025-12-04,2,2,1,1,0.9985767198410699
104,2025-11-21,2025-12-04,2,2,1,1,0.9985585075159007
105,2025-11-21,2025-12-04,2,2,1,1,0.9990371368262189
106,2025-11-21,2025-12-04,2,2,1,1,0.9990371368262189
107,2025-11-21,2025-12-04,2,2,1,1,0.9990371368262189
108,2025-11-21,2025-12-04,1,1,1,1,0.9963198663448418
109,2025-11-21,2025-12-04,2,2,1,1,0.9985877853538082
110,2025-11-21,2025-12-04,2,2,1,1,0.9985877853538082
111,2025-11-21,2025-12-04,2,2,1,1,0.9986956566068454
112,2025-11-21,2025-12-04,1,1,1,1,0.9633320210083506
113,2025-11-21,2025-12-04,0,0,0,0,0.016231902744760416
114,2025-11-21,2025-12-04,0,0,0,0,0.014150947087540876
115,2025-11-21,2025-12-04,0,0,0,0,0.01196851452493301
116,2025-11-21,2025-12-04,1,1,1,1,0.9970273844341414
117,2025-11-21,2025-12-04,0,0,0,0,0.013733005068959756
118,2025-11-21,2025-12-04,2,2,1,1,0.9936171764302653
119,2025-11-21,2025-12-04,2,2,1,1,0.9986956566068454
120,2025-11-21,2025-12-04,2,2,1,1,0.9986956566068454
121,2025-11-21,2025-12-04,2,2,1,1,0.9986432689818586
122,2025-11-21,2025-12-04,2,2,1,1,0.9986432689818586
123,2025-11-21,2025-12-04,2,2,1,1,0.9990371368262189
124,2025-11-21,2025-12-04,1,1,1,1,0.9899806954127048
125,2025-11-21,2025-12-04,2,2,1,1,0.9986727031552102
126,2025-11-21,2025-12-04,2,2,1,1,0.9990371368262189
127,2025-11-21,2025-12-04,2,2,1,1,0.9877890982264145
128,2025-11-21,2025-12-04,1,1,1,1,0.9155021184946055
129,2025-11-21,2025-12-04,0,0,0,0,0.009492420419346389
130,2025-11-21,2025-12-04,2,2,1,1,0.9981682879122434
131,2025-11-21,2025-12-04,2,2,1,1,0.9986956566068454
132,2025-11-21,2025-12-04,2,2,1,1,0.998459027507369
133,2025-11-21,2025-12-04,1,0,1,0,0.8719753397936459
134,2025-11-21,2025-12-04,0,0,0,0,0.008312454429266711
135,2025-11-21,2025-12-04,1,1,1,1,0.9970273844341414
136,2025-11-21,2025-12-04,2,2,1,1,0.9986956566068454
137,2025-11-21,2025-12-04,2,2,1,1,0.9986956566068454
138,2025-11-21,2025-12-04,2,0,1,0,0.994051319546346
139,2025-11-21,2025-12-04,2,2,1,1,0.9985767198410699
140,2025-11-21,2025-12-04,2,2,1,1,0.9986956566068454
